
===========================================================================
report_checks -path_delay max (Setup)
============================================================================
======================= Typical Corner ===================================

Startpoint: address[2] (input port clocked by clk)
Endpoint: data_out[10] (output port clocked by clk)
Path Group: clk
Path Type: max

Fanout     Cap    Slew   Delay    Time   Description
-----------------------------------------------------------------------------
                  0.15    0.00    0.00   clock clk (rise edge)
                          0.00    0.00   clock network delay (ideal)
                          2.00    2.00 v input external delay
                  0.03    0.02    2.02 v address[2] (in)
     7    0.01                           address[2] (net)
                  0.03    0.00    2.02 v _0553_/A_N (sky130_fd_sc_hd__and4bb_2)
                  0.05    0.27    2.29 ^ _0553_/X (sky130_fd_sc_hd__and4bb_2)
     1    0.00                           _0174_ (net)
                  0.05    0.00    2.29 ^ _0554_/A (sky130_fd_sc_hd__buf_1)
                  0.30    0.27    2.57 ^ _0554_/X (sky130_fd_sc_hd__buf_1)
    10    0.02                           _0175_ (net)
                  0.30    0.00    2.57 ^ _0590_/A (sky130_fd_sc_hd__buf_1)
                  0.39    0.38    2.95 ^ _0590_/X (sky130_fd_sc_hd__buf_1)
    16    0.03                           _0203_ (net)
                  0.39    0.00    2.95 ^ _0600_/A2 (sky130_fd_sc_hd__a22o_2)
                  0.04    0.22    3.16 ^ _0600_/X (sky130_fd_sc_hd__a22o_2)
     1    0.00                           _0210_ (net)
                  0.04    0.00    3.16 ^ _0601_/B (sky130_fd_sc_hd__and2_2)
                  0.04    0.13    3.29 ^ _0601_/X (sky130_fd_sc_hd__and2_2)
     1    0.00                           _0211_ (net)
                  0.04    0.00    3.29 ^ _0602_/A (sky130_fd_sc_hd__buf_1)
                  0.40    0.34    3.63 ^ _0602_/X (sky130_fd_sc_hd__buf_1)
     1    0.03                           data_out[10] (net)
                  0.40    0.00    3.63 ^ data_out[10] (out)
                                  3.63   data arrival time

                  0.15   10.00   10.00   clock clk (rise edge)
                          0.00   10.00   clock network delay (ideal)
                         -0.25    9.75   clock uncertainty
                          0.00    9.75   clock reconvergence pessimism
                         -2.00    7.75   output external delay
                                  7.75   data required time
-----------------------------------------------------------------------------
                                  7.75   data required time
                                 -3.63   data arrival time
-----------------------------------------------------------------------------
                                  4.12   slack (MET)


Startpoint: address[2] (input port clocked by clk)
Endpoint: data_out[11] (output port clocked by clk)
Path Group: clk
Path Type: max

Fanout     Cap    Slew   Delay    Time   Description
-----------------------------------------------------------------------------
                  0.15    0.00    0.00   clock clk (rise edge)
                          0.00    0.00   clock network delay (ideal)
                          2.00    2.00 v input external delay
                  0.03    0.02    2.02 v address[2] (in)
     7    0.01                           address[2] (net)
                  0.03    0.00    2.02 v _0553_/A_N (sky130_fd_sc_hd__and4bb_2)
                  0.05    0.27    2.29 ^ _0553_/X (sky130_fd_sc_hd__and4bb_2)
     1    0.00                           _0174_ (net)
                  0.05    0.00    2.29 ^ _0554_/A (sky130_fd_sc_hd__buf_1)
                  0.30    0.27    2.57 ^ _0554_/X (sky130_fd_sc_hd__buf_1)
    10    0.02                           _0175_ (net)
                  0.30    0.00    2.57 ^ _0590_/A (sky130_fd_sc_hd__buf_1)
                  0.39    0.38    2.95 ^ _0590_/X (sky130_fd_sc_hd__buf_1)
    16    0.03                           _0203_ (net)
                  0.39    0.00    2.95 ^ _0603_/A2 (sky130_fd_sc_hd__a22o_2)
                  0.04    0.22    3.16 ^ _0603_/X (sky130_fd_sc_hd__a22o_2)
     1    0.00                           _0212_ (net)
                  0.04    0.00    3.16 ^ _0604_/B (sky130_fd_sc_hd__and2_2)
                  0.04    0.13    3.29 ^ _0604_/X (sky130_fd_sc_hd__and2_2)
     1    0.00                           _0213_ (net)
                  0.04    0.00    3.29 ^ _0605_/A (sky130_fd_sc_hd__buf_1)
                  0.40    0.34    3.63 ^ _0605_/X (sky130_fd_sc_hd__buf_1)
     1    0.03                           data_out[11] (net)
                  0.40    0.00    3.63 ^ data_out[11] (out)
                                  3.63   data arrival time

                  0.15   10.00   10.00   clock clk (rise edge)
                          0.00   10.00   clock network delay (ideal)
                         -0.25    9.75   clock uncertainty
                          0.00    9.75   clock reconvergence pessimism
                         -2.00    7.75   output external delay
                                  7.75   data required time
-----------------------------------------------------------------------------
                                  7.75   data required time
                                 -3.63   data arrival time
-----------------------------------------------------------------------------
                                  4.12   slack (MET)


Startpoint: address[2] (input port clocked by clk)
Endpoint: data_out[12] (output port clocked by clk)
Path Group: clk
Path Type: max

Fanout     Cap    Slew   Delay    Time   Description
-----------------------------------------------------------------------------
                  0.15    0.00    0.00   clock clk (rise edge)
                          0.00    0.00   clock network delay (ideal)
                          2.00    2.00 v input external delay
                  0.03    0.02    2.02 v address[2] (in)
     7    0.01                           address[2] (net)
                  0.03    0.00    2.02 v _0553_/A_N (sky130_fd_sc_hd__and4bb_2)
                  0.05    0.27    2.29 ^ _0553_/X (sky130_fd_sc_hd__and4bb_2)
     1    0.00                           _0174_ (net)
                  0.05    0.00    2.29 ^ _0554_/A (sky130_fd_sc_hd__buf_1)
                  0.30    0.27    2.57 ^ _0554_/X (sky130_fd_sc_hd__buf_1)
    10    0.02                           _0175_ (net)
                  0.30    0.00    2.57 ^ _0590_/A (sky130_fd_sc_hd__buf_1)
                  0.39    0.38    2.95 ^ _0590_/X (sky130_fd_sc_hd__buf_1)
    16    0.03                           _0203_ (net)
                  0.39    0.00    2.95 ^ _0606_/A2 (sky130_fd_sc_hd__a22o_2)
                  0.04    0.22    3.16 ^ _0606_/X (sky130_fd_sc_hd__a22o_2)
     1    0.00                           _0214_ (net)
                  0.04    0.00    3.16 ^ _0607_/B (sky130_fd_sc_hd__and2_2)
                  0.04    0.13    3.29 ^ _0607_/X (sky130_fd_sc_hd__and2_2)
     1    0.00                           _0215_ (net)
                  0.04    0.00    3.29 ^ _0608_/A (sky130_fd_sc_hd__buf_1)
                  0.40    0.34    3.63 ^ _0608_/X (sky130_fd_sc_hd__buf_1)
     1    0.03                           data_out[12] (net)
                  0.40    0.00    3.63 ^ data_out[12] (out)
                                  3.63   data arrival time

                  0.15   10.00   10.00   clock clk (rise edge)
                          0.00   10.00   clock network delay (ideal)
                         -0.25    9.75   clock uncertainty
                          0.00    9.75   clock reconvergence pessimism
                         -2.00    7.75   output external delay
                                  7.75   data required time
-----------------------------------------------------------------------------
                                  7.75   data required time
                                 -3.63   data arrival time
-----------------------------------------------------------------------------
                                  4.12   slack (MET)


Startpoint: address[2] (input port clocked by clk)
Endpoint: data_out[14] (output port clocked by clk)
Path Group: clk
Path Type: max

Fanout     Cap    Slew   Delay    Time   Description
-----------------------------------------------------------------------------
                  0.15    0.00    0.00   clock clk (rise edge)
                          0.00    0.00   clock network delay (ideal)
                          2.00    2.00 v input external delay
                  0.03    0.02    2.02 v address[2] (in)
     7    0.01                           address[2] (net)
                  0.03    0.00    2.02 v _0553_/A_N (sky130_fd_sc_hd__and4bb_2)
                  0.05    0.27    2.29 ^ _0553_/X (sky130_fd_sc_hd__and4bb_2)
     1    0.00                           _0174_ (net)
                  0.05    0.00    2.29 ^ _0554_/A (sky130_fd_sc_hd__buf_1)
                  0.30    0.27    2.57 ^ _0554_/X (sky130_fd_sc_hd__buf_1)
    10    0.02                           _0175_ (net)
                  0.30    0.00    2.57 ^ _0590_/A (sky130_fd_sc_hd__buf_1)
                  0.39    0.38    2.95 ^ _0590_/X (sky130_fd_sc_hd__buf_1)
    16    0.03                           _0203_ (net)
                  0.39    0.00    2.95 ^ _0611_/A2 (sky130_fd_sc_hd__a22o_2)
                  0.04    0.22    3.16 ^ _0611_/X (sky130_fd_sc_hd__a22o_2)
     1    0.00                           _0217_ (net)
                  0.04    0.00    3.16 ^ _0612_/B (sky130_fd_sc_hd__and2_2)
                  0.04    0.13    3.29 ^ _0612_/X (sky130_fd_sc_hd__and2_2)
     1    0.00                           _0218_ (net)
                  0.04    0.00    3.29 ^ _0613_/A (sky130_fd_sc_hd__buf_1)
                  0.40    0.34    3.63 ^ _0613_/X (sky130_fd_sc_hd__buf_1)
     1    0.03                           data_out[14] (net)
                  0.40    0.00    3.63 ^ data_out[14] (out)
                                  3.63   data arrival time

                  0.15   10.00   10.00   clock clk (rise edge)
                          0.00   10.00   clock network delay (ideal)
                         -0.25    9.75   clock uncertainty
                          0.00    9.75   clock reconvergence pessimism
                         -2.00    7.75   output external delay
                                  7.75   data required time
-----------------------------------------------------------------------------
                                  7.75   data required time
                                 -3.63   data arrival time
-----------------------------------------------------------------------------
                                  4.12   slack (MET)


Startpoint: address[2] (input port clocked by clk)
Endpoint: data_out[15] (output port clocked by clk)
Path Group: clk
Path Type: max

Fanout     Cap    Slew   Delay    Time   Description
-----------------------------------------------------------------------------
                  0.15    0.00    0.00   clock clk (rise edge)
                          0.00    0.00   clock network delay (ideal)
                          2.00    2.00 v input external delay
                  0.03    0.02    2.02 v address[2] (in)
     7    0.01                           address[2] (net)
                  0.03    0.00    2.02 v _0553_/A_N (sky130_fd_sc_hd__and4bb_2)
                  0.05    0.27    2.29 ^ _0553_/X (sky130_fd_sc_hd__and4bb_2)
     1    0.00                           _0174_ (net)
                  0.05    0.00    2.29 ^ _0554_/A (sky130_fd_sc_hd__buf_1)
                  0.30    0.27    2.57 ^ _0554_/X (sky130_fd_sc_hd__buf_1)
    10    0.02                           _0175_ (net)
                  0.30    0.00    2.57 ^ _0590_/A (sky130_fd_sc_hd__buf_1)
                  0.39    0.38    2.95 ^ _0590_/X (sky130_fd_sc_hd__buf_1)
    16    0.03                           _0203_ (net)
                  0.39    0.00    2.95 ^ _0614_/A2 (sky130_fd_sc_hd__a22o_2)
                  0.04    0.22    3.16 ^ _0614_/X (sky130_fd_sc_hd__a22o_2)
     1    0.00                           _0219_ (net)
                  0.04    0.00    3.16 ^ _0615_/B (sky130_fd_sc_hd__and2_2)
                  0.04    0.13    3.29 ^ _0615_/X (sky130_fd_sc_hd__and2_2)
     1    0.00                           _0220_ (net)
                  0.04    0.00    3.29 ^ _0616_/A (sky130_fd_sc_hd__buf_1)
                  0.40    0.34    3.63 ^ _0616_/X (sky130_fd_sc_hd__buf_1)
     1    0.03                           data_out[15] (net)
                  0.40    0.00    3.63 ^ data_out[15] (out)
                                  3.63   data arrival time

                  0.15   10.00   10.00   clock clk (rise edge)
                          0.00   10.00   clock network delay (ideal)
                         -0.25    9.75   clock uncertainty
                          0.00    9.75   clock reconvergence pessimism
                         -2.00    7.75   output external delay
                                  7.75   data required time
-----------------------------------------------------------------------------
                                  7.75   data required time
                                 -3.63   data arrival time
-----------------------------------------------------------------------------
                                  4.12   slack (MET)


Startpoint: address[2] (input port clocked by clk)
Endpoint: data_out[7] (output port clocked by clk)
Path Group: clk
Path Type: max

Fanout     Cap    Slew   Delay    Time   Description
-----------------------------------------------------------------------------
                  0.15    0.00    0.00   clock clk (rise edge)
                          0.00    0.00   clock network delay (ideal)
                          2.00    2.00 v input external delay
                  0.03    0.02    2.02 v address[2] (in)
     7    0.01                           address[2] (net)
                  0.03    0.00    2.02 v _0553_/A_N (sky130_fd_sc_hd__and4bb_2)
                  0.05    0.27    2.29 ^ _0553_/X (sky130_fd_sc_hd__and4bb_2)
     1    0.00                           _0174_ (net)
                  0.05    0.00    2.29 ^ _0554_/A (sky130_fd_sc_hd__buf_1)
                  0.30    0.27    2.57 ^ _0554_/X (sky130_fd_sc_hd__buf_1)
    10    0.02                           _0175_ (net)
                  0.30    0.00    2.57 ^ _0590_/A (sky130_fd_sc_hd__buf_1)
                  0.39    0.38    2.95 ^ _0590_/X (sky130_fd_sc_hd__buf_1)
    16    0.03                           _0203_ (net)
                  0.39    0.00    2.95 ^ _0591_/A2 (sky130_fd_sc_hd__a22o_2)
                  0.04    0.22    3.16 ^ _0591_/X (sky130_fd_sc_hd__a22o_2)
     1    0.00                           _0204_ (net)
                  0.04    0.00    3.16 ^ _0592_/B (sky130_fd_sc_hd__and2_2)
                  0.04    0.13    3.29 ^ _0592_/X (sky130_fd_sc_hd__and2_2)
     1    0.00                           _0205_ (net)
                  0.04    0.00    3.29 ^ _0593_/A (sky130_fd_sc_hd__buf_1)
                  0.40    0.34    3.63 ^ _0593_/X (sky130_fd_sc_hd__buf_1)
     1    0.03                           data_out[7] (net)
                  0.40    0.00    3.63 ^ data_out[7] (out)
                                  3.63   data arrival time

                  0.15   10.00   10.00   clock clk (rise edge)
                          0.00   10.00   clock network delay (ideal)
                         -0.25    9.75   clock uncertainty
                          0.00    9.75   clock reconvergence pessimism
                         -2.00    7.75   output external delay
                                  7.75   data required time
-----------------------------------------------------------------------------
                                  7.75   data required time
                                 -3.63   data arrival time
-----------------------------------------------------------------------------
                                  4.12   slack (MET)


Startpoint: address[2] (input port clocked by clk)
Endpoint: data_out[8] (output port clocked by clk)
Path Group: clk
Path Type: max

Fanout     Cap    Slew   Delay    Time   Description
-----------------------------------------------------------------------------
                  0.15    0.00    0.00   clock clk (rise edge)
                          0.00    0.00   clock network delay (ideal)
                          2.00    2.00 v input external delay
                  0.03    0.02    2.02 v address[2] (in)
     7    0.01                           address[2] (net)
                  0.03    0.00    2.02 v _0553_/A_N (sky130_fd_sc_hd__and4bb_2)
                  0.05    0.27    2.29 ^ _0553_/X (sky130_fd_sc_hd__and4bb_2)
     1    0.00                           _0174_ (net)
                  0.05    0.00    2.29 ^ _0554_/A (sky130_fd_sc_hd__buf_1)
                  0.30    0.27    2.57 ^ _0554_/X (sky130_fd_sc_hd__buf_1)
    10    0.02                           _0175_ (net)
                  0.30    0.00    2.57 ^ _0590_/A (sky130_fd_sc_hd__buf_1)
                  0.39    0.38    2.95 ^ _0590_/X (sky130_fd_sc_hd__buf_1)
    16    0.03                           _0203_ (net)
                  0.39    0.00    2.95 ^ _0594_/A2 (sky130_fd_sc_hd__a22o_2)
                  0.04    0.22    3.16 ^ _0594_/X (sky130_fd_sc_hd__a22o_2)
     1    0.00                           _0206_ (net)
                  0.04    0.00    3.16 ^ _0595_/B (sky130_fd_sc_hd__and2_2)
                  0.04    0.13    3.29 ^ _0595_/X (sky130_fd_sc_hd__and2_2)
     1    0.00                           _0207_ (net)
                  0.04    0.00    3.29 ^ _0596_/A (sky130_fd_sc_hd__buf_1)
                  0.40    0.34    3.63 ^ _0596_/X (sky130_fd_sc_hd__buf_1)
     1    0.03                           data_out[8] (net)
                  0.40    0.00    3.63 ^ data_out[8] (out)
                                  3.63   data arrival time

                  0.15   10.00   10.00   clock clk (rise edge)
                          0.00   10.00   clock network delay (ideal)
                         -0.25    9.75   clock uncertainty
                          0.00    9.75   clock reconvergence pessimism
                         -2.00    7.75   output external delay
                                  7.75   data required time
-----------------------------------------------------------------------------
                                  7.75   data required time
                                 -3.63   data arrival time
-----------------------------------------------------------------------------
                                  4.12   slack (MET)


Startpoint: address[2] (input port clocked by clk)
Endpoint: data_out[9] (output port clocked by clk)
Path Group: clk
Path Type: max

Fanout     Cap    Slew   Delay    Time   Description
-----------------------------------------------------------------------------
                  0.15    0.00    0.00   clock clk (rise edge)
                          0.00    0.00   clock network delay (ideal)
                          2.00    2.00 v input external delay
                  0.03    0.02    2.02 v address[2] (in)
     7    0.01                           address[2] (net)
                  0.03    0.00    2.02 v _0553_/A_N (sky130_fd_sc_hd__and4bb_2)
                  0.05    0.27    2.29 ^ _0553_/X (sky130_fd_sc_hd__and4bb_2)
     1    0.00                           _0174_ (net)
                  0.05    0.00    2.29 ^ _0554_/A (sky130_fd_sc_hd__buf_1)
                  0.30    0.27    2.57 ^ _0554_/X (sky130_fd_sc_hd__buf_1)
    10    0.02                           _0175_ (net)
                  0.30    0.00    2.57 ^ _0590_/A (sky130_fd_sc_hd__buf_1)
                  0.39    0.38    2.95 ^ _0590_/X (sky130_fd_sc_hd__buf_1)
    16    0.03                           _0203_ (net)
                  0.39    0.00    2.95 ^ _0597_/A2 (sky130_fd_sc_hd__a22o_2)
                  0.04    0.22    3.16 ^ _0597_/X (sky130_fd_sc_hd__a22o_2)
     1    0.00                           _0208_ (net)
                  0.04    0.00    3.16 ^ _0598_/B (sky130_fd_sc_hd__and2_2)
                  0.04    0.13    3.29 ^ _0598_/X (sky130_fd_sc_hd__and2_2)
     1    0.00                           _0209_ (net)
                  0.04    0.00    3.29 ^ _0599_/A (sky130_fd_sc_hd__buf_1)
                  0.40    0.34    3.63 ^ _0599_/X (sky130_fd_sc_hd__buf_1)
     1    0.03                           data_out[9] (net)
                  0.40    0.00    3.63 ^ data_out[9] (out)
                                  3.63   data arrival time

                  0.15   10.00   10.00   clock clk (rise edge)
                          0.00   10.00   clock network delay (ideal)
                         -0.25    9.75   clock uncertainty
                          0.00    9.75   clock reconvergence pessimism
                         -2.00    7.75   output external delay
                                  7.75   data required time
-----------------------------------------------------------------------------
                                  7.75   data required time
                                 -3.63   data arrival time
-----------------------------------------------------------------------------
                                  4.12   slack (MET)


Startpoint: address[2] (input port clocked by clk)
Endpoint: data_out[13] (output port clocked by clk)
Path Group: clk
Path Type: max

Fanout     Cap    Slew   Delay    Time   Description
-----------------------------------------------------------------------------
                  0.15    0.00    0.00   clock clk (rise edge)
                          0.00    0.00   clock network delay (ideal)
                          2.00    2.00 v input external delay
                  0.03    0.02    2.02 v address[2] (in)
     7    0.01                           address[2] (net)
                  0.03    0.00    2.02 v _0553_/A_N (sky130_fd_sc_hd__and4bb_2)
                  0.05    0.27    2.29 ^ _0553_/X (sky130_fd_sc_hd__and4bb_2)
     1    0.00                           _0174_ (net)
                  0.05    0.00    2.29 ^ _0554_/A (sky130_fd_sc_hd__buf_1)
                  0.30    0.27    2.57 ^ _0554_/X (sky130_fd_sc_hd__buf_1)
    10    0.02                           _0175_ (net)
                  0.30    0.00    2.57 ^ _0590_/A (sky130_fd_sc_hd__buf_1)
                  0.39    0.38    2.95 ^ _0590_/X (sky130_fd_sc_hd__buf_1)
    16    0.03                           _0203_ (net)
                  0.39    0.00    2.95 ^ _0609_/C (sky130_fd_sc_hd__and3_2)
                  0.04    0.24    3.19 ^ _0609_/X (sky130_fd_sc_hd__and3_2)
     1    0.00                           _0216_ (net)
                  0.04    0.00    3.19 ^ _0610_/A (sky130_fd_sc_hd__buf_1)
                  0.40    0.34    3.53 ^ _0610_/X (sky130_fd_sc_hd__buf_1)
     1    0.03                           data_out[13] (net)
                  0.40    0.00    3.53 ^ data_out[13] (out)
                                  3.53   data arrival time

                  0.15   10.00   10.00   clock clk (rise edge)
                          0.00   10.00   clock network delay (ideal)
                         -0.25    9.75   clock uncertainty
                          0.00    9.75   clock reconvergence pessimism
                         -2.00    7.75   output external delay
                                  7.75   data required time
-----------------------------------------------------------------------------
                                  7.75   data required time
                                 -3.53   data arrival time
-----------------------------------------------------------------------------
                                  4.22   slack (MET)


Startpoint: address[2] (input port clocked by clk)
Endpoint: data_out[18] (output port clocked by clk)
Path Group: clk
Path Type: max

Fanout     Cap    Slew   Delay    Time   Description
-----------------------------------------------------------------------------
                  0.15    0.00    0.00   clock clk (rise edge)
                          0.00    0.00   clock network delay (ideal)
                          2.00    2.00 v input external delay
                  0.03    0.02    2.02 v address[2] (in)
     7    0.01                           address[2] (net)
                  0.03    0.00    2.02 v _0553_/A_N (sky130_fd_sc_hd__and4bb_2)
                  0.05    0.27    2.29 ^ _0553_/X (sky130_fd_sc_hd__and4bb_2)
     1    0.00                           _0174_ (net)
                  0.05    0.00    2.29 ^ _0554_/A (sky130_fd_sc_hd__buf_1)
                  0.30    0.27    2.57 ^ _0554_/X (sky130_fd_sc_hd__buf_1)
    10    0.02                           _0175_ (net)
                  0.30    0.00    2.57 ^ _0590_/A (sky130_fd_sc_hd__buf_1)
                  0.39    0.38    2.95 ^ _0590_/X (sky130_fd_sc_hd__buf_1)
    16    0.03                           _0203_ (net)
                  0.39    0.00    2.95 ^ _0624_/C (sky130_fd_sc_hd__and3_2)
                  0.04    0.24    3.19 ^ _0624_/X (sky130_fd_sc_hd__and3_2)
     1    0.00                           _0226_ (net)
                  0.04    0.00    3.19 ^ _0625_/A (sky130_fd_sc_hd__buf_1)
                  0.40    0.34    3.53 ^ _0625_/X (sky130_fd_sc_hd__buf_1)
     1    0.03                           data_out[18] (net)
                  0.40    0.00    3.53 ^ data_out[18] (out)
                                  3.53   data arrival time

                  0.15   10.00   10.00   clock clk (rise edge)
                          0.00   10.00   clock network delay (ideal)
                         -0.25    9.75   clock uncertainty
                          0.00    9.75   clock reconvergence pessimism
                         -2.00    7.75   output external delay
                                  7.75   data required time
-----------------------------------------------------------------------------
                                  7.75   data required time
                                 -3.53   data arrival time
-----------------------------------------------------------------------------
                                  4.22   slack (MET)


Startpoint: address[2] (input port clocked by clk)
Endpoint: data_out[19] (output port clocked by clk)
Path Group: clk
Path Type: max

Fanout     Cap    Slew   Delay    Time   Description
-----------------------------------------------------------------------------
                  0.15    0.00    0.00   clock clk (rise edge)
                          0.00    0.00   clock network delay (ideal)
                          2.00    2.00 v input external delay
                  0.03    0.02    2.02 v address[2] (in)
     7    0.01                           address[2] (net)
                  0.03    0.00    2.02 v _0553_/A_N (sky130_fd_sc_hd__and4bb_2)
                  0.05    0.27    2.29 ^ _0553_/X (sky130_fd_sc_hd__and4bb_2)
     1    0.00                           _0174_ (net)
                  0.05    0.00    2.29 ^ _0554_/A (sky130_fd_sc_hd__buf_1)
                  0.30    0.27    2.57 ^ _0554_/X (sky130_fd_sc_hd__buf_1)
    10    0.02                           _0175_ (net)
                  0.30    0.00    2.57 ^ _0590_/A (sky130_fd_sc_hd__buf_1)
                  0.39    0.38    2.95 ^ _0590_/X (sky130_fd_sc_hd__buf_1)
    16    0.03                           _0203_ (net)
                  0.39    0.00    2.95 ^ _0626_/C (sky130_fd_sc_hd__and3_2)
                  0.04    0.24    3.19 ^ _0626_/X (sky130_fd_sc_hd__and3_2)
     1    0.00                           _0227_ (net)
                  0.04    0.00    3.19 ^ _0627_/A (sky130_fd_sc_hd__buf_1)
                  0.40    0.34    3.53 ^ _0627_/X (sky130_fd_sc_hd__buf_1)
     1    0.03                           data_out[19] (net)
                  0.40    0.00    3.53 ^ data_out[19] (out)
                                  3.53   data arrival time

                  0.15   10.00   10.00   clock clk (rise edge)
                          0.00   10.00   clock network delay (ideal)
                         -0.25    9.75   clock uncertainty
                          0.00    9.75   clock reconvergence pessimism
                         -2.00    7.75   output external delay
                                  7.75   data required time
-----------------------------------------------------------------------------
                                  7.75   data required time
                                 -3.53   data arrival time
-----------------------------------------------------------------------------
                                  4.22   slack (MET)


Startpoint: address[2] (input port clocked by clk)
Endpoint: data_out[20] (output port clocked by clk)
Path Group: clk
Path Type: max

Fanout     Cap    Slew   Delay    Time   Description
-----------------------------------------------------------------------------
                  0.15    0.00    0.00   clock clk (rise edge)
                          0.00    0.00   clock network delay (ideal)
                          2.00    2.00 v input external delay
                  0.03    0.02    2.02 v address[2] (in)
     7    0.01                           address[2] (net)
                  0.03    0.00    2.02 v _0553_/A_N (sky130_fd_sc_hd__and4bb_2)
                  0.05    0.27    2.29 ^ _0553_/X (sky130_fd_sc_hd__and4bb_2)
     1    0.00                           _0174_ (net)
                  0.05    0.00    2.29 ^ _0554_/A (sky130_fd_sc_hd__buf_1)
                  0.30    0.27    2.57 ^ _0554_/X (sky130_fd_sc_hd__buf_1)
    10    0.02                           _0175_ (net)
                  0.30    0.00    2.57 ^ _0590_/A (sky130_fd_sc_hd__buf_1)
                  0.39    0.38    2.95 ^ _0590_/X (sky130_fd_sc_hd__buf_1)
    16    0.03                           _0203_ (net)
                  0.39    0.00    2.95 ^ _0628_/C (sky130_fd_sc_hd__and3_2)
                  0.04    0.24    3.19 ^ _0628_/X (sky130_fd_sc_hd__and3_2)
     1    0.00                           _0228_ (net)
                  0.04    0.00    3.19 ^ _0629_/A (sky130_fd_sc_hd__buf_1)
                  0.40    0.34    3.53 ^ _0629_/X (sky130_fd_sc_hd__buf_1)
     1    0.03                           data_out[20] (net)
                  0.40    0.00    3.53 ^ data_out[20] (out)
                                  3.53   data arrival time

                  0.15   10.00   10.00   clock clk (rise edge)
                          0.00   10.00   clock network delay (ideal)
                         -0.25    9.75   clock uncertainty
                          0.00    9.75   clock reconvergence pessimism
                         -2.00    7.75   output external delay
                                  7.75   data required time
-----------------------------------------------------------------------------
                                  7.75   data required time
                                 -3.53   data arrival time
-----------------------------------------------------------------------------
                                  4.22   slack (MET)


Startpoint: address[2] (input port clocked by clk)
Endpoint: data_out[21] (output port clocked by clk)
Path Group: clk
Path Type: max

Fanout     Cap    Slew   Delay    Time   Description
-----------------------------------------------------------------------------
                  0.15    0.00    0.00   clock clk (rise edge)
                          0.00    0.00   clock network delay (ideal)
                          2.00    2.00 v input external delay
                  0.03    0.02    2.02 v address[2] (in)
     7    0.01                           address[2] (net)
                  0.03    0.00    2.02 v _0553_/A_N (sky130_fd_sc_hd__and4bb_2)
                  0.05    0.27    2.29 ^ _0553_/X (sky130_fd_sc_hd__and4bb_2)
     1    0.00                           _0174_ (net)
                  0.05    0.00    2.29 ^ _0554_/A (sky130_fd_sc_hd__buf_1)
                  0.30    0.27    2.57 ^ _0554_/X (sky130_fd_sc_hd__buf_1)
    10    0.02                           _0175_ (net)
                  0.30    0.00    2.57 ^ _0590_/A (sky130_fd_sc_hd__buf_1)
                  0.39    0.38    2.95 ^ _0590_/X (sky130_fd_sc_hd__buf_1)
    16    0.03                           _0203_ (net)
                  0.39    0.00    2.95 ^ _0630_/C (sky130_fd_sc_hd__and3_2)
                  0.04    0.24    3.19 ^ _0630_/X (sky130_fd_sc_hd__and3_2)
     1    0.00                           _0229_ (net)
                  0.04    0.00    3.19 ^ _0631_/A (sky130_fd_sc_hd__buf_1)
                  0.40    0.34    3.53 ^ _0631_/X (sky130_fd_sc_hd__buf_1)
     1    0.03                           data_out[21] (net)
                  0.40    0.00    3.53 ^ data_out[21] (out)
                                  3.53   data arrival time

                  0.15   10.00   10.00   clock clk (rise edge)
                          0.00   10.00   clock network delay (ideal)
                         -0.25    9.75   clock uncertainty
                          0.00    9.75   clock reconvergence pessimism
                         -2.00    7.75   output external delay
                                  7.75   data required time
-----------------------------------------------------------------------------
                                  7.75   data required time
                                 -3.53   data arrival time
-----------------------------------------------------------------------------
                                  4.22   slack (MET)


Startpoint: address[2] (input port clocked by clk)
Endpoint: data_out[22] (output port clocked by clk)
Path Group: clk
Path Type: max

Fanout     Cap    Slew   Delay    Time   Description
-----------------------------------------------------------------------------
                  0.15    0.00    0.00   clock clk (rise edge)
                          0.00    0.00   clock network delay (ideal)
                          2.00    2.00 v input external delay
                  0.03    0.02    2.02 v address[2] (in)
     7    0.01                           address[2] (net)
                  0.03    0.00    2.02 v _0553_/A_N (sky130_fd_sc_hd__and4bb_2)
                  0.05    0.27    2.29 ^ _0553_/X (sky130_fd_sc_hd__and4bb_2)
     1    0.00                           _0174_ (net)
                  0.05    0.00    2.29 ^ _0554_/A (sky130_fd_sc_hd__buf_1)
                  0.30    0.27    2.57 ^ _0554_/X (sky130_fd_sc_hd__buf_1)
    10    0.02                           _0175_ (net)
                  0.30    0.00    2.57 ^ _0590_/A (sky130_fd_sc_hd__buf_1)
                  0.39    0.38    2.95 ^ _0590_/X (sky130_fd_sc_hd__buf_1)
    16    0.03                           _0203_ (net)
                  0.39    0.00    2.95 ^ _0632_/C (sky130_fd_sc_hd__and3_2)
                  0.04    0.24    3.19 ^ _0632_/X (sky130_fd_sc_hd__and3_2)
     1    0.00                           _0230_ (net)
                  0.04    0.00    3.19 ^ _0633_/A (sky130_fd_sc_hd__buf_1)
                  0.40    0.34    3.53 ^ _0633_/X (sky130_fd_sc_hd__buf_1)
     1    0.03                           data_out[22] (net)
                  0.40    0.00    3.53 ^ data_out[22] (out)
                                  3.53   data arrival time

                  0.15   10.00   10.00   clock clk (rise edge)
                          0.00   10.00   clock network delay (ideal)
                         -0.25    9.75   clock uncertainty
                          0.00    9.75   clock reconvergence pessimism
                         -2.00    7.75   output external delay
                                  7.75   data required time
-----------------------------------------------------------------------------
                                  7.75   data required time
                                 -3.53   data arrival time
-----------------------------------------------------------------------------
                                  4.22   slack (MET)


Startpoint: address[2] (input port clocked by clk)
Endpoint: data_out[23] (output port clocked by clk)
Path Group: clk
Path Type: max

Fanout     Cap    Slew   Delay    Time   Description
-----------------------------------------------------------------------------
                  0.15    0.00    0.00   clock clk (rise edge)
                          0.00    0.00   clock network delay (ideal)
                          2.00    2.00 v input external delay
                  0.03    0.02    2.02 v address[2] (in)
     7    0.01                           address[2] (net)
                  0.03    0.00    2.02 v _0553_/A_N (sky130_fd_sc_hd__and4bb_2)
                  0.05    0.27    2.29 ^ _0553_/X (sky130_fd_sc_hd__and4bb_2)
     1    0.00                           _0174_ (net)
                  0.05    0.00    2.29 ^ _0554_/A (sky130_fd_sc_hd__buf_1)
                  0.30    0.27    2.57 ^ _0554_/X (sky130_fd_sc_hd__buf_1)
    10    0.02                           _0175_ (net)
                  0.30    0.00    2.57 ^ _0590_/A (sky130_fd_sc_hd__buf_1)
                  0.39    0.38    2.95 ^ _0590_/X (sky130_fd_sc_hd__buf_1)
    16    0.03                           _0203_ (net)
                  0.39    0.00    2.95 ^ _0634_/C (sky130_fd_sc_hd__and3_2)
                  0.04    0.24    3.19 ^ _0634_/X (sky130_fd_sc_hd__and3_2)
     1    0.00                           _0231_ (net)
                  0.04    0.00    3.19 ^ _0635_/A (sky130_fd_sc_hd__buf_1)
                  0.40    0.34    3.53 ^ _0635_/X (sky130_fd_sc_hd__buf_1)
     1    0.03                           data_out[23] (net)
                  0.40    0.00    3.53 ^ data_out[23] (out)
                                  3.53   data arrival time

                  0.15   10.00   10.00   clock clk (rise edge)
                          0.00   10.00   clock network delay (ideal)
                         -0.25    9.75   clock uncertainty
                          0.00    9.75   clock reconvergence pessimism
                         -2.00    7.75   output external delay
                                  7.75   data required time
-----------------------------------------------------------------------------
                                  7.75   data required time
                                 -3.53   data arrival time
-----------------------------------------------------------------------------
                                  4.22   slack (MET)


Startpoint: address[2] (input port clocked by clk)
Endpoint: data_out[24] (output port clocked by clk)
Path Group: clk
Path Type: max

Fanout     Cap    Slew   Delay    Time   Description
-----------------------------------------------------------------------------
                  0.15    0.00    0.00   clock clk (rise edge)
                          0.00    0.00   clock network delay (ideal)
                          2.00    2.00 v input external delay
                  0.03    0.02    2.02 v address[2] (in)
     7    0.01                           address[2] (net)
                  0.03    0.00    2.02 v _0553_/A_N (sky130_fd_sc_hd__and4bb_2)
                  0.05    0.27    2.29 ^ _0553_/X (sky130_fd_sc_hd__and4bb_2)
     1    0.00                           _0174_ (net)
                  0.05    0.00    2.29 ^ _0554_/A (sky130_fd_sc_hd__buf_1)
                  0.30    0.27    2.57 ^ _0554_/X (sky130_fd_sc_hd__buf_1)
    10    0.02                           _0175_ (net)
                  0.30    0.00    2.57 ^ _0590_/A (sky130_fd_sc_hd__buf_1)
                  0.39    0.38    2.95 ^ _0590_/X (sky130_fd_sc_hd__buf_1)
    16    0.03                           _0203_ (net)
                  0.39    0.00    2.95 ^ _0636_/C (sky130_fd_sc_hd__and3_2)
                  0.04    0.24    3.19 ^ _0636_/X (sky130_fd_sc_hd__and3_2)
     1    0.00                           _0232_ (net)
                  0.04    0.00    3.19 ^ _0637_/A (sky130_fd_sc_hd__buf_1)
                  0.40    0.34    3.53 ^ _0637_/X (sky130_fd_sc_hd__buf_1)
     1    0.03                           data_out[24] (net)
                  0.40    0.00    3.53 ^ data_out[24] (out)
                                  3.53   data arrival time

                  0.15   10.00   10.00   clock clk (rise edge)
                          0.00   10.00   clock network delay (ideal)
                         -0.25    9.75   clock uncertainty
                          0.00    9.75   clock reconvergence pessimism
                         -2.00    7.75   output external delay
                                  7.75   data required time
-----------------------------------------------------------------------------
                                  7.75   data required time
                                 -3.53   data arrival time
-----------------------------------------------------------------------------
                                  4.22   slack (MET)


Startpoint: address[3] (input port clocked by clk)
Endpoint: data_out[5] (output port clocked by clk)
Path Group: clk
Path Type: max

Fanout     Cap    Slew   Delay    Time   Description
-----------------------------------------------------------------------------
                  0.15    0.00    0.00   clock clk (rise edge)
                          0.00    0.00   clock network delay (ideal)
                          2.00    2.00 v input external delay
                  0.03    0.02    2.02 v address[3] (in)
     7    0.01                           address[3] (net)
                  0.03    0.00    2.02 v _0546_/A_N (sky130_fd_sc_hd__and4bb_2)
                  0.06    0.29    2.31 ^ _0546_/X (sky130_fd_sc_hd__and4bb_2)
     2    0.00                           _0167_ (net)
                  0.06    0.00    2.31 ^ _0547_/A (sky130_fd_sc_hd__buf_1)
                  0.47    0.40    2.71 ^ _0547_/X (sky130_fd_sc_hd__buf_1)
    16    0.04                           _0168_ (net)
                  0.47    0.00    2.71 ^ _0582_/B1 (sky130_fd_sc_hd__a22o_2)
                  0.04    0.22    2.94 ^ _0582_/X (sky130_fd_sc_hd__a22o_2)
     1    0.00                           _0197_ (net)
                  0.04    0.00    2.94 ^ _0583_/B1 (sky130_fd_sc_hd__a21o_2)
                  0.02    0.08    3.02 ^ _0583_/X (sky130_fd_sc_hd__a21o_2)
     1    0.00                           _0198_ (net)
                  0.02    0.00    3.02 ^ _0584_/B (sky130_fd_sc_hd__and2_2)
                  0.04    0.12    3.14 ^ _0584_/X (sky130_fd_sc_hd__and2_2)
     1    0.00                           _0199_ (net)
                  0.04    0.00    3.14 ^ _0585_/A (sky130_fd_sc_hd__buf_1)
                  0.40    0.34    3.48 ^ _0585_/X (sky130_fd_sc_hd__buf_1)
     1    0.03                           data_out[5] (net)
                  0.40    0.00    3.48 ^ data_out[5] (out)
                                  3.48   data arrival time

                  0.15   10.00   10.00   clock clk (rise edge)
                          0.00   10.00   clock network delay (ideal)
                         -0.25    9.75   clock uncertainty
                          0.00    9.75   clock reconvergence pessimism
                         -2.00    7.75   output external delay
                                  7.75   data required time
-----------------------------------------------------------------------------
                                  7.75   data required time
                                 -3.48   data arrival time
-----------------------------------------------------------------------------
                                  4.27   slack (MET)


Startpoint: address[3] (input port clocked by clk)
Endpoint: data_out[6] (output port clocked by clk)
Path Group: clk
Path Type: max

Fanout     Cap    Slew   Delay    Time   Description
-----------------------------------------------------------------------------
                  0.15    0.00    0.00   clock clk (rise edge)
                          0.00    0.00   clock network delay (ideal)
                          2.00    2.00 v input external delay
                  0.03    0.02    2.02 v address[3] (in)
     7    0.01                           address[3] (net)
                  0.03    0.00    2.02 v _0546_/A_N (sky130_fd_sc_hd__and4bb_2)
                  0.06    0.29    2.31 ^ _0546_/X (sky130_fd_sc_hd__and4bb_2)
     2    0.00                           _0167_ (net)
                  0.06    0.00    2.31 ^ _0547_/A (sky130_fd_sc_hd__buf_1)
                  0.47    0.40    2.71 ^ _0547_/X (sky130_fd_sc_hd__buf_1)
    16    0.04                           _0168_ (net)
                  0.47    0.00    2.71 ^ _0586_/B1 (sky130_fd_sc_hd__a22o_2)
                  0.04    0.22    2.94 ^ _0586_/X (sky130_fd_sc_hd__a22o_2)
     1    0.00                           _0200_ (net)
                  0.04    0.00    2.94 ^ _0587_/B1 (sky130_fd_sc_hd__a21o_2)
                  0.02    0.08    3.02 ^ _0587_/X (sky130_fd_sc_hd__a21o_2)
     1    0.00                           _0201_ (net)
                  0.02    0.00    3.02 ^ _0588_/B (sky130_fd_sc_hd__and2_2)
                  0.04    0.12    3.14 ^ _0588_/X (sky130_fd_sc_hd__and2_2)
     1    0.00                           _0202_ (net)
                  0.04    0.00    3.14 ^ _0589_/A (sky130_fd_sc_hd__buf_1)
                  0.40    0.34    3.48 ^ _0589_/X (sky130_fd_sc_hd__buf_1)
     1    0.03                           data_out[6] (net)
                  0.40    0.00    3.48 ^ data_out[6] (out)
                                  3.48   data arrival time

                  0.15   10.00   10.00   clock clk (rise edge)
                          0.00   10.00   clock network delay (ideal)
                         -0.25    9.75   clock uncertainty
                          0.00    9.75   clock reconvergence pessimism
                         -2.00    7.75   output external delay
                                  7.75   data required time
-----------------------------------------------------------------------------
                                  7.75   data required time
                                 -3.48   data arrival time
-----------------------------------------------------------------------------
                                  4.27   slack (MET)


Startpoint: address[3] (input port clocked by clk)
Endpoint: data_out[1] (output port clocked by clk)
Path Group: clk
Path Type: max

Fanout     Cap    Slew   Delay    Time   Description
-----------------------------------------------------------------------------
                  0.15    0.00    0.00   clock clk (rise edge)
                          0.00    0.00   clock network delay (ideal)
                          2.00    2.00 ^ input external delay
                  0.07    0.05    2.05 ^ address[3] (in)
     7    0.01                           address[3] (net)
                  0.07    0.00    2.05 ^ _0546_/A_N (sky130_fd_sc_hd__and4bb_2)
                  0.05    0.24    2.29 v _0546_/X (sky130_fd_sc_hd__and4bb_2)
     2    0.00                           _0167_ (net)
                  0.05    0.00    2.29 v _0547_/A (sky130_fd_sc_hd__buf_1)
                  0.21    0.24    2.53 v _0547_/X (sky130_fd_sc_hd__buf_1)
    16    0.04                           _0168_ (net)
                  0.21    0.00    2.53 v _0561_/B1 (sky130_fd_sc_hd__a22o_2)
                  0.04    0.27    2.80 v _0561_/X (sky130_fd_sc_hd__a22o_2)
     1    0.00                           _0181_ (net)
                  0.04    0.00    2.80 v _0562_/B1 (sky130_fd_sc_hd__a21o_2)
                  0.03    0.18    2.98 v _0562_/X (sky130_fd_sc_hd__a21o_2)
     1    0.00                           _0182_ (net)
                  0.03    0.00    2.98 v _0565_/A2 (sky130_fd_sc_hd__o31a_2)
                  0.12    0.43    3.41 v _0565_/X (sky130_fd_sc_hd__o31a_2)
     1    0.03                           data_out[1] (net)
                  0.12    0.00    3.41 v data_out[1] (out)
                                  3.41   data arrival time

                  0.15   10.00   10.00   clock clk (rise edge)
                          0.00   10.00   clock network delay (ideal)
                         -0.25    9.75   clock uncertainty
                          0.00    9.75   clock reconvergence pessimism
                         -2.00    7.75   output external delay
                                  7.75   data required time
-----------------------------------------------------------------------------
                                  7.75   data required time
                                 -3.41   data arrival time
-----------------------------------------------------------------------------
                                  4.34   slack (MET)


Startpoint: address[3] (input port clocked by clk)
Endpoint: data_out[16] (output port clocked by clk)
Path Group: clk
Path Type: max

Fanout     Cap    Slew   Delay    Time   Description
-----------------------------------------------------------------------------
                  0.15    0.00    0.00   clock clk (rise edge)
                          0.00    0.00   clock network delay (ideal)
                          2.00    2.00 v input external delay
                  0.03    0.02    2.02 v address[3] (in)
     7    0.01                           address[3] (net)
                  0.03    0.00    2.02 v _0546_/A_N (sky130_fd_sc_hd__and4bb_2)
                  0.06    0.29    2.31 ^ _0546_/X (sky130_fd_sc_hd__and4bb_2)
     2    0.00                           _0167_ (net)
                  0.06    0.00    2.31 ^ _0547_/A (sky130_fd_sc_hd__buf_1)
                  0.47    0.40    2.71 ^ _0547_/X (sky130_fd_sc_hd__buf_1)
    16    0.04                           _0168_ (net)
                  0.47    0.00    2.71 ^ _0617_/B1 (sky130_fd_sc_hd__a22o_2)
                  0.04    0.22    2.93 ^ _0617_/X (sky130_fd_sc_hd__a22o_2)
     1    0.00                           _0221_ (net)
                  0.04    0.00    2.93 ^ _0618_/B (sky130_fd_sc_hd__and2_2)
                  0.04    0.13    3.06 ^ _0618_/X (sky130_fd_sc_hd__and2_2)
     1    0.00                           _0222_ (net)
                  0.04    0.00    3.06 ^ _0619_/A (sky130_fd_sc_hd__buf_1)
                  0.40    0.34    3.40 ^ _0619_/X (sky130_fd_sc_hd__buf_1)
     1    0.03                           data_out[16] (net)
                  0.40    0.00    3.40 ^ data_out[16] (out)
                                  3.40   data arrival time

                  0.15   10.00   10.00   clock clk (rise edge)
                          0.00   10.00   clock network delay (ideal)
                         -0.25    9.75   clock uncertainty
                          0.00    9.75   clock reconvergence pessimism
                         -2.00    7.75   output external delay
                                  7.75   data required time
-----------------------------------------------------------------------------
                                  7.75   data required time
                                 -3.40   data arrival time
-----------------------------------------------------------------------------
                                  4.35   slack (MET)


Startpoint: address[3] (input port clocked by clk)
Endpoint: data_out[17] (output port clocked by clk)
Path Group: clk
Path Type: max

Fanout     Cap    Slew   Delay    Time   Description
-----------------------------------------------------------------------------
                  0.15    0.00    0.00   clock clk (rise edge)
                          0.00    0.00   clock network delay (ideal)
                          2.00    2.00 v input external delay
                  0.03    0.02    2.02 v address[3] (in)
     7    0.01                           address[3] (net)
                  0.03    0.00    2.02 v _0546_/A_N (sky130_fd_sc_hd__and4bb_2)
                  0.06    0.29    2.31 ^ _0546_/X (sky130_fd_sc_hd__and4bb_2)
     2    0.00                           _0167_ (net)
                  0.06    0.00    2.31 ^ _0547_/A (sky130_fd_sc_hd__buf_1)
                  0.47    0.40    2.71 ^ _0547_/X (sky130_fd_sc_hd__buf_1)
    16    0.04                           _0168_ (net)
                  0.47    0.00    2.71 ^ _0621_/B1 (sky130_fd_sc_hd__a22o_2)
                  0.04    0.22    2.93 ^ _0621_/X (sky130_fd_sc_hd__a22o_2)
     1    0.00                           _0224_ (net)
                  0.04    0.00    2.93 ^ _0622_/B (sky130_fd_sc_hd__and2_2)
                  0.03    0.13    3.06 ^ _0622_/X (sky130_fd_sc_hd__and2_2)
     1    0.00                           _0225_ (net)
                  0.03    0.00    3.06 ^ _0623_/A (sky130_fd_sc_hd__buf_1)
                  0.40    0.34    3.40 ^ _0623_/X (sky130_fd_sc_hd__buf_1)
     1    0.03                           data_out[17] (net)
                  0.40    0.00    3.40 ^ data_out[17] (out)
                                  3.40   data arrival time

                  0.15   10.00   10.00   clock clk (rise edge)
                          0.00   10.00   clock network delay (ideal)
                         -0.25    9.75   clock uncertainty
                          0.00    9.75   clock reconvergence pessimism
                         -2.00    7.75   output external delay
                                  7.75   data required time
-----------------------------------------------------------------------------
                                  7.75   data required time
                                 -3.40   data arrival time
-----------------------------------------------------------------------------
                                  4.35   slack (MET)


Startpoint: address[3] (input port clocked by clk)
Endpoint: data_out[2] (output port clocked by clk)
Path Group: clk
Path Type: max

Fanout     Cap    Slew   Delay    Time   Description
-----------------------------------------------------------------------------
                  0.15    0.00    0.00   clock clk (rise edge)
                          0.00    0.00   clock network delay (ideal)
                          2.00    2.00 ^ input external delay
                  0.07    0.05    2.05 ^ address[3] (in)
     7    0.01                           address[3] (net)
                  0.07    0.00    2.05 ^ _0546_/A_N (sky130_fd_sc_hd__and4bb_2)
                  0.05    0.24    2.29 v _0546_/X (sky130_fd_sc_hd__and4bb_2)
     2    0.00                           _0167_ (net)
                  0.05    0.00    2.29 v _0547_/A (sky130_fd_sc_hd__buf_1)
                  0.21    0.24    2.53 v _0547_/X (sky130_fd_sc_hd__buf_1)
    16    0.04                           _0168_ (net)
                  0.21    0.00    2.53 v _0567_/B1 (sky130_fd_sc_hd__a22o_2)
                  0.04    0.27    2.80 v _0567_/X (sky130_fd_sc_hd__a22o_2)
     1    0.00                           _0186_ (net)
                  0.04    0.00    2.80 v _0568_/C1 (sky130_fd_sc_hd__a221o_2)
                  0.05    0.30    3.10 v _0568_/X (sky130_fd_sc_hd__a221o_2)
     1    0.00                           _0187_ (net)
                  0.05    0.00    3.10 v _0569_/A2 (sky130_fd_sc_hd__o21a_2)
                  0.10    0.28    3.38 v _0569_/X (sky130_fd_sc_hd__o21a_2)
     1    0.03                           data_out[2] (net)
                  0.10    0.00    3.38 v data_out[2] (out)
                                  3.38   data arrival time

                  0.15   10.00   10.00   clock clk (rise edge)
                          0.00   10.00   clock network delay (ideal)
                         -0.25    9.75   clock uncertainty
                          0.00    9.75   clock reconvergence pessimism
                         -2.00    7.75   output external delay
                                  7.75   data required time
-----------------------------------------------------------------------------
                                  7.75   data required time
                                 -3.38   data arrival time
-----------------------------------------------------------------------------
                                  4.37   slack (MET)


Startpoint: address[3] (input port clocked by clk)
Endpoint: data_out[3] (output port clocked by clk)
Path Group: clk
Path Type: max

Fanout     Cap    Slew   Delay    Time   Description
-----------------------------------------------------------------------------
                  0.15    0.00    0.00   clock clk (rise edge)
                          0.00    0.00   clock network delay (ideal)
                          2.00    2.00 ^ input external delay
                  0.07    0.05    2.05 ^ address[3] (in)
     7    0.01                           address[3] (net)
                  0.07    0.00    2.05 ^ _0546_/A_N (sky130_fd_sc_hd__and4bb_2)
                  0.05    0.24    2.29 v _0546_/X (sky130_fd_sc_hd__and4bb_2)
     2    0.00                           _0167_ (net)
                  0.05    0.00    2.29 v _0547_/A (sky130_fd_sc_hd__buf_1)
                  0.21    0.24    2.53 v _0547_/X (sky130_fd_sc_hd__buf_1)
    16    0.04                           _0168_ (net)
                  0.21    0.00    2.53 v _0571_/B1 (sky130_fd_sc_hd__a22o_2)
                  0.04    0.27    2.80 v _0571_/X (sky130_fd_sc_hd__a22o_2)
     1    0.00                           _0189_ (net)
                  0.04    0.00    2.80 v _0572_/C1 (sky130_fd_sc_hd__a221o_2)
                  0.05    0.30    3.10 v _0572_/X (sky130_fd_sc_hd__a221o_2)
     1    0.00                           _0190_ (net)
                  0.05    0.00    3.10 v _0573_/A2 (sky130_fd_sc_hd__o21a_2)
                  0.10    0.28    3.38 v _0573_/X (sky130_fd_sc_hd__o21a_2)
     1    0.03                           data_out[3] (net)
                  0.10    0.00    3.38 v data_out[3] (out)
                                  3.38   data arrival time

                  0.15   10.00   10.00   clock clk (rise edge)
                          0.00   10.00   clock network delay (ideal)
                         -0.25    9.75   clock uncertainty
                          0.00    9.75   clock reconvergence pessimism
                         -2.00    7.75   output external delay
                                  7.75   data required time
-----------------------------------------------------------------------------
                                  7.75   data required time
                                 -3.38   data arrival time
-----------------------------------------------------------------------------
                                  4.37   slack (MET)


Startpoint: address[2] (input port clocked by clk)
Endpoint: data_out[0] (output port clocked by clk)
Path Group: clk
Path Type: max

Fanout     Cap    Slew   Delay    Time   Description
-----------------------------------------------------------------------------
                  0.15    0.00    0.00   clock clk (rise edge)
                          0.00    0.00   clock network delay (ideal)
                          2.00    2.00 ^ input external delay
                  0.07    0.05    2.05 ^ address[2] (in)
     7    0.01                           address[2] (net)
                  0.07    0.00    2.05 ^ _0553_/A_N (sky130_fd_sc_hd__and4bb_2)
                  0.04    0.23    2.28 v _0553_/X (sky130_fd_sc_hd__and4bb_2)
     1    0.00                           _0174_ (net)
                  0.04    0.00    2.28 v _0554_/A (sky130_fd_sc_hd__buf_1)
                  0.13    0.18    2.45 v _0554_/X (sky130_fd_sc_hd__buf_1)
    10    0.02                           _0175_ (net)
                  0.13    0.00    2.45 v _0555_/B2 (sky130_fd_sc_hd__a32o_2)
                  0.04    0.27    2.72 v _0555_/X (sky130_fd_sc_hd__a32o_2)
     1    0.00                           _0176_ (net)
                  0.04    0.00    2.72 v _0556_/C1 (sky130_fd_sc_hd__a221o_2)
                  0.05    0.30    3.02 v _0556_/X (sky130_fd_sc_hd__a221o_2)
     1    0.00                           _0177_ (net)
                  0.05    0.00    3.02 v _0559_/A2 (sky130_fd_sc_hd__o21a_2)
                  0.10    0.28    3.30 v _0559_/X (sky130_fd_sc_hd__o21a_2)
     1    0.03                           data_out[0] (net)
                  0.10    0.00    3.30 v data_out[0] (out)
                                  3.30   data arrival time

                  0.15   10.00   10.00   clock clk (rise edge)
                          0.00   10.00   clock network delay (ideal)
                         -0.25    9.75   clock uncertainty
                          0.00    9.75   clock reconvergence pessimism
                         -2.00    7.75   output external delay
                                  7.75   data required time
-----------------------------------------------------------------------------
                                  7.75   data required time
                                 -3.30   data arrival time
-----------------------------------------------------------------------------
                                  4.45   slack (MET)


Startpoint: address[5] (input port clocked by clk)
Endpoint: data_out[4] (output port clocked by clk)
Path Group: clk
Path Type: max

Fanout     Cap    Slew   Delay    Time   Description
-----------------------------------------------------------------------------
                  0.15    0.00    0.00   clock clk (rise edge)
                          0.00    0.00   clock network delay (ideal)
                          2.00    2.00 ^ input external delay
                  0.05    0.03    2.03 ^ address[5] (in)
     4    0.01                           address[5] (net)
                  0.05    0.00    2.03 ^ _0548_/A (sky130_fd_sc_hd__nor2_2)
                  0.04    0.05    2.09 v _0548_/Y (sky130_fd_sc_hd__nor2_2)
     7    0.01                           _0169_ (net)
                  0.04    0.00    2.09 v _0551_/C (sky130_fd_sc_hd__and3b_2)
                  0.06    0.24    2.33 v _0551_/X (sky130_fd_sc_hd__and3b_2)
     6    0.01                           _0172_ (net)
                  0.06    0.00    2.33 v _0578_/A2 (sky130_fd_sc_hd__a22o_2)
                  0.04    0.26    2.59 v _0578_/X (sky130_fd_sc_hd__a22o_2)
     1    0.00                           _0194_ (net)
                  0.04    0.00    2.59 v _0579_/C1 (sky130_fd_sc_hd__a221o_2)
                  0.05    0.29    2.89 v _0579_/X (sky130_fd_sc_hd__a221o_2)
     1    0.00                           _0195_ (net)
                  0.05    0.00    2.89 v _0580_/B (sky130_fd_sc_hd__and2_2)
                  0.03    0.19    3.08 v _0580_/X (sky130_fd_sc_hd__and2_2)
     1    0.00                           _0196_ (net)
                  0.03    0.00    3.08 v _0581_/A (sky130_fd_sc_hd__buf_1)
                  0.19    0.22    3.30 v _0581_/X (sky130_fd_sc_hd__buf_1)
     1    0.03                           data_out[4] (net)
                  0.19    0.00    3.30 v data_out[4] (out)
                                  3.30   data arrival time

                  0.15   10.00   10.00   clock clk (rise edge)
                          0.00   10.00   clock network delay (ideal)
                         -0.25    9.75   clock uncertainty
                          0.00    9.75   clock reconvergence pessimism
                         -2.00    7.75   output external delay
                                  7.75   data required time
-----------------------------------------------------------------------------
                                  7.75   data required time
                                 -3.30   data arrival time
-----------------------------------------------------------------------------
                                  4.45   slack (MET)


Startpoint: _1066_ (rising edge-triggered flip-flop clocked by clk)
Endpoint: _1066_ (rising edge-triggered flip-flop clocked by clk)
Path Group: clk
Path Type: max

Fanout     Cap    Slew   Delay    Time   Description
-----------------------------------------------------------------------------
                  0.15    0.00    0.00   clock clk (rise edge)
                          0.00    0.00   clock network delay (ideal)
                  0.15    0.00    0.00 ^ _1066_/CLK (sky130_fd_sc_hd__dfrtp_2)
                  0.07    0.48    0.48 v _1066_/Q (sky130_fd_sc_hd__dfrtp_2)
     6    0.01                           wifi_timeout[1] (net)
                  0.07    0.00    0.48 v _0642_/A (sky130_fd_sc_hd__or4_2)
                  0.15    0.77    1.25 v _0642_/X (sky130_fd_sc_hd__or4_2)
     6    0.01                           _0237_ (net)
                  0.15    0.00    1.25 v _0644_/C (sky130_fd_sc_hd__or4_2)
                  0.09    0.65    1.90 v _0644_/X (sky130_fd_sc_hd__or4_2)
     1    0.00                           _0239_ (net)
                  0.09    0.00    1.90 v _0645_/A (sky130_fd_sc_hd__buf_1)
                  0.13    0.20    2.11 v _0645_/X (sky130_fd_sc_hd__buf_1)
     9    0.02                           _0240_ (net)
                  0.13    0.00    2.11 v _0647_/C (sky130_fd_sc_hd__or4_2)
                  0.16    0.75    2.86 v _0647_/X (sky130_fd_sc_hd__or4_2)
     6    0.02                           _0242_ (net)
                  0.16    0.00    2.86 v _0677_/C (sky130_fd_sc_hd__or3_2)
                  0.10    0.49    3.36 v _0677_/X (sky130_fd_sc_hd__or3_2)
     3    0.01                           _0265_ (net)
                  0.10    0.00    3.36 v _0793_/A2 (sky130_fd_sc_hd__a311oi_2)
                  1.02    0.92    4.27 ^ _0793_/Y (sky130_fd_sc_hd__a311oi_2)
    16    0.05                           _0348_ (net)
                  1.02    0.00    4.27 ^ _0799_/S (sky130_fd_sc_hd__mux2_2)
                  0.05    0.43    4.71 v _0799_/X (sky130_fd_sc_hd__mux2_2)
     1    0.00                           _0353_ (net)
                  0.05    0.00    4.71 v _0800_/A (sky130_fd_sc_hd__buf_1)
                  0.02    0.09    4.79 v _0800_/X (sky130_fd_sc_hd__buf_1)
     1    0.00                           _0044_ (net)
                  0.02    0.00    4.79 v _1066_/D (sky130_fd_sc_hd__dfrtp_2)
                                  4.79   data arrival time

                  0.15   10.00   10.00   clock clk (rise edge)
                          0.00   10.00   clock network delay (ideal)
                         -0.25    9.75   clock uncertainty
                          0.00    9.75   clock reconvergence pessimism
                                  9.75 ^ _1066_/CLK (sky130_fd_sc_hd__dfrtp_2)
                         -0.08    9.67   library setup time
                                  9.67   data required time
-----------------------------------------------------------------------------
                                  9.67   data required time
                                 -4.79   data arrival time
-----------------------------------------------------------------------------
                                  4.88   slack (MET)


Startpoint: _1066_ (rising edge-triggered flip-flop clocked by clk)
Endpoint: _1067_ (rising edge-triggered flip-flop clocked by clk)
Path Group: clk
Path Type: max

Fanout     Cap    Slew   Delay    Time   Description
-----------------------------------------------------------------------------
                  0.15    0.00    0.00   clock clk (rise edge)
                          0.00    0.00   clock network delay (ideal)
                  0.15    0.00    0.00 ^ _1066_/CLK (sky130_fd_sc_hd__dfrtp_2)
                  0.07    0.48    0.48 v _1066_/Q (sky130_fd_sc_hd__dfrtp_2)
     6    0.01                           wifi_timeout[1] (net)
                  0.07    0.00    0.48 v _0642_/A (sky130_fd_sc_hd__or4_2)
                  0.15    0.77    1.25 v _0642_/X (sky130_fd_sc_hd__or4_2)
     6    0.01                           _0237_ (net)
                  0.15    0.00    1.25 v _0644_/C (sky130_fd_sc_hd__or4_2)
                  0.09    0.65    1.90 v _0644_/X (sky130_fd_sc_hd__or4_2)
     1    0.00                           _0239_ (net)
                  0.09    0.00    1.90 v _0645_/A (sky130_fd_sc_hd__buf_1)
                  0.13    0.20    2.11 v _0645_/X (sky130_fd_sc_hd__buf_1)
     9    0.02                           _0240_ (net)
                  0.13    0.00    2.11 v _0647_/C (sky130_fd_sc_hd__or4_2)
                  0.16    0.75    2.86 v _0647_/X (sky130_fd_sc_hd__or4_2)
     6    0.02                           _0242_ (net)
                  0.16    0.00    2.86 v _0677_/C (sky130_fd_sc_hd__or3_2)
                  0.10    0.49    3.36 v _0677_/X (sky130_fd_sc_hd__or3_2)
     3    0.01                           _0265_ (net)
                  0.10    0.00    3.36 v _0793_/A2 (sky130_fd_sc_hd__a311oi_2)
                  1.02    0.92    4.27 ^ _0793_/Y (sky130_fd_sc_hd__a311oi_2)
    16    0.05                           _0348_ (net)
                  1.02    0.00    4.27 ^ _0804_/S (sky130_fd_sc_hd__mux2_2)
                  0.05    0.43    4.71 v _0804_/X (sky130_fd_sc_hd__mux2_2)
     1    0.00                           _0357_ (net)
                  0.05    0.00    4.71 v _0805_/A (sky130_fd_sc_hd__buf_1)
                  0.02    0.09    4.79 v _0805_/X (sky130_fd_sc_hd__buf_1)
     1    0.00                           _0045_ (net)
                  0.02    0.00    4.79 v _1067_/D (sky130_fd_sc_hd__dfrtp_2)
                                  4.79   data arrival time

                  0.15   10.00   10.00   clock clk (rise edge)
                          0.00   10.00   clock network delay (ideal)
                         -0.25    9.75   clock uncertainty
                          0.00    9.75   clock reconvergence pessimism
                                  9.75 ^ _1067_/CLK (sky130_fd_sc_hd__dfrtp_2)
                         -0.08    9.67   library setup time
                                  9.67   data required time
-----------------------------------------------------------------------------
                                  9.67   data required time
                                 -4.79   data arrival time
-----------------------------------------------------------------------------
                                  4.88   slack (MET)


Startpoint: _1066_ (rising edge-triggered flip-flop clocked by clk)
Endpoint: _1068_ (rising edge-triggered flip-flop clocked by clk)
Path Group: clk
Path Type: max

Fanout     Cap    Slew   Delay    Time   Description
-----------------------------------------------------------------------------
                  0.15    0.00    0.00   clock clk (rise edge)
                          0.00    0.00   clock network delay (ideal)
                  0.15    0.00    0.00 ^ _1066_/CLK (sky130_fd_sc_hd__dfrtp_2)
                  0.07    0.48    0.48 v _1066_/Q (sky130_fd_sc_hd__dfrtp_2)
     6    0.01                           wifi_timeout[1] (net)
                  0.07    0.00    0.48 v _0642_/A (sky130_fd_sc_hd__or4_2)
                  0.15    0.77    1.25 v _0642_/X (sky130_fd_sc_hd__or4_2)
     6    0.01                           _0237_ (net)
                  0.15    0.00    1.25 v _0644_/C (sky130_fd_sc_hd__or4_2)
                  0.09    0.65    1.90 v _0644_/X (sky130_fd_sc_hd__or4_2)
     1    0.00                           _0239_ (net)
                  0.09    0.00    1.90 v _0645_/A (sky130_fd_sc_hd__buf_1)
                  0.13    0.20    2.11 v _0645_/X (sky130_fd_sc_hd__buf_1)
     9    0.02                           _0240_ (net)
                  0.13    0.00    2.11 v _0647_/C (sky130_fd_sc_hd__or4_2)
                  0.16    0.75    2.86 v _0647_/X (sky130_fd_sc_hd__or4_2)
     6    0.02                           _0242_ (net)
                  0.16    0.00    2.86 v _0677_/C (sky130_fd_sc_hd__or3_2)
                  0.10    0.49    3.36 v _0677_/X (sky130_fd_sc_hd__or3_2)
     3    0.01                           _0265_ (net)
                  0.10    0.00    3.36 v _0793_/A2 (sky130_fd_sc_hd__a311oi_2)
                  1.02    0.92    4.27 ^ _0793_/Y (sky130_fd_sc_hd__a311oi_2)
    16    0.05                           _0348_ (net)
                  1.02    0.00    4.27 ^ _0808_/S (sky130_fd_sc_hd__mux2_2)
                  0.05    0.43    4.71 v _0808_/X (sky130_fd_sc_hd__mux2_2)
     1    0.00                           _0360_ (net)
                  0.05    0.00    4.71 v _0809_/A (sky130_fd_sc_hd__buf_1)
                  0.02    0.09    4.79 v _0809_/X (sky130_fd_sc_hd__buf_1)
     1    0.00                           _0046_ (net)
                  0.02    0.00    4.79 v _1068_/D (sky130_fd_sc_hd__dfrtp_2)
                                  4.79   data arrival time

                  0.15   10.00   10.00   clock clk (rise edge)
                          0.00   10.00   clock network delay (ideal)
                         -0.25    9.75   clock uncertainty
                          0.00    9.75   clock reconvergence pessimism
                                  9.75 ^ _1068_/CLK (sky130_fd_sc_hd__dfrtp_2)
                         -0.08    9.67   library setup time
                                  9.67   data required time
-----------------------------------------------------------------------------
                                  9.67   data required time
                                 -4.79   data arrival time
-----------------------------------------------------------------------------
                                  4.88   slack (MET)


Startpoint: _1066_ (rising edge-triggered flip-flop clocked by clk)
Endpoint: _1069_ (rising edge-triggered flip-flop clocked by clk)
Path Group: clk
Path Type: max

Fanout     Cap    Slew   Delay    Time   Description
-----------------------------------------------------------------------------
                  0.15    0.00    0.00   clock clk (rise edge)
                          0.00    0.00   clock network delay (ideal)
                  0.15    0.00    0.00 ^ _1066_/CLK (sky130_fd_sc_hd__dfrtp_2)
                  0.07    0.48    0.48 v _1066_/Q (sky130_fd_sc_hd__dfrtp_2)
     6    0.01                           wifi_timeout[1] (net)
                  0.07    0.00    0.48 v _0642_/A (sky130_fd_sc_hd__or4_2)
                  0.15    0.77    1.25 v _0642_/X (sky130_fd_sc_hd__or4_2)
     6    0.01                           _0237_ (net)
                  0.15    0.00    1.25 v _0644_/C (sky130_fd_sc_hd__or4_2)
                  0.09    0.65    1.90 v _0644_/X (sky130_fd_sc_hd__or4_2)
     1    0.00                           _0239_ (net)
                  0.09    0.00    1.90 v _0645_/A (sky130_fd_sc_hd__buf_1)
                  0.13    0.20    2.11 v _0645_/X (sky130_fd_sc_hd__buf_1)
     9    0.02                           _0240_ (net)
                  0.13    0.00    2.11 v _0647_/C (sky130_fd_sc_hd__or4_2)
                  0.16    0.75    2.86 v _0647_/X (sky130_fd_sc_hd__or4_2)
     6    0.02                           _0242_ (net)
                  0.16    0.00    2.86 v _0677_/C (sky130_fd_sc_hd__or3_2)
                  0.10    0.49    3.36 v _0677_/X (sky130_fd_sc_hd__or3_2)
     3    0.01                           _0265_ (net)
                  0.10    0.00    3.36 v _0793_/A2 (sky130_fd_sc_hd__a311oi_2)
                  1.02    0.92    4.27 ^ _0793_/Y (sky130_fd_sc_hd__a311oi_2)
    16    0.05                           _0348_ (net)
                  1.02    0.00    4.27 ^ _0813_/S (sky130_fd_sc_hd__mux2_2)
                  0.05    0.43    4.71 v _0813_/X (sky130_fd_sc_hd__mux2_2)
     1    0.00                           _0364_ (net)
                  0.05    0.00    4.71 v _0814_/A (sky130_fd_sc_hd__buf_1)
                  0.02    0.09    4.79 v _0814_/X (sky130_fd_sc_hd__buf_1)
     1    0.00                           _0047_ (net)
                  0.02    0.00    4.79 v _1069_/D (sky130_fd_sc_hd__dfrtp_2)
                                  4.79   data arrival time

                  0.15   10.00   10.00   clock clk (rise edge)
                          0.00   10.00   clock network delay (ideal)
                         -0.25    9.75   clock uncertainty
                          0.00    9.75   clock reconvergence pessimism
                                  9.75 ^ _1069_/CLK (sky130_fd_sc_hd__dfrtp_2)
                         -0.08    9.67   library setup time
                                  9.67   data required time
-----------------------------------------------------------------------------
                                  9.67   data required time
                                 -4.79   data arrival time
-----------------------------------------------------------------------------
                                  4.88   slack (MET)


Startpoint: _1066_ (rising edge-triggered flip-flop clocked by clk)
Endpoint: _1070_ (rising edge-triggered flip-flop clocked by clk)
Path Group: clk
Path Type: max

Fanout     Cap    Slew   Delay    Time   Description
-----------------------------------------------------------------------------
                  0.15    0.00    0.00   clock clk (rise edge)
                          0.00    0.00   clock network delay (ideal)
                  0.15    0.00    0.00 ^ _1066_/CLK (sky130_fd_sc_hd__dfrtp_2)
                  0.07    0.48    0.48 v _1066_/Q (sky130_fd_sc_hd__dfrtp_2)
     6    0.01                           wifi_timeout[1] (net)
                  0.07    0.00    0.48 v _0642_/A (sky130_fd_sc_hd__or4_2)
                  0.15    0.77    1.25 v _0642_/X (sky130_fd_sc_hd__or4_2)
     6    0.01                           _0237_ (net)
                  0.15    0.00    1.25 v _0644_/C (sky130_fd_sc_hd__or4_2)
                  0.09    0.65    1.90 v _0644_/X (sky130_fd_sc_hd__or4_2)
     1    0.00                           _0239_ (net)
                  0.09    0.00    1.90 v _0645_/A (sky130_fd_sc_hd__buf_1)
                  0.13    0.20    2.11 v _0645_/X (sky130_fd_sc_hd__buf_1)
     9    0.02                           _0240_ (net)
                  0.13    0.00    2.11 v _0647_/C (sky130_fd_sc_hd__or4_2)
                  0.16    0.75    2.86 v _0647_/X (sky130_fd_sc_hd__or4_2)
     6    0.02                           _0242_ (net)
                  0.16    0.00    2.86 v _0677_/C (sky130_fd_sc_hd__or3_2)
                  0.10    0.49    3.36 v _0677_/X (sky130_fd_sc_hd__or3_2)
     3    0.01                           _0265_ (net)
                  0.10    0.00    3.36 v _0793_/A2 (sky130_fd_sc_hd__a311oi_2)
                  1.02    0.92    4.27 ^ _0793_/Y (sky130_fd_sc_hd__a311oi_2)
    16    0.05                           _0348_ (net)
                  1.02    0.00    4.27 ^ _0818_/S (sky130_fd_sc_hd__mux2_2)
                  0.05    0.43    4.71 v _0818_/X (sky130_fd_sc_hd__mux2_2)
     1    0.00                           _0368_ (net)
                  0.05    0.00    4.71 v _0819_/A (sky130_fd_sc_hd__buf_1)
                  0.02    0.09    4.79 v _0819_/X (sky130_fd_sc_hd__buf_1)
     1    0.00                           _0048_ (net)
                  0.02    0.00    4.79 v _1070_/D (sky130_fd_sc_hd__dfrtp_2)
                                  4.79   data arrival time

                  0.15   10.00   10.00   clock clk (rise edge)
                          0.00   10.00   clock network delay (ideal)
                         -0.25    9.75   clock uncertainty
                          0.00    9.75   clock reconvergence pessimism
                                  9.75 ^ _1070_/CLK (sky130_fd_sc_hd__dfrtp_2)
                         -0.08    9.67   library setup time
                                  9.67   data required time
-----------------------------------------------------------------------------
                                  9.67   data required time
                                 -4.79   data arrival time
-----------------------------------------------------------------------------
                                  4.88   slack (MET)


Startpoint: _1066_ (rising edge-triggered flip-flop clocked by clk)
Endpoint: _1071_ (rising edge-triggered flip-flop clocked by clk)
Path Group: clk
Path Type: max

Fanout     Cap    Slew   Delay    Time   Description
-----------------------------------------------------------------------------
                  0.15    0.00    0.00   clock clk (rise edge)
                          0.00    0.00   clock network delay (ideal)
                  0.15    0.00    0.00 ^ _1066_/CLK (sky130_fd_sc_hd__dfrtp_2)
                  0.07    0.48    0.48 v _1066_/Q (sky130_fd_sc_hd__dfrtp_2)
     6    0.01                           wifi_timeout[1] (net)
                  0.07    0.00    0.48 v _0642_/A (sky130_fd_sc_hd__or4_2)
                  0.15    0.77    1.25 v _0642_/X (sky130_fd_sc_hd__or4_2)
     6    0.01                           _0237_ (net)
                  0.15    0.00    1.25 v _0644_/C (sky130_fd_sc_hd__or4_2)
                  0.09    0.65    1.90 v _0644_/X (sky130_fd_sc_hd__or4_2)
     1    0.00                           _0239_ (net)
                  0.09    0.00    1.90 v _0645_/A (sky130_fd_sc_hd__buf_1)
                  0.13    0.20    2.11 v _0645_/X (sky130_fd_sc_hd__buf_1)
     9    0.02                           _0240_ (net)
                  0.13    0.00    2.11 v _0647_/C (sky130_fd_sc_hd__or4_2)
                  0.16    0.75    2.86 v _0647_/X (sky130_fd_sc_hd__or4_2)
     6    0.02                           _0242_ (net)
                  0.16    0.00    2.86 v _0677_/C (sky130_fd_sc_hd__or3_2)
                  0.10    0.49    3.36 v _0677_/X (sky130_fd_sc_hd__or3_2)
     3    0.01                           _0265_ (net)
                  0.10    0.00    3.36 v _0793_/A2 (sky130_fd_sc_hd__a311oi_2)
                  1.02    0.92    4.27 ^ _0793_/Y (sky130_fd_sc_hd__a311oi_2)
    16    0.05                           _0348_ (net)
                  1.02    0.00    4.27 ^ _0823_/S (sky130_fd_sc_hd__mux2_2)
                  0.05    0.43    4.71 v _0823_/X (sky130_fd_sc_hd__mux2_2)
     1    0.00                           _0372_ (net)
                  0.05    0.00    4.71 v _0824_/A (sky130_fd_sc_hd__buf_1)
                  0.02    0.09    4.79 v _0824_/X (sky130_fd_sc_hd__buf_1)
     1    0.00                           _0049_ (net)
                  0.02    0.00    4.79 v _1071_/D (sky130_fd_sc_hd__dfrtp_2)
                                  4.79   data arrival time

                  0.15   10.00   10.00   clock clk (rise edge)
                          0.00   10.00   clock network delay (ideal)
                         -0.25    9.75   clock uncertainty
                          0.00    9.75   clock reconvergence pessimism
                                  9.75 ^ _1071_/CLK (sky130_fd_sc_hd__dfrtp_2)
                         -0.08    9.67   library setup time
                                  9.67   data required time
-----------------------------------------------------------------------------
                                  9.67   data required time
                                 -4.79   data arrival time
-----------------------------------------------------------------------------
                                  4.88   slack (MET)


Startpoint: _1066_ (rising edge-triggered flip-flop clocked by clk)
Endpoint: _1072_ (rising edge-triggered flip-flop clocked by clk)
Path Group: clk
Path Type: max

Fanout     Cap    Slew   Delay    Time   Description
-----------------------------------------------------------------------------
                  0.15    0.00    0.00   clock clk (rise edge)
                          0.00    0.00   clock network delay (ideal)
                  0.15    0.00    0.00 ^ _1066_/CLK (sky130_fd_sc_hd__dfrtp_2)
                  0.07    0.48    0.48 v _1066_/Q (sky130_fd_sc_hd__dfrtp_2)
     6    0.01                           wifi_timeout[1] (net)
                  0.07    0.00    0.48 v _0642_/A (sky130_fd_sc_hd__or4_2)
                  0.15    0.77    1.25 v _0642_/X (sky130_fd_sc_hd__or4_2)
     6    0.01                           _0237_ (net)
                  0.15    0.00    1.25 v _0644_/C (sky130_fd_sc_hd__or4_2)
                  0.09    0.65    1.90 v _0644_/X (sky130_fd_sc_hd__or4_2)
     1    0.00                           _0239_ (net)
                  0.09    0.00    1.90 v _0645_/A (sky130_fd_sc_hd__buf_1)
                  0.13    0.20    2.11 v _0645_/X (sky130_fd_sc_hd__buf_1)
     9    0.02                           _0240_ (net)
                  0.13    0.00    2.11 v _0647_/C (sky130_fd_sc_hd__or4_2)
                  0.16    0.75    2.86 v _0647_/X (sky130_fd_sc_hd__or4_2)
     6    0.02                           _0242_ (net)
                  0.16    0.00    2.86 v _0677_/C (sky130_fd_sc_hd__or3_2)
                  0.10    0.49    3.36 v _0677_/X (sky130_fd_sc_hd__or3_2)
     3    0.01                           _0265_ (net)
                  0.10    0.00    3.36 v _0793_/A2 (sky130_fd_sc_hd__a311oi_2)
                  1.02    0.92    4.27 ^ _0793_/Y (sky130_fd_sc_hd__a311oi_2)
    16    0.05                           _0348_ (net)
                  1.02    0.00    4.27 ^ _0827_/S (sky130_fd_sc_hd__mux2_2)
                  0.05    0.43    4.71 v _0827_/X (sky130_fd_sc_hd__mux2_2)
     1    0.00                           _0375_ (net)
                  0.05    0.00    4.71 v _0828_/A (sky130_fd_sc_hd__buf_1)
                  0.02    0.09    4.79 v _0828_/X (sky130_fd_sc_hd__buf_1)
     1    0.00                           _0050_ (net)
                  0.02    0.00    4.79 v _1072_/D (sky130_fd_sc_hd__dfrtp_2)
                                  4.79   data arrival time

                  0.15   10.00   10.00   clock clk (rise edge)
                          0.00   10.00   clock network delay (ideal)
                         -0.25    9.75   clock uncertainty
                          0.00    9.75   clock reconvergence pessimism
                                  9.75 ^ _1072_/CLK (sky130_fd_sc_hd__dfrtp_2)
                         -0.08    9.67   library setup time
                                  9.67   data required time
-----------------------------------------------------------------------------
                                  9.67   data required time
                                 -4.79   data arrival time
-----------------------------------------------------------------------------
                                  4.88   slack (MET)


Startpoint: _1066_ (rising edge-triggered flip-flop clocked by clk)
Endpoint: _1073_ (rising edge-triggered flip-flop clocked by clk)
Path Group: clk
Path Type: max

Fanout     Cap    Slew   Delay    Time   Description
-----------------------------------------------------------------------------
                  0.15    0.00    0.00   clock clk (rise edge)
                          0.00    0.00   clock network delay (ideal)
                  0.15    0.00    0.00 ^ _1066_/CLK (sky130_fd_sc_hd__dfrtp_2)
                  0.07    0.48    0.48 v _1066_/Q (sky130_fd_sc_hd__dfrtp_2)
     6    0.01                           wifi_timeout[1] (net)
                  0.07    0.00    0.48 v _0642_/A (sky130_fd_sc_hd__or4_2)
                  0.15    0.77    1.25 v _0642_/X (sky130_fd_sc_hd__or4_2)
     6    0.01                           _0237_ (net)
                  0.15    0.00    1.25 v _0644_/C (sky130_fd_sc_hd__or4_2)
                  0.09    0.65    1.90 v _0644_/X (sky130_fd_sc_hd__or4_2)
     1    0.00                           _0239_ (net)
                  0.09    0.00    1.90 v _0645_/A (sky130_fd_sc_hd__buf_1)
                  0.13    0.20    2.11 v _0645_/X (sky130_fd_sc_hd__buf_1)
     9    0.02                           _0240_ (net)
                  0.13    0.00    2.11 v _0647_/C (sky130_fd_sc_hd__or4_2)
                  0.16    0.75    2.86 v _0647_/X (sky130_fd_sc_hd__or4_2)
     6    0.02                           _0242_ (net)
                  0.16    0.00    2.86 v _0677_/C (sky130_fd_sc_hd__or3_2)
                  0.10    0.49    3.36 v _0677_/X (sky130_fd_sc_hd__or3_2)
     3    0.01                           _0265_ (net)
                  0.10    0.00    3.36 v _0793_/A2 (sky130_fd_sc_hd__a311oi_2)
                  1.02    0.92    4.27 ^ _0793_/Y (sky130_fd_sc_hd__a311oi_2)
    16    0.05                           _0348_ (net)
                  1.02    0.00    4.27 ^ _0832_/S (sky130_fd_sc_hd__mux2_2)
                  0.05    0.43    4.71 v _0832_/X (sky130_fd_sc_hd__mux2_2)
     1    0.00                           _0379_ (net)
                  0.05    0.00    4.71 v _0833_/A (sky130_fd_sc_hd__buf_1)
                  0.02    0.09    4.79 v _0833_/X (sky130_fd_sc_hd__buf_1)
     1    0.00                           _0051_ (net)
                  0.02    0.00    4.79 v _1073_/D (sky130_fd_sc_hd__dfrtp_2)
                                  4.79   data arrival time

                  0.15   10.00   10.00   clock clk (rise edge)
                          0.00   10.00   clock network delay (ideal)
                         -0.25    9.75   clock uncertainty
                          0.00    9.75   clock reconvergence pessimism
                                  9.75 ^ _1073_/CLK (sky130_fd_sc_hd__dfrtp_2)
                         -0.08    9.67   library setup time
                                  9.67   data required time
-----------------------------------------------------------------------------
                                  9.67   data required time
                                 -4.79   data arrival time
-----------------------------------------------------------------------------
                                  4.88   slack (MET)


Startpoint: _1066_ (rising edge-triggered flip-flop clocked by clk)
Endpoint: _1074_ (rising edge-triggered flip-flop clocked by clk)
Path Group: clk
Path Type: max

Fanout     Cap    Slew   Delay    Time   Description
-----------------------------------------------------------------------------
                  0.15    0.00    0.00   clock clk (rise edge)
                          0.00    0.00   clock network delay (ideal)
                  0.15    0.00    0.00 ^ _1066_/CLK (sky130_fd_sc_hd__dfrtp_2)
                  0.07    0.48    0.48 v _1066_/Q (sky130_fd_sc_hd__dfrtp_2)
     6    0.01                           wifi_timeout[1] (net)
                  0.07    0.00    0.48 v _0642_/A (sky130_fd_sc_hd__or4_2)
                  0.15    0.77    1.25 v _0642_/X (sky130_fd_sc_hd__or4_2)
     6    0.01                           _0237_ (net)
                  0.15    0.00    1.25 v _0644_/C (sky130_fd_sc_hd__or4_2)
                  0.09    0.65    1.90 v _0644_/X (sky130_fd_sc_hd__or4_2)
     1    0.00                           _0239_ (net)
                  0.09    0.00    1.90 v _0645_/A (sky130_fd_sc_hd__buf_1)
                  0.13    0.20    2.11 v _0645_/X (sky130_fd_sc_hd__buf_1)
     9    0.02                           _0240_ (net)
                  0.13    0.00    2.11 v _0647_/C (sky130_fd_sc_hd__or4_2)
                  0.16    0.75    2.86 v _0647_/X (sky130_fd_sc_hd__or4_2)
     6    0.02                           _0242_ (net)
                  0.16    0.00    2.86 v _0677_/C (sky130_fd_sc_hd__or3_2)
                  0.10    0.49    3.36 v _0677_/X (sky130_fd_sc_hd__or3_2)
     3    0.01                           _0265_ (net)
                  0.10    0.00    3.36 v _0793_/A2 (sky130_fd_sc_hd__a311oi_2)
                  1.02    0.92    4.27 ^ _0793_/Y (sky130_fd_sc_hd__a311oi_2)
    16    0.05                           _0348_ (net)
                  1.02    0.00    4.27 ^ _0837_/S (sky130_fd_sc_hd__mux2_2)
                  0.05    0.43    4.71 v _0837_/X (sky130_fd_sc_hd__mux2_2)
     1    0.00                           _0383_ (net)
                  0.05    0.00    4.71 v _0838_/A (sky130_fd_sc_hd__buf_1)
                  0.02    0.09    4.79 v _0838_/X (sky130_fd_sc_hd__buf_1)
     1    0.00                           _0052_ (net)
                  0.02    0.00    4.79 v _1074_/D (sky130_fd_sc_hd__dfrtp_2)
                                  4.79   data arrival time

                  0.15   10.00   10.00   clock clk (rise edge)
                          0.00   10.00   clock network delay (ideal)
                         -0.25    9.75   clock uncertainty
                          0.00    9.75   clock reconvergence pessimism
                                  9.75 ^ _1074_/CLK (sky130_fd_sc_hd__dfrtp_2)
                         -0.08    9.67   library setup time
                                  9.67   data required time
-----------------------------------------------------------------------------
                                  9.67   data required time
                                 -4.79   data arrival time
-----------------------------------------------------------------------------
                                  4.88   slack (MET)


Startpoint: _1066_ (rising edge-triggered flip-flop clocked by clk)
Endpoint: _1075_ (rising edge-triggered flip-flop clocked by clk)
Path Group: clk
Path Type: max

Fanout     Cap    Slew   Delay    Time   Description
-----------------------------------------------------------------------------
                  0.15    0.00    0.00   clock clk (rise edge)
                          0.00    0.00   clock network delay (ideal)
                  0.15    0.00    0.00 ^ _1066_/CLK (sky130_fd_sc_hd__dfrtp_2)
                  0.07    0.48    0.48 v _1066_/Q (sky130_fd_sc_hd__dfrtp_2)
     6    0.01                           wifi_timeout[1] (net)
                  0.07    0.00    0.48 v _0642_/A (sky130_fd_sc_hd__or4_2)
                  0.15    0.77    1.25 v _0642_/X (sky130_fd_sc_hd__or4_2)
     6    0.01                           _0237_ (net)
                  0.15    0.00    1.25 v _0644_/C (sky130_fd_sc_hd__or4_2)
                  0.09    0.65    1.90 v _0644_/X (sky130_fd_sc_hd__or4_2)
     1    0.00                           _0239_ (net)
                  0.09    0.00    1.90 v _0645_/A (sky130_fd_sc_hd__buf_1)
                  0.13    0.20    2.11 v _0645_/X (sky130_fd_sc_hd__buf_1)
     9    0.02                           _0240_ (net)
                  0.13    0.00    2.11 v _0647_/C (sky130_fd_sc_hd__or4_2)
                  0.16    0.75    2.86 v _0647_/X (sky130_fd_sc_hd__or4_2)
     6    0.02                           _0242_ (net)
                  0.16    0.00    2.86 v _0677_/C (sky130_fd_sc_hd__or3_2)
                  0.10    0.49    3.36 v _0677_/X (sky130_fd_sc_hd__or3_2)
     3    0.01                           _0265_ (net)
                  0.10    0.00    3.36 v _0793_/A2 (sky130_fd_sc_hd__a311oi_2)
                  1.02    0.92    4.27 ^ _0793_/Y (sky130_fd_sc_hd__a311oi_2)
    16    0.05                           _0348_ (net)
                  1.02    0.00    4.27 ^ _0842_/S (sky130_fd_sc_hd__mux2_2)
                  0.05    0.43    4.71 v _0842_/X (sky130_fd_sc_hd__mux2_2)
     1    0.00                           _0387_ (net)
                  0.05    0.00    4.71 v _0843_/A (sky130_fd_sc_hd__buf_1)
                  0.02    0.09    4.79 v _0843_/X (sky130_fd_sc_hd__buf_1)
     1    0.00                           _0053_ (net)
                  0.02    0.00    4.79 v _1075_/D (sky130_fd_sc_hd__dfrtp_2)
                                  4.79   data arrival time

                  0.15   10.00   10.00   clock clk (rise edge)
                          0.00   10.00   clock network delay (ideal)
                         -0.25    9.75   clock uncertainty
                          0.00    9.75   clock reconvergence pessimism
                                  9.75 ^ _1075_/CLK (sky130_fd_sc_hd__dfrtp_2)
                         -0.08    9.67   library setup time
                                  9.67   data required time
-----------------------------------------------------------------------------
                                  9.67   data required time
                                 -4.79   data arrival time
-----------------------------------------------------------------------------
                                  4.88   slack (MET)


Startpoint: _1066_ (rising edge-triggered flip-flop clocked by clk)
Endpoint: _1076_ (rising edge-triggered flip-flop clocked by clk)
Path Group: clk
Path Type: max

Fanout     Cap    Slew   Delay    Time   Description
-----------------------------------------------------------------------------
                  0.15    0.00    0.00   clock clk (rise edge)
                          0.00    0.00   clock network delay (ideal)
                  0.15    0.00    0.00 ^ _1066_/CLK (sky130_fd_sc_hd__dfrtp_2)
                  0.07    0.48    0.48 v _1066_/Q (sky130_fd_sc_hd__dfrtp_2)
     6    0.01                           wifi_timeout[1] (net)
                  0.07    0.00    0.48 v _0642_/A (sky130_fd_sc_hd__or4_2)
                  0.15    0.77    1.25 v _0642_/X (sky130_fd_sc_hd__or4_2)
     6    0.01                           _0237_ (net)
                  0.15    0.00    1.25 v _0644_/C (sky130_fd_sc_hd__or4_2)
                  0.09    0.65    1.90 v _0644_/X (sky130_fd_sc_hd__or4_2)
     1    0.00                           _0239_ (net)
                  0.09    0.00    1.90 v _0645_/A (sky130_fd_sc_hd__buf_1)
                  0.13    0.20    2.11 v _0645_/X (sky130_fd_sc_hd__buf_1)
     9    0.02                           _0240_ (net)
                  0.13    0.00    2.11 v _0647_/C (sky130_fd_sc_hd__or4_2)
                  0.16    0.75    2.86 v _0647_/X (sky130_fd_sc_hd__or4_2)
     6    0.02                           _0242_ (net)
                  0.16    0.00    2.86 v _0677_/C (sky130_fd_sc_hd__or3_2)
                  0.10    0.49    3.36 v _0677_/X (sky130_fd_sc_hd__or3_2)
     3    0.01                           _0265_ (net)
                  0.10    0.00    3.36 v _0793_/A2 (sky130_fd_sc_hd__a311oi_2)
                  1.02    0.92    4.27 ^ _0793_/Y (sky130_fd_sc_hd__a311oi_2)
    16    0.05                           _0348_ (net)
                  1.02    0.00    4.27 ^ _0846_/S (sky130_fd_sc_hd__mux2_2)
                  0.05    0.43    4.71 v _0846_/X (sky130_fd_sc_hd__mux2_2)
     1    0.00                           _0390_ (net)
                  0.05    0.00    4.71 v _0847_/A (sky130_fd_sc_hd__buf_1)
                  0.02    0.09    4.79 v _0847_/X (sky130_fd_sc_hd__buf_1)
     1    0.00                           _0054_ (net)
                  0.02    0.00    4.79 v _1076_/D (sky130_fd_sc_hd__dfrtp_2)
                                  4.79   data arrival time

                  0.15   10.00   10.00   clock clk (rise edge)
                          0.00   10.00   clock network delay (ideal)
                         -0.25    9.75   clock uncertainty
                          0.00    9.75   clock reconvergence pessimism
                                  9.75 ^ _1076_/CLK (sky130_fd_sc_hd__dfrtp_2)
                         -0.08    9.67   library setup time
                                  9.67   data required time
-----------------------------------------------------------------------------
                                  9.67   data required time
                                 -4.79   data arrival time
-----------------------------------------------------------------------------
                                  4.88   slack (MET)


Startpoint: _1066_ (rising edge-triggered flip-flop clocked by clk)
Endpoint: _1077_ (rising edge-triggered flip-flop clocked by clk)
Path Group: clk
Path Type: max

Fanout     Cap    Slew   Delay    Time   Description
-----------------------------------------------------------------------------
                  0.15    0.00    0.00   clock clk (rise edge)
                          0.00    0.00   clock network delay (ideal)
                  0.15    0.00    0.00 ^ _1066_/CLK (sky130_fd_sc_hd__dfrtp_2)
                  0.07    0.48    0.48 v _1066_/Q (sky130_fd_sc_hd__dfrtp_2)
     6    0.01                           wifi_timeout[1] (net)
                  0.07    0.00    0.48 v _0642_/A (sky130_fd_sc_hd__or4_2)
                  0.15    0.77    1.25 v _0642_/X (sky130_fd_sc_hd__or4_2)
     6    0.01                           _0237_ (net)
                  0.15    0.00    1.25 v _0644_/C (sky130_fd_sc_hd__or4_2)
                  0.09    0.65    1.90 v _0644_/X (sky130_fd_sc_hd__or4_2)
     1    0.00                           _0239_ (net)
                  0.09    0.00    1.90 v _0645_/A (sky130_fd_sc_hd__buf_1)
                  0.13    0.20    2.11 v _0645_/X (sky130_fd_sc_hd__buf_1)
     9    0.02                           _0240_ (net)
                  0.13    0.00    2.11 v _0647_/C (sky130_fd_sc_hd__or4_2)
                  0.16    0.75    2.86 v _0647_/X (sky130_fd_sc_hd__or4_2)
     6    0.02                           _0242_ (net)
                  0.16    0.00    2.86 v _0677_/C (sky130_fd_sc_hd__or3_2)
                  0.10    0.49    3.36 v _0677_/X (sky130_fd_sc_hd__or3_2)
     3    0.01                           _0265_ (net)
                  0.10    0.00    3.36 v _0793_/A2 (sky130_fd_sc_hd__a311oi_2)
                  1.02    0.92    4.27 ^ _0793_/Y (sky130_fd_sc_hd__a311oi_2)
    16    0.05                           _0348_ (net)
                  1.02    0.00    4.27 ^ _0851_/S (sky130_fd_sc_hd__mux2_2)
                  0.05    0.43    4.71 v _0851_/X (sky130_fd_sc_hd__mux2_2)
     1    0.00                           _0394_ (net)
                  0.05    0.00    4.71 v _0852_/A (sky130_fd_sc_hd__buf_1)
                  0.02    0.09    4.79 v _0852_/X (sky130_fd_sc_hd__buf_1)
     1    0.00                           _0055_ (net)
                  0.02    0.00    4.79 v _1077_/D (sky130_fd_sc_hd__dfrtp_2)
                                  4.79   data arrival time

                  0.15   10.00   10.00   clock clk (rise edge)
                          0.00   10.00   clock network delay (ideal)
                         -0.25    9.75   clock uncertainty
                          0.00    9.75   clock reconvergence pessimism
                                  9.75 ^ _1077_/CLK (sky130_fd_sc_hd__dfrtp_2)
                         -0.08    9.67   library setup time
                                  9.67   data required time
-----------------------------------------------------------------------------
                                  9.67   data required time
                                 -4.79   data arrival time
-----------------------------------------------------------------------------
                                  4.88   slack (MET)


Startpoint: _1066_ (rising edge-triggered flip-flop clocked by clk)
Endpoint: _1078_ (rising edge-triggered flip-flop clocked by clk)
Path Group: clk
Path Type: max

Fanout     Cap    Slew   Delay    Time   Description
-----------------------------------------------------------------------------
                  0.15    0.00    0.00   clock clk (rise edge)
                          0.00    0.00   clock network delay (ideal)
                  0.15    0.00    0.00 ^ _1066_/CLK (sky130_fd_sc_hd__dfrtp_2)
                  0.07    0.48    0.48 v _1066_/Q (sky130_fd_sc_hd__dfrtp_2)
     6    0.01                           wifi_timeout[1] (net)
                  0.07    0.00    0.48 v _0642_/A (sky130_fd_sc_hd__or4_2)
                  0.15    0.77    1.25 v _0642_/X (sky130_fd_sc_hd__or4_2)
     6    0.01                           _0237_ (net)
                  0.15    0.00    1.25 v _0644_/C (sky130_fd_sc_hd__or4_2)
                  0.09    0.65    1.90 v _0644_/X (sky130_fd_sc_hd__or4_2)
     1    0.00                           _0239_ (net)
                  0.09    0.00    1.90 v _0645_/A (sky130_fd_sc_hd__buf_1)
                  0.13    0.20    2.11 v _0645_/X (sky130_fd_sc_hd__buf_1)
     9    0.02                           _0240_ (net)
                  0.13    0.00    2.11 v _0647_/C (sky130_fd_sc_hd__or4_2)
                  0.16    0.75    2.86 v _0647_/X (sky130_fd_sc_hd__or4_2)
     6    0.02                           _0242_ (net)
                  0.16    0.00    2.86 v _0677_/C (sky130_fd_sc_hd__or3_2)
                  0.10    0.49    3.36 v _0677_/X (sky130_fd_sc_hd__or3_2)
     3    0.01                           _0265_ (net)
                  0.10    0.00    3.36 v _0793_/A2 (sky130_fd_sc_hd__a311oi_2)
                  1.02    0.92    4.27 ^ _0793_/Y (sky130_fd_sc_hd__a311oi_2)
    16    0.05                           _0348_ (net)
                  1.02    0.00    4.27 ^ _0855_/S (sky130_fd_sc_hd__mux2_2)
                  0.05    0.43    4.71 v _0855_/X (sky130_fd_sc_hd__mux2_2)
     1    0.00                           _0397_ (net)
                  0.05    0.00    4.71 v _0856_/A (sky130_fd_sc_hd__buf_1)
                  0.02    0.09    4.79 v _0856_/X (sky130_fd_sc_hd__buf_1)
     1    0.00                           _0056_ (net)
                  0.02    0.00    4.79 v _1078_/D (sky130_fd_sc_hd__dfrtp_2)
                                  4.79   data arrival time

                  0.15   10.00   10.00   clock clk (rise edge)
                          0.00   10.00   clock network delay (ideal)
                         -0.25    9.75   clock uncertainty
                          0.00    9.75   clock reconvergence pessimism
                                  9.75 ^ _1078_/CLK (sky130_fd_sc_hd__dfrtp_2)
                         -0.08    9.67   library setup time
                                  9.67   data required time
-----------------------------------------------------------------------------
                                  9.67   data required time
                                 -4.79   data arrival time
-----------------------------------------------------------------------------
                                  4.88   slack (MET)


Startpoint: _1066_ (rising edge-triggered flip-flop clocked by clk)
Endpoint: _1079_ (rising edge-triggered flip-flop clocked by clk)
Path Group: clk
Path Type: max

Fanout     Cap    Slew   Delay    Time   Description
-----------------------------------------------------------------------------
                  0.15    0.00    0.00   clock clk (rise edge)
                          0.00    0.00   clock network delay (ideal)
                  0.15    0.00    0.00 ^ _1066_/CLK (sky130_fd_sc_hd__dfrtp_2)
                  0.07    0.48    0.48 v _1066_/Q (sky130_fd_sc_hd__dfrtp_2)
     6    0.01                           wifi_timeout[1] (net)
                  0.07    0.00    0.48 v _0642_/A (sky130_fd_sc_hd__or4_2)
                  0.15    0.77    1.25 v _0642_/X (sky130_fd_sc_hd__or4_2)
     6    0.01                           _0237_ (net)
                  0.15    0.00    1.25 v _0644_/C (sky130_fd_sc_hd__or4_2)
                  0.09    0.65    1.90 v _0644_/X (sky130_fd_sc_hd__or4_2)
     1    0.00                           _0239_ (net)
                  0.09    0.00    1.90 v _0645_/A (sky130_fd_sc_hd__buf_1)
                  0.13    0.20    2.11 v _0645_/X (sky130_fd_sc_hd__buf_1)
     9    0.02                           _0240_ (net)
                  0.13    0.00    2.11 v _0647_/C (sky130_fd_sc_hd__or4_2)
                  0.16    0.75    2.86 v _0647_/X (sky130_fd_sc_hd__or4_2)
     6    0.02                           _0242_ (net)
                  0.16    0.00    2.86 v _0677_/C (sky130_fd_sc_hd__or3_2)
                  0.10    0.49    3.36 v _0677_/X (sky130_fd_sc_hd__or3_2)
     3    0.01                           _0265_ (net)
                  0.10    0.00    3.36 v _0793_/A2 (sky130_fd_sc_hd__a311oi_2)
                  1.02    0.92    4.27 ^ _0793_/Y (sky130_fd_sc_hd__a311oi_2)
    16    0.05                           _0348_ (net)
                  1.02    0.00    4.27 ^ _0859_/S (sky130_fd_sc_hd__mux2_2)
                  0.05    0.43    4.71 v _0859_/X (sky130_fd_sc_hd__mux2_2)
     1    0.00                           _0400_ (net)
                  0.05    0.00    4.71 v _0860_/A (sky130_fd_sc_hd__buf_1)
                  0.02    0.09    4.79 v _0860_/X (sky130_fd_sc_hd__buf_1)
     1    0.00                           _0057_ (net)
                  0.02    0.00    4.79 v _1079_/D (sky130_fd_sc_hd__dfrtp_2)
                                  4.79   data arrival time

                  0.15   10.00   10.00   clock clk (rise edge)
                          0.00   10.00   clock network delay (ideal)
                         -0.25    9.75   clock uncertainty
                          0.00    9.75   clock reconvergence pessimism
                                  9.75 ^ _1079_/CLK (sky130_fd_sc_hd__dfrtp_2)
                         -0.08    9.67   library setup time
                                  9.67   data required time
-----------------------------------------------------------------------------
                                  9.67   data required time
                                 -4.79   data arrival time
-----------------------------------------------------------------------------
                                  4.88   slack (MET)


Startpoint: _1066_ (rising edge-triggered flip-flop clocked by clk)
Endpoint: _1080_ (rising edge-triggered flip-flop clocked by clk)
Path Group: clk
Path Type: max

Fanout     Cap    Slew   Delay    Time   Description
-----------------------------------------------------------------------------
                  0.15    0.00    0.00   clock clk (rise edge)
                          0.00    0.00   clock network delay (ideal)
                  0.15    0.00    0.00 ^ _1066_/CLK (sky130_fd_sc_hd__dfrtp_2)
                  0.07    0.48    0.48 v _1066_/Q (sky130_fd_sc_hd__dfrtp_2)
     6    0.01                           wifi_timeout[1] (net)
                  0.07    0.00    0.48 v _0642_/A (sky130_fd_sc_hd__or4_2)
                  0.15    0.77    1.25 v _0642_/X (sky130_fd_sc_hd__or4_2)
     6    0.01                           _0237_ (net)
                  0.15    0.00    1.25 v _0644_/C (sky130_fd_sc_hd__or4_2)
                  0.09    0.65    1.90 v _0644_/X (sky130_fd_sc_hd__or4_2)
     1    0.00                           _0239_ (net)
                  0.09    0.00    1.90 v _0645_/A (sky130_fd_sc_hd__buf_1)
                  0.13    0.20    2.11 v _0645_/X (sky130_fd_sc_hd__buf_1)
     9    0.02                           _0240_ (net)
                  0.13    0.00    2.11 v _0647_/C (sky130_fd_sc_hd__or4_2)
                  0.16    0.75    2.86 v _0647_/X (sky130_fd_sc_hd__or4_2)
     6    0.02                           _0242_ (net)
                  0.16    0.00    2.86 v _0677_/C (sky130_fd_sc_hd__or3_2)
                  0.10    0.49    3.36 v _0677_/X (sky130_fd_sc_hd__or3_2)
     3    0.01                           _0265_ (net)
                  0.10    0.00    3.36 v _0793_/A2 (sky130_fd_sc_hd__a311oi_2)
                  1.02    0.92    4.27 ^ _0793_/Y (sky130_fd_sc_hd__a311oi_2)
    16    0.05                           _0348_ (net)
                  1.02    0.00    4.27 ^ _0863_/S (sky130_fd_sc_hd__mux2_2)
                  0.05    0.43    4.71 v _0863_/X (sky130_fd_sc_hd__mux2_2)
     1    0.00                           _0403_ (net)
                  0.05    0.00    4.71 v _0864_/A (sky130_fd_sc_hd__buf_1)
                  0.02    0.09    4.79 v _0864_/X (sky130_fd_sc_hd__buf_1)
     1    0.00                           _0058_ (net)
                  0.02    0.00    4.79 v _1080_/D (sky130_fd_sc_hd__dfrtp_2)
                                  4.79   data arrival time

                  0.15   10.00   10.00   clock clk (rise edge)
                          0.00   10.00   clock network delay (ideal)
                         -0.25    9.75   clock uncertainty
                          0.00    9.75   clock reconvergence pessimism
                                  9.75 ^ _1080_/CLK (sky130_fd_sc_hd__dfrtp_2)
                         -0.08    9.67   library setup time
                                  9.67   data required time
-----------------------------------------------------------------------------
                                  9.67   data required time
                                 -4.79   data arrival time
-----------------------------------------------------------------------------
                                  4.88   slack (MET)


Startpoint: _1066_ (rising edge-triggered flip-flop clocked by clk)
Endpoint: _1065_ (rising edge-triggered flip-flop clocked by clk)
Path Group: clk
Path Type: max

Fanout     Cap    Slew   Delay    Time   Description
-----------------------------------------------------------------------------
                  0.15    0.00    0.00   clock clk (rise edge)
                          0.00    0.00   clock network delay (ideal)
                  0.15    0.00    0.00 ^ _1066_/CLK (sky130_fd_sc_hd__dfrtp_2)
                  0.07    0.48    0.48 v _1066_/Q (sky130_fd_sc_hd__dfrtp_2)
     6    0.01                           wifi_timeout[1] (net)
                  0.07    0.00    0.48 v _0642_/A (sky130_fd_sc_hd__or4_2)
                  0.15    0.77    1.25 v _0642_/X (sky130_fd_sc_hd__or4_2)
     6    0.01                           _0237_ (net)
                  0.15    0.00    1.25 v _0644_/C (sky130_fd_sc_hd__or4_2)
                  0.09    0.65    1.90 v _0644_/X (sky130_fd_sc_hd__or4_2)
     1    0.00                           _0239_ (net)
                  0.09    0.00    1.90 v _0645_/A (sky130_fd_sc_hd__buf_1)
                  0.13    0.20    2.11 v _0645_/X (sky130_fd_sc_hd__buf_1)
     9    0.02                           _0240_ (net)
                  0.13    0.00    2.11 v _0647_/C (sky130_fd_sc_hd__or4_2)
                  0.16    0.75    2.86 v _0647_/X (sky130_fd_sc_hd__or4_2)
     6    0.02                           _0242_ (net)
                  0.16    0.00    2.86 v _0677_/C (sky130_fd_sc_hd__or3_2)
                  0.10    0.49    3.36 v _0677_/X (sky130_fd_sc_hd__or3_2)
     3    0.01                           _0265_ (net)
                  0.10    0.00    3.36 v _0793_/A2 (sky130_fd_sc_hd__a311oi_2)
                  1.02    0.92    4.27 ^ _0793_/Y (sky130_fd_sc_hd__a311oi_2)
    16    0.05                           _0348_ (net)
                  1.02    0.00    4.27 ^ _0795_/A2 (sky130_fd_sc_hd__o21bai_2)
                  0.11    0.06    4.34 v _0795_/Y (sky130_fd_sc_hd__o21bai_2)
     1    0.00                           _0043_ (net)
                  0.11    0.00    4.34 v _1065_/D (sky130_fd_sc_hd__dfrtp_2)
                                  4.34   data arrival time

                  0.15   10.00   10.00   clock clk (rise edge)
                          0.00   10.00   clock network delay (ideal)
                         -0.25    9.75   clock uncertainty
                          0.00    9.75   clock reconvergence pessimism
                                  9.75 ^ _1065_/CLK (sky130_fd_sc_hd__dfrtp_2)
                         -0.12    9.63   library setup time
                                  9.63   data required time
-----------------------------------------------------------------------------
                                  9.63   data required time
                                 -4.34   data arrival time
-----------------------------------------------------------------------------
                                  5.29   slack (MET)


Startpoint: rst_n (input port clocked by clk)
Endpoint: _1039_ (recovery check against rising-edge clock clk)
Path Group: asynchronous
Path Type: max

Fanout     Cap    Slew   Delay    Time   Description
-----------------------------------------------------------------------------
                  0.15    0.00    0.00   clock clk (rise edge)
                          0.00    0.00   clock network delay (ideal)
                          2.00    2.00 ^ input external delay
                  2.33    1.67    3.67 ^ rst_n (in)
   144    0.52                           rst_n (net)
                  2.33    0.00    3.67 ^ _1039_/RESET_B (sky130_fd_sc_hd__dfrtp_2)
                                  3.67   data arrival time

                  0.15   10.00   10.00   clock clk (rise edge)
                          0.00   10.00   clock network delay (ideal)
                         -0.25    9.75   clock uncertainty
                          0.00    9.75   clock reconvergence pessimism
                                  9.75 ^ _1039_/CLK (sky130_fd_sc_hd__dfrtp_2)
                         -0.50    9.25   library recovery time
                                  9.25   data required time
-----------------------------------------------------------------------------
                                  9.25   data required time
                                 -3.67   data arrival time
-----------------------------------------------------------------------------
                                  5.58   slack (MET)


Startpoint: rst_n (input port clocked by clk)
Endpoint: _1040_ (recovery check against rising-edge clock clk)
Path Group: asynchronous
Path Type: max

Fanout     Cap    Slew   Delay    Time   Description
-----------------------------------------------------------------------------
                  0.15    0.00    0.00   clock clk (rise edge)
                          0.00    0.00   clock network delay (ideal)
                          2.00    2.00 ^ input external delay
                  2.33    1.67    3.67 ^ rst_n (in)
   144    0.52                           rst_n (net)
                  2.33    0.00    3.67 ^ _1040_/RESET_B (sky130_fd_sc_hd__dfrtp_2)
                                  3.67   data arrival time

                  0.15   10.00   10.00   clock clk (rise edge)
                          0.00   10.00   clock network delay (ideal)
                         -0.25    9.75   clock uncertainty
                          0.00    9.75   clock reconvergence pessimism
                                  9.75 ^ _1040_/CLK (sky130_fd_sc_hd__dfrtp_2)
                         -0.50    9.25   library recovery time
                                  9.25   data required time
-----------------------------------------------------------------------------
                                  9.25   data required time
                                 -3.67   data arrival time
-----------------------------------------------------------------------------
                                  5.58   slack (MET)


Startpoint: rst_n (input port clocked by clk)
Endpoint: _1041_ (recovery check against rising-edge clock clk)
Path Group: asynchronous
Path Type: max

Fanout     Cap    Slew   Delay    Time   Description
-----------------------------------------------------------------------------
                  0.15    0.00    0.00   clock clk (rise edge)
                          0.00    0.00   clock network delay (ideal)
                          2.00    2.00 ^ input external delay
                  2.33    1.67    3.67 ^ rst_n (in)
   144    0.52                           rst_n (net)
                  2.33    0.00    3.67 ^ _1041_/RESET_B (sky130_fd_sc_hd__dfrtp_2)
                                  3.67   data arrival time

                  0.15   10.00   10.00   clock clk (rise edge)
                          0.00   10.00   clock network delay (ideal)
                         -0.25    9.75   clock uncertainty
                          0.00    9.75   clock reconvergence pessimism
                                  9.75 ^ _1041_/CLK (sky130_fd_sc_hd__dfrtp_2)
                         -0.50    9.25   library recovery time
                                  9.25   data required time
-----------------------------------------------------------------------------
                                  9.25   data required time
                                 -3.67   data arrival time
-----------------------------------------------------------------------------
                                  5.58   slack (MET)


Startpoint: rst_n (input port clocked by clk)
Endpoint: _1042_ (recovery check against rising-edge clock clk)
Path Group: asynchronous
Path Type: max

Fanout     Cap    Slew   Delay    Time   Description
-----------------------------------------------------------------------------
                  0.15    0.00    0.00   clock clk (rise edge)
                          0.00    0.00   clock network delay (ideal)
                          2.00    2.00 ^ input external delay
                  2.33    1.67    3.67 ^ rst_n (in)
   144    0.52                           rst_n (net)
                  2.33    0.00    3.67 ^ _1042_/RESET_B (sky130_fd_sc_hd__dfrtp_2)
                                  3.67   data arrival time

                  0.15   10.00   10.00   clock clk (rise edge)
                          0.00   10.00   clock network delay (ideal)
                         -0.25    9.75   clock uncertainty
                          0.00    9.75   clock reconvergence pessimism
                                  9.75 ^ _1042_/CLK (sky130_fd_sc_hd__dfrtp_2)
                         -0.50    9.25   library recovery time
                                  9.25   data required time
-----------------------------------------------------------------------------
                                  9.25   data required time
                                 -3.67   data arrival time
-----------------------------------------------------------------------------
                                  5.58   slack (MET)


Startpoint: rst_n (input port clocked by clk)
Endpoint: _1043_ (recovery check against rising-edge clock clk)
Path Group: asynchronous
Path Type: max

Fanout     Cap    Slew   Delay    Time   Description
-----------------------------------------------------------------------------
                  0.15    0.00    0.00   clock clk (rise edge)
                          0.00    0.00   clock network delay (ideal)
                          2.00    2.00 ^ input external delay
                  2.33    1.67    3.67 ^ rst_n (in)
   144    0.52                           rst_n (net)
                  2.33    0.00    3.67 ^ _1043_/RESET_B (sky130_fd_sc_hd__dfrtp_2)
                                  3.67   data arrival time

                  0.15   10.00   10.00   clock clk (rise edge)
                          0.00   10.00   clock network delay (ideal)
                         -0.25    9.75   clock uncertainty
                          0.00    9.75   clock reconvergence pessimism
                                  9.75 ^ _1043_/CLK (sky130_fd_sc_hd__dfrtp_2)
                         -0.50    9.25   library recovery time
                                  9.25   data required time
-----------------------------------------------------------------------------
                                  9.25   data required time
                                 -3.67   data arrival time
-----------------------------------------------------------------------------
                                  5.58   slack (MET)


Startpoint: rst_n (input port clocked by clk)
Endpoint: _1044_ (recovery check against rising-edge clock clk)
Path Group: asynchronous
Path Type: max

Fanout     Cap    Slew   Delay    Time   Description
-----------------------------------------------------------------------------
                  0.15    0.00    0.00   clock clk (rise edge)
                          0.00    0.00   clock network delay (ideal)
                          2.00    2.00 ^ input external delay
                  2.33    1.67    3.67 ^ rst_n (in)
   144    0.52                           rst_n (net)
                  2.33    0.00    3.67 ^ _1044_/RESET_B (sky130_fd_sc_hd__dfrtp_2)
                                  3.67   data arrival time

                  0.15   10.00   10.00   clock clk (rise edge)
                          0.00   10.00   clock network delay (ideal)
                         -0.25    9.75   clock uncertainty
                          0.00    9.75   clock reconvergence pessimism
                                  9.75 ^ _1044_/CLK (sky130_fd_sc_hd__dfrtp_2)
                         -0.50    9.25   library recovery time
                                  9.25   data required time
-----------------------------------------------------------------------------
                                  9.25   data required time
                                 -3.67   data arrival time
-----------------------------------------------------------------------------
                                  5.58   slack (MET)


Startpoint: rst_n (input port clocked by clk)
Endpoint: _1045_ (recovery check against rising-edge clock clk)
Path Group: asynchronous
Path Type: max

Fanout     Cap    Slew   Delay    Time   Description
-----------------------------------------------------------------------------
                  0.15    0.00    0.00   clock clk (rise edge)
                          0.00    0.00   clock network delay (ideal)
                          2.00    2.00 ^ input external delay
                  2.33    1.67    3.67 ^ rst_n (in)
   144    0.52                           rst_n (net)
                  2.33    0.00    3.67 ^ _1045_/RESET_B (sky130_fd_sc_hd__dfrtp_2)
                                  3.67   data arrival time

                  0.15   10.00   10.00   clock clk (rise edge)
                          0.00   10.00   clock network delay (ideal)
                         -0.25    9.75   clock uncertainty
                          0.00    9.75   clock reconvergence pessimism
                                  9.75 ^ _1045_/CLK (sky130_fd_sc_hd__dfrtp_2)
                         -0.50    9.25   library recovery time
                                  9.25   data required time
-----------------------------------------------------------------------------
                                  9.25   data required time
                                 -3.67   data arrival time
-----------------------------------------------------------------------------
                                  5.58   slack (MET)


Startpoint: rst_n (input port clocked by clk)
Endpoint: _1046_ (recovery check against rising-edge clock clk)
Path Group: asynchronous
Path Type: max

Fanout     Cap    Slew   Delay    Time   Description
-----------------------------------------------------------------------------
                  0.15    0.00    0.00   clock clk (rise edge)
                          0.00    0.00   clock network delay (ideal)
                          2.00    2.00 ^ input external delay
                  2.33    1.67    3.67 ^ rst_n (in)
   144    0.52                           rst_n (net)
                  2.33    0.00    3.67 ^ _1046_/RESET_B (sky130_fd_sc_hd__dfrtp_2)
                                  3.67   data arrival time

                  0.15   10.00   10.00   clock clk (rise edge)
                          0.00   10.00   clock network delay (ideal)
                         -0.25    9.75   clock uncertainty
                          0.00    9.75   clock reconvergence pessimism
                                  9.75 ^ _1046_/CLK (sky130_fd_sc_hd__dfrtp_2)
                         -0.50    9.25   library recovery time
                                  9.25   data required time
-----------------------------------------------------------------------------
                                  9.25   data required time
                                 -3.67   data arrival time
-----------------------------------------------------------------------------
                                  5.58   slack (MET)


Startpoint: rst_n (input port clocked by clk)
Endpoint: _1047_ (recovery check against rising-edge clock clk)
Path Group: asynchronous
Path Type: max

Fanout     Cap    Slew   Delay    Time   Description
-----------------------------------------------------------------------------
                  0.15    0.00    0.00   clock clk (rise edge)
                          0.00    0.00   clock network delay (ideal)
                          2.00    2.00 ^ input external delay
                  2.33    1.67    3.67 ^ rst_n (in)
   144    0.52                           rst_n (net)
                  2.33    0.00    3.67 ^ _1047_/RESET_B (sky130_fd_sc_hd__dfrtp_2)
                                  3.67   data arrival time

                  0.15   10.00   10.00   clock clk (rise edge)
                          0.00   10.00   clock network delay (ideal)
                         -0.25    9.75   clock uncertainty
                          0.00    9.75   clock reconvergence pessimism
                                  9.75 ^ _1047_/CLK (sky130_fd_sc_hd__dfrtp_2)
                         -0.50    9.25   library recovery time
                                  9.25   data required time
-----------------------------------------------------------------------------
                                  9.25   data required time
                                 -3.67   data arrival time
-----------------------------------------------------------------------------
                                  5.58   slack (MET)


Startpoint: rst_n (input port clocked by clk)
Endpoint: _1048_ (recovery check against rising-edge clock clk)
Path Group: asynchronous
Path Type: max

Fanout     Cap    Slew   Delay    Time   Description
-----------------------------------------------------------------------------
                  0.15    0.00    0.00   clock clk (rise edge)
                          0.00    0.00   clock network delay (ideal)
                          2.00    2.00 ^ input external delay
                  2.33    1.67    3.67 ^ rst_n (in)
   144    0.52                           rst_n (net)
                  2.33    0.00    3.67 ^ _1048_/RESET_B (sky130_fd_sc_hd__dfrtp_2)
                                  3.67   data arrival time

                  0.15   10.00   10.00   clock clk (rise edge)
                          0.00   10.00   clock network delay (ideal)
                         -0.25    9.75   clock uncertainty
                          0.00    9.75   clock reconvergence pessimism
                                  9.75 ^ _1048_/CLK (sky130_fd_sc_hd__dfrtp_2)
                         -0.50    9.25   library recovery time
                                  9.25   data required time
-----------------------------------------------------------------------------
                                  9.25   data required time
                                 -3.67   data arrival time
-----------------------------------------------------------------------------
                                  5.58   slack (MET)


Startpoint: rst_n (input port clocked by clk)
Endpoint: _1049_ (recovery check against rising-edge clock clk)
Path Group: asynchronous
Path Type: max

Fanout     Cap    Slew   Delay    Time   Description
-----------------------------------------------------------------------------
                  0.15    0.00    0.00   clock clk (rise edge)
                          0.00    0.00   clock network delay (ideal)
                          2.00    2.00 ^ input external delay
                  2.33    1.67    3.67 ^ rst_n (in)
   144    0.52                           rst_n (net)
                  2.33    0.00    3.67 ^ _1049_/RESET_B (sky130_fd_sc_hd__dfrtp_2)
                                  3.67   data arrival time

                  0.15   10.00   10.00   clock clk (rise edge)
                          0.00   10.00   clock network delay (ideal)
                         -0.25    9.75   clock uncertainty
                          0.00    9.75   clock reconvergence pessimism
                                  9.75 ^ _1049_/CLK (sky130_fd_sc_hd__dfrtp_2)
                         -0.50    9.25   library recovery time
                                  9.25   data required time
-----------------------------------------------------------------------------
                                  9.25   data required time
                                 -3.67   data arrival time
-----------------------------------------------------------------------------
                                  5.58   slack (MET)


Startpoint: rst_n (input port clocked by clk)
Endpoint: _1050_ (recovery check against rising-edge clock clk)
Path Group: asynchronous
Path Type: max

Fanout     Cap    Slew   Delay    Time   Description
-----------------------------------------------------------------------------
                  0.15    0.00    0.00   clock clk (rise edge)
                          0.00    0.00   clock network delay (ideal)
                          2.00    2.00 ^ input external delay
                  2.33    1.67    3.67 ^ rst_n (in)
   144    0.52                           rst_n (net)
                  2.33    0.00    3.67 ^ _1050_/RESET_B (sky130_fd_sc_hd__dfrtp_2)
                                  3.67   data arrival time

                  0.15   10.00   10.00   clock clk (rise edge)
                          0.00   10.00   clock network delay (ideal)
                         -0.25    9.75   clock uncertainty
                          0.00    9.75   clock reconvergence pessimism
                                  9.75 ^ _1050_/CLK (sky130_fd_sc_hd__dfrtp_2)
                         -0.50    9.25   library recovery time
                                  9.25   data required time
-----------------------------------------------------------------------------
                                  9.25   data required time
                                 -3.67   data arrival time
-----------------------------------------------------------------------------
                                  5.58   slack (MET)


Startpoint: rst_n (input port clocked by clk)
Endpoint: _1051_ (recovery check against rising-edge clock clk)
Path Group: asynchronous
Path Type: max

Fanout     Cap    Slew   Delay    Time   Description
-----------------------------------------------------------------------------
                  0.15    0.00    0.00   clock clk (rise edge)
                          0.00    0.00   clock network delay (ideal)
                          2.00    2.00 ^ input external delay
                  2.33    1.67    3.67 ^ rst_n (in)
   144    0.52                           rst_n (net)
                  2.33    0.00    3.67 ^ _1051_/RESET_B (sky130_fd_sc_hd__dfrtp_2)
                                  3.67   data arrival time

                  0.15   10.00   10.00   clock clk (rise edge)
                          0.00   10.00   clock network delay (ideal)
                         -0.25    9.75   clock uncertainty
                          0.00    9.75   clock reconvergence pessimism
                                  9.75 ^ _1051_/CLK (sky130_fd_sc_hd__dfrtp_2)
                         -0.50    9.25   library recovery time
                                  9.25   data required time
-----------------------------------------------------------------------------
                                  9.25   data required time
                                 -3.67   data arrival time
-----------------------------------------------------------------------------
                                  5.58   slack (MET)


Startpoint: rst_n (input port clocked by clk)
Endpoint: _1052_ (recovery check against rising-edge clock clk)
Path Group: asynchronous
Path Type: max

Fanout     Cap    Slew   Delay    Time   Description
-----------------------------------------------------------------------------
                  0.15    0.00    0.00   clock clk (rise edge)
                          0.00    0.00   clock network delay (ideal)
                          2.00    2.00 ^ input external delay
                  2.33    1.67    3.67 ^ rst_n (in)
   144    0.52                           rst_n (net)
                  2.33    0.00    3.67 ^ _1052_/RESET_B (sky130_fd_sc_hd__dfrtp_2)
                                  3.67   data arrival time

                  0.15   10.00   10.00   clock clk (rise edge)
                          0.00   10.00   clock network delay (ideal)
                         -0.25    9.75   clock uncertainty
                          0.00    9.75   clock reconvergence pessimism
                                  9.75 ^ _1052_/CLK (sky130_fd_sc_hd__dfrtp_2)
                         -0.50    9.25   library recovery time
                                  9.25   data required time
-----------------------------------------------------------------------------
                                  9.25   data required time
                                 -3.67   data arrival time
-----------------------------------------------------------------------------
                                  5.58   slack (MET)


Startpoint: rst_n (input port clocked by clk)
Endpoint: _1053_ (recovery check against rising-edge clock clk)
Path Group: asynchronous
Path Type: max

Fanout     Cap    Slew   Delay    Time   Description
-----------------------------------------------------------------------------
                  0.15    0.00    0.00   clock clk (rise edge)
                          0.00    0.00   clock network delay (ideal)
                          2.00    2.00 ^ input external delay
                  2.33    1.67    3.67 ^ rst_n (in)
   144    0.52                           rst_n (net)
                  2.33    0.00    3.67 ^ _1053_/RESET_B (sky130_fd_sc_hd__dfrtp_2)
                                  3.67   data arrival time

                  0.15   10.00   10.00   clock clk (rise edge)
                          0.00   10.00   clock network delay (ideal)
                         -0.25    9.75   clock uncertainty
                          0.00    9.75   clock reconvergence pessimism
                                  9.75 ^ _1053_/CLK (sky130_fd_sc_hd__dfrtp_2)
                         -0.50    9.25   library recovery time
                                  9.25   data required time
-----------------------------------------------------------------------------
                                  9.25   data required time
                                 -3.67   data arrival time
-----------------------------------------------------------------------------
                                  5.58   slack (MET)


Startpoint: rst_n (input port clocked by clk)
Endpoint: _1054_ (recovery check against rising-edge clock clk)
Path Group: asynchronous
Path Type: max

Fanout     Cap    Slew   Delay    Time   Description
-----------------------------------------------------------------------------
                  0.15    0.00    0.00   clock clk (rise edge)
                          0.00    0.00   clock network delay (ideal)
                          2.00    2.00 ^ input external delay
                  2.33    1.67    3.67 ^ rst_n (in)
   144    0.52                           rst_n (net)
                  2.33    0.00    3.67 ^ _1054_/RESET_B (sky130_fd_sc_hd__dfrtp_2)
                                  3.67   data arrival time

                  0.15   10.00   10.00   clock clk (rise edge)
                          0.00   10.00   clock network delay (ideal)
                         -0.25    9.75   clock uncertainty
                          0.00    9.75   clock reconvergence pessimism
                                  9.75 ^ _1054_/CLK (sky130_fd_sc_hd__dfrtp_2)
                         -0.50    9.25   library recovery time
                                  9.25   data required time
-----------------------------------------------------------------------------
                                  9.25   data required time
                                 -3.67   data arrival time
-----------------------------------------------------------------------------
                                  5.58   slack (MET)


Startpoint: rst_n (input port clocked by clk)
Endpoint: _1055_ (recovery check against rising-edge clock clk)
Path Group: asynchronous
Path Type: max

Fanout     Cap    Slew   Delay    Time   Description
-----------------------------------------------------------------------------
                  0.15    0.00    0.00   clock clk (rise edge)
                          0.00    0.00   clock network delay (ideal)
                          2.00    2.00 ^ input external delay
                  2.33    1.67    3.67 ^ rst_n (in)
   144    0.52                           rst_n (net)
                  2.33    0.00    3.67 ^ _1055_/RESET_B (sky130_fd_sc_hd__dfrtp_2)
                                  3.67   data arrival time

                  0.15   10.00   10.00   clock clk (rise edge)
                          0.00   10.00   clock network delay (ideal)
                         -0.25    9.75   clock uncertainty
                          0.00    9.75   clock reconvergence pessimism
                                  9.75 ^ _1055_/CLK (sky130_fd_sc_hd__dfrtp_2)
                         -0.50    9.25   library recovery time
                                  9.25   data required time
-----------------------------------------------------------------------------
                                  9.25   data required time
                                 -3.67   data arrival time
-----------------------------------------------------------------------------
                                  5.58   slack (MET)


Startpoint: rst_n (input port clocked by clk)
Endpoint: _1056_ (recovery check against rising-edge clock clk)
Path Group: asynchronous
Path Type: max

Fanout     Cap    Slew   Delay    Time   Description
-----------------------------------------------------------------------------
                  0.15    0.00    0.00   clock clk (rise edge)
                          0.00    0.00   clock network delay (ideal)
                          2.00    2.00 ^ input external delay
                  2.33    1.67    3.67 ^ rst_n (in)
   144    0.52                           rst_n (net)
                  2.33    0.00    3.67 ^ _1056_/RESET_B (sky130_fd_sc_hd__dfrtp_2)
                                  3.67   data arrival time

                  0.15   10.00   10.00   clock clk (rise edge)
                          0.00   10.00   clock network delay (ideal)
                         -0.25    9.75   clock uncertainty
                          0.00    9.75   clock reconvergence pessimism
                                  9.75 ^ _1056_/CLK (sky130_fd_sc_hd__dfrtp_2)
                         -0.50    9.25   library recovery time
                                  9.25   data required time
-----------------------------------------------------------------------------
                                  9.25   data required time
                                 -3.67   data arrival time
-----------------------------------------------------------------------------
                                  5.58   slack (MET)


Startpoint: rst_n (input port clocked by clk)
Endpoint: _1057_ (recovery check against rising-edge clock clk)
Path Group: asynchronous
Path Type: max

Fanout     Cap    Slew   Delay    Time   Description
-----------------------------------------------------------------------------
                  0.15    0.00    0.00   clock clk (rise edge)
                          0.00    0.00   clock network delay (ideal)
                          2.00    2.00 ^ input external delay
                  2.33    1.67    3.67 ^ rst_n (in)
   144    0.52                           rst_n (net)
                  2.33    0.00    3.67 ^ _1057_/RESET_B (sky130_fd_sc_hd__dfrtp_2)
                                  3.67   data arrival time

                  0.15   10.00   10.00   clock clk (rise edge)
                          0.00   10.00   clock network delay (ideal)
                         -0.25    9.75   clock uncertainty
                          0.00    9.75   clock reconvergence pessimism
                                  9.75 ^ _1057_/CLK (sky130_fd_sc_hd__dfrtp_2)
                         -0.50    9.25   library recovery time
                                  9.25   data required time
-----------------------------------------------------------------------------
                                  9.25   data required time
                                 -3.67   data arrival time
-----------------------------------------------------------------------------
                                  5.58   slack (MET)


Startpoint: rst_n (input port clocked by clk)
Endpoint: _1058_ (recovery check against rising-edge clock clk)
Path Group: asynchronous
Path Type: max

Fanout     Cap    Slew   Delay    Time   Description
-----------------------------------------------------------------------------
                  0.15    0.00    0.00   clock clk (rise edge)
                          0.00    0.00   clock network delay (ideal)
                          2.00    2.00 ^ input external delay
                  2.33    1.67    3.67 ^ rst_n (in)
   144    0.52                           rst_n (net)
                  2.33    0.00    3.67 ^ _1058_/RESET_B (sky130_fd_sc_hd__dfrtp_2)
                                  3.67   data arrival time

                  0.15   10.00   10.00   clock clk (rise edge)
                          0.00   10.00   clock network delay (ideal)
                         -0.25    9.75   clock uncertainty
                          0.00    9.75   clock reconvergence pessimism
                                  9.75 ^ _1058_/CLK (sky130_fd_sc_hd__dfrtp_2)
                         -0.50    9.25   library recovery time
                                  9.25   data required time
-----------------------------------------------------------------------------
                                  9.25   data required time
                                 -3.67   data arrival time
-----------------------------------------------------------------------------
                                  5.58   slack (MET)


Startpoint: rst_n (input port clocked by clk)
Endpoint: _1059_ (recovery check against rising-edge clock clk)
Path Group: asynchronous
Path Type: max

Fanout     Cap    Slew   Delay    Time   Description
-----------------------------------------------------------------------------
                  0.15    0.00    0.00   clock clk (rise edge)
                          0.00    0.00   clock network delay (ideal)
                          2.00    2.00 ^ input external delay
                  2.33    1.67    3.67 ^ rst_n (in)
   144    0.52                           rst_n (net)
                  2.33    0.00    3.67 ^ _1059_/RESET_B (sky130_fd_sc_hd__dfrtp_2)
                                  3.67   data arrival time

                  0.15   10.00   10.00   clock clk (rise edge)
                          0.00   10.00   clock network delay (ideal)
                         -0.25    9.75   clock uncertainty
                          0.00    9.75   clock reconvergence pessimism
                                  9.75 ^ _1059_/CLK (sky130_fd_sc_hd__dfrtp_2)
                         -0.50    9.25   library recovery time
                                  9.25   data required time
-----------------------------------------------------------------------------
                                  9.25   data required time
                                 -3.67   data arrival time
-----------------------------------------------------------------------------
                                  5.58   slack (MET)


Startpoint: rst_n (input port clocked by clk)
Endpoint: _1060_ (recovery check against rising-edge clock clk)
Path Group: asynchronous
Path Type: max

Fanout     Cap    Slew   Delay    Time   Description
-----------------------------------------------------------------------------
                  0.15    0.00    0.00   clock clk (rise edge)
                          0.00    0.00   clock network delay (ideal)
                          2.00    2.00 ^ input external delay
                  2.33    1.67    3.67 ^ rst_n (in)
   144    0.52                           rst_n (net)
                  2.33    0.00    3.67 ^ _1060_/RESET_B (sky130_fd_sc_hd__dfrtp_2)
                                  3.67   data arrival time

                  0.15   10.00   10.00   clock clk (rise edge)
                          0.00   10.00   clock network delay (ideal)
                         -0.25    9.75   clock uncertainty
                          0.00    9.75   clock reconvergence pessimism
                                  9.75 ^ _1060_/CLK (sky130_fd_sc_hd__dfrtp_2)
                         -0.50    9.25   library recovery time
                                  9.25   data required time
-----------------------------------------------------------------------------
                                  9.25   data required time
                                 -3.67   data arrival time
-----------------------------------------------------------------------------
                                  5.58   slack (MET)


Startpoint: rst_n (input port clocked by clk)
Endpoint: _1061_ (recovery check against rising-edge clock clk)
Path Group: asynchronous
Path Type: max

Fanout     Cap    Slew   Delay    Time   Description
-----------------------------------------------------------------------------
                  0.15    0.00    0.00   clock clk (rise edge)
                          0.00    0.00   clock network delay (ideal)
                          2.00    2.00 ^ input external delay
                  2.33    1.67    3.67 ^ rst_n (in)
   144    0.52                           rst_n (net)
                  2.33    0.00    3.67 ^ _1061_/RESET_B (sky130_fd_sc_hd__dfrtp_2)
                                  3.67   data arrival time

                  0.15   10.00   10.00   clock clk (rise edge)
                          0.00   10.00   clock network delay (ideal)
                         -0.25    9.75   clock uncertainty
                          0.00    9.75   clock reconvergence pessimism
                                  9.75 ^ _1061_/CLK (sky130_fd_sc_hd__dfrtp_2)
                         -0.50    9.25   library recovery time
                                  9.25   data required time
-----------------------------------------------------------------------------
                                  9.25   data required time
                                 -3.67   data arrival time
-----------------------------------------------------------------------------
                                  5.58   slack (MET)


Startpoint: rst_n (input port clocked by clk)
Endpoint: _1062_ (recovery check against rising-edge clock clk)
Path Group: asynchronous
Path Type: max

Fanout     Cap    Slew   Delay    Time   Description
-----------------------------------------------------------------------------
                  0.15    0.00    0.00   clock clk (rise edge)
                          0.00    0.00   clock network delay (ideal)
                          2.00    2.00 ^ input external delay
                  2.33    1.67    3.67 ^ rst_n (in)
   144    0.52                           rst_n (net)
                  2.33    0.00    3.67 ^ _1062_/RESET_B (sky130_fd_sc_hd__dfrtp_2)
                                  3.67   data arrival time

                  0.15   10.00   10.00   clock clk (rise edge)
                          0.00   10.00   clock network delay (ideal)
                         -0.25    9.75   clock uncertainty
                          0.00    9.75   clock reconvergence pessimism
                                  9.75 ^ _1062_/CLK (sky130_fd_sc_hd__dfrtp_2)
                         -0.50    9.25   library recovery time
                                  9.25   data required time
-----------------------------------------------------------------------------
                                  9.25   data required time
                                 -3.67   data arrival time
-----------------------------------------------------------------------------
                                  5.58   slack (MET)


Startpoint: rst_n (input port clocked by clk)
Endpoint: _1063_ (recovery check against rising-edge clock clk)
Path Group: asynchronous
Path Type: max

Fanout     Cap    Slew   Delay    Time   Description
-----------------------------------------------------------------------------
                  0.15    0.00    0.00   clock clk (rise edge)
                          0.00    0.00   clock network delay (ideal)
                          2.00    2.00 ^ input external delay
                  2.33    1.67    3.67 ^ rst_n (in)
   144    0.52                           rst_n (net)
                  2.33    0.00    3.67 ^ _1063_/RESET_B (sky130_fd_sc_hd__dfrtp_2)
                                  3.67   data arrival time

                  0.15   10.00   10.00   clock clk (rise edge)
                          0.00   10.00   clock network delay (ideal)
                         -0.25    9.75   clock uncertainty
                          0.00    9.75   clock reconvergence pessimism
                                  9.75 ^ _1063_/CLK (sky130_fd_sc_hd__dfrtp_2)
                         -0.50    9.25   library recovery time
                                  9.25   data required time
-----------------------------------------------------------------------------
                                  9.25   data required time
                                 -3.67   data arrival time
-----------------------------------------------------------------------------
                                  5.58   slack (MET)


Startpoint: rst_n (input port clocked by clk)
Endpoint: _1064_ (recovery check against rising-edge clock clk)
Path Group: asynchronous
Path Type: max

Fanout     Cap    Slew   Delay    Time   Description
-----------------------------------------------------------------------------
                  0.15    0.00    0.00   clock clk (rise edge)
                          0.00    0.00   clock network delay (ideal)
                          2.00    2.00 ^ input external delay
                  2.33    1.67    3.67 ^ rst_n (in)
   144    0.52                           rst_n (net)
                  2.33    0.00    3.67 ^ _1064_/RESET_B (sky130_fd_sc_hd__dfrtp_2)
                                  3.67   data arrival time

                  0.15   10.00   10.00   clock clk (rise edge)
                          0.00   10.00   clock network delay (ideal)
                         -0.25    9.75   clock uncertainty
                          0.00    9.75   clock reconvergence pessimism
                                  9.75 ^ _1064_/CLK (sky130_fd_sc_hd__dfrtp_2)
                         -0.50    9.25   library recovery time
                                  9.25   data required time
-----------------------------------------------------------------------------
                                  9.25   data required time
                                 -3.67   data arrival time
-----------------------------------------------------------------------------
                                  5.58   slack (MET)


Startpoint: rst_n (input port clocked by clk)
Endpoint: _1065_ (recovery check against rising-edge clock clk)
Path Group: asynchronous
Path Type: max

Fanout     Cap    Slew   Delay    Time   Description
-----------------------------------------------------------------------------
                  0.15    0.00    0.00   clock clk (rise edge)
                          0.00    0.00   clock network delay (ideal)
                          2.00    2.00 ^ input external delay
                  2.33    1.67    3.67 ^ rst_n (in)
   144    0.52                           rst_n (net)
                  2.33    0.00    3.67 ^ _1065_/RESET_B (sky130_fd_sc_hd__dfrtp_2)
                                  3.67   data arrival time

                  0.15   10.00   10.00   clock clk (rise edge)
                          0.00   10.00   clock network delay (ideal)
                         -0.25    9.75   clock uncertainty
                          0.00    9.75   clock reconvergence pessimism
                                  9.75 ^ _1065_/CLK (sky130_fd_sc_hd__dfrtp_2)
                         -0.50    9.25   library recovery time
                                  9.25   data required time
-----------------------------------------------------------------------------
                                  9.25   data required time
                                 -3.67   data arrival time
-----------------------------------------------------------------------------
                                  5.58   slack (MET)


Startpoint: rst_n (input port clocked by clk)
Endpoint: _1066_ (recovery check against rising-edge clock clk)
Path Group: asynchronous
Path Type: max

Fanout     Cap    Slew   Delay    Time   Description
-----------------------------------------------------------------------------
                  0.15    0.00    0.00   clock clk (rise edge)
                          0.00    0.00   clock network delay (ideal)
                          2.00    2.00 ^ input external delay
                  2.33    1.67    3.67 ^ rst_n (in)
   144    0.52                           rst_n (net)
                  2.33    0.00    3.67 ^ _1066_/RESET_B (sky130_fd_sc_hd__dfrtp_2)
                                  3.67   data arrival time

                  0.15   10.00   10.00   clock clk (rise edge)
                          0.00   10.00   clock network delay (ideal)
                         -0.25    9.75   clock uncertainty
                          0.00    9.75   clock reconvergence pessimism
                                  9.75 ^ _1066_/CLK (sky130_fd_sc_hd__dfrtp_2)
                         -0.50    9.25   library recovery time
                                  9.25   data required time
-----------------------------------------------------------------------------
                                  9.25   data required time
                                 -3.67   data arrival time
-----------------------------------------------------------------------------
                                  5.58   slack (MET)


Startpoint: rst_n (input port clocked by clk)
Endpoint: _1067_ (recovery check against rising-edge clock clk)
Path Group: asynchronous
Path Type: max

Fanout     Cap    Slew   Delay    Time   Description
-----------------------------------------------------------------------------
                  0.15    0.00    0.00   clock clk (rise edge)
                          0.00    0.00   clock network delay (ideal)
                          2.00    2.00 ^ input external delay
                  2.33    1.67    3.67 ^ rst_n (in)
   144    0.52                           rst_n (net)
                  2.33    0.00    3.67 ^ _1067_/RESET_B (sky130_fd_sc_hd__dfrtp_2)
                                  3.67   data arrival time

                  0.15   10.00   10.00   clock clk (rise edge)
                          0.00   10.00   clock network delay (ideal)
                         -0.25    9.75   clock uncertainty
                          0.00    9.75   clock reconvergence pessimism
                                  9.75 ^ _1067_/CLK (sky130_fd_sc_hd__dfrtp_2)
                         -0.50    9.25   library recovery time
                                  9.25   data required time
-----------------------------------------------------------------------------
                                  9.25   data required time
                                 -3.67   data arrival time
-----------------------------------------------------------------------------
                                  5.58   slack (MET)


Startpoint: rst_n (input port clocked by clk)
Endpoint: _1068_ (recovery check against rising-edge clock clk)
Path Group: asynchronous
Path Type: max

Fanout     Cap    Slew   Delay    Time   Description
-----------------------------------------------------------------------------
                  0.15    0.00    0.00   clock clk (rise edge)
                          0.00    0.00   clock network delay (ideal)
                          2.00    2.00 ^ input external delay
                  2.33    1.67    3.67 ^ rst_n (in)
   144    0.52                           rst_n (net)
                  2.33    0.00    3.67 ^ _1068_/RESET_B (sky130_fd_sc_hd__dfrtp_2)
                                  3.67   data arrival time

                  0.15   10.00   10.00   clock clk (rise edge)
                          0.00   10.00   clock network delay (ideal)
                         -0.25    9.75   clock uncertainty
                          0.00    9.75   clock reconvergence pessimism
                                  9.75 ^ _1068_/CLK (sky130_fd_sc_hd__dfrtp_2)
                         -0.50    9.25   library recovery time
                                  9.25   data required time
-----------------------------------------------------------------------------
                                  9.25   data required time
                                 -3.67   data arrival time
-----------------------------------------------------------------------------
                                  5.58   slack (MET)


Startpoint: rst_n (input port clocked by clk)
Endpoint: _1069_ (recovery check against rising-edge clock clk)
Path Group: asynchronous
Path Type: max

Fanout     Cap    Slew   Delay    Time   Description
-----------------------------------------------------------------------------
                  0.15    0.00    0.00   clock clk (rise edge)
                          0.00    0.00   clock network delay (ideal)
                          2.00    2.00 ^ input external delay
                  2.33    1.67    3.67 ^ rst_n (in)
   144    0.52                           rst_n (net)
                  2.33    0.00    3.67 ^ _1069_/RESET_B (sky130_fd_sc_hd__dfrtp_2)
                                  3.67   data arrival time

                  0.15   10.00   10.00   clock clk (rise edge)
                          0.00   10.00   clock network delay (ideal)
                         -0.25    9.75   clock uncertainty
                          0.00    9.75   clock reconvergence pessimism
                                  9.75 ^ _1069_/CLK (sky130_fd_sc_hd__dfrtp_2)
                         -0.50    9.25   library recovery time
                                  9.25   data required time
-----------------------------------------------------------------------------
                                  9.25   data required time
                                 -3.67   data arrival time
-----------------------------------------------------------------------------
                                  5.58   slack (MET)


Startpoint: rst_n (input port clocked by clk)
Endpoint: _1070_ (recovery check against rising-edge clock clk)
Path Group: asynchronous
Path Type: max

Fanout     Cap    Slew   Delay    Time   Description
-----------------------------------------------------------------------------
                  0.15    0.00    0.00   clock clk (rise edge)
                          0.00    0.00   clock network delay (ideal)
                          2.00    2.00 ^ input external delay
                  2.33    1.67    3.67 ^ rst_n (in)
   144    0.52                           rst_n (net)
                  2.33    0.00    3.67 ^ _1070_/RESET_B (sky130_fd_sc_hd__dfrtp_2)
                                  3.67   data arrival time

                  0.15   10.00   10.00   clock clk (rise edge)
                          0.00   10.00   clock network delay (ideal)
                         -0.25    9.75   clock uncertainty
                          0.00    9.75   clock reconvergence pessimism
                                  9.75 ^ _1070_/CLK (sky130_fd_sc_hd__dfrtp_2)
                         -0.50    9.25   library recovery time
                                  9.25   data required time
-----------------------------------------------------------------------------
                                  9.25   data required time
                                 -3.67   data arrival time
-----------------------------------------------------------------------------
                                  5.58   slack (MET)


Startpoint: rst_n (input port clocked by clk)
Endpoint: _1071_ (recovery check against rising-edge clock clk)
Path Group: asynchronous
Path Type: max

Fanout     Cap    Slew   Delay    Time   Description
-----------------------------------------------------------------------------
                  0.15    0.00    0.00   clock clk (rise edge)
                          0.00    0.00   clock network delay (ideal)
                          2.00    2.00 ^ input external delay
                  2.33    1.67    3.67 ^ rst_n (in)
   144    0.52                           rst_n (net)
                  2.33    0.00    3.67 ^ _1071_/RESET_B (sky130_fd_sc_hd__dfrtp_2)
                                  3.67   data arrival time

                  0.15   10.00   10.00   clock clk (rise edge)
                          0.00   10.00   clock network delay (ideal)
                         -0.25    9.75   clock uncertainty
                          0.00    9.75   clock reconvergence pessimism
                                  9.75 ^ _1071_/CLK (sky130_fd_sc_hd__dfrtp_2)
                         -0.50    9.25   library recovery time
                                  9.25   data required time
-----------------------------------------------------------------------------
                                  9.25   data required time
                                 -3.67   data arrival time
-----------------------------------------------------------------------------
                                  5.58   slack (MET)


Startpoint: rst_n (input port clocked by clk)
Endpoint: _1072_ (recovery check against rising-edge clock clk)
Path Group: asynchronous
Path Type: max

Fanout     Cap    Slew   Delay    Time   Description
-----------------------------------------------------------------------------
                  0.15    0.00    0.00   clock clk (rise edge)
                          0.00    0.00   clock network delay (ideal)
                          2.00    2.00 ^ input external delay
                  2.33    1.67    3.67 ^ rst_n (in)
   144    0.52                           rst_n (net)
                  2.33    0.00    3.67 ^ _1072_/RESET_B (sky130_fd_sc_hd__dfrtp_2)
                                  3.67   data arrival time

                  0.15   10.00   10.00   clock clk (rise edge)
                          0.00   10.00   clock network delay (ideal)
                         -0.25    9.75   clock uncertainty
                          0.00    9.75   clock reconvergence pessimism
                                  9.75 ^ _1072_/CLK (sky130_fd_sc_hd__dfrtp_2)
                         -0.50    9.25   library recovery time
                                  9.25   data required time
-----------------------------------------------------------------------------
                                  9.25   data required time
                                 -3.67   data arrival time
-----------------------------------------------------------------------------
                                  5.58   slack (MET)


Startpoint: rst_n (input port clocked by clk)
Endpoint: _1073_ (recovery check against rising-edge clock clk)
Path Group: asynchronous
Path Type: max

Fanout     Cap    Slew   Delay    Time   Description
-----------------------------------------------------------------------------
                  0.15    0.00    0.00   clock clk (rise edge)
                          0.00    0.00   clock network delay (ideal)
                          2.00    2.00 ^ input external delay
                  2.33    1.67    3.67 ^ rst_n (in)
   144    0.52                           rst_n (net)
                  2.33    0.00    3.67 ^ _1073_/RESET_B (sky130_fd_sc_hd__dfrtp_2)
                                  3.67   data arrival time

                  0.15   10.00   10.00   clock clk (rise edge)
                          0.00   10.00   clock network delay (ideal)
                         -0.25    9.75   clock uncertainty
                          0.00    9.75   clock reconvergence pessimism
                                  9.75 ^ _1073_/CLK (sky130_fd_sc_hd__dfrtp_2)
                         -0.50    9.25   library recovery time
                                  9.25   data required time
-----------------------------------------------------------------------------
                                  9.25   data required time
                                 -3.67   data arrival time
-----------------------------------------------------------------------------
                                  5.58   slack (MET)


Startpoint: rst_n (input port clocked by clk)
Endpoint: _1074_ (recovery check against rising-edge clock clk)
Path Group: asynchronous
Path Type: max

Fanout     Cap    Slew   Delay    Time   Description
-----------------------------------------------------------------------------
                  0.15    0.00    0.00   clock clk (rise edge)
                          0.00    0.00   clock network delay (ideal)
                          2.00    2.00 ^ input external delay
                  2.33    1.67    3.67 ^ rst_n (in)
   144    0.52                           rst_n (net)
                  2.33    0.00    3.67 ^ _1074_/RESET_B (sky130_fd_sc_hd__dfrtp_2)
                                  3.67   data arrival time

                  0.15   10.00   10.00   clock clk (rise edge)
                          0.00   10.00   clock network delay (ideal)
                         -0.25    9.75   clock uncertainty
                          0.00    9.75   clock reconvergence pessimism
                                  9.75 ^ _1074_/CLK (sky130_fd_sc_hd__dfrtp_2)
                         -0.50    9.25   library recovery time
                                  9.25   data required time
-----------------------------------------------------------------------------
                                  9.25   data required time
                                 -3.67   data arrival time
-----------------------------------------------------------------------------
                                  5.58   slack (MET)


Startpoint: rst_n (input port clocked by clk)
Endpoint: _1075_ (recovery check against rising-edge clock clk)
Path Group: asynchronous
Path Type: max

Fanout     Cap    Slew   Delay    Time   Description
-----------------------------------------------------------------------------
                  0.15    0.00    0.00   clock clk (rise edge)
                          0.00    0.00   clock network delay (ideal)
                          2.00    2.00 ^ input external delay
                  2.33    1.67    3.67 ^ rst_n (in)
   144    0.52                           rst_n (net)
                  2.33    0.00    3.67 ^ _1075_/RESET_B (sky130_fd_sc_hd__dfrtp_2)
                                  3.67   data arrival time

                  0.15   10.00   10.00   clock clk (rise edge)
                          0.00   10.00   clock network delay (ideal)
                         -0.25    9.75   clock uncertainty
                          0.00    9.75   clock reconvergence pessimism
                                  9.75 ^ _1075_/CLK (sky130_fd_sc_hd__dfrtp_2)
                         -0.50    9.25   library recovery time
                                  9.25   data required time
-----------------------------------------------------------------------------
                                  9.25   data required time
                                 -3.67   data arrival time
-----------------------------------------------------------------------------
                                  5.58   slack (MET)


Startpoint: rst_n (input port clocked by clk)
Endpoint: _1076_ (recovery check against rising-edge clock clk)
Path Group: asynchronous
Path Type: max

Fanout     Cap    Slew   Delay    Time   Description
-----------------------------------------------------------------------------
                  0.15    0.00    0.00   clock clk (rise edge)
                          0.00    0.00   clock network delay (ideal)
                          2.00    2.00 ^ input external delay
                  2.33    1.67    3.67 ^ rst_n (in)
   144    0.52                           rst_n (net)
                  2.33    0.00    3.67 ^ _1076_/RESET_B (sky130_fd_sc_hd__dfrtp_2)
                                  3.67   data arrival time

                  0.15   10.00   10.00   clock clk (rise edge)
                          0.00   10.00   clock network delay (ideal)
                         -0.25    9.75   clock uncertainty
                          0.00    9.75   clock reconvergence pessimism
                                  9.75 ^ _1076_/CLK (sky130_fd_sc_hd__dfrtp_2)
                         -0.50    9.25   library recovery time
                                  9.25   data required time
-----------------------------------------------------------------------------
                                  9.25   data required time
                                 -3.67   data arrival time
-----------------------------------------------------------------------------
                                  5.58   slack (MET)


Startpoint: rst_n (input port clocked by clk)
Endpoint: _1077_ (recovery check against rising-edge clock clk)
Path Group: asynchronous
Path Type: max

Fanout     Cap    Slew   Delay    Time   Description
-----------------------------------------------------------------------------
                  0.15    0.00    0.00   clock clk (rise edge)
                          0.00    0.00   clock network delay (ideal)
                          2.00    2.00 ^ input external delay
                  2.33    1.67    3.67 ^ rst_n (in)
   144    0.52                           rst_n (net)
                  2.33    0.00    3.67 ^ _1077_/RESET_B (sky130_fd_sc_hd__dfrtp_2)
                                  3.67   data arrival time

                  0.15   10.00   10.00   clock clk (rise edge)
                          0.00   10.00   clock network delay (ideal)
                         -0.25    9.75   clock uncertainty
                          0.00    9.75   clock reconvergence pessimism
                                  9.75 ^ _1077_/CLK (sky130_fd_sc_hd__dfrtp_2)
                         -0.50    9.25   library recovery time
                                  9.25   data required time
-----------------------------------------------------------------------------
                                  9.25   data required time
                                 -3.67   data arrival time
-----------------------------------------------------------------------------
                                  5.58   slack (MET)


Startpoint: rst_n (input port clocked by clk)
Endpoint: _1078_ (recovery check against rising-edge clock clk)
Path Group: asynchronous
Path Type: max

Fanout     Cap    Slew   Delay    Time   Description
-----------------------------------------------------------------------------
                  0.15    0.00    0.00   clock clk (rise edge)
                          0.00    0.00   clock network delay (ideal)
                          2.00    2.00 ^ input external delay
                  2.33    1.67    3.67 ^ rst_n (in)
   144    0.52                           rst_n (net)
                  2.33    0.00    3.67 ^ _1078_/RESET_B (sky130_fd_sc_hd__dfrtp_2)
                                  3.67   data arrival time

                  0.15   10.00   10.00   clock clk (rise edge)
                          0.00   10.00   clock network delay (ideal)
                         -0.25    9.75   clock uncertainty
                          0.00    9.75   clock reconvergence pessimism
                                  9.75 ^ _1078_/CLK (sky130_fd_sc_hd__dfrtp_2)
                         -0.50    9.25   library recovery time
                                  9.25   data required time
-----------------------------------------------------------------------------
                                  9.25   data required time
                                 -3.67   data arrival time
-----------------------------------------------------------------------------
                                  5.58   slack (MET)


Startpoint: rst_n (input port clocked by clk)
Endpoint: _1079_ (recovery check against rising-edge clock clk)
Path Group: asynchronous
Path Type: max

Fanout     Cap    Slew   Delay    Time   Description
-----------------------------------------------------------------------------
                  0.15    0.00    0.00   clock clk (rise edge)
                          0.00    0.00   clock network delay (ideal)
                          2.00    2.00 ^ input external delay
                  2.33    1.67    3.67 ^ rst_n (in)
   144    0.52                           rst_n (net)
                  2.33    0.00    3.67 ^ _1079_/RESET_B (sky130_fd_sc_hd__dfrtp_2)
                                  3.67   data arrival time

                  0.15   10.00   10.00   clock clk (rise edge)
                          0.00   10.00   clock network delay (ideal)
                         -0.25    9.75   clock uncertainty
                          0.00    9.75   clock reconvergence pessimism
                                  9.75 ^ _1079_/CLK (sky130_fd_sc_hd__dfrtp_2)
                         -0.50    9.25   library recovery time
                                  9.25   data required time
-----------------------------------------------------------------------------
                                  9.25   data required time
                                 -3.67   data arrival time
-----------------------------------------------------------------------------
                                  5.58   slack (MET)


Startpoint: rst_n (input port clocked by clk)
Endpoint: _1080_ (recovery check against rising-edge clock clk)
Path Group: asynchronous
Path Type: max

Fanout     Cap    Slew   Delay    Time   Description
-----------------------------------------------------------------------------
                  0.15    0.00    0.00   clock clk (rise edge)
                          0.00    0.00   clock network delay (ideal)
                          2.00    2.00 ^ input external delay
                  2.33    1.67    3.67 ^ rst_n (in)
   144    0.52                           rst_n (net)
                  2.33    0.00    3.67 ^ _1080_/RESET_B (sky130_fd_sc_hd__dfrtp_2)
                                  3.67   data arrival time

                  0.15   10.00   10.00   clock clk (rise edge)
                          0.00   10.00   clock network delay (ideal)
                         -0.25    9.75   clock uncertainty
                          0.00    9.75   clock reconvergence pessimism
                                  9.75 ^ _1080_/CLK (sky130_fd_sc_hd__dfrtp_2)
                         -0.50    9.25   library recovery time
                                  9.25   data required time
-----------------------------------------------------------------------------
                                  9.25   data required time
                                 -3.67   data arrival time
-----------------------------------------------------------------------------
                                  5.58   slack (MET)


Startpoint: rst_n (input port clocked by clk)
Endpoint: _1081_ (recovery check against rising-edge clock clk)
Path Group: asynchronous
Path Type: max

Fanout     Cap    Slew   Delay    Time   Description
-----------------------------------------------------------------------------
                  0.15    0.00    0.00   clock clk (rise edge)
                          0.00    0.00   clock network delay (ideal)
                          2.00    2.00 ^ input external delay
                  2.33    1.67    3.67 ^ rst_n (in)
   144    0.52                           rst_n (net)
                  2.33    0.00    3.67 ^ _1081_/RESET_B (sky130_fd_sc_hd__dfrtp_2)
                                  3.67   data arrival time

                  0.15   10.00   10.00   clock clk (rise edge)
                          0.00   10.00   clock network delay (ideal)
                         -0.25    9.75   clock uncertainty
                          0.00    9.75   clock reconvergence pessimism
                                  9.75 ^ _1081_/CLK (sky130_fd_sc_hd__dfrtp_2)
                         -0.50    9.25   library recovery time
                                  9.25   data required time
-----------------------------------------------------------------------------
                                  9.25   data required time
                                 -3.67   data arrival time
-----------------------------------------------------------------------------
                                  5.58   slack (MET)


Startpoint: rst_n (input port clocked by clk)
Endpoint: _1082_ (recovery check against rising-edge clock clk)
Path Group: asynchronous
Path Type: max

Fanout     Cap    Slew   Delay    Time   Description
-----------------------------------------------------------------------------
                  0.15    0.00    0.00   clock clk (rise edge)
                          0.00    0.00   clock network delay (ideal)
                          2.00    2.00 ^ input external delay
                  2.33    1.67    3.67 ^ rst_n (in)
   144    0.52                           rst_n (net)
                  2.33    0.00    3.67 ^ _1082_/RESET_B (sky130_fd_sc_hd__dfrtp_2)
                                  3.67   data arrival time

                  0.15   10.00   10.00   clock clk (rise edge)
                          0.00   10.00   clock network delay (ideal)
                         -0.25    9.75   clock uncertainty
                          0.00    9.75   clock reconvergence pessimism
                                  9.75 ^ _1082_/CLK (sky130_fd_sc_hd__dfrtp_2)
                         -0.50    9.25   library recovery time
                                  9.25   data required time
-----------------------------------------------------------------------------
                                  9.25   data required time
                                 -3.67   data arrival time
-----------------------------------------------------------------------------
                                  5.58   slack (MET)


Startpoint: rst_n (input port clocked by clk)
Endpoint: _1083_ (recovery check against rising-edge clock clk)
Path Group: asynchronous
Path Type: max

Fanout     Cap    Slew   Delay    Time   Description
-----------------------------------------------------------------------------
                  0.15    0.00    0.00   clock clk (rise edge)
                          0.00    0.00   clock network delay (ideal)
                          2.00    2.00 ^ input external delay
                  2.33    1.67    3.67 ^ rst_n (in)
   144    0.52                           rst_n (net)
                  2.33    0.00    3.67 ^ _1083_/RESET_B (sky130_fd_sc_hd__dfrtp_2)
                                  3.67   data arrival time

                  0.15   10.00   10.00   clock clk (rise edge)
                          0.00   10.00   clock network delay (ideal)
                         -0.25    9.75   clock uncertainty
                          0.00    9.75   clock reconvergence pessimism
                                  9.75 ^ _1083_/CLK (sky130_fd_sc_hd__dfrtp_2)
                         -0.50    9.25   library recovery time
                                  9.25   data required time
-----------------------------------------------------------------------------
                                  9.25   data required time
                                 -3.67   data arrival time
-----------------------------------------------------------------------------
                                  5.58   slack (MET)


Startpoint: rst_n (input port clocked by clk)
Endpoint: _1085_ (recovery check against rising-edge clock clk)
Path Group: asynchronous
Path Type: max

Fanout     Cap    Slew   Delay    Time   Description
-----------------------------------------------------------------------------
                  0.15    0.00    0.00   clock clk (rise edge)
                          0.00    0.00   clock network delay (ideal)
                          2.00    2.00 ^ input external delay
                  2.33    1.67    3.67 ^ rst_n (in)
   144    0.52                           rst_n (net)
                  2.33    0.00    3.67 ^ _1085_/RESET_B (sky130_fd_sc_hd__dfrtp_2)
                                  3.67   data arrival time

                  0.15   10.00   10.00   clock clk (rise edge)
                          0.00   10.00   clock network delay (ideal)
                         -0.25    9.75   clock uncertainty
                          0.00    9.75   clock reconvergence pessimism
                                  9.75 ^ _1085_/CLK (sky130_fd_sc_hd__dfrtp_2)
                         -0.50    9.25   library recovery time
                                  9.25   data required time
-----------------------------------------------------------------------------
                                  9.25   data required time
                                 -3.67   data arrival time
-----------------------------------------------------------------------------
                                  5.58   slack (MET)


Startpoint: rst_n (input port clocked by clk)
Endpoint: _1086_ (recovery check against rising-edge clock clk)
Path Group: asynchronous
Path Type: max

Fanout     Cap    Slew   Delay    Time   Description
-----------------------------------------------------------------------------
                  0.15    0.00    0.00   clock clk (rise edge)
                          0.00    0.00   clock network delay (ideal)
                          2.00    2.00 ^ input external delay
                  2.33    1.67    3.67 ^ rst_n (in)
   144    0.52                           rst_n (net)
                  2.33    0.00    3.67 ^ _1086_/RESET_B (sky130_fd_sc_hd__dfrtp_2)
                                  3.67   data arrival time

                  0.15   10.00   10.00   clock clk (rise edge)
                          0.00   10.00   clock network delay (ideal)
                         -0.25    9.75   clock uncertainty
                          0.00    9.75   clock reconvergence pessimism
                                  9.75 ^ _1086_/CLK (sky130_fd_sc_hd__dfrtp_2)
                         -0.50    9.25   library recovery time
                                  9.25   data required time
-----------------------------------------------------------------------------
                                  9.25   data required time
                                 -3.67   data arrival time
-----------------------------------------------------------------------------
                                  5.58   slack (MET)


Startpoint: rst_n (input port clocked by clk)
Endpoint: _1087_ (recovery check against rising-edge clock clk)
Path Group: asynchronous
Path Type: max

Fanout     Cap    Slew   Delay    Time   Description
-----------------------------------------------------------------------------
                  0.15    0.00    0.00   clock clk (rise edge)
                          0.00    0.00   clock network delay (ideal)
                          2.00    2.00 ^ input external delay
                  2.33    1.67    3.67 ^ rst_n (in)
   144    0.52                           rst_n (net)
                  2.33    0.00    3.67 ^ _1087_/RESET_B (sky130_fd_sc_hd__dfrtp_2)
                                  3.67   data arrival time

                  0.15   10.00   10.00   clock clk (rise edge)
                          0.00   10.00   clock network delay (ideal)
                         -0.25    9.75   clock uncertainty
                          0.00    9.75   clock reconvergence pessimism
                                  9.75 ^ _1087_/CLK (sky130_fd_sc_hd__dfrtp_2)
                         -0.50    9.25   library recovery time
                                  9.25   data required time
-----------------------------------------------------------------------------
                                  9.25   data required time
                                 -3.67   data arrival time
-----------------------------------------------------------------------------
                                  5.58   slack (MET)


Startpoint: rst_n (input port clocked by clk)
Endpoint: _1088_ (recovery check against rising-edge clock clk)
Path Group: asynchronous
Path Type: max

Fanout     Cap    Slew   Delay    Time   Description
-----------------------------------------------------------------------------
                  0.15    0.00    0.00   clock clk (rise edge)
                          0.00    0.00   clock network delay (ideal)
                          2.00    2.00 ^ input external delay
                  2.33    1.67    3.67 ^ rst_n (in)
   144    0.52                           rst_n (net)
                  2.33    0.00    3.67 ^ _1088_/RESET_B (sky130_fd_sc_hd__dfrtp_2)
                                  3.67   data arrival time

                  0.15   10.00   10.00   clock clk (rise edge)
                          0.00   10.00   clock network delay (ideal)
                         -0.25    9.75   clock uncertainty
                          0.00    9.75   clock reconvergence pessimism
                                  9.75 ^ _1088_/CLK (sky130_fd_sc_hd__dfrtp_2)
                         -0.50    9.25   library recovery time
                                  9.25   data required time
-----------------------------------------------------------------------------
                                  9.25   data required time
                                 -3.67   data arrival time
-----------------------------------------------------------------------------
                                  5.58   slack (MET)


Startpoint: rst_n (input port clocked by clk)
Endpoint: _1089_ (recovery check against rising-edge clock clk)
Path Group: asynchronous
Path Type: max

Fanout     Cap    Slew   Delay    Time   Description
-----------------------------------------------------------------------------
                  0.15    0.00    0.00   clock clk (rise edge)
                          0.00    0.00   clock network delay (ideal)
                          2.00    2.00 ^ input external delay
                  2.33    1.67    3.67 ^ rst_n (in)
   144    0.52                           rst_n (net)
                  2.33    0.00    3.67 ^ _1089_/RESET_B (sky130_fd_sc_hd__dfrtp_2)
                                  3.67   data arrival time

                  0.15   10.00   10.00   clock clk (rise edge)
                          0.00   10.00   clock network delay (ideal)
                         -0.25    9.75   clock uncertainty
                          0.00    9.75   clock reconvergence pessimism
                                  9.75 ^ _1089_/CLK (sky130_fd_sc_hd__dfrtp_2)
                         -0.50    9.25   library recovery time
                                  9.25   data required time
-----------------------------------------------------------------------------
                                  9.25   data required time
                                 -3.67   data arrival time
-----------------------------------------------------------------------------
                                  5.58   slack (MET)


Startpoint: rst_n (input port clocked by clk)
Endpoint: _1090_ (recovery check against rising-edge clock clk)
Path Group: asynchronous
Path Type: max

Fanout     Cap    Slew   Delay    Time   Description
-----------------------------------------------------------------------------
                  0.15    0.00    0.00   clock clk (rise edge)
                          0.00    0.00   clock network delay (ideal)
                          2.00    2.00 ^ input external delay
                  2.33    1.67    3.67 ^ rst_n (in)
   144    0.52                           rst_n (net)
                  2.33    0.00    3.67 ^ _1090_/RESET_B (sky130_fd_sc_hd__dfrtp_2)
                                  3.67   data arrival time

                  0.15   10.00   10.00   clock clk (rise edge)
                          0.00   10.00   clock network delay (ideal)
                         -0.25    9.75   clock uncertainty
                          0.00    9.75   clock reconvergence pessimism
                                  9.75 ^ _1090_/CLK (sky130_fd_sc_hd__dfrtp_2)
                         -0.50    9.25   library recovery time
                                  9.25   data required time
-----------------------------------------------------------------------------
                                  9.25   data required time
                                 -3.67   data arrival time
-----------------------------------------------------------------------------
                                  5.58   slack (MET)


Startpoint: rst_n (input port clocked by clk)
Endpoint: _1091_ (recovery check against rising-edge clock clk)
Path Group: asynchronous
Path Type: max

Fanout     Cap    Slew   Delay    Time   Description
-----------------------------------------------------------------------------
                  0.15    0.00    0.00   clock clk (rise edge)
                          0.00    0.00   clock network delay (ideal)
                          2.00    2.00 ^ input external delay
                  2.33    1.67    3.67 ^ rst_n (in)
   144    0.52                           rst_n (net)
                  2.33    0.00    3.67 ^ _1091_/RESET_B (sky130_fd_sc_hd__dfrtp_2)
                                  3.67   data arrival time

                  0.15   10.00   10.00   clock clk (rise edge)
                          0.00   10.00   clock network delay (ideal)
                         -0.25    9.75   clock uncertainty
                          0.00    9.75   clock reconvergence pessimism
                                  9.75 ^ _1091_/CLK (sky130_fd_sc_hd__dfrtp_2)
                         -0.50    9.25   library recovery time
                                  9.25   data required time
-----------------------------------------------------------------------------
                                  9.25   data required time
                                 -3.67   data arrival time
-----------------------------------------------------------------------------
                                  5.58   slack (MET)


Startpoint: rst_n (input port clocked by clk)
Endpoint: _1092_ (recovery check against rising-edge clock clk)
Path Group: asynchronous
Path Type: max

Fanout     Cap    Slew   Delay    Time   Description
-----------------------------------------------------------------------------
                  0.15    0.00    0.00   clock clk (rise edge)
                          0.00    0.00   clock network delay (ideal)
                          2.00    2.00 ^ input external delay
                  2.33    1.67    3.67 ^ rst_n (in)
   144    0.52                           rst_n (net)
                  2.33    0.00    3.67 ^ _1092_/RESET_B (sky130_fd_sc_hd__dfrtp_2)
                                  3.67   data arrival time

                  0.15   10.00   10.00   clock clk (rise edge)
                          0.00   10.00   clock network delay (ideal)
                         -0.25    9.75   clock uncertainty
                          0.00    9.75   clock reconvergence pessimism
                                  9.75 ^ _1092_/CLK (sky130_fd_sc_hd__dfrtp_2)
                         -0.50    9.25   library recovery time
                                  9.25   data required time
-----------------------------------------------------------------------------
                                  9.25   data required time
                                 -3.67   data arrival time
-----------------------------------------------------------------------------
                                  5.58   slack (MET)


Startpoint: rst_n (input port clocked by clk)
Endpoint: _1093_ (recovery check against rising-edge clock clk)
Path Group: asynchronous
Path Type: max

Fanout     Cap    Slew   Delay    Time   Description
-----------------------------------------------------------------------------
                  0.15    0.00    0.00   clock clk (rise edge)
                          0.00    0.00   clock network delay (ideal)
                          2.00    2.00 ^ input external delay
                  2.33    1.67    3.67 ^ rst_n (in)
   144    0.52                           rst_n (net)
                  2.33    0.00    3.67 ^ _1093_/RESET_B (sky130_fd_sc_hd__dfrtp_2)
                                  3.67   data arrival time

                  0.15   10.00   10.00   clock clk (rise edge)
                          0.00   10.00   clock network delay (ideal)
                         -0.25    9.75   clock uncertainty
                          0.00    9.75   clock reconvergence pessimism
                                  9.75 ^ _1093_/CLK (sky130_fd_sc_hd__dfrtp_2)
                         -0.50    9.25   library recovery time
                                  9.25   data required time
-----------------------------------------------------------------------------
                                  9.25   data required time
                                 -3.67   data arrival time
-----------------------------------------------------------------------------
                                  5.58   slack (MET)


Startpoint: rst_n (input port clocked by clk)
Endpoint: _1094_ (recovery check against rising-edge clock clk)
Path Group: asynchronous
Path Type: max

Fanout     Cap    Slew   Delay    Time   Description
-----------------------------------------------------------------------------
                  0.15    0.00    0.00   clock clk (rise edge)
                          0.00    0.00   clock network delay (ideal)
                          2.00    2.00 ^ input external delay
                  2.33    1.67    3.67 ^ rst_n (in)
   144    0.52                           rst_n (net)
                  2.33    0.00    3.67 ^ _1094_/RESET_B (sky130_fd_sc_hd__dfrtp_2)
                                  3.67   data arrival time

                  0.15   10.00   10.00   clock clk (rise edge)
                          0.00   10.00   clock network delay (ideal)
                         -0.25    9.75   clock uncertainty
                          0.00    9.75   clock reconvergence pessimism
                                  9.75 ^ _1094_/CLK (sky130_fd_sc_hd__dfrtp_2)
                         -0.50    9.25   library recovery time
                                  9.25   data required time
-----------------------------------------------------------------------------
                                  9.25   data required time
                                 -3.67   data arrival time
-----------------------------------------------------------------------------
                                  5.58   slack (MET)


Startpoint: rst_n (input port clocked by clk)
Endpoint: _1095_ (recovery check against rising-edge clock clk)
Path Group: asynchronous
Path Type: max

Fanout     Cap    Slew   Delay    Time   Description
-----------------------------------------------------------------------------
                  0.15    0.00    0.00   clock clk (rise edge)
                          0.00    0.00   clock network delay (ideal)
                          2.00    2.00 ^ input external delay
                  2.33    1.67    3.67 ^ rst_n (in)
   144    0.52                           rst_n (net)
                  2.33    0.00    3.67 ^ _1095_/RESET_B (sky130_fd_sc_hd__dfrtp_2)
                                  3.67   data arrival time

                  0.15   10.00   10.00   clock clk (rise edge)
                          0.00   10.00   clock network delay (ideal)
                         -0.25    9.75   clock uncertainty
                          0.00    9.75   clock reconvergence pessimism
                                  9.75 ^ _1095_/CLK (sky130_fd_sc_hd__dfrtp_2)
                         -0.50    9.25   library recovery time
                                  9.25   data required time
-----------------------------------------------------------------------------
                                  9.25   data required time
                                 -3.67   data arrival time
-----------------------------------------------------------------------------
                                  5.58   slack (MET)


Startpoint: rst_n (input port clocked by clk)
Endpoint: _1096_ (recovery check against rising-edge clock clk)
Path Group: asynchronous
Path Type: max

Fanout     Cap    Slew   Delay    Time   Description
-----------------------------------------------------------------------------
                  0.15    0.00    0.00   clock clk (rise edge)
                          0.00    0.00   clock network delay (ideal)
                          2.00    2.00 ^ input external delay
                  2.33    1.67    3.67 ^ rst_n (in)
   144    0.52                           rst_n (net)
                  2.33    0.00    3.67 ^ _1096_/RESET_B (sky130_fd_sc_hd__dfrtp_2)
                                  3.67   data arrival time

                  0.15   10.00   10.00   clock clk (rise edge)
                          0.00   10.00   clock network delay (ideal)
                         -0.25    9.75   clock uncertainty
                          0.00    9.75   clock reconvergence pessimism
                                  9.75 ^ _1096_/CLK (sky130_fd_sc_hd__dfrtp_2)
                         -0.50    9.25   library recovery time
                                  9.25   data required time
-----------------------------------------------------------------------------
                                  9.25   data required time
                                 -3.67   data arrival time
-----------------------------------------------------------------------------
                                  5.58   slack (MET)


Startpoint: rst_n (input port clocked by clk)
Endpoint: _1097_ (recovery check against rising-edge clock clk)
Path Group: asynchronous
Path Type: max

Fanout     Cap    Slew   Delay    Time   Description
-----------------------------------------------------------------------------
                  0.15    0.00    0.00   clock clk (rise edge)
                          0.00    0.00   clock network delay (ideal)
                          2.00    2.00 ^ input external delay
                  2.33    1.67    3.67 ^ rst_n (in)
   144    0.52                           rst_n (net)
                  2.33    0.00    3.67 ^ _1097_/RESET_B (sky130_fd_sc_hd__dfrtp_2)
                                  3.67   data arrival time

                  0.15   10.00   10.00   clock clk (rise edge)
                          0.00   10.00   clock network delay (ideal)
                         -0.25    9.75   clock uncertainty
                          0.00    9.75   clock reconvergence pessimism
                                  9.75 ^ _1097_/CLK (sky130_fd_sc_hd__dfrtp_2)
                         -0.50    9.25   library recovery time
                                  9.25   data required time
-----------------------------------------------------------------------------
                                  9.25   data required time
                                 -3.67   data arrival time
-----------------------------------------------------------------------------
                                  5.58   slack (MET)


Startpoint: rst_n (input port clocked by clk)
Endpoint: _1098_ (recovery check against rising-edge clock clk)
Path Group: asynchronous
Path Type: max

Fanout     Cap    Slew   Delay    Time   Description
-----------------------------------------------------------------------------
                  0.15    0.00    0.00   clock clk (rise edge)
                          0.00    0.00   clock network delay (ideal)
                          2.00    2.00 ^ input external delay
                  2.33    1.67    3.67 ^ rst_n (in)
   144    0.52                           rst_n (net)
                  2.33    0.00    3.67 ^ _1098_/RESET_B (sky130_fd_sc_hd__dfrtp_2)
                                  3.67   data arrival time

                  0.15   10.00   10.00   clock clk (rise edge)
                          0.00   10.00   clock network delay (ideal)
                         -0.25    9.75   clock uncertainty
                          0.00    9.75   clock reconvergence pessimism
                                  9.75 ^ _1098_/CLK (sky130_fd_sc_hd__dfrtp_2)
                         -0.50    9.25   library recovery time
                                  9.25   data required time
-----------------------------------------------------------------------------
                                  9.25   data required time
                                 -3.67   data arrival time
-----------------------------------------------------------------------------
                                  5.58   slack (MET)


Startpoint: rst_n (input port clocked by clk)
Endpoint: _1099_ (recovery check against rising-edge clock clk)
Path Group: asynchronous
Path Type: max

Fanout     Cap    Slew   Delay    Time   Description
-----------------------------------------------------------------------------
                  0.15    0.00    0.00   clock clk (rise edge)
                          0.00    0.00   clock network delay (ideal)
                          2.00    2.00 ^ input external delay
                  2.33    1.67    3.67 ^ rst_n (in)
   144    0.52                           rst_n (net)
                  2.33    0.00    3.67 ^ _1099_/RESET_B (sky130_fd_sc_hd__dfrtp_2)
                                  3.67   data arrival time

                  0.15   10.00   10.00   clock clk (rise edge)
                          0.00   10.00   clock network delay (ideal)
                         -0.25    9.75   clock uncertainty
                          0.00    9.75   clock reconvergence pessimism
                                  9.75 ^ _1099_/CLK (sky130_fd_sc_hd__dfrtp_2)
                         -0.50    9.25   library recovery time
                                  9.25   data required time
-----------------------------------------------------------------------------
                                  9.25   data required time
                                 -3.67   data arrival time
-----------------------------------------------------------------------------
                                  5.58   slack (MET)


Startpoint: rst_n (input port clocked by clk)
Endpoint: _1100_ (recovery check against rising-edge clock clk)
Path Group: asynchronous
Path Type: max

Fanout     Cap    Slew   Delay    Time   Description
-----------------------------------------------------------------------------
                  0.15    0.00    0.00   clock clk (rise edge)
                          0.00    0.00   clock network delay (ideal)
                          2.00    2.00 ^ input external delay
                  2.33    1.67    3.67 ^ rst_n (in)
   144    0.52                           rst_n (net)
                  2.33    0.00    3.67 ^ _1100_/RESET_B (sky130_fd_sc_hd__dfrtp_2)
                                  3.67   data arrival time

                  0.15   10.00   10.00   clock clk (rise edge)
                          0.00   10.00   clock network delay (ideal)
                         -0.25    9.75   clock uncertainty
                          0.00    9.75   clock reconvergence pessimism
                                  9.75 ^ _1100_/CLK (sky130_fd_sc_hd__dfrtp_2)
                         -0.50    9.25   library recovery time
                                  9.25   data required time
-----------------------------------------------------------------------------
                                  9.25   data required time
                                 -3.67   data arrival time
-----------------------------------------------------------------------------
                                  5.58   slack (MET)


Startpoint: rst_n (input port clocked by clk)
Endpoint: _1101_ (recovery check against rising-edge clock clk)
Path Group: asynchronous
Path Type: max

Fanout     Cap    Slew   Delay    Time   Description
-----------------------------------------------------------------------------
                  0.15    0.00    0.00   clock clk (rise edge)
                          0.00    0.00   clock network delay (ideal)
                          2.00    2.00 ^ input external delay
                  2.33    1.67    3.67 ^ rst_n (in)
   144    0.52                           rst_n (net)
                  2.33    0.00    3.67 ^ _1101_/RESET_B (sky130_fd_sc_hd__dfrtp_2)
                                  3.67   data arrival time

                  0.15   10.00   10.00   clock clk (rise edge)
                          0.00   10.00   clock network delay (ideal)
                         -0.25    9.75   clock uncertainty
                          0.00    9.75   clock reconvergence pessimism
                                  9.75 ^ _1101_/CLK (sky130_fd_sc_hd__dfrtp_2)
                         -0.50    9.25   library recovery time
                                  9.25   data required time
-----------------------------------------------------------------------------
                                  9.25   data required time
                                 -3.67   data arrival time
-----------------------------------------------------------------------------
                                  5.58   slack (MET)


Startpoint: rst_n (input port clocked by clk)
Endpoint: _1102_ (recovery check against rising-edge clock clk)
Path Group: asynchronous
Path Type: max

Fanout     Cap    Slew   Delay    Time   Description
-----------------------------------------------------------------------------
                  0.15    0.00    0.00   clock clk (rise edge)
                          0.00    0.00   clock network delay (ideal)
                          2.00    2.00 ^ input external delay
                  2.33    1.67    3.67 ^ rst_n (in)
   144    0.52                           rst_n (net)
                  2.33    0.00    3.67 ^ _1102_/RESET_B (sky130_fd_sc_hd__dfrtp_2)
                                  3.67   data arrival time

                  0.15   10.00   10.00   clock clk (rise edge)
                          0.00   10.00   clock network delay (ideal)
                         -0.25    9.75   clock uncertainty
                          0.00    9.75   clock reconvergence pessimism
                                  9.75 ^ _1102_/CLK (sky130_fd_sc_hd__dfrtp_2)
                         -0.50    9.25   library recovery time
                                  9.25   data required time
-----------------------------------------------------------------------------
                                  9.25   data required time
                                 -3.67   data arrival time
-----------------------------------------------------------------------------
                                  5.58   slack (MET)


Startpoint: rst_n (input port clocked by clk)
Endpoint: _1103_ (recovery check against rising-edge clock clk)
Path Group: asynchronous
Path Type: max

Fanout     Cap    Slew   Delay    Time   Description
-----------------------------------------------------------------------------
                  0.15    0.00    0.00   clock clk (rise edge)
                          0.00    0.00   clock network delay (ideal)
                          2.00    2.00 ^ input external delay
                  2.33    1.67    3.67 ^ rst_n (in)
   144    0.52                           rst_n (net)
                  2.33    0.00    3.67 ^ _1103_/RESET_B (sky130_fd_sc_hd__dfrtp_2)
                                  3.67   data arrival time

                  0.15   10.00   10.00   clock clk (rise edge)
                          0.00   10.00   clock network delay (ideal)
                         -0.25    9.75   clock uncertainty
                          0.00    9.75   clock reconvergence pessimism
                                  9.75 ^ _1103_/CLK (sky130_fd_sc_hd__dfrtp_2)
                         -0.50    9.25   library recovery time
                                  9.25   data required time
-----------------------------------------------------------------------------
                                  9.25   data required time
                                 -3.67   data arrival time
-----------------------------------------------------------------------------
                                  5.58   slack (MET)


Startpoint: rst_n (input port clocked by clk)
Endpoint: _1104_ (recovery check against rising-edge clock clk)
Path Group: asynchronous
Path Type: max

Fanout     Cap    Slew   Delay    Time   Description
-----------------------------------------------------------------------------
                  0.15    0.00    0.00   clock clk (rise edge)
                          0.00    0.00   clock network delay (ideal)
                          2.00    2.00 ^ input external delay
                  2.33    1.67    3.67 ^ rst_n (in)
   144    0.52                           rst_n (net)
                  2.33    0.00    3.67 ^ _1104_/RESET_B (sky130_fd_sc_hd__dfrtp_2)
                                  3.67   data arrival time

                  0.15   10.00   10.00   clock clk (rise edge)
                          0.00   10.00   clock network delay (ideal)
                         -0.25    9.75   clock uncertainty
                          0.00    9.75   clock reconvergence pessimism
                                  9.75 ^ _1104_/CLK (sky130_fd_sc_hd__dfrtp_2)
                         -0.50    9.25   library recovery time
                                  9.25   data required time
-----------------------------------------------------------------------------
                                  9.25   data required time
                                 -3.67   data arrival time
-----------------------------------------------------------------------------
                                  5.58   slack (MET)


Startpoint: rst_n (input port clocked by clk)
Endpoint: _1105_ (recovery check against rising-edge clock clk)
Path Group: asynchronous
Path Type: max

Fanout     Cap    Slew   Delay    Time   Description
-----------------------------------------------------------------------------
                  0.15    0.00    0.00   clock clk (rise edge)
                          0.00    0.00   clock network delay (ideal)
                          2.00    2.00 ^ input external delay
                  2.33    1.67    3.67 ^ rst_n (in)
   144    0.52                           rst_n (net)
                  2.33    0.00    3.67 ^ _1105_/RESET_B (sky130_fd_sc_hd__dfrtp_2)
                                  3.67   data arrival time

                  0.15   10.00   10.00   clock clk (rise edge)
                          0.00   10.00   clock network delay (ideal)
                         -0.25    9.75   clock uncertainty
                          0.00    9.75   clock reconvergence pessimism
                                  9.75 ^ _1105_/CLK (sky130_fd_sc_hd__dfrtp_2)
                         -0.50    9.25   library recovery time
                                  9.25   data required time
-----------------------------------------------------------------------------
                                  9.25   data required time
                                 -3.67   data arrival time
-----------------------------------------------------------------------------
                                  5.58   slack (MET)


Startpoint: rst_n (input port clocked by clk)
Endpoint: _1106_ (recovery check against rising-edge clock clk)
Path Group: asynchronous
Path Type: max

Fanout     Cap    Slew   Delay    Time   Description
-----------------------------------------------------------------------------
                  0.15    0.00    0.00   clock clk (rise edge)
                          0.00    0.00   clock network delay (ideal)
                          2.00    2.00 ^ input external delay
                  2.33    1.67    3.67 ^ rst_n (in)
   144    0.52                           rst_n (net)
                  2.33    0.00    3.67 ^ _1106_/RESET_B (sky130_fd_sc_hd__dfrtp_2)
                                  3.67   data arrival time

                  0.15   10.00   10.00   clock clk (rise edge)
                          0.00   10.00   clock network delay (ideal)
                         -0.25    9.75   clock uncertainty
                          0.00    9.75   clock reconvergence pessimism
                                  9.75 ^ _1106_/CLK (sky130_fd_sc_hd__dfrtp_2)
                         -0.50    9.25   library recovery time
                                  9.25   data required time
-----------------------------------------------------------------------------
                                  9.25   data required time
                                 -3.67   data arrival time
-----------------------------------------------------------------------------
                                  5.58   slack (MET)


Startpoint: rst_n (input port clocked by clk)
Endpoint: _1107_ (recovery check against rising-edge clock clk)
Path Group: asynchronous
Path Type: max

Fanout     Cap    Slew   Delay    Time   Description
-----------------------------------------------------------------------------
                  0.15    0.00    0.00   clock clk (rise edge)
                          0.00    0.00   clock network delay (ideal)
                          2.00    2.00 ^ input external delay
                  2.33    1.67    3.67 ^ rst_n (in)
   144    0.52                           rst_n (net)
                  2.33    0.00    3.67 ^ _1107_/RESET_B (sky130_fd_sc_hd__dfrtp_2)
                                  3.67   data arrival time

                  0.15   10.00   10.00   clock clk (rise edge)
                          0.00   10.00   clock network delay (ideal)
                         -0.25    9.75   clock uncertainty
                          0.00    9.75   clock reconvergence pessimism
                                  9.75 ^ _1107_/CLK (sky130_fd_sc_hd__dfrtp_2)
                         -0.50    9.25   library recovery time
                                  9.25   data required time
-----------------------------------------------------------------------------
                                  9.25   data required time
                                 -3.67   data arrival time
-----------------------------------------------------------------------------
                                  5.58   slack (MET)


Startpoint: rst_n (input port clocked by clk)
Endpoint: _1108_ (recovery check against rising-edge clock clk)
Path Group: asynchronous
Path Type: max

Fanout     Cap    Slew   Delay    Time   Description
-----------------------------------------------------------------------------
                  0.15    0.00    0.00   clock clk (rise edge)
                          0.00    0.00   clock network delay (ideal)
                          2.00    2.00 ^ input external delay
                  2.33    1.67    3.67 ^ rst_n (in)
   144    0.52                           rst_n (net)
                  2.33    0.00    3.67 ^ _1108_/RESET_B (sky130_fd_sc_hd__dfrtp_2)
                                  3.67   data arrival time

                  0.15   10.00   10.00   clock clk (rise edge)
                          0.00   10.00   clock network delay (ideal)
                         -0.25    9.75   clock uncertainty
                          0.00    9.75   clock reconvergence pessimism
                                  9.75 ^ _1108_/CLK (sky130_fd_sc_hd__dfrtp_2)
                         -0.50    9.25   library recovery time
                                  9.25   data required time
-----------------------------------------------------------------------------
                                  9.25   data required time
                                 -3.67   data arrival time
-----------------------------------------------------------------------------
                                  5.58   slack (MET)


Startpoint: rst_n (input port clocked by clk)
Endpoint: _1109_ (recovery check against rising-edge clock clk)
Path Group: asynchronous
Path Type: max

Fanout     Cap    Slew   Delay    Time   Description
-----------------------------------------------------------------------------
                  0.15    0.00    0.00   clock clk (rise edge)
                          0.00    0.00   clock network delay (ideal)
                          2.00    2.00 ^ input external delay
                  2.33    1.67    3.67 ^ rst_n (in)
   144    0.52                           rst_n (net)
                  2.33    0.00    3.67 ^ _1109_/RESET_B (sky130_fd_sc_hd__dfrtp_2)
                                  3.67   data arrival time

                  0.15   10.00   10.00   clock clk (rise edge)
                          0.00   10.00   clock network delay (ideal)
                         -0.25    9.75   clock uncertainty
                          0.00    9.75   clock reconvergence pessimism
                                  9.75 ^ _1109_/CLK (sky130_fd_sc_hd__dfrtp_2)
                         -0.50    9.25   library recovery time
                                  9.25   data required time
-----------------------------------------------------------------------------
                                  9.25   data required time
                                 -3.67   data arrival time
-----------------------------------------------------------------------------
                                  5.58   slack (MET)


Startpoint: rst_n (input port clocked by clk)
Endpoint: _1110_ (recovery check against rising-edge clock clk)
Path Group: asynchronous
Path Type: max

Fanout     Cap    Slew   Delay    Time   Description
-----------------------------------------------------------------------------
                  0.15    0.00    0.00   clock clk (rise edge)
                          0.00    0.00   clock network delay (ideal)
                          2.00    2.00 ^ input external delay
                  2.33    1.67    3.67 ^ rst_n (in)
   144    0.52                           rst_n (net)
                  2.33    0.00    3.67 ^ _1110_/RESET_B (sky130_fd_sc_hd__dfrtp_2)
                                  3.67   data arrival time

                  0.15   10.00   10.00   clock clk (rise edge)
                          0.00   10.00   clock network delay (ideal)
                         -0.25    9.75   clock uncertainty
                          0.00    9.75   clock reconvergence pessimism
                                  9.75 ^ _1110_/CLK (sky130_fd_sc_hd__dfrtp_2)
                         -0.50    9.25   library recovery time
                                  9.25   data required time
-----------------------------------------------------------------------------
                                  9.25   data required time
                                 -3.67   data arrival time
-----------------------------------------------------------------------------
                                  5.58   slack (MET)


Startpoint: rst_n (input port clocked by clk)
Endpoint: _1111_ (recovery check against rising-edge clock clk)
Path Group: asynchronous
Path Type: max

Fanout     Cap    Slew   Delay    Time   Description
-----------------------------------------------------------------------------
                  0.15    0.00    0.00   clock clk (rise edge)
                          0.00    0.00   clock network delay (ideal)
                          2.00    2.00 ^ input external delay
                  2.33    1.67    3.67 ^ rst_n (in)
   144    0.52                           rst_n (net)
                  2.33    0.00    3.67 ^ _1111_/RESET_B (sky130_fd_sc_hd__dfrtp_2)
                                  3.67   data arrival time

                  0.15   10.00   10.00   clock clk (rise edge)
                          0.00   10.00   clock network delay (ideal)
                         -0.25    9.75   clock uncertainty
                          0.00    9.75   clock reconvergence pessimism
                                  9.75 ^ _1111_/CLK (sky130_fd_sc_hd__dfrtp_2)
                         -0.50    9.25   library recovery time
                                  9.25   data required time
-----------------------------------------------------------------------------
                                  9.25   data required time
                                 -3.67   data arrival time
-----------------------------------------------------------------------------
                                  5.58   slack (MET)


Startpoint: rst_n (input port clocked by clk)
Endpoint: _1112_ (recovery check against rising-edge clock clk)
Path Group: asynchronous
Path Type: max

Fanout     Cap    Slew   Delay    Time   Description
-----------------------------------------------------------------------------
                  0.15    0.00    0.00   clock clk (rise edge)
                          0.00    0.00   clock network delay (ideal)
                          2.00    2.00 ^ input external delay
                  2.33    1.67    3.67 ^ rst_n (in)
   144    0.52                           rst_n (net)
                  2.33    0.00    3.67 ^ _1112_/RESET_B (sky130_fd_sc_hd__dfrtp_2)
                                  3.67   data arrival time

                  0.15   10.00   10.00   clock clk (rise edge)
                          0.00   10.00   clock network delay (ideal)
                         -0.25    9.75   clock uncertainty
                          0.00    9.75   clock reconvergence pessimism
                                  9.75 ^ _1112_/CLK (sky130_fd_sc_hd__dfrtp_2)
                         -0.50    9.25   library recovery time
                                  9.25   data required time
-----------------------------------------------------------------------------
                                  9.25   data required time
                                 -3.67   data arrival time
-----------------------------------------------------------------------------
                                  5.58   slack (MET)


Startpoint: rst_n (input port clocked by clk)
Endpoint: _1113_ (recovery check against rising-edge clock clk)
Path Group: asynchronous
Path Type: max

Fanout     Cap    Slew   Delay    Time   Description
-----------------------------------------------------------------------------
                  0.15    0.00    0.00   clock clk (rise edge)
                          0.00    0.00   clock network delay (ideal)
                          2.00    2.00 ^ input external delay
                  2.33    1.67    3.67 ^ rst_n (in)
   144    0.52                           rst_n (net)
                  2.33    0.00    3.67 ^ _1113_/RESET_B (sky130_fd_sc_hd__dfrtp_2)
                                  3.67   data arrival time

                  0.15   10.00   10.00   clock clk (rise edge)
                          0.00   10.00   clock network delay (ideal)
                         -0.25    9.75   clock uncertainty
                          0.00    9.75   clock reconvergence pessimism
                                  9.75 ^ _1113_/CLK (sky130_fd_sc_hd__dfrtp_2)
                         -0.50    9.25   library recovery time
                                  9.25   data required time
-----------------------------------------------------------------------------
                                  9.25   data required time
                                 -3.67   data arrival time
-----------------------------------------------------------------------------
                                  5.58   slack (MET)


Startpoint: rst_n (input port clocked by clk)
Endpoint: _1114_ (recovery check against rising-edge clock clk)
Path Group: asynchronous
Path Type: max

Fanout     Cap    Slew   Delay    Time   Description
-----------------------------------------------------------------------------
                  0.15    0.00    0.00   clock clk (rise edge)
                          0.00    0.00   clock network delay (ideal)
                          2.00    2.00 ^ input external delay
                  2.33    1.67    3.67 ^ rst_n (in)
   144    0.52                           rst_n (net)
                  2.33    0.00    3.67 ^ _1114_/RESET_B (sky130_fd_sc_hd__dfrtp_2)
                                  3.67   data arrival time

                  0.15   10.00   10.00   clock clk (rise edge)
                          0.00   10.00   clock network delay (ideal)
                         -0.25    9.75   clock uncertainty
                          0.00    9.75   clock reconvergence pessimism
                                  9.75 ^ _1114_/CLK (sky130_fd_sc_hd__dfrtp_2)
                         -0.50    9.25   library recovery time
                                  9.25   data required time
-----------------------------------------------------------------------------
                                  9.25   data required time
                                 -3.67   data arrival time
-----------------------------------------------------------------------------
                                  5.58   slack (MET)


Startpoint: rst_n (input port clocked by clk)
Endpoint: _1115_ (recovery check against rising-edge clock clk)
Path Group: asynchronous
Path Type: max

Fanout     Cap    Slew   Delay    Time   Description
-----------------------------------------------------------------------------
                  0.15    0.00    0.00   clock clk (rise edge)
                          0.00    0.00   clock network delay (ideal)
                          2.00    2.00 ^ input external delay
                  2.33    1.67    3.67 ^ rst_n (in)
   144    0.52                           rst_n (net)
                  2.33    0.00    3.67 ^ _1115_/RESET_B (sky130_fd_sc_hd__dfrtp_2)
                                  3.67   data arrival time

                  0.15   10.00   10.00   clock clk (rise edge)
                          0.00   10.00   clock network delay (ideal)
                         -0.25    9.75   clock uncertainty
                          0.00    9.75   clock reconvergence pessimism
                                  9.75 ^ _1115_/CLK (sky130_fd_sc_hd__dfrtp_2)
                         -0.50    9.25   library recovery time
                                  9.25   data required time
-----------------------------------------------------------------------------
                                  9.25   data required time
                                 -3.67   data arrival time
-----------------------------------------------------------------------------
                                  5.58   slack (MET)


Startpoint: rst_n (input port clocked by clk)
Endpoint: _1116_ (recovery check against rising-edge clock clk)
Path Group: asynchronous
Path Type: max

Fanout     Cap    Slew   Delay    Time   Description
-----------------------------------------------------------------------------
                  0.15    0.00    0.00   clock clk (rise edge)
                          0.00    0.00   clock network delay (ideal)
                          2.00    2.00 ^ input external delay
                  2.33    1.67    3.67 ^ rst_n (in)
   144    0.52                           rst_n (net)
                  2.33    0.00    3.67 ^ _1116_/RESET_B (sky130_fd_sc_hd__dfrtp_2)
                                  3.67   data arrival time

                  0.15   10.00   10.00   clock clk (rise edge)
                          0.00   10.00   clock network delay (ideal)
                         -0.25    9.75   clock uncertainty
                          0.00    9.75   clock reconvergence pessimism
                                  9.75 ^ _1116_/CLK (sky130_fd_sc_hd__dfrtp_2)
                         -0.50    9.25   library recovery time
                                  9.25   data required time
-----------------------------------------------------------------------------
                                  9.25   data required time
                                 -3.67   data arrival time
-----------------------------------------------------------------------------
                                  5.58   slack (MET)


Startpoint: rst_n (input port clocked by clk)
Endpoint: _1117_ (recovery check against rising-edge clock clk)
Path Group: asynchronous
Path Type: max

Fanout     Cap    Slew   Delay    Time   Description
-----------------------------------------------------------------------------
                  0.15    0.00    0.00   clock clk (rise edge)
                          0.00    0.00   clock network delay (ideal)
                          2.00    2.00 ^ input external delay
                  2.33    1.67    3.67 ^ rst_n (in)
   144    0.52                           rst_n (net)
                  2.33    0.00    3.67 ^ _1117_/RESET_B (sky130_fd_sc_hd__dfrtp_2)
                                  3.67   data arrival time

                  0.15   10.00   10.00   clock clk (rise edge)
                          0.00   10.00   clock network delay (ideal)
                         -0.25    9.75   clock uncertainty
                          0.00    9.75   clock reconvergence pessimism
                                  9.75 ^ _1117_/CLK (sky130_fd_sc_hd__dfrtp_2)
                         -0.50    9.25   library recovery time
                                  9.25   data required time
-----------------------------------------------------------------------------
                                  9.25   data required time
                                 -3.67   data arrival time
-----------------------------------------------------------------------------
                                  5.58   slack (MET)


Startpoint: rst_n (input port clocked by clk)
Endpoint: _1118_ (recovery check against rising-edge clock clk)
Path Group: asynchronous
Path Type: max

Fanout     Cap    Slew   Delay    Time   Description
-----------------------------------------------------------------------------
                  0.15    0.00    0.00   clock clk (rise edge)
                          0.00    0.00   clock network delay (ideal)
                          2.00    2.00 ^ input external delay
                  2.33    1.67    3.67 ^ rst_n (in)
   144    0.52                           rst_n (net)
                  2.33    0.00    3.67 ^ _1118_/RESET_B (sky130_fd_sc_hd__dfrtp_2)
                                  3.67   data arrival time

                  0.15   10.00   10.00   clock clk (rise edge)
                          0.00   10.00   clock network delay (ideal)
                         -0.25    9.75   clock uncertainty
                          0.00    9.75   clock reconvergence pessimism
                                  9.75 ^ _1118_/CLK (sky130_fd_sc_hd__dfrtp_2)
                         -0.50    9.25   library recovery time
                                  9.25   data required time
-----------------------------------------------------------------------------
                                  9.25   data required time
                                 -3.67   data arrival time
-----------------------------------------------------------------------------
                                  5.58   slack (MET)


Startpoint: rst_n (input port clocked by clk)
Endpoint: _1119_ (recovery check against rising-edge clock clk)
Path Group: asynchronous
Path Type: max

Fanout     Cap    Slew   Delay    Time   Description
-----------------------------------------------------------------------------
                  0.15    0.00    0.00   clock clk (rise edge)
                          0.00    0.00   clock network delay (ideal)
                          2.00    2.00 ^ input external delay
                  2.33    1.67    3.67 ^ rst_n (in)
   144    0.52                           rst_n (net)
                  2.33    0.00    3.67 ^ _1119_/RESET_B (sky130_fd_sc_hd__dfrtp_2)
                                  3.67   data arrival time

                  0.15   10.00   10.00   clock clk (rise edge)
                          0.00   10.00   clock network delay (ideal)
                         -0.25    9.75   clock uncertainty
                          0.00    9.75   clock reconvergence pessimism
                                  9.75 ^ _1119_/CLK (sky130_fd_sc_hd__dfrtp_2)
                         -0.50    9.25   library recovery time
                                  9.25   data required time
-----------------------------------------------------------------------------
                                  9.25   data required time
                                 -3.67   data arrival time
-----------------------------------------------------------------------------
                                  5.58   slack (MET)


Startpoint: rst_n (input port clocked by clk)
Endpoint: _1120_ (recovery check against rising-edge clock clk)
Path Group: asynchronous
Path Type: max

Fanout     Cap    Slew   Delay    Time   Description
-----------------------------------------------------------------------------
                  0.15    0.00    0.00   clock clk (rise edge)
                          0.00    0.00   clock network delay (ideal)
                          2.00    2.00 ^ input external delay
                  2.33    1.67    3.67 ^ rst_n (in)
   144    0.52                           rst_n (net)
                  2.33    0.00    3.67 ^ _1120_/RESET_B (sky130_fd_sc_hd__dfrtp_2)
                                  3.67   data arrival time

                  0.15   10.00   10.00   clock clk (rise edge)
                          0.00   10.00   clock network delay (ideal)
                         -0.25    9.75   clock uncertainty
                          0.00    9.75   clock reconvergence pessimism
                                  9.75 ^ _1120_/CLK (sky130_fd_sc_hd__dfrtp_2)
                         -0.50    9.25   library recovery time
                                  9.25   data required time
-----------------------------------------------------------------------------
                                  9.25   data required time
                                 -3.67   data arrival time
-----------------------------------------------------------------------------
                                  5.58   slack (MET)


Startpoint: rst_n (input port clocked by clk)
Endpoint: _1121_ (recovery check against rising-edge clock clk)
Path Group: asynchronous
Path Type: max

Fanout     Cap    Slew   Delay    Time   Description
-----------------------------------------------------------------------------
                  0.15    0.00    0.00   clock clk (rise edge)
                          0.00    0.00   clock network delay (ideal)
                          2.00    2.00 ^ input external delay
                  2.33    1.67    3.67 ^ rst_n (in)
   144    0.52                           rst_n (net)
                  2.33    0.00    3.67 ^ _1121_/RESET_B (sky130_fd_sc_hd__dfrtp_2)
                                  3.67   data arrival time

                  0.15   10.00   10.00   clock clk (rise edge)
                          0.00   10.00   clock network delay (ideal)
                         -0.25    9.75   clock uncertainty
                          0.00    9.75   clock reconvergence pessimism
                                  9.75 ^ _1121_/CLK (sky130_fd_sc_hd__dfrtp_2)
                         -0.50    9.25   library recovery time
                                  9.25   data required time
-----------------------------------------------------------------------------
                                  9.25   data required time
                                 -3.67   data arrival time
-----------------------------------------------------------------------------
                                  5.58   slack (MET)


Startpoint: rst_n (input port clocked by clk)
Endpoint: _1122_ (recovery check against rising-edge clock clk)
Path Group: asynchronous
Path Type: max

Fanout     Cap    Slew   Delay    Time   Description
-----------------------------------------------------------------------------
                  0.15    0.00    0.00   clock clk (rise edge)
                          0.00    0.00   clock network delay (ideal)
                          2.00    2.00 ^ input external delay
                  2.33    1.67    3.67 ^ rst_n (in)
   144    0.52                           rst_n (net)
                  2.33    0.00    3.67 ^ _1122_/RESET_B (sky130_fd_sc_hd__dfrtp_2)
                                  3.67   data arrival time

                  0.15   10.00   10.00   clock clk (rise edge)
                          0.00   10.00   clock network delay (ideal)
                         -0.25    9.75   clock uncertainty
                          0.00    9.75   clock reconvergence pessimism
                                  9.75 ^ _1122_/CLK (sky130_fd_sc_hd__dfrtp_2)
                         -0.50    9.25   library recovery time
                                  9.25   data required time
-----------------------------------------------------------------------------
                                  9.25   data required time
                                 -3.67   data arrival time
-----------------------------------------------------------------------------
                                  5.58   slack (MET)


Startpoint: rst_n (input port clocked by clk)
Endpoint: _1123_ (recovery check against rising-edge clock clk)
Path Group: asynchronous
Path Type: max

Fanout     Cap    Slew   Delay    Time   Description
-----------------------------------------------------------------------------
                  0.15    0.00    0.00   clock clk (rise edge)
                          0.00    0.00   clock network delay (ideal)
                          2.00    2.00 ^ input external delay
                  2.33    1.67    3.67 ^ rst_n (in)
   144    0.52                           rst_n (net)
                  2.33    0.00    3.67 ^ _1123_/RESET_B (sky130_fd_sc_hd__dfrtp_2)
                                  3.67   data arrival time

                  0.15   10.00   10.00   clock clk (rise edge)
                          0.00   10.00   clock network delay (ideal)
                         -0.25    9.75   clock uncertainty
                          0.00    9.75   clock reconvergence pessimism
                                  9.75 ^ _1123_/CLK (sky130_fd_sc_hd__dfrtp_2)
                         -0.50    9.25   library recovery time
                                  9.25   data required time
-----------------------------------------------------------------------------
                                  9.25   data required time
                                 -3.67   data arrival time
-----------------------------------------------------------------------------
                                  5.58   slack (MET)


Startpoint: rst_n (input port clocked by clk)
Endpoint: _1124_ (recovery check against rising-edge clock clk)
Path Group: asynchronous
Path Type: max

Fanout     Cap    Slew   Delay    Time   Description
-----------------------------------------------------------------------------
                  0.15    0.00    0.00   clock clk (rise edge)
                          0.00    0.00   clock network delay (ideal)
                          2.00    2.00 ^ input external delay
                  2.33    1.67    3.67 ^ rst_n (in)
   144    0.52                           rst_n (net)
                  2.33    0.00    3.67 ^ _1124_/RESET_B (sky130_fd_sc_hd__dfrtp_2)
                                  3.67   data arrival time

                  0.15   10.00   10.00   clock clk (rise edge)
                          0.00   10.00   clock network delay (ideal)
                         -0.25    9.75   clock uncertainty
                          0.00    9.75   clock reconvergence pessimism
                                  9.75 ^ _1124_/CLK (sky130_fd_sc_hd__dfrtp_2)
                         -0.50    9.25   library recovery time
                                  9.25   data required time
-----------------------------------------------------------------------------
                                  9.25   data required time
                                 -3.67   data arrival time
-----------------------------------------------------------------------------
                                  5.58   slack (MET)


Startpoint: rst_n (input port clocked by clk)
Endpoint: _1125_ (recovery check against rising-edge clock clk)
Path Group: asynchronous
Path Type: max

Fanout     Cap    Slew   Delay    Time   Description
-----------------------------------------------------------------------------
                  0.15    0.00    0.00   clock clk (rise edge)
                          0.00    0.00   clock network delay (ideal)
                          2.00    2.00 ^ input external delay
                  2.33    1.67    3.67 ^ rst_n (in)
   144    0.52                           rst_n (net)
                  2.33    0.00    3.67 ^ _1125_/RESET_B (sky130_fd_sc_hd__dfrtp_2)
                                  3.67   data arrival time

                  0.15   10.00   10.00   clock clk (rise edge)
                          0.00   10.00   clock network delay (ideal)
                         -0.25    9.75   clock uncertainty
                          0.00    9.75   clock reconvergence pessimism
                                  9.75 ^ _1125_/CLK (sky130_fd_sc_hd__dfrtp_2)
                         -0.50    9.25   library recovery time
                                  9.25   data required time
-----------------------------------------------------------------------------
                                  9.25   data required time
                                 -3.67   data arrival time
-----------------------------------------------------------------------------
                                  5.58   slack (MET)


Startpoint: rst_n (input port clocked by clk)
Endpoint: _1126_ (recovery check against rising-edge clock clk)
Path Group: asynchronous
Path Type: max

Fanout     Cap    Slew   Delay    Time   Description
-----------------------------------------------------------------------------
                  0.15    0.00    0.00   clock clk (rise edge)
                          0.00    0.00   clock network delay (ideal)
                          2.00    2.00 ^ input external delay
                  2.33    1.67    3.67 ^ rst_n (in)
   144    0.52                           rst_n (net)
                  2.33    0.00    3.67 ^ _1126_/RESET_B (sky130_fd_sc_hd__dfrtp_2)
                                  3.67   data arrival time

                  0.15   10.00   10.00   clock clk (rise edge)
                          0.00   10.00   clock network delay (ideal)
                         -0.25    9.75   clock uncertainty
                          0.00    9.75   clock reconvergence pessimism
                                  9.75 ^ _1126_/CLK (sky130_fd_sc_hd__dfrtp_2)
                         -0.50    9.25   library recovery time
                                  9.25   data required time
-----------------------------------------------------------------------------
                                  9.25   data required time
                                 -3.67   data arrival time
-----------------------------------------------------------------------------
                                  5.58   slack (MET)


Startpoint: rst_n (input port clocked by clk)
Endpoint: _1127_ (recovery check against rising-edge clock clk)
Path Group: asynchronous
Path Type: max

Fanout     Cap    Slew   Delay    Time   Description
-----------------------------------------------------------------------------
                  0.15    0.00    0.00   clock clk (rise edge)
                          0.00    0.00   clock network delay (ideal)
                          2.00    2.00 ^ input external delay
                  2.33    1.67    3.67 ^ rst_n (in)
   144    0.52                           rst_n (net)
                  2.33    0.00    3.67 ^ _1127_/RESET_B (sky130_fd_sc_hd__dfrtp_2)
                                  3.67   data arrival time

                  0.15   10.00   10.00   clock clk (rise edge)
                          0.00   10.00   clock network delay (ideal)
                         -0.25    9.75   clock uncertainty
                          0.00    9.75   clock reconvergence pessimism
                                  9.75 ^ _1127_/CLK (sky130_fd_sc_hd__dfrtp_2)
                         -0.50    9.25   library recovery time
                                  9.25   data required time
-----------------------------------------------------------------------------
                                  9.25   data required time
                                 -3.67   data arrival time
-----------------------------------------------------------------------------
                                  5.58   slack (MET)


Startpoint: rst_n (input port clocked by clk)
Endpoint: _1128_ (recovery check against rising-edge clock clk)
Path Group: asynchronous
Path Type: max

Fanout     Cap    Slew   Delay    Time   Description
-----------------------------------------------------------------------------
                  0.15    0.00    0.00   clock clk (rise edge)
                          0.00    0.00   clock network delay (ideal)
                          2.00    2.00 ^ input external delay
                  2.33    1.67    3.67 ^ rst_n (in)
   144    0.52                           rst_n (net)
                  2.33    0.00    3.67 ^ _1128_/RESET_B (sky130_fd_sc_hd__dfrtp_2)
                                  3.67   data arrival time

                  0.15   10.00   10.00   clock clk (rise edge)
                          0.00   10.00   clock network delay (ideal)
                         -0.25    9.75   clock uncertainty
                          0.00    9.75   clock reconvergence pessimism
                                  9.75 ^ _1128_/CLK (sky130_fd_sc_hd__dfrtp_2)
                         -0.50    9.25   library recovery time
                                  9.25   data required time
-----------------------------------------------------------------------------
                                  9.25   data required time
                                 -3.67   data arrival time
-----------------------------------------------------------------------------
                                  5.58   slack (MET)


Startpoint: rst_n (input port clocked by clk)
Endpoint: _1129_ (recovery check against rising-edge clock clk)
Path Group: asynchronous
Path Type: max

Fanout     Cap    Slew   Delay    Time   Description
-----------------------------------------------------------------------------
                  0.15    0.00    0.00   clock clk (rise edge)
                          0.00    0.00   clock network delay (ideal)
                          2.00    2.00 ^ input external delay
                  2.33    1.67    3.67 ^ rst_n (in)
   144    0.52                           rst_n (net)
                  2.33    0.00    3.67 ^ _1129_/RESET_B (sky130_fd_sc_hd__dfrtp_2)
                                  3.67   data arrival time

                  0.15   10.00   10.00   clock clk (rise edge)
                          0.00   10.00   clock network delay (ideal)
                         -0.25    9.75   clock uncertainty
                          0.00    9.75   clock reconvergence pessimism
                                  9.75 ^ _1129_/CLK (sky130_fd_sc_hd__dfrtp_2)
                         -0.50    9.25   library recovery time
                                  9.25   data required time
-----------------------------------------------------------------------------
                                  9.25   data required time
                                 -3.67   data arrival time
-----------------------------------------------------------------------------
                                  5.58   slack (MET)


Startpoint: rst_n (input port clocked by clk)
Endpoint: _1130_ (recovery check against rising-edge clock clk)
Path Group: asynchronous
Path Type: max

Fanout     Cap    Slew   Delay    Time   Description
-----------------------------------------------------------------------------
                  0.15    0.00    0.00   clock clk (rise edge)
                          0.00    0.00   clock network delay (ideal)
                          2.00    2.00 ^ input external delay
                  2.33    1.67    3.67 ^ rst_n (in)
   144    0.52                           rst_n (net)
                  2.33    0.00    3.67 ^ _1130_/RESET_B (sky130_fd_sc_hd__dfrtp_2)
                                  3.67   data arrival time

                  0.15   10.00   10.00   clock clk (rise edge)
                          0.00   10.00   clock network delay (ideal)
                         -0.25    9.75   clock uncertainty
                          0.00    9.75   clock reconvergence pessimism
                                  9.75 ^ _1130_/CLK (sky130_fd_sc_hd__dfrtp_2)
                         -0.50    9.25   library recovery time
                                  9.25   data required time
-----------------------------------------------------------------------------
                                  9.25   data required time
                                 -3.67   data arrival time
-----------------------------------------------------------------------------
                                  5.58   slack (MET)


Startpoint: rst_n (input port clocked by clk)
Endpoint: _1131_ (recovery check against rising-edge clock clk)
Path Group: asynchronous
Path Type: max

Fanout     Cap    Slew   Delay    Time   Description
-----------------------------------------------------------------------------
                  0.15    0.00    0.00   clock clk (rise edge)
                          0.00    0.00   clock network delay (ideal)
                          2.00    2.00 ^ input external delay
                  2.33    1.67    3.67 ^ rst_n (in)
   144    0.52                           rst_n (net)
                  2.33    0.00    3.67 ^ _1131_/RESET_B (sky130_fd_sc_hd__dfrtp_2)
                                  3.67   data arrival time

                  0.15   10.00   10.00   clock clk (rise edge)
                          0.00   10.00   clock network delay (ideal)
                         -0.25    9.75   clock uncertainty
                          0.00    9.75   clock reconvergence pessimism
                                  9.75 ^ _1131_/CLK (sky130_fd_sc_hd__dfrtp_2)
                         -0.50    9.25   library recovery time
                                  9.25   data required time
-----------------------------------------------------------------------------
                                  9.25   data required time
                                 -3.67   data arrival time
-----------------------------------------------------------------------------
                                  5.58   slack (MET)


Startpoint: rst_n (input port clocked by clk)
Endpoint: _1132_ (recovery check against rising-edge clock clk)
Path Group: asynchronous
Path Type: max

Fanout     Cap    Slew   Delay    Time   Description
-----------------------------------------------------------------------------
                  0.15    0.00    0.00   clock clk (rise edge)
                          0.00    0.00   clock network delay (ideal)
                          2.00    2.00 ^ input external delay
                  2.33    1.67    3.67 ^ rst_n (in)
   144    0.52                           rst_n (net)
                  2.33    0.00    3.67 ^ _1132_/RESET_B (sky130_fd_sc_hd__dfrtp_2)
                                  3.67   data arrival time

                  0.15   10.00   10.00   clock clk (rise edge)
                          0.00   10.00   clock network delay (ideal)
                         -0.25    9.75   clock uncertainty
                          0.00    9.75   clock reconvergence pessimism
                                  9.75 ^ _1132_/CLK (sky130_fd_sc_hd__dfrtp_2)
                         -0.50    9.25   library recovery time
                                  9.25   data required time
-----------------------------------------------------------------------------
                                  9.25   data required time
                                 -3.67   data arrival time
-----------------------------------------------------------------------------
                                  5.58   slack (MET)


Startpoint: rst_n (input port clocked by clk)
Endpoint: _1135_ (recovery check against rising-edge clock clk)
Path Group: asynchronous
Path Type: max

Fanout     Cap    Slew   Delay    Time   Description
-----------------------------------------------------------------------------
                  0.15    0.00    0.00   clock clk (rise edge)
                          0.00    0.00   clock network delay (ideal)
                          2.00    2.00 ^ input external delay
                  2.33    1.67    3.67 ^ rst_n (in)
   144    0.52                           rst_n (net)
                  2.33    0.00    3.67 ^ _1135_/RESET_B (sky130_fd_sc_hd__dfrtp_2)
                                  3.67   data arrival time

                  0.15   10.00   10.00   clock clk (rise edge)
                          0.00   10.00   clock network delay (ideal)
                         -0.25    9.75   clock uncertainty
                          0.00    9.75   clock reconvergence pessimism
                                  9.75 ^ _1135_/CLK (sky130_fd_sc_hd__dfrtp_2)
                         -0.50    9.25   library recovery time
                                  9.25   data required time
-----------------------------------------------------------------------------
                                  9.25   data required time
                                 -3.67   data arrival time
-----------------------------------------------------------------------------
                                  5.58   slack (MET)


Startpoint: rst_n (input port clocked by clk)
Endpoint: _1136_ (recovery check against rising-edge clock clk)
Path Group: asynchronous
Path Type: max

Fanout     Cap    Slew   Delay    Time   Description
-----------------------------------------------------------------------------
                  0.15    0.00    0.00   clock clk (rise edge)
                          0.00    0.00   clock network delay (ideal)
                          2.00    2.00 ^ input external delay
                  2.33    1.67    3.67 ^ rst_n (in)
   144    0.52                           rst_n (net)
                  2.33    0.00    3.67 ^ _1136_/RESET_B (sky130_fd_sc_hd__dfrtp_2)
                                  3.67   data arrival time

                  0.15   10.00   10.00   clock clk (rise edge)
                          0.00   10.00   clock network delay (ideal)
                         -0.25    9.75   clock uncertainty
                          0.00    9.75   clock reconvergence pessimism
                                  9.75 ^ _1136_/CLK (sky130_fd_sc_hd__dfrtp_2)
                         -0.50    9.25   library recovery time
                                  9.25   data required time
-----------------------------------------------------------------------------
                                  9.25   data required time
                                 -3.67   data arrival time
-----------------------------------------------------------------------------
                                  5.58   slack (MET)


Startpoint: rst_n (input port clocked by clk)
Endpoint: _1138_ (recovery check against rising-edge clock clk)
Path Group: asynchronous
Path Type: max

Fanout     Cap    Slew   Delay    Time   Description
-----------------------------------------------------------------------------
                  0.15    0.00    0.00   clock clk (rise edge)
                          0.00    0.00   clock network delay (ideal)
                          2.00    2.00 ^ input external delay
                  2.33    1.67    3.67 ^ rst_n (in)
   144    0.52                           rst_n (net)
                  2.33    0.00    3.67 ^ _1138_/RESET_B (sky130_fd_sc_hd__dfrtp_2)
                                  3.67   data arrival time

                  0.15   10.00   10.00   clock clk (rise edge)
                          0.00   10.00   clock network delay (ideal)
                         -0.25    9.75   clock uncertainty
                          0.00    9.75   clock reconvergence pessimism
                                  9.75 ^ _1138_/CLK (sky130_fd_sc_hd__dfrtp_2)
                         -0.50    9.25   library recovery time
                                  9.25   data required time
-----------------------------------------------------------------------------
                                  9.25   data required time
                                 -3.67   data arrival time
-----------------------------------------------------------------------------
                                  5.58   slack (MET)


Startpoint: rst_n (input port clocked by clk)
Endpoint: _1139_ (recovery check against rising-edge clock clk)
Path Group: asynchronous
Path Type: max

Fanout     Cap    Slew   Delay    Time   Description
-----------------------------------------------------------------------------
                  0.15    0.00    0.00   clock clk (rise edge)
                          0.00    0.00   clock network delay (ideal)
                          2.00    2.00 ^ input external delay
                  2.33    1.67    3.67 ^ rst_n (in)
   144    0.52                           rst_n (net)
                  2.33    0.00    3.67 ^ _1139_/RESET_B (sky130_fd_sc_hd__dfrtp_2)
                                  3.67   data arrival time

                  0.15   10.00   10.00   clock clk (rise edge)
                          0.00   10.00   clock network delay (ideal)
                         -0.25    9.75   clock uncertainty
                          0.00    9.75   clock reconvergence pessimism
                                  9.75 ^ _1139_/CLK (sky130_fd_sc_hd__dfrtp_2)
                         -0.50    9.25   library recovery time
                                  9.25   data required time
-----------------------------------------------------------------------------
                                  9.25   data required time
                                 -3.67   data arrival time
-----------------------------------------------------------------------------
                                  5.58   slack (MET)


Startpoint: rst_n (input port clocked by clk)
Endpoint: _1141_ (recovery check against rising-edge clock clk)
Path Group: asynchronous
Path Type: max

Fanout     Cap    Slew   Delay    Time   Description
-----------------------------------------------------------------------------
                  0.15    0.00    0.00   clock clk (rise edge)
                          0.00    0.00   clock network delay (ideal)
                          2.00    2.00 ^ input external delay
                  2.33    1.67    3.67 ^ rst_n (in)
   144    0.52                           rst_n (net)
                  2.33    0.00    3.67 ^ _1141_/RESET_B (sky130_fd_sc_hd__dfrtp_2)
                                  3.67   data arrival time

                  0.15   10.00   10.00   clock clk (rise edge)
                          0.00   10.00   clock network delay (ideal)
                         -0.25    9.75   clock uncertainty
                          0.00    9.75   clock reconvergence pessimism
                                  9.75 ^ _1141_/CLK (sky130_fd_sc_hd__dfrtp_2)
                         -0.50    9.25   library recovery time
                                  9.25   data required time
-----------------------------------------------------------------------------
                                  9.25   data required time
                                 -3.67   data arrival time
-----------------------------------------------------------------------------
                                  5.58   slack (MET)


Startpoint: rst_n (input port clocked by clk)
Endpoint: _1142_ (recovery check against rising-edge clock clk)
Path Group: asynchronous
Path Type: max

Fanout     Cap    Slew   Delay    Time   Description
-----------------------------------------------------------------------------
                  0.15    0.00    0.00   clock clk (rise edge)
                          0.00    0.00   clock network delay (ideal)
                          2.00    2.00 ^ input external delay
                  2.33    1.67    3.67 ^ rst_n (in)
   144    0.52                           rst_n (net)
                  2.33    0.00    3.67 ^ _1142_/RESET_B (sky130_fd_sc_hd__dfrtp_2)
                                  3.67   data arrival time

                  0.15   10.00   10.00   clock clk (rise edge)
                          0.00   10.00   clock network delay (ideal)
                         -0.25    9.75   clock uncertainty
                          0.00    9.75   clock reconvergence pessimism
                                  9.75 ^ _1142_/CLK (sky130_fd_sc_hd__dfrtp_2)
                         -0.50    9.25   library recovery time
                                  9.25   data required time
-----------------------------------------------------------------------------
                                  9.25   data required time
                                 -3.67   data arrival time
-----------------------------------------------------------------------------
                                  5.58   slack (MET)


Startpoint: rst_n (input port clocked by clk)
Endpoint: _1143_ (recovery check against rising-edge clock clk)
Path Group: asynchronous
Path Type: max

Fanout     Cap    Slew   Delay    Time   Description
-----------------------------------------------------------------------------
                  0.15    0.00    0.00   clock clk (rise edge)
                          0.00    0.00   clock network delay (ideal)
                          2.00    2.00 ^ input external delay
                  2.33    1.67    3.67 ^ rst_n (in)
   144    0.52                           rst_n (net)
                  2.33    0.00    3.67 ^ _1143_/RESET_B (sky130_fd_sc_hd__dfrtp_2)
                                  3.67   data arrival time

                  0.15   10.00   10.00   clock clk (rise edge)
                          0.00   10.00   clock network delay (ideal)
                         -0.25    9.75   clock uncertainty
                          0.00    9.75   clock reconvergence pessimism
                                  9.75 ^ _1143_/CLK (sky130_fd_sc_hd__dfrtp_2)
                         -0.50    9.25   library recovery time
                                  9.25   data required time
-----------------------------------------------------------------------------
                                  9.25   data required time
                                 -3.67   data arrival time
-----------------------------------------------------------------------------
                                  5.58   slack (MET)


Startpoint: rst_n (input port clocked by clk)
Endpoint: _1144_ (recovery check against rising-edge clock clk)
Path Group: asynchronous
Path Type: max

Fanout     Cap    Slew   Delay    Time   Description
-----------------------------------------------------------------------------
                  0.15    0.00    0.00   clock clk (rise edge)
                          0.00    0.00   clock network delay (ideal)
                          2.00    2.00 ^ input external delay
                  2.33    1.67    3.67 ^ rst_n (in)
   144    0.52                           rst_n (net)
                  2.33    0.00    3.67 ^ _1144_/RESET_B (sky130_fd_sc_hd__dfrtp_2)
                                  3.67   data arrival time

                  0.15   10.00   10.00   clock clk (rise edge)
                          0.00   10.00   clock network delay (ideal)
                         -0.25    9.75   clock uncertainty
                          0.00    9.75   clock reconvergence pessimism
                                  9.75 ^ _1144_/CLK (sky130_fd_sc_hd__dfrtp_2)
                         -0.50    9.25   library recovery time
                                  9.25   data required time
-----------------------------------------------------------------------------
                                  9.25   data required time
                                 -3.67   data arrival time
-----------------------------------------------------------------------------
                                  5.58   slack (MET)


Startpoint: rst_n (input port clocked by clk)
Endpoint: _1145_ (recovery check against rising-edge clock clk)
Path Group: asynchronous
Path Type: max

Fanout     Cap    Slew   Delay    Time   Description
-----------------------------------------------------------------------------
                  0.15    0.00    0.00   clock clk (rise edge)
                          0.00    0.00   clock network delay (ideal)
                          2.00    2.00 ^ input external delay
                  2.33    1.67    3.67 ^ rst_n (in)
   144    0.52                           rst_n (net)
                  2.33    0.00    3.67 ^ _1145_/RESET_B (sky130_fd_sc_hd__dfrtp_2)
                                  3.67   data arrival time

                  0.15   10.00   10.00   clock clk (rise edge)
                          0.00   10.00   clock network delay (ideal)
                         -0.25    9.75   clock uncertainty
                          0.00    9.75   clock reconvergence pessimism
                                  9.75 ^ _1145_/CLK (sky130_fd_sc_hd__dfrtp_2)
                         -0.50    9.25   library recovery time
                                  9.25   data required time
-----------------------------------------------------------------------------
                                  9.25   data required time
                                 -3.67   data arrival time
-----------------------------------------------------------------------------
                                  5.58   slack (MET)


Startpoint: rst_n (input port clocked by clk)
Endpoint: _1146_ (recovery check against rising-edge clock clk)
Path Group: asynchronous
Path Type: max

Fanout     Cap    Slew   Delay    Time   Description
-----------------------------------------------------------------------------
                  0.15    0.00    0.00   clock clk (rise edge)
                          0.00    0.00   clock network delay (ideal)
                          2.00    2.00 ^ input external delay
                  2.33    1.67    3.67 ^ rst_n (in)
   144    0.52                           rst_n (net)
                  2.33    0.00    3.67 ^ _1146_/RESET_B (sky130_fd_sc_hd__dfrtp_2)
                                  3.67   data arrival time

                  0.15   10.00   10.00   clock clk (rise edge)
                          0.00   10.00   clock network delay (ideal)
                         -0.25    9.75   clock uncertainty
                          0.00    9.75   clock reconvergence pessimism
                                  9.75 ^ _1146_/CLK (sky130_fd_sc_hd__dfrtp_2)
                         -0.50    9.25   library recovery time
                                  9.25   data required time
-----------------------------------------------------------------------------
                                  9.25   data required time
                                 -3.67   data arrival time
-----------------------------------------------------------------------------
                                  5.58   slack (MET)


Startpoint: rst_n (input port clocked by clk)
Endpoint: _1147_ (recovery check against rising-edge clock clk)
Path Group: asynchronous
Path Type: max

Fanout     Cap    Slew   Delay    Time   Description
-----------------------------------------------------------------------------
                  0.15    0.00    0.00   clock clk (rise edge)
                          0.00    0.00   clock network delay (ideal)
                          2.00    2.00 ^ input external delay
                  2.33    1.67    3.67 ^ rst_n (in)
   144    0.52                           rst_n (net)
                  2.33    0.00    3.67 ^ _1147_/RESET_B (sky130_fd_sc_hd__dfrtp_2)
                                  3.67   data arrival time

                  0.15   10.00   10.00   clock clk (rise edge)
                          0.00   10.00   clock network delay (ideal)
                         -0.25    9.75   clock uncertainty
                          0.00    9.75   clock reconvergence pessimism
                                  9.75 ^ _1147_/CLK (sky130_fd_sc_hd__dfrtp_2)
                         -0.50    9.25   library recovery time
                                  9.25   data required time
-----------------------------------------------------------------------------
                                  9.25   data required time
                                 -3.67   data arrival time
-----------------------------------------------------------------------------
                                  5.58   slack (MET)


Startpoint: rst_n (input port clocked by clk)
Endpoint: _1148_ (recovery check against rising-edge clock clk)
Path Group: asynchronous
Path Type: max

Fanout     Cap    Slew   Delay    Time   Description
-----------------------------------------------------------------------------
                  0.15    0.00    0.00   clock clk (rise edge)
                          0.00    0.00   clock network delay (ideal)
                          2.00    2.00 ^ input external delay
                  2.33    1.67    3.67 ^ rst_n (in)
   144    0.52                           rst_n (net)
                  2.33    0.00    3.67 ^ _1148_/RESET_B (sky130_fd_sc_hd__dfrtp_2)
                                  3.67   data arrival time

                  0.15   10.00   10.00   clock clk (rise edge)
                          0.00   10.00   clock network delay (ideal)
                         -0.25    9.75   clock uncertainty
                          0.00    9.75   clock reconvergence pessimism
                                  9.75 ^ _1148_/CLK (sky130_fd_sc_hd__dfrtp_2)
                         -0.50    9.25   library recovery time
                                  9.25   data required time
-----------------------------------------------------------------------------
                                  9.25   data required time
                                 -3.67   data arrival time
-----------------------------------------------------------------------------
                                  5.58   slack (MET)


Startpoint: rst_n (input port clocked by clk)
Endpoint: _1149_ (recovery check against rising-edge clock clk)
Path Group: asynchronous
Path Type: max

Fanout     Cap    Slew   Delay    Time   Description
-----------------------------------------------------------------------------
                  0.15    0.00    0.00   clock clk (rise edge)
                          0.00    0.00   clock network delay (ideal)
                          2.00    2.00 ^ input external delay
                  2.33    1.67    3.67 ^ rst_n (in)
   144    0.52                           rst_n (net)
                  2.33    0.00    3.67 ^ _1149_/RESET_B (sky130_fd_sc_hd__dfrtp_2)
                                  3.67   data arrival time

                  0.15   10.00   10.00   clock clk (rise edge)
                          0.00   10.00   clock network delay (ideal)
                         -0.25    9.75   clock uncertainty
                          0.00    9.75   clock reconvergence pessimism
                                  9.75 ^ _1149_/CLK (sky130_fd_sc_hd__dfrtp_2)
                         -0.50    9.25   library recovery time
                                  9.25   data required time
-----------------------------------------------------------------------------
                                  9.25   data required time
                                 -3.67   data arrival time
-----------------------------------------------------------------------------
                                  5.58   slack (MET)


Startpoint: rst_n (input port clocked by clk)
Endpoint: _1150_ (recovery check against rising-edge clock clk)
Path Group: asynchronous
Path Type: max

Fanout     Cap    Slew   Delay    Time   Description
-----------------------------------------------------------------------------
                  0.15    0.00    0.00   clock clk (rise edge)
                          0.00    0.00   clock network delay (ideal)
                          2.00    2.00 ^ input external delay
                  2.33    1.67    3.67 ^ rst_n (in)
   144    0.52                           rst_n (net)
                  2.33    0.00    3.67 ^ _1150_/RESET_B (sky130_fd_sc_hd__dfrtp_2)
                                  3.67   data arrival time

                  0.15   10.00   10.00   clock clk (rise edge)
                          0.00   10.00   clock network delay (ideal)
                         -0.25    9.75   clock uncertainty
                          0.00    9.75   clock reconvergence pessimism
                                  9.75 ^ _1150_/CLK (sky130_fd_sc_hd__dfrtp_2)
                         -0.50    9.25   library recovery time
                                  9.25   data required time
-----------------------------------------------------------------------------
                                  9.25   data required time
                                 -3.67   data arrival time
-----------------------------------------------------------------------------
                                  5.58   slack (MET)


Startpoint: rst_n (input port clocked by clk)
Endpoint: _1151_ (recovery check against rising-edge clock clk)
Path Group: asynchronous
Path Type: max

Fanout     Cap    Slew   Delay    Time   Description
-----------------------------------------------------------------------------
                  0.15    0.00    0.00   clock clk (rise edge)
                          0.00    0.00   clock network delay (ideal)
                          2.00    2.00 ^ input external delay
                  2.33    1.67    3.67 ^ rst_n (in)
   144    0.52                           rst_n (net)
                  2.33    0.00    3.67 ^ _1151_/RESET_B (sky130_fd_sc_hd__dfrtp_2)
                                  3.67   data arrival time

                  0.15   10.00   10.00   clock clk (rise edge)
                          0.00   10.00   clock network delay (ideal)
                         -0.25    9.75   clock uncertainty
                          0.00    9.75   clock reconvergence pessimism
                                  9.75 ^ _1151_/CLK (sky130_fd_sc_hd__dfrtp_2)
                         -0.50    9.25   library recovery time
                                  9.25   data required time
-----------------------------------------------------------------------------
                                  9.25   data required time
                                 -3.67   data arrival time
-----------------------------------------------------------------------------
                                  5.58   slack (MET)


Startpoint: rst_n (input port clocked by clk)
Endpoint: _1152_ (recovery check against rising-edge clock clk)
Path Group: asynchronous
Path Type: max

Fanout     Cap    Slew   Delay    Time   Description
-----------------------------------------------------------------------------
                  0.15    0.00    0.00   clock clk (rise edge)
                          0.00    0.00   clock network delay (ideal)
                          2.00    2.00 ^ input external delay
                  2.33    1.67    3.67 ^ rst_n (in)
   144    0.52                           rst_n (net)
                  2.33    0.00    3.67 ^ _1152_/RESET_B (sky130_fd_sc_hd__dfrtp_2)
                                  3.67   data arrival time

                  0.15   10.00   10.00   clock clk (rise edge)
                          0.00   10.00   clock network delay (ideal)
                         -0.25    9.75   clock uncertainty
                          0.00    9.75   clock reconvergence pessimism
                                  9.75 ^ _1152_/CLK (sky130_fd_sc_hd__dfrtp_2)
                         -0.50    9.25   library recovery time
                                  9.25   data required time
-----------------------------------------------------------------------------
                                  9.25   data required time
                                 -3.67   data arrival time
-----------------------------------------------------------------------------
                                  5.58   slack (MET)


Startpoint: rst_n (input port clocked by clk)
Endpoint: _1153_ (recovery check against rising-edge clock clk)
Path Group: asynchronous
Path Type: max

Fanout     Cap    Slew   Delay    Time   Description
-----------------------------------------------------------------------------
                  0.15    0.00    0.00   clock clk (rise edge)
                          0.00    0.00   clock network delay (ideal)
                          2.00    2.00 ^ input external delay
                  2.33    1.67    3.67 ^ rst_n (in)
   144    0.52                           rst_n (net)
                  2.33    0.00    3.67 ^ _1153_/RESET_B (sky130_fd_sc_hd__dfrtp_2)
                                  3.67   data arrival time

                  0.15   10.00   10.00   clock clk (rise edge)
                          0.00   10.00   clock network delay (ideal)
                         -0.25    9.75   clock uncertainty
                          0.00    9.75   clock reconvergence pessimism
                                  9.75 ^ _1153_/CLK (sky130_fd_sc_hd__dfrtp_2)
                         -0.50    9.25   library recovery time
                                  9.25   data required time
-----------------------------------------------------------------------------
                                  9.25   data required time
                                 -3.67   data arrival time
-----------------------------------------------------------------------------
                                  5.58   slack (MET)


Startpoint: rst_n (input port clocked by clk)
Endpoint: _1154_ (recovery check against rising-edge clock clk)
Path Group: asynchronous
Path Type: max

Fanout     Cap    Slew   Delay    Time   Description
-----------------------------------------------------------------------------
                  0.15    0.00    0.00   clock clk (rise edge)
                          0.00    0.00   clock network delay (ideal)
                          2.00    2.00 ^ input external delay
                  2.33    1.67    3.67 ^ rst_n (in)
   144    0.52                           rst_n (net)
                  2.33    0.00    3.67 ^ _1154_/RESET_B (sky130_fd_sc_hd__dfrtp_2)
                                  3.67   data arrival time

                  0.15   10.00   10.00   clock clk (rise edge)
                          0.00   10.00   clock network delay (ideal)
                         -0.25    9.75   clock uncertainty
                          0.00    9.75   clock reconvergence pessimism
                                  9.75 ^ _1154_/CLK (sky130_fd_sc_hd__dfrtp_2)
                         -0.50    9.25   library recovery time
                                  9.25   data required time
-----------------------------------------------------------------------------
                                  9.25   data required time
                                 -3.67   data arrival time
-----------------------------------------------------------------------------
                                  5.58   slack (MET)


Startpoint: rst_n (input port clocked by clk)
Endpoint: _1155_ (recovery check against rising-edge clock clk)
Path Group: asynchronous
Path Type: max

Fanout     Cap    Slew   Delay    Time   Description
-----------------------------------------------------------------------------
                  0.15    0.00    0.00   clock clk (rise edge)
                          0.00    0.00   clock network delay (ideal)
                          2.00    2.00 ^ input external delay
                  2.33    1.67    3.67 ^ rst_n (in)
   144    0.52                           rst_n (net)
                  2.33    0.00    3.67 ^ _1155_/RESET_B (sky130_fd_sc_hd__dfrtp_2)
                                  3.67   data arrival time

                  0.15   10.00   10.00   clock clk (rise edge)
                          0.00   10.00   clock network delay (ideal)
                         -0.25    9.75   clock uncertainty
                          0.00    9.75   clock reconvergence pessimism
                                  9.75 ^ _1155_/CLK (sky130_fd_sc_hd__dfrtp_2)
                         -0.50    9.25   library recovery time
                                  9.25   data required time
-----------------------------------------------------------------------------
                                  9.25   data required time
                                 -3.67   data arrival time
-----------------------------------------------------------------------------
                                  5.58   slack (MET)


Startpoint: rst_n (input port clocked by clk)
Endpoint: _1156_ (recovery check against rising-edge clock clk)
Path Group: asynchronous
Path Type: max

Fanout     Cap    Slew   Delay    Time   Description
-----------------------------------------------------------------------------
                  0.15    0.00    0.00   clock clk (rise edge)
                          0.00    0.00   clock network delay (ideal)
                          2.00    2.00 ^ input external delay
                  2.33    1.67    3.67 ^ rst_n (in)
   144    0.52                           rst_n (net)
                  2.33    0.00    3.67 ^ _1156_/RESET_B (sky130_fd_sc_hd__dfrtp_2)
                                  3.67   data arrival time

                  0.15   10.00   10.00   clock clk (rise edge)
                          0.00   10.00   clock network delay (ideal)
                         -0.25    9.75   clock uncertainty
                          0.00    9.75   clock reconvergence pessimism
                                  9.75 ^ _1156_/CLK (sky130_fd_sc_hd__dfrtp_2)
                         -0.50    9.25   library recovery time
                                  9.25   data required time
-----------------------------------------------------------------------------
                                  9.25   data required time
                                 -3.67   data arrival time
-----------------------------------------------------------------------------
                                  5.58   slack (MET)


Startpoint: rst_n (input port clocked by clk)
Endpoint: _1157_ (recovery check against rising-edge clock clk)
Path Group: asynchronous
Path Type: max

Fanout     Cap    Slew   Delay    Time   Description
-----------------------------------------------------------------------------
                  0.15    0.00    0.00   clock clk (rise edge)
                          0.00    0.00   clock network delay (ideal)
                          2.00    2.00 ^ input external delay
                  2.33    1.67    3.67 ^ rst_n (in)
   144    0.52                           rst_n (net)
                  2.33    0.00    3.67 ^ _1157_/RESET_B (sky130_fd_sc_hd__dfrtp_2)
                                  3.67   data arrival time

                  0.15   10.00   10.00   clock clk (rise edge)
                          0.00   10.00   clock network delay (ideal)
                         -0.25    9.75   clock uncertainty
                          0.00    9.75   clock reconvergence pessimism
                                  9.75 ^ _1157_/CLK (sky130_fd_sc_hd__dfrtp_2)
                         -0.50    9.25   library recovery time
                                  9.25   data required time
-----------------------------------------------------------------------------
                                  9.25   data required time
                                 -3.67   data arrival time
-----------------------------------------------------------------------------
                                  5.58   slack (MET)


Startpoint: rst_n (input port clocked by clk)
Endpoint: _1158_ (recovery check against rising-edge clock clk)
Path Group: asynchronous
Path Type: max

Fanout     Cap    Slew   Delay    Time   Description
-----------------------------------------------------------------------------
                  0.15    0.00    0.00   clock clk (rise edge)
                          0.00    0.00   clock network delay (ideal)
                          2.00    2.00 ^ input external delay
                  2.33    1.67    3.67 ^ rst_n (in)
   144    0.52                           rst_n (net)
                  2.33    0.00    3.67 ^ _1158_/RESET_B (sky130_fd_sc_hd__dfrtp_2)
                                  3.67   data arrival time

                  0.15   10.00   10.00   clock clk (rise edge)
                          0.00   10.00   clock network delay (ideal)
                         -0.25    9.75   clock uncertainty
                          0.00    9.75   clock reconvergence pessimism
                                  9.75 ^ _1158_/CLK (sky130_fd_sc_hd__dfrtp_2)
                         -0.50    9.25   library recovery time
                                  9.25   data required time
-----------------------------------------------------------------------------
                                  9.25   data required time
                                 -3.67   data arrival time
-----------------------------------------------------------------------------
                                  5.58   slack (MET)


Startpoint: rst_n (input port clocked by clk)
Endpoint: _1159_ (recovery check against rising-edge clock clk)
Path Group: asynchronous
Path Type: max

Fanout     Cap    Slew   Delay    Time   Description
-----------------------------------------------------------------------------
                  0.15    0.00    0.00   clock clk (rise edge)
                          0.00    0.00   clock network delay (ideal)
                          2.00    2.00 ^ input external delay
                  2.33    1.67    3.67 ^ rst_n (in)
   144    0.52                           rst_n (net)
                  2.33    0.00    3.67 ^ _1159_/RESET_B (sky130_fd_sc_hd__dfrtp_2)
                                  3.67   data arrival time

                  0.15   10.00   10.00   clock clk (rise edge)
                          0.00   10.00   clock network delay (ideal)
                         -0.25    9.75   clock uncertainty
                          0.00    9.75   clock reconvergence pessimism
                                  9.75 ^ _1159_/CLK (sky130_fd_sc_hd__dfrtp_2)
                         -0.50    9.25   library recovery time
                                  9.25   data required time
-----------------------------------------------------------------------------
                                  9.25   data required time
                                 -3.67   data arrival time
-----------------------------------------------------------------------------
                                  5.58   slack (MET)


Startpoint: rst_n (input port clocked by clk)
Endpoint: _1160_ (recovery check against rising-edge clock clk)
Path Group: asynchronous
Path Type: max

Fanout     Cap    Slew   Delay    Time   Description
-----------------------------------------------------------------------------
                  0.15    0.00    0.00   clock clk (rise edge)
                          0.00    0.00   clock network delay (ideal)
                          2.00    2.00 ^ input external delay
                  2.33    1.67    3.67 ^ rst_n (in)
   144    0.52                           rst_n (net)
                  2.33    0.00    3.67 ^ _1160_/RESET_B (sky130_fd_sc_hd__dfrtp_2)
                                  3.67   data arrival time

                  0.15   10.00   10.00   clock clk (rise edge)
                          0.00   10.00   clock network delay (ideal)
                         -0.25    9.75   clock uncertainty
                          0.00    9.75   clock reconvergence pessimism
                                  9.75 ^ _1160_/CLK (sky130_fd_sc_hd__dfrtp_2)
                         -0.50    9.25   library recovery time
                                  9.25   data required time
-----------------------------------------------------------------------------
                                  9.25   data required time
                                 -3.67   data arrival time
-----------------------------------------------------------------------------
                                  5.58   slack (MET)


Startpoint: rst_n (input port clocked by clk)
Endpoint: _1161_ (recovery check against rising-edge clock clk)
Path Group: asynchronous
Path Type: max

Fanout     Cap    Slew   Delay    Time   Description
-----------------------------------------------------------------------------
                  0.15    0.00    0.00   clock clk (rise edge)
                          0.00    0.00   clock network delay (ideal)
                          2.00    2.00 ^ input external delay
                  2.33    1.67    3.67 ^ rst_n (in)
   144    0.52                           rst_n (net)
                  2.33    0.00    3.67 ^ _1161_/RESET_B (sky130_fd_sc_hd__dfrtp_2)
                                  3.67   data arrival time

                  0.15   10.00   10.00   clock clk (rise edge)
                          0.00   10.00   clock network delay (ideal)
                         -0.25    9.75   clock uncertainty
                          0.00    9.75   clock reconvergence pessimism
                                  9.75 ^ _1161_/CLK (sky130_fd_sc_hd__dfrtp_2)
                         -0.50    9.25   library recovery time
                                  9.25   data required time
-----------------------------------------------------------------------------
                                  9.25   data required time
                                 -3.67   data arrival time
-----------------------------------------------------------------------------
                                  5.58   slack (MET)


Startpoint: rst_n (input port clocked by clk)
Endpoint: _1162_ (recovery check against rising-edge clock clk)
Path Group: asynchronous
Path Type: max

Fanout     Cap    Slew   Delay    Time   Description
-----------------------------------------------------------------------------
                  0.15    0.00    0.00   clock clk (rise edge)
                          0.00    0.00   clock network delay (ideal)
                          2.00    2.00 ^ input external delay
                  2.33    1.67    3.67 ^ rst_n (in)
   144    0.52                           rst_n (net)
                  2.33    0.00    3.67 ^ _1162_/RESET_B (sky130_fd_sc_hd__dfrtp_2)
                                  3.67   data arrival time

                  0.15   10.00   10.00   clock clk (rise edge)
                          0.00   10.00   clock network delay (ideal)
                         -0.25    9.75   clock uncertainty
                          0.00    9.75   clock reconvergence pessimism
                                  9.75 ^ _1162_/CLK (sky130_fd_sc_hd__dfrtp_2)
                         -0.50    9.25   library recovery time
                                  9.25   data required time
-----------------------------------------------------------------------------
                                  9.25   data required time
                                 -3.67   data arrival time
-----------------------------------------------------------------------------
                                  5.58   slack (MET)


Startpoint: rst_n (input port clocked by clk)
Endpoint: _1163_ (recovery check against rising-edge clock clk)
Path Group: asynchronous
Path Type: max

Fanout     Cap    Slew   Delay    Time   Description
-----------------------------------------------------------------------------
                  0.15    0.00    0.00   clock clk (rise edge)
                          0.00    0.00   clock network delay (ideal)
                          2.00    2.00 ^ input external delay
                  2.33    1.67    3.67 ^ rst_n (in)
   144    0.52                           rst_n (net)
                  2.33    0.00    3.67 ^ _1163_/RESET_B (sky130_fd_sc_hd__dfrtp_2)
                                  3.67   data arrival time

                  0.15   10.00   10.00   clock clk (rise edge)
                          0.00   10.00   clock network delay (ideal)
                         -0.25    9.75   clock uncertainty
                          0.00    9.75   clock reconvergence pessimism
                                  9.75 ^ _1163_/CLK (sky130_fd_sc_hd__dfrtp_2)
                         -0.50    9.25   library recovery time
                                  9.25   data required time
-----------------------------------------------------------------------------
                                  9.25   data required time
                                 -3.67   data arrival time
-----------------------------------------------------------------------------
                                  5.58   slack (MET)


Startpoint: rst_n (input port clocked by clk)
Endpoint: _1164_ (recovery check against rising-edge clock clk)
Path Group: asynchronous
Path Type: max

Fanout     Cap    Slew   Delay    Time   Description
-----------------------------------------------------------------------------
                  0.15    0.00    0.00   clock clk (rise edge)
                          0.00    0.00   clock network delay (ideal)
                          2.00    2.00 ^ input external delay
                  2.33    1.67    3.67 ^ rst_n (in)
   144    0.52                           rst_n (net)
                  2.33    0.00    3.67 ^ _1164_/RESET_B (sky130_fd_sc_hd__dfrtp_2)
                                  3.67   data arrival time

                  0.15   10.00   10.00   clock clk (rise edge)
                          0.00   10.00   clock network delay (ideal)
                         -0.25    9.75   clock uncertainty
                          0.00    9.75   clock reconvergence pessimism
                                  9.75 ^ _1164_/CLK (sky130_fd_sc_hd__dfrtp_2)
                         -0.50    9.25   library recovery time
                                  9.25   data required time
-----------------------------------------------------------------------------
                                  9.25   data required time
                                 -3.67   data arrival time
-----------------------------------------------------------------------------
                                  5.58   slack (MET)


Startpoint: rst_n (input port clocked by clk)
Endpoint: _1165_ (recovery check against rising-edge clock clk)
Path Group: asynchronous
Path Type: max

Fanout     Cap    Slew   Delay    Time   Description
-----------------------------------------------------------------------------
                  0.15    0.00    0.00   clock clk (rise edge)
                          0.00    0.00   clock network delay (ideal)
                          2.00    2.00 ^ input external delay
                  2.33    1.67    3.67 ^ rst_n (in)
   144    0.52                           rst_n (net)
                  2.33    0.00    3.67 ^ _1165_/RESET_B (sky130_fd_sc_hd__dfrtp_2)
                                  3.67   data arrival time

                  0.15   10.00   10.00   clock clk (rise edge)
                          0.00   10.00   clock network delay (ideal)
                         -0.25    9.75   clock uncertainty
                          0.00    9.75   clock reconvergence pessimism
                                  9.75 ^ _1165_/CLK (sky130_fd_sc_hd__dfrtp_2)
                         -0.50    9.25   library recovery time
                                  9.25   data required time
-----------------------------------------------------------------------------
                                  9.25   data required time
                                 -3.67   data arrival time
-----------------------------------------------------------------------------
                                  5.58   slack (MET)


Startpoint: rst_n (input port clocked by clk)
Endpoint: _1166_ (recovery check against rising-edge clock clk)
Path Group: asynchronous
Path Type: max

Fanout     Cap    Slew   Delay    Time   Description
-----------------------------------------------------------------------------
                  0.15    0.00    0.00   clock clk (rise edge)
                          0.00    0.00   clock network delay (ideal)
                          2.00    2.00 ^ input external delay
                  2.33    1.67    3.67 ^ rst_n (in)
   144    0.52                           rst_n (net)
                  2.33    0.00    3.67 ^ _1166_/RESET_B (sky130_fd_sc_hd__dfrtp_2)
                                  3.67   data arrival time

                  0.15   10.00   10.00   clock clk (rise edge)
                          0.00   10.00   clock network delay (ideal)
                         -0.25    9.75   clock uncertainty
                          0.00    9.75   clock reconvergence pessimism
                                  9.75 ^ _1166_/CLK (sky130_fd_sc_hd__dfrtp_2)
                         -0.50    9.25   library recovery time
                                  9.25   data required time
-----------------------------------------------------------------------------
                                  9.25   data required time
                                 -3.67   data arrival time
-----------------------------------------------------------------------------
                                  5.58   slack (MET)


Startpoint: rst_n (input port clocked by clk)
Endpoint: _1167_ (recovery check against rising-edge clock clk)
Path Group: asynchronous
Path Type: max

Fanout     Cap    Slew   Delay    Time   Description
-----------------------------------------------------------------------------
                  0.15    0.00    0.00   clock clk (rise edge)
                          0.00    0.00   clock network delay (ideal)
                          2.00    2.00 ^ input external delay
                  2.33    1.67    3.67 ^ rst_n (in)
   144    0.52                           rst_n (net)
                  2.33    0.00    3.67 ^ _1167_/RESET_B (sky130_fd_sc_hd__dfrtp_2)
                                  3.67   data arrival time

                  0.15   10.00   10.00   clock clk (rise edge)
                          0.00   10.00   clock network delay (ideal)
                         -0.25    9.75   clock uncertainty
                          0.00    9.75   clock reconvergence pessimism
                                  9.75 ^ _1167_/CLK (sky130_fd_sc_hd__dfrtp_2)
                         -0.50    9.25   library recovery time
                                  9.25   data required time
-----------------------------------------------------------------------------
                                  9.25   data required time
                                 -3.67   data arrival time
-----------------------------------------------------------------------------
                                  5.58   slack (MET)


Startpoint: rst_n (input port clocked by clk)
Endpoint: _1168_ (recovery check against rising-edge clock clk)
Path Group: asynchronous
Path Type: max

Fanout     Cap    Slew   Delay    Time   Description
-----------------------------------------------------------------------------
                  0.15    0.00    0.00   clock clk (rise edge)
                          0.00    0.00   clock network delay (ideal)
                          2.00    2.00 ^ input external delay
                  2.33    1.67    3.67 ^ rst_n (in)
   144    0.52                           rst_n (net)
                  2.33    0.00    3.67 ^ _1168_/RESET_B (sky130_fd_sc_hd__dfrtp_2)
                                  3.67   data arrival time

                  0.15   10.00   10.00   clock clk (rise edge)
                          0.00   10.00   clock network delay (ideal)
                         -0.25    9.75   clock uncertainty
                          0.00    9.75   clock reconvergence pessimism
                                  9.75 ^ _1168_/CLK (sky130_fd_sc_hd__dfrtp_2)
                         -0.50    9.25   library recovery time
                                  9.25   data required time
-----------------------------------------------------------------------------
                                  9.25   data required time
                                 -3.67   data arrival time
-----------------------------------------------------------------------------
                                  5.58   slack (MET)


Startpoint: rst_n (input port clocked by clk)
Endpoint: _1169_ (recovery check against rising-edge clock clk)
Path Group: asynchronous
Path Type: max

Fanout     Cap    Slew   Delay    Time   Description
-----------------------------------------------------------------------------
                  0.15    0.00    0.00   clock clk (rise edge)
                          0.00    0.00   clock network delay (ideal)
                          2.00    2.00 ^ input external delay
                  2.33    1.67    3.67 ^ rst_n (in)
   144    0.52                           rst_n (net)
                  2.33    0.00    3.67 ^ _1169_/RESET_B (sky130_fd_sc_hd__dfrtp_2)
                                  3.67   data arrival time

                  0.15   10.00   10.00   clock clk (rise edge)
                          0.00   10.00   clock network delay (ideal)
                         -0.25    9.75   clock uncertainty
                          0.00    9.75   clock reconvergence pessimism
                                  9.75 ^ _1169_/CLK (sky130_fd_sc_hd__dfrtp_2)
                         -0.50    9.25   library recovery time
                                  9.25   data required time
-----------------------------------------------------------------------------
                                  9.25   data required time
                                 -3.67   data arrival time
-----------------------------------------------------------------------------
                                  5.58   slack (MET)


Startpoint: rst_n (input port clocked by clk)
Endpoint: _1170_ (recovery check against rising-edge clock clk)
Path Group: asynchronous
Path Type: max

Fanout     Cap    Slew   Delay    Time   Description
-----------------------------------------------------------------------------
                  0.15    0.00    0.00   clock clk (rise edge)
                          0.00    0.00   clock network delay (ideal)
                          2.00    2.00 ^ input external delay
                  2.33    1.67    3.67 ^ rst_n (in)
   144    0.52                           rst_n (net)
                  2.33    0.00    3.67 ^ _1170_/RESET_B (sky130_fd_sc_hd__dfrtp_2)
                                  3.67   data arrival time

                  0.15   10.00   10.00   clock clk (rise edge)
                          0.00   10.00   clock network delay (ideal)
                         -0.25    9.75   clock uncertainty
                          0.00    9.75   clock reconvergence pessimism
                                  9.75 ^ _1170_/CLK (sky130_fd_sc_hd__dfrtp_2)
                         -0.50    9.25   library recovery time
                                  9.25   data required time
-----------------------------------------------------------------------------
                                  9.25   data required time
                                 -3.67   data arrival time
-----------------------------------------------------------------------------
                                  5.58   slack (MET)


Startpoint: rst_n (input port clocked by clk)
Endpoint: _1171_ (recovery check against rising-edge clock clk)
Path Group: asynchronous
Path Type: max

Fanout     Cap    Slew   Delay    Time   Description
-----------------------------------------------------------------------------
                  0.15    0.00    0.00   clock clk (rise edge)
                          0.00    0.00   clock network delay (ideal)
                          2.00    2.00 ^ input external delay
                  2.33    1.67    3.67 ^ rst_n (in)
   144    0.52                           rst_n (net)
                  2.33    0.00    3.67 ^ _1171_/RESET_B (sky130_fd_sc_hd__dfrtp_2)
                                  3.67   data arrival time

                  0.15   10.00   10.00   clock clk (rise edge)
                          0.00   10.00   clock network delay (ideal)
                         -0.25    9.75   clock uncertainty
                          0.00    9.75   clock reconvergence pessimism
                                  9.75 ^ _1171_/CLK (sky130_fd_sc_hd__dfrtp_2)
                         -0.50    9.25   library recovery time
                                  9.25   data required time
-----------------------------------------------------------------------------
                                  9.25   data required time
                                 -3.67   data arrival time
-----------------------------------------------------------------------------
                                  5.58   slack (MET)


Startpoint: rst_n (input port clocked by clk)
Endpoint: _1172_ (recovery check against rising-edge clock clk)
Path Group: asynchronous
Path Type: max

Fanout     Cap    Slew   Delay    Time   Description
-----------------------------------------------------------------------------
                  0.15    0.00    0.00   clock clk (rise edge)
                          0.00    0.00   clock network delay (ideal)
                          2.00    2.00 ^ input external delay
                  2.33    1.67    3.67 ^ rst_n (in)
   144    0.52                           rst_n (net)
                  2.33    0.00    3.67 ^ _1172_/RESET_B (sky130_fd_sc_hd__dfrtp_2)
                                  3.67   data arrival time

                  0.15   10.00   10.00   clock clk (rise edge)
                          0.00   10.00   clock network delay (ideal)
                         -0.25    9.75   clock uncertainty
                          0.00    9.75   clock reconvergence pessimism
                                  9.75 ^ _1172_/CLK (sky130_fd_sc_hd__dfrtp_2)
                         -0.50    9.25   library recovery time
                                  9.25   data required time
-----------------------------------------------------------------------------
                                  9.25   data required time
                                 -3.67   data arrival time
-----------------------------------------------------------------------------
                                  5.58   slack (MET)


Startpoint: rst_n (input port clocked by clk)
Endpoint: _1173_ (recovery check against rising-edge clock clk)
Path Group: asynchronous
Path Type: max

Fanout     Cap    Slew   Delay    Time   Description
-----------------------------------------------------------------------------
                  0.15    0.00    0.00   clock clk (rise edge)
                          0.00    0.00   clock network delay (ideal)
                          2.00    2.00 ^ input external delay
                  2.33    1.67    3.67 ^ rst_n (in)
   144    0.52                           rst_n (net)
                  2.33    0.00    3.67 ^ _1173_/RESET_B (sky130_fd_sc_hd__dfrtp_2)
                                  3.67   data arrival time

                  0.15   10.00   10.00   clock clk (rise edge)
                          0.00   10.00   clock network delay (ideal)
                         -0.25    9.75   clock uncertainty
                          0.00    9.75   clock reconvergence pessimism
                                  9.75 ^ _1173_/CLK (sky130_fd_sc_hd__dfrtp_2)
                         -0.50    9.25   library recovery time
                                  9.25   data required time
-----------------------------------------------------------------------------
                                  9.25   data required time
                                 -3.67   data arrival time
-----------------------------------------------------------------------------
                                  5.58   slack (MET)


Startpoint: rst_n (input port clocked by clk)
Endpoint: _1176_ (recovery check against rising-edge clock clk)
Path Group: asynchronous
Path Type: max

Fanout     Cap    Slew   Delay    Time   Description
-----------------------------------------------------------------------------
                  0.15    0.00    0.00   clock clk (rise edge)
                          0.00    0.00   clock network delay (ideal)
                          2.00    2.00 ^ input external delay
                  2.33    1.67    3.67 ^ rst_n (in)
   144    0.52                           rst_n (net)
                  2.33    0.00    3.67 ^ _1176_/RESET_B (sky130_fd_sc_hd__dfrtp_2)
                                  3.67   data arrival time

                  0.15   10.00   10.00   clock clk (rise edge)
                          0.00   10.00   clock network delay (ideal)
                         -0.25    9.75   clock uncertainty
                          0.00    9.75   clock reconvergence pessimism
                                  9.75 ^ _1176_/CLK (sky130_fd_sc_hd__dfrtp_2)
                         -0.50    9.25   library recovery time
                                  9.25   data required time
-----------------------------------------------------------------------------
                                  9.25   data required time
                                 -3.67   data arrival time
-----------------------------------------------------------------------------
                                  5.58   slack (MET)


Startpoint: rst_n (input port clocked by clk)
Endpoint: _1177_ (recovery check against rising-edge clock clk)
Path Group: asynchronous
Path Type: max

Fanout     Cap    Slew   Delay    Time   Description
-----------------------------------------------------------------------------
                  0.15    0.00    0.00   clock clk (rise edge)
                          0.00    0.00   clock network delay (ideal)
                          2.00    2.00 ^ input external delay
                  2.33    1.67    3.67 ^ rst_n (in)
   144    0.52                           rst_n (net)
                  2.33    0.00    3.67 ^ _1177_/RESET_B (sky130_fd_sc_hd__dfrtp_2)
                                  3.67   data arrival time

                  0.15   10.00   10.00   clock clk (rise edge)
                          0.00   10.00   clock network delay (ideal)
                         -0.25    9.75   clock uncertainty
                          0.00    9.75   clock reconvergence pessimism
                                  9.75 ^ _1177_/CLK (sky130_fd_sc_hd__dfrtp_2)
                         -0.50    9.25   library recovery time
                                  9.25   data required time
-----------------------------------------------------------------------------
                                  9.25   data required time
                                 -3.67   data arrival time
-----------------------------------------------------------------------------
                                  5.58   slack (MET)


Startpoint: rst_n (input port clocked by clk)
Endpoint: _1178_ (recovery check against rising-edge clock clk)
Path Group: asynchronous
Path Type: max

Fanout     Cap    Slew   Delay    Time   Description
-----------------------------------------------------------------------------
                  0.15    0.00    0.00   clock clk (rise edge)
                          0.00    0.00   clock network delay (ideal)
                          2.00    2.00 ^ input external delay
                  2.33    1.67    3.67 ^ rst_n (in)
   144    0.52                           rst_n (net)
                  2.33    0.00    3.67 ^ _1178_/RESET_B (sky130_fd_sc_hd__dfrtp_2)
                                  3.67   data arrival time

                  0.15   10.00   10.00   clock clk (rise edge)
                          0.00   10.00   clock network delay (ideal)
                         -0.25    9.75   clock uncertainty
                          0.00    9.75   clock reconvergence pessimism
                                  9.75 ^ _1178_/CLK (sky130_fd_sc_hd__dfrtp_2)
                         -0.50    9.25   library recovery time
                                  9.25   data required time
-----------------------------------------------------------------------------
                                  9.25   data required time
                                 -3.67   data arrival time
-----------------------------------------------------------------------------
                                  5.58   slack (MET)


Startpoint: rst_n (input port clocked by clk)
Endpoint: _1179_ (recovery check against rising-edge clock clk)
Path Group: asynchronous
Path Type: max

Fanout     Cap    Slew   Delay    Time   Description
-----------------------------------------------------------------------------
                  0.15    0.00    0.00   clock clk (rise edge)
                          0.00    0.00   clock network delay (ideal)
                          2.00    2.00 ^ input external delay
                  2.33    1.67    3.67 ^ rst_n (in)
   144    0.52                           rst_n (net)
                  2.33    0.00    3.67 ^ _1179_/RESET_B (sky130_fd_sc_hd__dfrtp_2)
                                  3.67   data arrival time

                  0.15   10.00   10.00   clock clk (rise edge)
                          0.00   10.00   clock network delay (ideal)
                         -0.25    9.75   clock uncertainty
                          0.00    9.75   clock reconvergence pessimism
                                  9.75 ^ _1179_/CLK (sky130_fd_sc_hd__dfrtp_2)
                         -0.50    9.25   library recovery time
                                  9.25   data required time
-----------------------------------------------------------------------------
                                  9.25   data required time
                                 -3.67   data arrival time
-----------------------------------------------------------------------------
                                  5.58   slack (MET)


Startpoint: rst_n (input port clocked by clk)
Endpoint: _1180_ (recovery check against rising-edge clock clk)
Path Group: asynchronous
Path Type: max

Fanout     Cap    Slew   Delay    Time   Description
-----------------------------------------------------------------------------
                  0.15    0.00    0.00   clock clk (rise edge)
                          0.00    0.00   clock network delay (ideal)
                          2.00    2.00 ^ input external delay
                  2.33    1.67    3.67 ^ rst_n (in)
   144    0.52                           rst_n (net)
                  2.33    0.00    3.67 ^ _1180_/RESET_B (sky130_fd_sc_hd__dfrtp_2)
                                  3.67   data arrival time

                  0.15   10.00   10.00   clock clk (rise edge)
                          0.00   10.00   clock network delay (ideal)
                         -0.25    9.75   clock uncertainty
                          0.00    9.75   clock reconvergence pessimism
                                  9.75 ^ _1180_/CLK (sky130_fd_sc_hd__dfrtp_2)
                         -0.50    9.25   library recovery time
                                  9.25   data required time
-----------------------------------------------------------------------------
                                  9.25   data required time
                                 -3.67   data arrival time
-----------------------------------------------------------------------------
                                  5.58   slack (MET)


Startpoint: rst_n (input port clocked by clk)
Endpoint: _1181_ (recovery check against rising-edge clock clk)
Path Group: asynchronous
Path Type: max

Fanout     Cap    Slew   Delay    Time   Description
-----------------------------------------------------------------------------
                  0.15    0.00    0.00   clock clk (rise edge)
                          0.00    0.00   clock network delay (ideal)
                          2.00    2.00 ^ input external delay
                  2.33    1.67    3.67 ^ rst_n (in)
   144    0.52                           rst_n (net)
                  2.33    0.00    3.67 ^ _1181_/RESET_B (sky130_fd_sc_hd__dfrtp_2)
                                  3.67   data arrival time

                  0.15   10.00   10.00   clock clk (rise edge)
                          0.00   10.00   clock network delay (ideal)
                         -0.25    9.75   clock uncertainty
                          0.00    9.75   clock reconvergence pessimism
                                  9.75 ^ _1181_/CLK (sky130_fd_sc_hd__dfrtp_2)
                         -0.50    9.25   library recovery time
                                  9.25   data required time
-----------------------------------------------------------------------------
                                  9.25   data required time
                                 -3.67   data arrival time
-----------------------------------------------------------------------------
                                  5.58   slack (MET)


Startpoint: rst_n (input port clocked by clk)
Endpoint: _1182_ (recovery check against rising-edge clock clk)
Path Group: asynchronous
Path Type: max

Fanout     Cap    Slew   Delay    Time   Description
-----------------------------------------------------------------------------
                  0.15    0.00    0.00   clock clk (rise edge)
                          0.00    0.00   clock network delay (ideal)
                          2.00    2.00 ^ input external delay
                  2.33    1.67    3.67 ^ rst_n (in)
   144    0.52                           rst_n (net)
                  2.33    0.00    3.67 ^ _1182_/RESET_B (sky130_fd_sc_hd__dfrtp_2)
                                  3.67   data arrival time

                  0.15   10.00   10.00   clock clk (rise edge)
                          0.00   10.00   clock network delay (ideal)
                         -0.25    9.75   clock uncertainty
                          0.00    9.75   clock reconvergence pessimism
                                  9.75 ^ _1182_/CLK (sky130_fd_sc_hd__dfrtp_2)
                         -0.50    9.25   library recovery time
                                  9.25   data required time
-----------------------------------------------------------------------------
                                  9.25   data required time
                                 -3.67   data arrival time
-----------------------------------------------------------------------------
                                  5.58   slack (MET)


Startpoint: _1066_ (rising edge-triggered flip-flop clocked by clk)
Endpoint: _1064_ (rising edge-triggered flip-flop clocked by clk)
Path Group: clk
Path Type: max

Fanout     Cap    Slew   Delay    Time   Description
-----------------------------------------------------------------------------
                  0.15    0.00    0.00   clock clk (rise edge)
                          0.00    0.00   clock network delay (ideal)
                  0.15    0.00    0.00 ^ _1066_/CLK (sky130_fd_sc_hd__dfrtp_2)
                  0.07    0.48    0.48 v _1066_/Q (sky130_fd_sc_hd__dfrtp_2)
     6    0.01                           wifi_timeout[1] (net)
                  0.07    0.00    0.48 v _0642_/A (sky130_fd_sc_hd__or4_2)
                  0.15    0.77    1.25 v _0642_/X (sky130_fd_sc_hd__or4_2)
     6    0.01                           _0237_ (net)
                  0.15    0.00    1.25 v _0644_/C (sky130_fd_sc_hd__or4_2)
                  0.09    0.65    1.90 v _0644_/X (sky130_fd_sc_hd__or4_2)
     1    0.00                           _0239_ (net)
                  0.09    0.00    1.90 v _0645_/A (sky130_fd_sc_hd__buf_1)
                  0.13    0.20    2.11 v _0645_/X (sky130_fd_sc_hd__buf_1)
     9    0.02                           _0240_ (net)
                  0.13    0.00    2.11 v _0647_/C (sky130_fd_sc_hd__or4_2)
                  0.16    0.75    2.86 v _0647_/X (sky130_fd_sc_hd__or4_2)
     6    0.02                           _0242_ (net)
                  0.16    0.00    2.86 v _0677_/C (sky130_fd_sc_hd__or3_2)
                  0.10    0.49    3.36 v _0677_/X (sky130_fd_sc_hd__or3_2)
     3    0.01                           _0265_ (net)
                  0.10    0.00    3.36 v _0750_/C (sky130_fd_sc_hd__or3_2)
                  0.07    0.43    3.79 v _0750_/X (sky130_fd_sc_hd__or3_2)
     1    0.00                           _0319_ (net)
                  0.07    0.00    3.79 v _0751_/A (sky130_fd_sc_hd__buf_1)
                  0.02    0.10    3.89 v _0751_/X (sky130_fd_sc_hd__buf_1)
     1    0.00                           _0030_ (net)
                  0.02    0.00    3.89 v _1064_/D (sky130_fd_sc_hd__dfrtp_2)
                                  3.89   data arrival time

                  0.15   10.00   10.00   clock clk (rise edge)
                          0.00   10.00   clock network delay (ideal)
                         -0.25    9.75   clock uncertainty
                          0.00    9.75   clock reconvergence pessimism
                                  9.75 ^ _1064_/CLK (sky130_fd_sc_hd__dfrtp_2)
                         -0.08    9.67   library setup time
                                  9.67   data required time
-----------------------------------------------------------------------------
                                  9.67   data required time
                                 -3.89   data arrival time
-----------------------------------------------------------------------------
                                  5.78   slack (MET)


Startpoint: _1066_ (rising edge-triggered flip-flop clocked by clk)
Endpoint: _1063_ (rising edge-triggered flip-flop clocked by clk)
Path Group: clk
Path Type: max

Fanout     Cap    Slew   Delay    Time   Description
-----------------------------------------------------------------------------
                  0.15    0.00    0.00   clock clk (rise edge)
                          0.00    0.00   clock network delay (ideal)
                  0.15    0.00    0.00 ^ _1066_/CLK (sky130_fd_sc_hd__dfrtp_2)
                  0.07    0.48    0.48 v _1066_/Q (sky130_fd_sc_hd__dfrtp_2)
     6    0.01                           wifi_timeout[1] (net)
                  0.07    0.00    0.48 v _0642_/A (sky130_fd_sc_hd__or4_2)
                  0.15    0.77    1.25 v _0642_/X (sky130_fd_sc_hd__or4_2)
     6    0.01                           _0237_ (net)
                  0.15    0.00    1.25 v _0644_/C (sky130_fd_sc_hd__or4_2)
                  0.09    0.65    1.90 v _0644_/X (sky130_fd_sc_hd__or4_2)
     1    0.00                           _0239_ (net)
                  0.09    0.00    1.90 v _0645_/A (sky130_fd_sc_hd__buf_1)
                  0.13    0.20    2.11 v _0645_/X (sky130_fd_sc_hd__buf_1)
     9    0.02                           _0240_ (net)
                  0.13    0.00    2.11 v _0647_/C (sky130_fd_sc_hd__or4_2)
                  0.16    0.75    2.86 v _0647_/X (sky130_fd_sc_hd__or4_2)
     6    0.02                           _0242_ (net)
                  0.16    0.00    2.86 v _0677_/C (sky130_fd_sc_hd__or3_2)
                  0.10    0.49    3.36 v _0677_/X (sky130_fd_sc_hd__or3_2)
     3    0.01                           _0265_ (net)
                  0.10    0.00    3.36 v _0678_/B1 (sky130_fd_sc_hd__o21a_2)
                  0.03    0.13    3.49 v _0678_/X (sky130_fd_sc_hd__o21a_2)
     1    0.00                           _0266_ (net)
                  0.03    0.00    3.49 v _0679_/D (sky130_fd_sc_hd__and4bb_2)
                  0.04    0.22    3.71 v _0679_/X (sky130_fd_sc_hd__and4bb_2)
     1    0.00                           _0267_ (net)
                  0.04    0.00    3.71 v _0680_/A (sky130_fd_sc_hd__buf_1)
                  0.02    0.08    3.79 v _0680_/X (sky130_fd_sc_hd__buf_1)
     1    0.00                           _0029_ (net)
                  0.02    0.00    3.79 v _1063_/D (sky130_fd_sc_hd__dfrtp_2)
                                  3.79   data arrival time

                  0.15   10.00   10.00   clock clk (rise edge)
                          0.00   10.00   clock network delay (ideal)
                         -0.25    9.75   clock uncertainty
                          0.00    9.75   clock reconvergence pessimism
                                  9.75 ^ _1063_/CLK (sky130_fd_sc_hd__dfrtp_2)
                         -0.08    9.67   library setup time
                                  9.67   data required time
-----------------------------------------------------------------------------
                                  9.67   data required time
                                 -3.79   data arrival time
-----------------------------------------------------------------------------
                                  5.87   slack (MET)


Startpoint: _1049_ (rising edge-triggered flip-flop clocked by clk)
Endpoint: uo_out[0] (output port clocked by clk)
Path Group: clk
Path Type: max

Fanout     Cap    Slew   Delay    Time   Description
-----------------------------------------------------------------------------
                  0.15    0.00    0.00   clock clk (rise edge)
                          0.00    0.00   clock network delay (ideal)
                  0.15    0.00    0.00 ^ _1049_/CLK (sky130_fd_sc_hd__dfrtp_2)
                  0.05    0.45    0.45 v _1049_/Q (sky130_fd_sc_hd__dfrtp_2)
     2    0.01                           pulse_count[1] (net)
                  0.05    0.00    0.45 v _0574_/A (sky130_fd_sc_hd__or2_2)
                  0.09    0.36    0.81 v _0574_/X (sky130_fd_sc_hd__or2_2)
     4    0.02                           _0191_ (net)
                  0.09    0.00    0.81 v _0575_/C (sky130_fd_sc_hd__or3_2)
                  0.10    0.47    1.28 v _0575_/X (sky130_fd_sc_hd__or3_2)
     3    0.01                           _0192_ (net)
                  0.10    0.00    1.28 v _0576_/A1 (sky130_fd_sc_hd__mux2_2)
                  0.05    0.29    1.57 v _0576_/X (sky130_fd_sc_hd__mux2_2)
     1    0.00                           _0193_ (net)
                  0.05    0.00    1.57 v _0577_/A (sky130_fd_sc_hd__buf_1)
                  0.21    0.24    1.80 v _0577_/X (sky130_fd_sc_hd__buf_1)
     2    0.04                           uo_out[0] (net)
                  0.21    0.00    1.80 v uo_out[0] (out)
                                  1.80   data arrival time

                  0.15   10.00   10.00   clock clk (rise edge)
                          0.00   10.00   clock network delay (ideal)
                         -0.25    9.75   clock uncertainty
                          0.00    9.75   clock reconvergence pessimism
                         -2.00    7.75   output external delay
                                  7.75   data required time
-----------------------------------------------------------------------------
                                  7.75   data required time
                                 -1.80   data arrival time
-----------------------------------------------------------------------------
                                  5.95   slack (MET)


Startpoint: address[5] (input port clocked by clk)
Endpoint: _1052_ (rising edge-triggered flip-flop clocked by clk)
Path Group: clk
Path Type: max

Fanout     Cap    Slew   Delay    Time   Description
-----------------------------------------------------------------------------
                  0.15    0.00    0.00   clock clk (rise edge)
                          0.00    0.00   clock network delay (ideal)
                          2.00    2.00 v input external delay
                  0.02    0.01    2.01 v address[5] (in)
     4    0.01                           address[5] (net)
                  0.02    0.00    2.01 v _0548_/A (sky130_fd_sc_hd__nor2_2)
                  0.15    0.16    2.17 ^ _0548_/Y (sky130_fd_sc_hd__nor2_2)
     7    0.01                           _0169_ (net)
                  0.15    0.00    2.17 ^ _0551_/C (sky130_fd_sc_hd__and3b_2)
                  0.09    0.26    2.43 ^ _0551_/X (sky130_fd_sc_hd__and3b_2)
     6    0.01                           _0172_ (net)
                  0.09    0.00    2.43 ^ _0639_/A (sky130_fd_sc_hd__and2_2)
                  0.03    0.14    2.58 ^ _0639_/X (sky130_fd_sc_hd__and2_2)
     1    0.00                           _0234_ (net)
                  0.03    0.00    2.58 ^ _0640_/A (sky130_fd_sc_hd__buf_1)
                  0.23    0.21    2.79 ^ _0640_/X (sky130_fd_sc_hd__buf_1)
     9    0.02                           _0235_ (net)
                  0.23    0.00    2.79 ^ _0641_/A (sky130_fd_sc_hd__buf_1)
                  0.47    0.43    3.22 ^ _0641_/X (sky130_fd_sc_hd__buf_1)
    16    0.04                           _0236_ (net)
                  0.47    0.00    3.22 ^ _0782_/S (sky130_fd_sc_hd__mux2_2)
                  0.05    0.40    3.62 v _0782_/X (sky130_fd_sc_hd__mux2_2)
     1    0.00                           _0341_ (net)
                  0.05    0.00    3.62 v _0783_/A (sky130_fd_sc_hd__buf_1)
                  0.02    0.09    3.71 v _0783_/X (sky130_fd_sc_hd__buf_1)
     1    0.00                           _0039_ (net)
                  0.02    0.00    3.71 v _1052_/D (sky130_fd_sc_hd__dfrtp_2)
                                  3.71   data arrival time

                  0.15   10.00   10.00   clock clk (rise edge)
                          0.00   10.00   clock network delay (ideal)
                         -0.25    9.75   clock uncertainty
                          0.00    9.75   clock reconvergence pessimism
                                  9.75 ^ _1052_/CLK (sky130_fd_sc_hd__dfrtp_2)
                         -0.08    9.67   library setup time
                                  9.67   data required time
-----------------------------------------------------------------------------
                                  9.67   data required time
                                 -3.71   data arrival time
-----------------------------------------------------------------------------
                                  5.96   slack (MET)


Startpoint: address[5] (input port clocked by clk)
Endpoint: _1053_ (rising edge-triggered flip-flop clocked by clk)
Path Group: clk
Path Type: max

Fanout     Cap    Slew   Delay    Time   Description
-----------------------------------------------------------------------------
                  0.15    0.00    0.00   clock clk (rise edge)
                          0.00    0.00   clock network delay (ideal)
                          2.00    2.00 v input external delay
                  0.02    0.01    2.01 v address[5] (in)
     4    0.01                           address[5] (net)
                  0.02    0.00    2.01 v _0548_/A (sky130_fd_sc_hd__nor2_2)
                  0.15    0.16    2.17 ^ _0548_/Y (sky130_fd_sc_hd__nor2_2)
     7    0.01                           _0169_ (net)
                  0.15    0.00    2.17 ^ _0551_/C (sky130_fd_sc_hd__and3b_2)
                  0.09    0.26    2.43 ^ _0551_/X (sky130_fd_sc_hd__and3b_2)
     6    0.01                           _0172_ (net)
                  0.09    0.00    2.43 ^ _0639_/A (sky130_fd_sc_hd__and2_2)
                  0.03    0.14    2.58 ^ _0639_/X (sky130_fd_sc_hd__and2_2)
     1    0.00                           _0234_ (net)
                  0.03    0.00    2.58 ^ _0640_/A (sky130_fd_sc_hd__buf_1)
                  0.23    0.21    2.79 ^ _0640_/X (sky130_fd_sc_hd__buf_1)
     9    0.02                           _0235_ (net)
                  0.23    0.00    2.79 ^ _0641_/A (sky130_fd_sc_hd__buf_1)
                  0.47    0.43    3.22 ^ _0641_/X (sky130_fd_sc_hd__buf_1)
    16    0.04                           _0236_ (net)
                  0.47    0.00    3.22 ^ _0785_/S (sky130_fd_sc_hd__mux2_2)
                  0.05    0.40    3.62 v _0785_/X (sky130_fd_sc_hd__mux2_2)
     1    0.00                           _0343_ (net)
                  0.05    0.00    3.62 v _0786_/A (sky130_fd_sc_hd__buf_1)
                  0.02    0.09    3.71 v _0786_/X (sky130_fd_sc_hd__buf_1)
     1    0.00                           _0040_ (net)
                  0.02    0.00    3.71 v _1053_/D (sky130_fd_sc_hd__dfrtp_2)
                                  3.71   data arrival time

                  0.15   10.00   10.00   clock clk (rise edge)
                          0.00   10.00   clock network delay (ideal)
                         -0.25    9.75   clock uncertainty
                          0.00    9.75   clock reconvergence pessimism
                                  9.75 ^ _1053_/CLK (sky130_fd_sc_hd__dfrtp_2)
                         -0.08    9.67   library setup time
                                  9.67   data required time
-----------------------------------------------------------------------------
                                  9.67   data required time
                                 -3.71   data arrival time
-----------------------------------------------------------------------------
                                  5.96   slack (MET)


Startpoint: address[5] (input port clocked by clk)
Endpoint: _1054_ (rising edge-triggered flip-flop clocked by clk)
Path Group: clk
Path Type: max

Fanout     Cap    Slew   Delay    Time   Description
-----------------------------------------------------------------------------
                  0.15    0.00    0.00   clock clk (rise edge)
                          0.00    0.00   clock network delay (ideal)
                          2.00    2.00 v input external delay
                  0.02    0.01    2.01 v address[5] (in)
     4    0.01                           address[5] (net)
                  0.02    0.00    2.01 v _0548_/A (sky130_fd_sc_hd__nor2_2)
                  0.15    0.16    2.17 ^ _0548_/Y (sky130_fd_sc_hd__nor2_2)
     7    0.01                           _0169_ (net)
                  0.15    0.00    2.17 ^ _0551_/C (sky130_fd_sc_hd__and3b_2)
                  0.09    0.26    2.43 ^ _0551_/X (sky130_fd_sc_hd__and3b_2)
     6    0.01                           _0172_ (net)
                  0.09    0.00    2.43 ^ _0639_/A (sky130_fd_sc_hd__and2_2)
                  0.03    0.14    2.58 ^ _0639_/X (sky130_fd_sc_hd__and2_2)
     1    0.00                           _0234_ (net)
                  0.03    0.00    2.58 ^ _0640_/A (sky130_fd_sc_hd__buf_1)
                  0.23    0.21    2.79 ^ _0640_/X (sky130_fd_sc_hd__buf_1)
     9    0.02                           _0235_ (net)
                  0.23    0.00    2.79 ^ _0641_/A (sky130_fd_sc_hd__buf_1)
                  0.47    0.43    3.22 ^ _0641_/X (sky130_fd_sc_hd__buf_1)
    16    0.04                           _0236_ (net)
                  0.47    0.00    3.22 ^ _0788_/S (sky130_fd_sc_hd__mux2_2)
                  0.05    0.40    3.62 v _0788_/X (sky130_fd_sc_hd__mux2_2)
     1    0.00                           _0345_ (net)
                  0.05    0.00    3.62 v _0789_/A (sky130_fd_sc_hd__buf_1)
                  0.02    0.09    3.71 v _0789_/X (sky130_fd_sc_hd__buf_1)
     1    0.00                           _0041_ (net)
                  0.02    0.00    3.71 v _1054_/D (sky130_fd_sc_hd__dfrtp_2)
                                  3.71   data arrival time

                  0.15   10.00   10.00   clock clk (rise edge)
                          0.00   10.00   clock network delay (ideal)
                         -0.25    9.75   clock uncertainty
                          0.00    9.75   clock reconvergence pessimism
                                  9.75 ^ _1054_/CLK (sky130_fd_sc_hd__dfrtp_2)
                         -0.08    9.67   library setup time
                                  9.67   data required time
-----------------------------------------------------------------------------
                                  9.67   data required time
                                 -3.71   data arrival time
-----------------------------------------------------------------------------
                                  5.96   slack (MET)


Startpoint: address[5] (input port clocked by clk)
Endpoint: _1055_ (rising edge-triggered flip-flop clocked by clk)
Path Group: clk
Path Type: max

Fanout     Cap    Slew   Delay    Time   Description
-----------------------------------------------------------------------------
                  0.15    0.00    0.00   clock clk (rise edge)
                          0.00    0.00   clock network delay (ideal)
                          2.00    2.00 v input external delay
                  0.02    0.01    2.01 v address[5] (in)
     4    0.01                           address[5] (net)
                  0.02    0.00    2.01 v _0548_/A (sky130_fd_sc_hd__nor2_2)
                  0.15    0.16    2.17 ^ _0548_/Y (sky130_fd_sc_hd__nor2_2)
     7    0.01                           _0169_ (net)
                  0.15    0.00    2.17 ^ _0551_/C (sky130_fd_sc_hd__and3b_2)
                  0.09    0.26    2.43 ^ _0551_/X (sky130_fd_sc_hd__and3b_2)
     6    0.01                           _0172_ (net)
                  0.09    0.00    2.43 ^ _0639_/A (sky130_fd_sc_hd__and2_2)
                  0.03    0.14    2.58 ^ _0639_/X (sky130_fd_sc_hd__and2_2)
     1    0.00                           _0234_ (net)
                  0.03    0.00    2.58 ^ _0640_/A (sky130_fd_sc_hd__buf_1)
                  0.23    0.21    2.79 ^ _0640_/X (sky130_fd_sc_hd__buf_1)
     9    0.02                           _0235_ (net)
                  0.23    0.00    2.79 ^ _0641_/A (sky130_fd_sc_hd__buf_1)
                  0.47    0.43    3.22 ^ _0641_/X (sky130_fd_sc_hd__buf_1)
    16    0.04                           _0236_ (net)
                  0.47    0.00    3.22 ^ _0791_/S (sky130_fd_sc_hd__mux2_2)
                  0.05    0.40    3.62 v _0791_/X (sky130_fd_sc_hd__mux2_2)
     1    0.00                           _0347_ (net)
                  0.05    0.00    3.62 v _0792_/A (sky130_fd_sc_hd__buf_1)
                  0.02    0.09    3.71 v _0792_/X (sky130_fd_sc_hd__buf_1)
     1    0.00                           _0042_ (net)
                  0.02    0.00    3.71 v _1055_/D (sky130_fd_sc_hd__dfrtp_2)
                                  3.71   data arrival time

                  0.15   10.00   10.00   clock clk (rise edge)
                          0.00   10.00   clock network delay (ideal)
                         -0.25    9.75   clock uncertainty
                          0.00    9.75   clock reconvergence pessimism
                                  9.75 ^ _1055_/CLK (sky130_fd_sc_hd__dfrtp_2)
                         -0.08    9.67   library setup time
                                  9.67   data required time
-----------------------------------------------------------------------------
                                  9.67   data required time
                                 -3.71   data arrival time
-----------------------------------------------------------------------------
                                  5.96   slack (MET)


Startpoint: address[5] (input port clocked by clk)
Endpoint: _1059_ (rising edge-triggered flip-flop clocked by clk)
Path Group: clk
Path Type: max

Fanout     Cap    Slew   Delay    Time   Description
-----------------------------------------------------------------------------
                  0.15    0.00    0.00   clock clk (rise edge)
                          0.00    0.00   clock network delay (ideal)
                          2.00    2.00 v input external delay
                  0.02    0.01    2.01 v address[5] (in)
     4    0.01                           address[5] (net)
                  0.02    0.00    2.01 v _0548_/A (sky130_fd_sc_hd__nor2_2)
                  0.15    0.16    2.17 ^ _0548_/Y (sky130_fd_sc_hd__nor2_2)
     7    0.01                           _0169_ (net)
                  0.15    0.00    2.17 ^ _0551_/C (sky130_fd_sc_hd__and3b_2)
                  0.09    0.26    2.43 ^ _0551_/X (sky130_fd_sc_hd__and3b_2)
     6    0.01                           _0172_ (net)
                  0.09    0.00    2.43 ^ _0639_/A (sky130_fd_sc_hd__and2_2)
                  0.03    0.14    2.58 ^ _0639_/X (sky130_fd_sc_hd__and2_2)
     1    0.00                           _0234_ (net)
                  0.03    0.00    2.58 ^ _0640_/A (sky130_fd_sc_hd__buf_1)
                  0.23    0.21    2.79 ^ _0640_/X (sky130_fd_sc_hd__buf_1)
     9    0.02                           _0235_ (net)
                  0.23    0.00    2.79 ^ _0641_/A (sky130_fd_sc_hd__buf_1)
                  0.47    0.43    3.22 ^ _0641_/X (sky130_fd_sc_hd__buf_1)
    16    0.04                           _0236_ (net)
                  0.47    0.00    3.22 ^ _0649_/B (sky130_fd_sc_hd__nor3_2)
                  0.12    0.13    3.35 v _0649_/Y (sky130_fd_sc_hd__nor3_2)
     7    0.01                           _0244_ (net)
                  0.12    0.00    3.35 v _0662_/C (sky130_fd_sc_hd__and3b_2)
                  0.04    0.24    3.59 v _0662_/X (sky130_fd_sc_hd__and3b_2)
     1    0.00                           _0254_ (net)
                  0.04    0.00    3.59 v _0663_/A (sky130_fd_sc_hd__buf_1)
                  0.02    0.08    3.67 v _0663_/X (sky130_fd_sc_hd__buf_1)
     1    0.00                           _0025_ (net)
                  0.02    0.00    3.67 v _1059_/D (sky130_fd_sc_hd__dfrtp_2)
                                  3.67   data arrival time

                  0.15   10.00   10.00   clock clk (rise edge)
                          0.00   10.00   clock network delay (ideal)
                         -0.25    9.75   clock uncertainty
                          0.00    9.75   clock reconvergence pessimism
                                  9.75 ^ _1059_/CLK (sky130_fd_sc_hd__dfrtp_2)
                         -0.08    9.67   library setup time
                                  9.67   data required time
-----------------------------------------------------------------------------
                                  9.67   data required time
                                 -3.67   data arrival time
-----------------------------------------------------------------------------
                                  6.00   slack (MET)


Startpoint: address[5] (input port clocked by clk)
Endpoint: _1061_ (rising edge-triggered flip-flop clocked by clk)
Path Group: clk
Path Type: max

Fanout     Cap    Slew   Delay    Time   Description
-----------------------------------------------------------------------------
                  0.15    0.00    0.00   clock clk (rise edge)
                          0.00    0.00   clock network delay (ideal)
                          2.00    2.00 v input external delay
                  0.02    0.01    2.01 v address[5] (in)
     4    0.01                           address[5] (net)
                  0.02    0.00    2.01 v _0548_/A (sky130_fd_sc_hd__nor2_2)
                  0.15    0.16    2.17 ^ _0548_/Y (sky130_fd_sc_hd__nor2_2)
     7    0.01                           _0169_ (net)
                  0.15    0.00    2.17 ^ _0551_/C (sky130_fd_sc_hd__and3b_2)
                  0.09    0.26    2.43 ^ _0551_/X (sky130_fd_sc_hd__and3b_2)
     6    0.01                           _0172_ (net)
                  0.09    0.00    2.43 ^ _0639_/A (sky130_fd_sc_hd__and2_2)
                  0.03    0.14    2.58 ^ _0639_/X (sky130_fd_sc_hd__and2_2)
     1    0.00                           _0234_ (net)
                  0.03    0.00    2.58 ^ _0640_/A (sky130_fd_sc_hd__buf_1)
                  0.23    0.21    2.79 ^ _0640_/X (sky130_fd_sc_hd__buf_1)
     9    0.02                           _0235_ (net)
                  0.23    0.00    2.79 ^ _0641_/A (sky130_fd_sc_hd__buf_1)
                  0.47    0.43    3.22 ^ _0641_/X (sky130_fd_sc_hd__buf_1)
    16    0.04                           _0236_ (net)
                  0.47    0.00    3.22 ^ _0649_/B (sky130_fd_sc_hd__nor3_2)
                  0.12    0.13    3.35 v _0649_/Y (sky130_fd_sc_hd__nor3_2)
     7    0.01                           _0244_ (net)
                  0.12    0.00    3.35 v _0670_/C (sky130_fd_sc_hd__and3b_2)
                  0.04    0.24    3.59 v _0670_/X (sky130_fd_sc_hd__and3b_2)
     1    0.00                           _0260_ (net)
                  0.04    0.00    3.59 v _0671_/A (sky130_fd_sc_hd__buf_1)
                  0.02    0.08    3.67 v _0671_/X (sky130_fd_sc_hd__buf_1)
     1    0.00                           _0027_ (net)
                  0.02    0.00    3.67 v _1061_/D (sky130_fd_sc_hd__dfrtp_2)
                                  3.67   data arrival time

                  0.15   10.00   10.00   clock clk (rise edge)
                          0.00   10.00   clock network delay (ideal)
                         -0.25    9.75   clock uncertainty
                          0.00    9.75   clock reconvergence pessimism
                                  9.75 ^ _1061_/CLK (sky130_fd_sc_hd__dfrtp_2)
                         -0.08    9.67   library setup time
                                  9.67   data required time
-----------------------------------------------------------------------------
                                  9.67   data required time
                                 -3.67   data arrival time
-----------------------------------------------------------------------------
                                  6.00   slack (MET)


Startpoint: address[5] (input port clocked by clk)
Endpoint: _1062_ (rising edge-triggered flip-flop clocked by clk)
Path Group: clk
Path Type: max

Fanout     Cap    Slew   Delay    Time   Description
-----------------------------------------------------------------------------
                  0.15    0.00    0.00   clock clk (rise edge)
                          0.00    0.00   clock network delay (ideal)
                          2.00    2.00 v input external delay
                  0.02    0.01    2.01 v address[5] (in)
     4    0.01                           address[5] (net)
                  0.02    0.00    2.01 v _0548_/A (sky130_fd_sc_hd__nor2_2)
                  0.15    0.16    2.17 ^ _0548_/Y (sky130_fd_sc_hd__nor2_2)
     7    0.01                           _0169_ (net)
                  0.15    0.00    2.17 ^ _0551_/C (sky130_fd_sc_hd__and3b_2)
                  0.09    0.26    2.43 ^ _0551_/X (sky130_fd_sc_hd__and3b_2)
     6    0.01                           _0172_ (net)
                  0.09    0.00    2.43 ^ _0639_/A (sky130_fd_sc_hd__and2_2)
                  0.03    0.14    2.58 ^ _0639_/X (sky130_fd_sc_hd__and2_2)
     1    0.00                           _0234_ (net)
                  0.03    0.00    2.58 ^ _0640_/A (sky130_fd_sc_hd__buf_1)
                  0.23    0.21    2.79 ^ _0640_/X (sky130_fd_sc_hd__buf_1)
     9    0.02                           _0235_ (net)
                  0.23    0.00    2.79 ^ _0641_/A (sky130_fd_sc_hd__buf_1)
                  0.47    0.43    3.22 ^ _0641_/X (sky130_fd_sc_hd__buf_1)
    16    0.04                           _0236_ (net)
                  0.47    0.00    3.22 ^ _0649_/B (sky130_fd_sc_hd__nor3_2)
                  0.12    0.13    3.35 v _0649_/Y (sky130_fd_sc_hd__nor3_2)
     7    0.01                           _0244_ (net)
                  0.12    0.00    3.35 v _0674_/B (sky130_fd_sc_hd__and3b_2)
                  0.04    0.23    3.57 v _0674_/X (sky130_fd_sc_hd__and3b_2)
     1    0.00                           _0263_ (net)
                  0.04    0.00    3.57 v _0675_/A (sky130_fd_sc_hd__buf_1)
                  0.02    0.08    3.66 v _0675_/X (sky130_fd_sc_hd__buf_1)
     1    0.00                           _0028_ (net)
                  0.02    0.00    3.66 v _1062_/D (sky130_fd_sc_hd__dfrtp_2)
                                  3.66   data arrival time

                  0.15   10.00   10.00   clock clk (rise edge)
                          0.00   10.00   clock network delay (ideal)
                         -0.25    9.75   clock uncertainty
                          0.00    9.75   clock reconvergence pessimism
                                  9.75 ^ _1062_/CLK (sky130_fd_sc_hd__dfrtp_2)
                         -0.08    9.67   library setup time
                                  9.67   data required time
-----------------------------------------------------------------------------
                                  9.67   data required time
                                 -3.66   data arrival time
-----------------------------------------------------------------------------
                                  6.01   slack (MET)


Startpoint: address[5] (input port clocked by clk)
Endpoint: _1056_ (rising edge-triggered flip-flop clocked by clk)
Path Group: clk
Path Type: max

Fanout     Cap    Slew   Delay    Time   Description
-----------------------------------------------------------------------------
                  0.15    0.00    0.00   clock clk (rise edge)
                          0.00    0.00   clock network delay (ideal)
                          2.00    2.00 v input external delay
                  0.02    0.01    2.01 v address[5] (in)
     4    0.01                           address[5] (net)
                  0.02    0.00    2.01 v _0548_/A (sky130_fd_sc_hd__nor2_2)
                  0.15    0.16    2.17 ^ _0548_/Y (sky130_fd_sc_hd__nor2_2)
     7    0.01                           _0169_ (net)
                  0.15    0.00    2.17 ^ _0551_/C (sky130_fd_sc_hd__and3b_2)
                  0.09    0.26    2.43 ^ _0551_/X (sky130_fd_sc_hd__and3b_2)
     6    0.01                           _0172_ (net)
                  0.09    0.00    2.43 ^ _0639_/A (sky130_fd_sc_hd__and2_2)
                  0.03    0.14    2.58 ^ _0639_/X (sky130_fd_sc_hd__and2_2)
     1    0.00                           _0234_ (net)
                  0.03    0.00    2.58 ^ _0640_/A (sky130_fd_sc_hd__buf_1)
                  0.23    0.21    2.79 ^ _0640_/X (sky130_fd_sc_hd__buf_1)
     9    0.02                           _0235_ (net)
                  0.23    0.00    2.79 ^ _0641_/A (sky130_fd_sc_hd__buf_1)
                  0.47    0.43    3.22 ^ _0641_/X (sky130_fd_sc_hd__buf_1)
    16    0.04                           _0236_ (net)
                  0.47    0.00    3.22 ^ _0649_/B (sky130_fd_sc_hd__nor3_2)
                  0.12    0.13    3.35 v _0649_/Y (sky130_fd_sc_hd__nor3_2)
     7    0.01                           _0244_ (net)
                  0.12    0.00    3.35 v _0650_/B (sky130_fd_sc_hd__and2b_2)
                  0.03    0.23    3.57 v _0650_/X (sky130_fd_sc_hd__and2b_2)
     1    0.00                           _0245_ (net)
                  0.03    0.00    3.57 v _0651_/A (sky130_fd_sc_hd__buf_1)
                  0.02    0.08    3.65 v _0651_/X (sky130_fd_sc_hd__buf_1)
     1    0.00                           _0022_ (net)
                  0.02    0.00    3.65 v _1056_/D (sky130_fd_sc_hd__dfrtp_2)
                                  3.65   data arrival time

                  0.15   10.00   10.00   clock clk (rise edge)
                          0.00   10.00   clock network delay (ideal)
                         -0.25    9.75   clock uncertainty
                          0.00    9.75   clock reconvergence pessimism
                                  9.75 ^ _1056_/CLK (sky130_fd_sc_hd__dfrtp_2)
                         -0.08    9.67   library setup time
                                  9.67   data required time
-----------------------------------------------------------------------------
                                  9.67   data required time
                                 -3.65   data arrival time
-----------------------------------------------------------------------------
                                  6.01   slack (MET)


Startpoint: address[5] (input port clocked by clk)
Endpoint: _1057_ (rising edge-triggered flip-flop clocked by clk)
Path Group: clk
Path Type: max

Fanout     Cap    Slew   Delay    Time   Description
-----------------------------------------------------------------------------
                  0.15    0.00    0.00   clock clk (rise edge)
                          0.00    0.00   clock network delay (ideal)
                          2.00    2.00 v input external delay
                  0.02    0.01    2.01 v address[5] (in)
     4    0.01                           address[5] (net)
                  0.02    0.00    2.01 v _0548_/A (sky130_fd_sc_hd__nor2_2)
                  0.15    0.16    2.17 ^ _0548_/Y (sky130_fd_sc_hd__nor2_2)
     7    0.01                           _0169_ (net)
                  0.15    0.00    2.17 ^ _0551_/C (sky130_fd_sc_hd__and3b_2)
                  0.09    0.26    2.43 ^ _0551_/X (sky130_fd_sc_hd__and3b_2)
     6    0.01                           _0172_ (net)
                  0.09    0.00    2.43 ^ _0639_/A (sky130_fd_sc_hd__and2_2)
                  0.03    0.14    2.58 ^ _0639_/X (sky130_fd_sc_hd__and2_2)
     1    0.00                           _0234_ (net)
                  0.03    0.00    2.58 ^ _0640_/A (sky130_fd_sc_hd__buf_1)
                  0.23    0.21    2.79 ^ _0640_/X (sky130_fd_sc_hd__buf_1)
     9    0.02                           _0235_ (net)
                  0.23    0.00    2.79 ^ _0641_/A (sky130_fd_sc_hd__buf_1)
                  0.47    0.43    3.22 ^ _0641_/X (sky130_fd_sc_hd__buf_1)
    16    0.04                           _0236_ (net)
                  0.47    0.00    3.22 ^ _0649_/B (sky130_fd_sc_hd__nor3_2)
                  0.12    0.13    3.35 v _0649_/Y (sky130_fd_sc_hd__nor3_2)
     7    0.01                           _0244_ (net)
                  0.12    0.00    3.35 v _0654_/A (sky130_fd_sc_hd__and3_2)
                  0.04    0.21    3.55 v _0654_/X (sky130_fd_sc_hd__and3_2)
     1    0.00                           _0248_ (net)
                  0.04    0.00    3.55 v _0655_/A (sky130_fd_sc_hd__buf_1)
                  0.02    0.08    3.63 v _0655_/X (sky130_fd_sc_hd__buf_1)
     1    0.00                           _0023_ (net)
                  0.02    0.00    3.63 v _1057_/D (sky130_fd_sc_hd__dfrtp_2)
                                  3.63   data arrival time

                  0.15   10.00   10.00   clock clk (rise edge)
                          0.00   10.00   clock network delay (ideal)
                         -0.25    9.75   clock uncertainty
                          0.00    9.75   clock reconvergence pessimism
                                  9.75 ^ _1057_/CLK (sky130_fd_sc_hd__dfrtp_2)
                         -0.08    9.67   library setup time
                                  9.67   data required time
-----------------------------------------------------------------------------
                                  9.67   data required time
                                 -3.63   data arrival time
-----------------------------------------------------------------------------
                                  6.03   slack (MET)


Startpoint: address[5] (input port clocked by clk)
Endpoint: _1058_ (rising edge-triggered flip-flop clocked by clk)
Path Group: clk
Path Type: max

Fanout     Cap    Slew   Delay    Time   Description
-----------------------------------------------------------------------------
                  0.15    0.00    0.00   clock clk (rise edge)
                          0.00    0.00   clock network delay (ideal)
                          2.00    2.00 v input external delay
                  0.02    0.01    2.01 v address[5] (in)
     4    0.01                           address[5] (net)
                  0.02    0.00    2.01 v _0548_/A (sky130_fd_sc_hd__nor2_2)
                  0.15    0.16    2.17 ^ _0548_/Y (sky130_fd_sc_hd__nor2_2)
     7    0.01                           _0169_ (net)
                  0.15    0.00    2.17 ^ _0551_/C (sky130_fd_sc_hd__and3b_2)
                  0.09    0.26    2.43 ^ _0551_/X (sky130_fd_sc_hd__and3b_2)
     6    0.01                           _0172_ (net)
                  0.09    0.00    2.43 ^ _0639_/A (sky130_fd_sc_hd__and2_2)
                  0.03    0.14    2.58 ^ _0639_/X (sky130_fd_sc_hd__and2_2)
     1    0.00                           _0234_ (net)
                  0.03    0.00    2.58 ^ _0640_/A (sky130_fd_sc_hd__buf_1)
                  0.23    0.21    2.79 ^ _0640_/X (sky130_fd_sc_hd__buf_1)
     9    0.02                           _0235_ (net)
                  0.23    0.00    2.79 ^ _0641_/A (sky130_fd_sc_hd__buf_1)
                  0.47    0.43    3.22 ^ _0641_/X (sky130_fd_sc_hd__buf_1)
    16    0.04                           _0236_ (net)
                  0.47    0.00    3.22 ^ _0649_/B (sky130_fd_sc_hd__nor3_2)
                  0.12    0.13    3.35 v _0649_/Y (sky130_fd_sc_hd__nor3_2)
     7    0.01                           _0244_ (net)
                  0.12    0.00    3.35 v _0658_/A (sky130_fd_sc_hd__and3_2)
                  0.04    0.21    3.55 v _0658_/X (sky130_fd_sc_hd__and3_2)
     1    0.00                           _0251_ (net)
                  0.04    0.00    3.55 v _0659_/A (sky130_fd_sc_hd__buf_1)
                  0.02    0.08    3.63 v _0659_/X (sky130_fd_sc_hd__buf_1)
     1    0.00                           _0024_ (net)
                  0.02    0.00    3.63 v _1058_/D (sky130_fd_sc_hd__dfrtp_2)
                                  3.63   data arrival time

                  0.15   10.00   10.00   clock clk (rise edge)
                          0.00   10.00   clock network delay (ideal)
                         -0.25    9.75   clock uncertainty
                          0.00    9.75   clock reconvergence pessimism
                                  9.75 ^ _1058_/CLK (sky130_fd_sc_hd__dfrtp_2)
                         -0.08    9.67   library setup time
                                  9.67   data required time
-----------------------------------------------------------------------------
                                  9.67   data required time
                                 -3.63   data arrival time
-----------------------------------------------------------------------------
                                  6.03   slack (MET)


Startpoint: address[5] (input port clocked by clk)
Endpoint: _1060_ (rising edge-triggered flip-flop clocked by clk)
Path Group: clk
Path Type: max

Fanout     Cap    Slew   Delay    Time   Description
-----------------------------------------------------------------------------
                  0.15    0.00    0.00   clock clk (rise edge)
                          0.00    0.00   clock network delay (ideal)
                          2.00    2.00 v input external delay
                  0.02    0.01    2.01 v address[5] (in)
     4    0.01                           address[5] (net)
                  0.02    0.00    2.01 v _0548_/A (sky130_fd_sc_hd__nor2_2)
                  0.15    0.16    2.17 ^ _0548_/Y (sky130_fd_sc_hd__nor2_2)
     7    0.01                           _0169_ (net)
                  0.15    0.00    2.17 ^ _0551_/C (sky130_fd_sc_hd__and3b_2)
                  0.09    0.26    2.43 ^ _0551_/X (sky130_fd_sc_hd__and3b_2)
     6    0.01                           _0172_ (net)
                  0.09    0.00    2.43 ^ _0639_/A (sky130_fd_sc_hd__and2_2)
                  0.03    0.14    2.58 ^ _0639_/X (sky130_fd_sc_hd__and2_2)
     1    0.00                           _0234_ (net)
                  0.03    0.00    2.58 ^ _0640_/A (sky130_fd_sc_hd__buf_1)
                  0.23    0.21    2.79 ^ _0640_/X (sky130_fd_sc_hd__buf_1)
     9    0.02                           _0235_ (net)
                  0.23    0.00    2.79 ^ _0641_/A (sky130_fd_sc_hd__buf_1)
                  0.47    0.43    3.22 ^ _0641_/X (sky130_fd_sc_hd__buf_1)
    16    0.04                           _0236_ (net)
                  0.47    0.00    3.22 ^ _0649_/B (sky130_fd_sc_hd__nor3_2)
                  0.12    0.13    3.35 v _0649_/Y (sky130_fd_sc_hd__nor3_2)
     7    0.01                           _0244_ (net)
                  0.12    0.00    3.35 v _0666_/A (sky130_fd_sc_hd__and3_2)
                  0.04    0.21    3.55 v _0666_/X (sky130_fd_sc_hd__and3_2)
     1    0.00                           _0257_ (net)
                  0.04    0.00    3.55 v _0667_/A (sky130_fd_sc_hd__buf_1)
                  0.02    0.08    3.63 v _0667_/X (sky130_fd_sc_hd__buf_1)
     1    0.00                           _0026_ (net)
                  0.02    0.00    3.63 v _1060_/D (sky130_fd_sc_hd__dfrtp_2)
                                  3.63   data arrival time

                  0.15   10.00   10.00   clock clk (rise edge)
                          0.00   10.00   clock network delay (ideal)
                         -0.25    9.75   clock uncertainty
                          0.00    9.75   clock reconvergence pessimism
                                  9.75 ^ _1060_/CLK (sky130_fd_sc_hd__dfrtp_2)
                         -0.08    9.67   library setup time
                                  9.67   data required time
-----------------------------------------------------------------------------
                                  9.67   data required time
                                 -3.63   data arrival time
-----------------------------------------------------------------------------
                                  6.03   slack (MET)


Startpoint: rst_n (input port clocked by clk)
Endpoint: _1084_ (recovery check against rising-edge clock clk)
Path Group: asynchronous
Path Type: max

Fanout     Cap    Slew   Delay    Time   Description
-----------------------------------------------------------------------------
                  0.15    0.00    0.00   clock clk (rise edge)
                          0.00    0.00   clock network delay (ideal)
                          2.00    2.00 ^ input external delay
                  2.33    1.67    3.67 ^ rst_n (in)
   144    0.52                           rst_n (net)
                  2.33    0.00    3.67 ^ _1084_/SET_B (sky130_fd_sc_hd__dfstp_2)
                                  3.67   data arrival time

                  0.15   10.00   10.00   clock clk (rise edge)
                          0.00   10.00   clock network delay (ideal)
                         -0.25    9.75   clock uncertainty
                          0.00    9.75   clock reconvergence pessimism
                                  9.75 ^ _1084_/CLK (sky130_fd_sc_hd__dfstp_2)
                          0.16    9.91   library recovery time
                                  9.91   data required time
-----------------------------------------------------------------------------
                                  9.91   data required time
                                 -3.67   data arrival time
-----------------------------------------------------------------------------
                                  6.24   slack (MET)


Startpoint: rst_n (input port clocked by clk)
Endpoint: _1133_ (recovery check against rising-edge clock clk)
Path Group: asynchronous
Path Type: max

Fanout     Cap    Slew   Delay    Time   Description
-----------------------------------------------------------------------------
                  0.15    0.00    0.00   clock clk (rise edge)
                          0.00    0.00   clock network delay (ideal)
                          2.00    2.00 ^ input external delay
                  2.33    1.67    3.67 ^ rst_n (in)
   144    0.52                           rst_n (net)
                  2.33    0.00    3.67 ^ _1133_/SET_B (sky130_fd_sc_hd__dfstp_2)
                                  3.67   data arrival time

                  0.15   10.00   10.00   clock clk (rise edge)
                          0.00   10.00   clock network delay (ideal)
                         -0.25    9.75   clock uncertainty
                          0.00    9.75   clock reconvergence pessimism
                                  9.75 ^ _1133_/CLK (sky130_fd_sc_hd__dfstp_2)
                          0.16    9.91   library recovery time
                                  9.91   data required time
-----------------------------------------------------------------------------
                                  9.91   data required time
                                 -3.67   data arrival time
-----------------------------------------------------------------------------
                                  6.24   slack (MET)


Startpoint: rst_n (input port clocked by clk)
Endpoint: _1134_ (recovery check against rising-edge clock clk)
Path Group: asynchronous
Path Type: max

Fanout     Cap    Slew   Delay    Time   Description
-----------------------------------------------------------------------------
                  0.15    0.00    0.00   clock clk (rise edge)
                          0.00    0.00   clock network delay (ideal)
                          2.00    2.00 ^ input external delay
                  2.33    1.67    3.67 ^ rst_n (in)
   144    0.52                           rst_n (net)
                  2.33    0.00    3.67 ^ _1134_/SET_B (sky130_fd_sc_hd__dfstp_2)
                                  3.67   data arrival time

                  0.15   10.00   10.00   clock clk (rise edge)
                          0.00   10.00   clock network delay (ideal)
                         -0.25    9.75   clock uncertainty
                          0.00    9.75   clock reconvergence pessimism
                                  9.75 ^ _1134_/CLK (sky130_fd_sc_hd__dfstp_2)
                          0.16    9.91   library recovery time
                                  9.91   data required time
-----------------------------------------------------------------------------
                                  9.91   data required time
                                 -3.67   data arrival time
-----------------------------------------------------------------------------
                                  6.24   slack (MET)


Startpoint: rst_n (input port clocked by clk)
Endpoint: _1137_ (recovery check against rising-edge clock clk)
Path Group: asynchronous
Path Type: max

Fanout     Cap    Slew   Delay    Time   Description
-----------------------------------------------------------------------------
                  0.15    0.00    0.00   clock clk (rise edge)
                          0.00    0.00   clock network delay (ideal)
                          2.00    2.00 ^ input external delay
                  2.33    1.67    3.67 ^ rst_n (in)
   144    0.52                           rst_n (net)
                  2.33    0.00    3.67 ^ _1137_/SET_B (sky130_fd_sc_hd__dfstp_2)
                                  3.67   data arrival time

                  0.15   10.00   10.00   clock clk (rise edge)
                          0.00   10.00   clock network delay (ideal)
                         -0.25    9.75   clock uncertainty
                          0.00    9.75   clock reconvergence pessimism
                                  9.75 ^ _1137_/CLK (sky130_fd_sc_hd__dfstp_2)
                          0.16    9.91   library recovery time
                                  9.91   data required time
-----------------------------------------------------------------------------
                                  9.91   data required time
                                 -3.67   data arrival time
-----------------------------------------------------------------------------
                                  6.24   slack (MET)


Startpoint: rst_n (input port clocked by clk)
Endpoint: _1140_ (recovery check against rising-edge clock clk)
Path Group: asynchronous
Path Type: max

Fanout     Cap    Slew   Delay    Time   Description
-----------------------------------------------------------------------------
                  0.15    0.00    0.00   clock clk (rise edge)
                          0.00    0.00   clock network delay (ideal)
                          2.00    2.00 ^ input external delay
                  2.33    1.67    3.67 ^ rst_n (in)
   144    0.52                           rst_n (net)
                  2.33    0.00    3.67 ^ _1140_/SET_B (sky130_fd_sc_hd__dfstp_2)
                                  3.67   data arrival time

                  0.15   10.00   10.00   clock clk (rise edge)
                          0.00   10.00   clock network delay (ideal)
                         -0.25    9.75   clock uncertainty
                          0.00    9.75   clock reconvergence pessimism
                                  9.75 ^ _1140_/CLK (sky130_fd_sc_hd__dfstp_2)
                          0.16    9.91   library recovery time
                                  9.91   data required time
-----------------------------------------------------------------------------
                                  9.91   data required time
                                 -3.67   data arrival time
-----------------------------------------------------------------------------
                                  6.24   slack (MET)


Startpoint: rst_n (input port clocked by clk)
Endpoint: _1174_ (recovery check against rising-edge clock clk)
Path Group: asynchronous
Path Type: max

Fanout     Cap    Slew   Delay    Time   Description
-----------------------------------------------------------------------------
                  0.15    0.00    0.00   clock clk (rise edge)
                          0.00    0.00   clock network delay (ideal)
                          2.00    2.00 ^ input external delay
                  2.33    1.67    3.67 ^ rst_n (in)
   144    0.52                           rst_n (net)
                  2.33    0.00    3.67 ^ _1174_/SET_B (sky130_fd_sc_hd__dfstp_2)
                                  3.67   data arrival time

                  0.15   10.00   10.00   clock clk (rise edge)
                          0.00   10.00   clock network delay (ideal)
                         -0.25    9.75   clock uncertainty
                          0.00    9.75   clock reconvergence pessimism
                                  9.75 ^ _1174_/CLK (sky130_fd_sc_hd__dfstp_2)
                          0.16    9.91   library recovery time
                                  9.91   data required time
-----------------------------------------------------------------------------
                                  9.91   data required time
                                 -3.67   data arrival time
-----------------------------------------------------------------------------
                                  6.24   slack (MET)


Startpoint: rst_n (input port clocked by clk)
Endpoint: _1175_ (recovery check against rising-edge clock clk)
Path Group: asynchronous
Path Type: max

Fanout     Cap    Slew   Delay    Time   Description
-----------------------------------------------------------------------------
                  0.15    0.00    0.00   clock clk (rise edge)
                          0.00    0.00   clock network delay (ideal)
                          2.00    2.00 ^ input external delay
                  2.33    1.67    3.67 ^ rst_n (in)
   144    0.52                           rst_n (net)
                  2.33    0.00    3.67 ^ _1175_/SET_B (sky130_fd_sc_hd__dfstp_2)
                                  3.67   data arrival time

                  0.15   10.00   10.00   clock clk (rise edge)
                          0.00   10.00   clock network delay (ideal)
                         -0.25    9.75   clock uncertainty
                          0.00    9.75   clock reconvergence pessimism
                                  9.75 ^ _1175_/CLK (sky130_fd_sc_hd__dfstp_2)
                          0.16    9.91   library recovery time
                                  9.91   data required time
-----------------------------------------------------------------------------
                                  9.91   data required time
                                 -3.67   data arrival time
-----------------------------------------------------------------------------
                                  6.24   slack (MET)


Startpoint: address[5] (input port clocked by clk)
Endpoint: _1081_ (rising edge-triggered flip-flop clocked by clk)
Path Group: clk
Path Type: max

Fanout     Cap    Slew   Delay    Time   Description
-----------------------------------------------------------------------------
                  0.15    0.00    0.00   clock clk (rise edge)
                          0.00    0.00   clock network delay (ideal)
                          2.00    2.00 v input external delay
                  0.02    0.01    2.01 v address[5] (in)
     4    0.01                           address[5] (net)
                  0.02    0.00    2.01 v _0548_/A (sky130_fd_sc_hd__nor2_2)
                  0.15    0.16    2.17 ^ _0548_/Y (sky130_fd_sc_hd__nor2_2)
     7    0.01                           _0169_ (net)
                  0.15    0.00    2.17 ^ _0552_/C (sky130_fd_sc_hd__and3_2)
                  0.09    0.25    2.42 ^ _0552_/X (sky130_fd_sc_hd__and3_2)
     5    0.01                           _0173_ (net)
                  0.09    0.00    2.42 ^ _0867_/A (sky130_fd_sc_hd__nand2_2)
                  0.06    0.08    2.51 v _0867_/Y (sky130_fd_sc_hd__nand2_2)
     4    0.01                           _0406_ (net)
                  0.06    0.00    2.51 v _0868_/S (sky130_fd_sc_hd__mux2_2)
                  0.05    0.28    2.78 v _0868_/X (sky130_fd_sc_hd__mux2_2)
     1    0.00                           _0407_ (net)
                  0.05    0.00    2.78 v _0869_/A (sky130_fd_sc_hd__buf_1)
                  0.02    0.09    2.87 v _0869_/X (sky130_fd_sc_hd__buf_1)
     1    0.00                           _0059_ (net)
                  0.02    0.00    2.87 v _1081_/D (sky130_fd_sc_hd__dfrtp_2)
                                  2.87   data arrival time

                  0.15   10.00   10.00   clock clk (rise edge)
                          0.00   10.00   clock network delay (ideal)
                         -0.25    9.75   clock uncertainty
                          0.00    9.75   clock reconvergence pessimism
                                  9.75 ^ _1081_/CLK (sky130_fd_sc_hd__dfrtp_2)
                         -0.08    9.67   library setup time
                                  9.67   data required time
-----------------------------------------------------------------------------
                                  9.67   data required time
                                 -2.87   data arrival time
-----------------------------------------------------------------------------
                                  6.80   slack (MET)


Startpoint: address[5] (input port clocked by clk)
Endpoint: _1082_ (rising edge-triggered flip-flop clocked by clk)
Path Group: clk
Path Type: max

Fanout     Cap    Slew   Delay    Time   Description
-----------------------------------------------------------------------------
                  0.15    0.00    0.00   clock clk (rise edge)
                          0.00    0.00   clock network delay (ideal)
                          2.00    2.00 v input external delay
                  0.02    0.01    2.01 v address[5] (in)
     4    0.01                           address[5] (net)
                  0.02    0.00    2.01 v _0548_/A (sky130_fd_sc_hd__nor2_2)
                  0.15    0.16    2.17 ^ _0548_/Y (sky130_fd_sc_hd__nor2_2)
     7    0.01                           _0169_ (net)
                  0.15    0.00    2.17 ^ _0552_/C (sky130_fd_sc_hd__and3_2)
                  0.09    0.25    2.42 ^ _0552_/X (sky130_fd_sc_hd__and3_2)
     5    0.01                           _0173_ (net)
                  0.09    0.00    2.42 ^ _0867_/A (sky130_fd_sc_hd__nand2_2)
                  0.06    0.08    2.51 v _0867_/Y (sky130_fd_sc_hd__nand2_2)
     4    0.01                           _0406_ (net)
                  0.06    0.00    2.51 v _0870_/S (sky130_fd_sc_hd__mux2_2)
                  0.05    0.28    2.78 v _0870_/X (sky130_fd_sc_hd__mux2_2)
     1    0.00                           _0408_ (net)
                  0.05    0.00    2.78 v _0871_/A (sky130_fd_sc_hd__buf_1)
                  0.02    0.09    2.87 v _0871_/X (sky130_fd_sc_hd__buf_1)
     1    0.00                           _0060_ (net)
                  0.02    0.00    2.87 v _1082_/D (sky130_fd_sc_hd__dfrtp_2)
                                  2.87   data arrival time

                  0.15   10.00   10.00   clock clk (rise edge)
                          0.00   10.00   clock network delay (ideal)
                         -0.25    9.75   clock uncertainty
                          0.00    9.75   clock reconvergence pessimism
                                  9.75 ^ _1082_/CLK (sky130_fd_sc_hd__dfrtp_2)
                         -0.08    9.67   library setup time
                                  9.67   data required time
-----------------------------------------------------------------------------
                                  9.67   data required time
                                 -2.87   data arrival time
-----------------------------------------------------------------------------
                                  6.80   slack (MET)


Startpoint: address[5] (input port clocked by clk)
Endpoint: _1083_ (rising edge-triggered flip-flop clocked by clk)
Path Group: clk
Path Type: max

Fanout     Cap    Slew   Delay    Time   Description
-----------------------------------------------------------------------------
                  0.15    0.00    0.00   clock clk (rise edge)
                          0.00    0.00   clock network delay (ideal)
                          2.00    2.00 v input external delay
                  0.02    0.01    2.01 v address[5] (in)
     4    0.01                           address[5] (net)
                  0.02    0.00    2.01 v _0548_/A (sky130_fd_sc_hd__nor2_2)
                  0.15    0.16    2.17 ^ _0548_/Y (sky130_fd_sc_hd__nor2_2)
     7    0.01                           _0169_ (net)
                  0.15    0.00    2.17 ^ _0552_/C (sky130_fd_sc_hd__and3_2)
                  0.09    0.25    2.42 ^ _0552_/X (sky130_fd_sc_hd__and3_2)
     5    0.01                           _0173_ (net)
                  0.09    0.00    2.42 ^ _0867_/A (sky130_fd_sc_hd__nand2_2)
                  0.06    0.08    2.51 v _0867_/Y (sky130_fd_sc_hd__nand2_2)
     4    0.01                           _0406_ (net)
                  0.06    0.00    2.51 v _0872_/S (sky130_fd_sc_hd__mux2_2)
                  0.05    0.28    2.78 v _0872_/X (sky130_fd_sc_hd__mux2_2)
     1    0.00                           _0409_ (net)
                  0.05    0.00    2.78 v _0873_/A (sky130_fd_sc_hd__buf_1)
                  0.02    0.09    2.87 v _0873_/X (sky130_fd_sc_hd__buf_1)
     1    0.00                           _0061_ (net)
                  0.02    0.00    2.87 v _1083_/D (sky130_fd_sc_hd__dfrtp_2)
                                  2.87   data arrival time

                  0.15   10.00   10.00   clock clk (rise edge)
                          0.00   10.00   clock network delay (ideal)
                         -0.25    9.75   clock uncertainty
                          0.00    9.75   clock reconvergence pessimism
                                  9.75 ^ _1083_/CLK (sky130_fd_sc_hd__dfrtp_2)
                         -0.08    9.67   library setup time
                                  9.67   data required time
-----------------------------------------------------------------------------
                                  9.67   data required time
                                 -2.87   data arrival time
-----------------------------------------------------------------------------
                                  6.80   slack (MET)


Startpoint: address[5] (input port clocked by clk)
Endpoint: _1085_ (rising edge-triggered flip-flop clocked by clk)
Path Group: clk
Path Type: max

Fanout     Cap    Slew   Delay    Time   Description
-----------------------------------------------------------------------------
                  0.15    0.00    0.00   clock clk (rise edge)
                          0.00    0.00   clock network delay (ideal)
                          2.00    2.00 v input external delay
                  0.02    0.01    2.01 v address[5] (in)
     4    0.01                           address[5] (net)
                  0.02    0.00    2.01 v _0548_/A (sky130_fd_sc_hd__nor2_2)
                  0.15    0.16    2.17 ^ _0548_/Y (sky130_fd_sc_hd__nor2_2)
     7    0.01                           _0169_ (net)
                  0.15    0.00    2.17 ^ _0753_/B (sky130_fd_sc_hd__and3_2)
                  0.08    0.24    2.42 ^ _0753_/X (sky130_fd_sc_hd__and3_2)
     3    0.01                           _0321_ (net)
                  0.08    0.00    2.42 ^ _0876_/S (sky130_fd_sc_hd__mux2_2)
                  0.05    0.34    2.76 v _0876_/X (sky130_fd_sc_hd__mux2_2)
     1    0.00                           _0411_ (net)
                  0.05    0.00    2.76 v _0877_/A (sky130_fd_sc_hd__buf_1)
                  0.02    0.09    2.85 v _0877_/X (sky130_fd_sc_hd__buf_1)
     1    0.00                           _0063_ (net)
                  0.02    0.00    2.85 v _1085_/D (sky130_fd_sc_hd__dfrtp_2)
                                  2.85   data arrival time

                  0.15   10.00   10.00   clock clk (rise edge)
                          0.00   10.00   clock network delay (ideal)
                         -0.25    9.75   clock uncertainty
                          0.00    9.75   clock reconvergence pessimism
                                  9.75 ^ _1085_/CLK (sky130_fd_sc_hd__dfrtp_2)
                         -0.08    9.67   library setup time
                                  9.67   data required time
-----------------------------------------------------------------------------
                                  9.67   data required time
                                 -2.85   data arrival time
-----------------------------------------------------------------------------
                                  6.82   slack (MET)


Startpoint: address[5] (input port clocked by clk)
Endpoint: _1086_ (rising edge-triggered flip-flop clocked by clk)
Path Group: clk
Path Type: max

Fanout     Cap    Slew   Delay    Time   Description
-----------------------------------------------------------------------------
                  0.15    0.00    0.00   clock clk (rise edge)
                          0.00    0.00   clock network delay (ideal)
                          2.00    2.00 v input external delay
                  0.02    0.01    2.01 v address[5] (in)
     4    0.01                           address[5] (net)
                  0.02    0.00    2.01 v _0548_/A (sky130_fd_sc_hd__nor2_2)
                  0.15    0.16    2.17 ^ _0548_/Y (sky130_fd_sc_hd__nor2_2)
     7    0.01                           _0169_ (net)
                  0.15    0.00    2.17 ^ _0753_/B (sky130_fd_sc_hd__and3_2)
                  0.08    0.24    2.42 ^ _0753_/X (sky130_fd_sc_hd__and3_2)
     3    0.01                           _0321_ (net)
                  0.08    0.00    2.42 ^ _0878_/S (sky130_fd_sc_hd__mux2_2)
                  0.05    0.34    2.76 v _0878_/X (sky130_fd_sc_hd__mux2_2)
     1    0.00                           _0412_ (net)
                  0.05    0.00    2.76 v _0879_/A (sky130_fd_sc_hd__buf_1)
                  0.02    0.09    2.85 v _0879_/X (sky130_fd_sc_hd__buf_1)
     1    0.00                           _0064_ (net)
                  0.02    0.00    2.85 v _1086_/D (sky130_fd_sc_hd__dfrtp_2)
                                  2.85   data arrival time

                  0.15   10.00   10.00   clock clk (rise edge)
                          0.00   10.00   clock network delay (ideal)
                         -0.25    9.75   clock uncertainty
                          0.00    9.75   clock reconvergence pessimism
                                  9.75 ^ _1086_/CLK (sky130_fd_sc_hd__dfrtp_2)
                         -0.08    9.67   library setup time
                                  9.67   data required time
-----------------------------------------------------------------------------
                                  9.67   data required time
                                 -2.85   data arrival time
-----------------------------------------------------------------------------
                                  6.82   slack (MET)


Startpoint: address[5] (input port clocked by clk)
Endpoint: _1084_ (rising edge-triggered flip-flop clocked by clk)
Path Group: clk
Path Type: max

Fanout     Cap    Slew   Delay    Time   Description
-----------------------------------------------------------------------------
                  0.15    0.00    0.00   clock clk (rise edge)
                          0.00    0.00   clock network delay (ideal)
                          2.00    2.00 v input external delay
                  0.02    0.01    2.01 v address[5] (in)
     4    0.01                           address[5] (net)
                  0.02    0.00    2.01 v _0548_/A (sky130_fd_sc_hd__nor2_2)
                  0.15    0.16    2.17 ^ _0548_/Y (sky130_fd_sc_hd__nor2_2)
     7    0.01                           _0169_ (net)
                  0.15    0.00    2.17 ^ _0552_/C (sky130_fd_sc_hd__and3_2)
                  0.09    0.25    2.42 ^ _0552_/X (sky130_fd_sc_hd__and3_2)
     5    0.01                           _0173_ (net)
                  0.09    0.00    2.42 ^ _0867_/A (sky130_fd_sc_hd__nand2_2)
                  0.06    0.08    2.51 v _0867_/Y (sky130_fd_sc_hd__nand2_2)
     4    0.01                           _0406_ (net)
                  0.06    0.00    2.51 v _0874_/S (sky130_fd_sc_hd__mux2_2)
                  0.05    0.28    2.78 v _0874_/X (sky130_fd_sc_hd__mux2_2)
     1    0.00                           _0410_ (net)
                  0.05    0.00    2.78 v _0875_/A (sky130_fd_sc_hd__buf_1)
                  0.02    0.09    2.87 v _0875_/X (sky130_fd_sc_hd__buf_1)
     1    0.00                           _0062_ (net)
                  0.02    0.00    2.87 v _1084_/D (sky130_fd_sc_hd__dfstp_2)
                                  2.87   data arrival time

                  0.15   10.00   10.00   clock clk (rise edge)
                          0.00   10.00   clock network delay (ideal)
                         -0.25    9.75   clock uncertainty
                          0.00    9.75   clock reconvergence pessimism
                                  9.75 ^ _1084_/CLK (sky130_fd_sc_hd__dfstp_2)
                         -0.04    9.71   library setup time
                                  9.71   data required time
-----------------------------------------------------------------------------
                                  9.71   data required time
                                 -2.87   data arrival time
-----------------------------------------------------------------------------
                                  6.84   slack (MET)


Startpoint: address[5] (input port clocked by clk)
Endpoint: _1043_ (rising edge-triggered flip-flop clocked by clk)
Path Group: clk
Path Type: max

Fanout     Cap    Slew   Delay    Time   Description
-----------------------------------------------------------------------------
                  0.15    0.00    0.00   clock clk (rise edge)
                          0.00    0.00   clock network delay (ideal)
                          2.00    2.00 v input external delay
                  0.02    0.01    2.01 v address[5] (in)
     4    0.01                           address[5] (net)
                  0.02    0.00    2.01 v _0548_/A (sky130_fd_sc_hd__nor2_2)
                  0.15    0.16    2.17 ^ _0548_/Y (sky130_fd_sc_hd__nor2_2)
     7    0.01                           _0169_ (net)
                  0.15    0.00    2.17 ^ _0753_/B (sky130_fd_sc_hd__and3_2)
                  0.08    0.24    2.42 ^ _0753_/X (sky130_fd_sc_hd__and3_2)
     3    0.01                           _0321_ (net)
                  0.08    0.00    2.42 ^ _0754_/B (sky130_fd_sc_hd__nand2_2)
                  0.03    0.05    2.47 v _0754_/Y (sky130_fd_sc_hd__nand2_2)
     1    0.00                           _0322_ (net)
                  0.03    0.00    2.47 v _0756_/B1 (sky130_fd_sc_hd__a221o_2)
                  0.05    0.33    2.80 v _0756_/X (sky130_fd_sc_hd__a221o_2)
     1    0.00                           _0000_ (net)
                  0.05    0.00    2.80 v _1043_/D (sky130_fd_sc_hd__dfrtp_2)
                                  2.80   data arrival time

                  0.15   10.00   10.00   clock clk (rise edge)
                          0.00   10.00   clock network delay (ideal)
                         -0.25    9.75   clock uncertainty
                          0.00    9.75   clock reconvergence pessimism
                                  9.75 ^ _1043_/CLK (sky130_fd_sc_hd__dfrtp_2)
                         -0.09    9.66   library setup time
                                  9.66   data required time
-----------------------------------------------------------------------------
                                  9.66   data required time
                                 -2.80   data arrival time
-----------------------------------------------------------------------------
                                  6.86   slack (MET)


Startpoint: _1132_ (rising edge-triggered flip-flop clocked by clk)
Endpoint: _1169_ (rising edge-triggered flip-flop clocked by clk)
Path Group: clk
Path Type: max

Fanout     Cap    Slew   Delay    Time   Description
-----------------------------------------------------------------------------
                  0.15    0.00    0.00   clock clk (rise edge)
                          0.00    0.00   clock network delay (ideal)
                  0.15    0.00    0.00 ^ _1132_/CLK (sky130_fd_sc_hd__dfrtp_2)
                  0.07    0.48    0.48 v _1132_/Q (sky130_fd_sc_hd__dfrtp_2)
     5    0.02                           spi_byte_buf[6] (net)
                  0.07    0.00    0.48 v _0933_/B (sky130_fd_sc_hd__xnor2_2)
                  0.37    0.33    0.81 ^ _0933_/Y (sky130_fd_sc_hd__xnor2_2)
     5    0.03                           _0439_ (net)
                  0.37    0.00    0.81 ^ _1026_/C_N (sky130_fd_sc_hd__or3b_2)
                  0.07    0.49    1.30 v _1026_/X (sky130_fd_sc_hd__or3b_2)
     1    0.00                           _0497_ (net)
                  0.07    0.00    1.30 v _1027_/C (sky130_fd_sc_hd__or4b_2)
                  0.09    0.62    1.92 v _1027_/X (sky130_fd_sc_hd__or4b_2)
     1    0.00                           _0498_ (net)
                  0.09    0.00    1.92 v _1028_/C (sky130_fd_sc_hd__or4b_2)
                  0.11    0.66    2.58 v _1028_/X (sky130_fd_sc_hd__or4b_2)
     1    0.00                           _0499_ (net)
                  0.11    0.00    2.58 v _1029_/A (sky130_fd_sc_hd__inv_2)
                  0.03    0.06    2.63 ^ _1029_/Y (sky130_fd_sc_hd__inv_2)
     1    0.00                           _0500_ (net)
                  0.03    0.00    2.63 ^ _1031_/A1 (sky130_fd_sc_hd__mux2_2)
                  0.04    0.13    2.77 ^ _1031_/X (sky130_fd_sc_hd__mux2_2)
     1    0.00                           _0502_ (net)
                  0.04    0.00    2.77 ^ _1032_/A (sky130_fd_sc_hd__buf_1)
                  0.04    0.07    2.84 ^ _1032_/X (sky130_fd_sc_hd__buf_1)
     1    0.00                           _0127_ (net)
                  0.04    0.00    2.84 ^ _1169_/D (sky130_fd_sc_hd__dfrtp_2)
                                  2.84   data arrival time

                  0.15   10.00   10.00   clock clk (rise edge)
                          0.00   10.00   clock network delay (ideal)
                         -0.25    9.75   clock uncertainty
                          0.00    9.75   clock reconvergence pessimism
                                  9.75 ^ _1169_/CLK (sky130_fd_sc_hd__dfrtp_2)
                         -0.05    9.70   library setup time
                                  9.70   data required time
-----------------------------------------------------------------------------
                                  9.70   data required time
                                 -2.84   data arrival time
-----------------------------------------------------------------------------
                                  6.86   slack (MET)


Startpoint: _1101_ (rising edge-triggered flip-flop clocked by clk)
Endpoint: _1115_ (rising edge-triggered flip-flop clocked by clk)
Path Group: clk
Path Type: max

Fanout     Cap    Slew   Delay    Time   Description
-----------------------------------------------------------------------------
                  0.15    0.00    0.00   clock clk (rise edge)
                          0.00    0.00   clock network delay (ideal)
                  0.15    0.00    0.00 ^ _1101_/CLK (sky130_fd_sc_hd__dfrtp_2)
                  0.07    0.48    0.48 v _1101_/Q (sky130_fd_sc_hd__dfrtp_2)
     5    0.01                           spi_lockout_timer[0] (net)
                  0.07    0.00    0.48 v _0681_/A (sky130_fd_sc_hd__or3_2)
                  0.10    0.53    1.01 v _0681_/X (sky130_fd_sc_hd__or3_2)
     4    0.01                           _0268_ (net)
                  0.10    0.00    1.01 v _0683_/C (sky130_fd_sc_hd__nor4_2)
                  0.40    0.39    1.41 ^ _0683_/Y (sky130_fd_sc_hd__nor4_2)
     4    0.01                           _0270_ (net)
                  0.40    0.00    1.41 ^ _0729_/A (sky130_fd_sc_hd__nand2_2)
                  0.09    0.09    1.49 v _0729_/Y (sky130_fd_sc_hd__nand2_2)
     3    0.00                           _0305_ (net)
                  0.09    0.00    1.49 v _0737_/C (sky130_fd_sc_hd__or3_2)
                  0.11    0.49    1.98 v _0737_/X (sky130_fd_sc_hd__or3_2)
     4    0.01                           _0311_ (net)
                  0.11    0.00    1.98 v _0740_/C (sky130_fd_sc_hd__or4_2)
                  0.11    0.66    2.65 v _0740_/X (sky130_fd_sc_hd__or4_2)
     1    0.00                           _0313_ (net)
                  0.11    0.00    2.65 v _0742_/A1 (sky130_fd_sc_hd__a21oi_2)
                  0.07    0.13    2.78 ^ _0742_/Y (sky130_fd_sc_hd__a21oi_2)
     1    0.00                           _0009_ (net)
                  0.07    0.00    2.78 ^ _1115_/D (sky130_fd_sc_hd__dfrtp_2)
                                  2.78   data arrival time

                  0.15   10.00   10.00   clock clk (rise edge)
                          0.00   10.00   clock network delay (ideal)
                         -0.25    9.75   clock uncertainty
                          0.00    9.75   clock reconvergence pessimism
                                  9.75 ^ _1115_/CLK (sky130_fd_sc_hd__dfrtp_2)
                         -0.05    9.70   library setup time
                                  9.70   data required time
-----------------------------------------------------------------------------
                                  9.70   data required time
                                 -2.78   data arrival time
-----------------------------------------------------------------------------
                                  6.92   slack (MET)


Startpoint: _1043_ (rising edge-triggered flip-flop clocked by clk)
Endpoint: user_interrupt (output port clocked by clk)
Path Group: clk
Path Type: max

Fanout     Cap    Slew   Delay    Time   Description
-----------------------------------------------------------------------------
                  0.15    0.00    0.00   clock clk (rise edge)
                          0.00    0.00   clock network delay (ideal)
                  0.15    0.00    0.00 ^ _1043_/CLK (sky130_fd_sc_hd__dfrtp_2)
                  0.20    0.53    0.53 ^ _1043_/Q (sky130_fd_sc_hd__dfrtp_2)
     4    0.04                           uo_out[3] (net)
                  0.20    0.00    0.53 ^ _1194_/A (sky130_fd_sc_hd__buf_2)
                  0.17    0.26    0.79 ^ _1194_/X (sky130_fd_sc_hd__buf_2)
     1    0.03                           user_interrupt (net)
                  0.17    0.00    0.79 ^ user_interrupt (out)
                                  0.79   data arrival time

                  0.15   10.00   10.00   clock clk (rise edge)
                          0.00   10.00   clock network delay (ideal)
                         -0.25    9.75   clock uncertainty
                          0.00    9.75   clock reconvergence pessimism
                         -2.00    7.75   output external delay
                                  7.75   data required time
-----------------------------------------------------------------------------
                                  7.75   data required time
                                 -0.79   data arrival time
-----------------------------------------------------------------------------
                                  6.96   slack (MET)


Startpoint: _1175_ (rising edge-triggered flip-flop clocked by clk)
Endpoint: _1152_ (rising edge-triggered flip-flop clocked by clk)
Path Group: clk
Path Type: max

Fanout     Cap    Slew   Delay    Time   Description
-----------------------------------------------------------------------------
                  0.15    0.00    0.00   clock clk (rise edge)
                          0.00    0.00   clock network delay (ideal)
                  0.15    0.00    0.00 ^ _1175_/CLK (sky130_fd_sc_hd__dfstp_2)
                  0.06    0.45    0.45 v _1175_/Q (sky130_fd_sc_hd__dfstp_2)
     6    0.02                           spi_cs_s2 (net)
                  0.06    0.00    0.45 v _0745_/A (sky130_fd_sc_hd__nor4b_2)
                  0.76    0.73    1.18 ^ _0745_/Y (sky130_fd_sc_hd__nor4b_2)
    11    0.03                           _0315_ (net)
                  0.76    0.00    1.18 ^ _0746_/C (sky130_fd_sc_hd__and3_2)
                  0.11    0.36    1.54 ^ _0746_/X (sky130_fd_sc_hd__and3_2)
     5    0.01                           _0316_ (net)
                  0.11    0.00    1.54 ^ _0916_/B (sky130_fd_sc_hd__and2_2)
                  0.09    0.20    1.74 ^ _0916_/X (sky130_fd_sc_hd__and2_2)
     5    0.01                           _0432_ (net)
                  0.09    0.00    1.74 ^ _0992_/C (sky130_fd_sc_hd__and3b_2)
                  0.04    0.19    1.93 ^ _0992_/X (sky130_fd_sc_hd__and3b_2)
     1    0.00                           _0479_ (net)
                  0.04    0.00    1.93 ^ _0993_/A (sky130_fd_sc_hd__buf_1)
                  0.32    0.28    2.21 ^ _0993_/X (sky130_fd_sc_hd__buf_1)
     8    0.03                           _0480_ (net)
                  0.32    0.00    2.21 ^ _0994_/S (sky130_fd_sc_hd__mux2_2)
                  0.05    0.39    2.60 v _0994_/X (sky130_fd_sc_hd__mux2_2)
     1    0.00                           _0481_ (net)
                  0.05    0.00    2.60 v _0995_/A (sky130_fd_sc_hd__buf_1)
                  0.02    0.09    2.68 v _0995_/X (sky130_fd_sc_hd__buf_1)
     1    0.00                           _0111_ (net)
                  0.02    0.00    2.68 v _1152_/D (sky130_fd_sc_hd__dfrtp_2)
                                  2.68   data arrival time

                  0.15   10.00   10.00   clock clk (rise edge)
                          0.00   10.00   clock network delay (ideal)
                         -0.25    9.75   clock uncertainty
                          0.00    9.75   clock reconvergence pessimism
                                  9.75 ^ _1152_/CLK (sky130_fd_sc_hd__dfrtp_2)
                         -0.08    9.67   library setup time
                                  9.67   data required time
-----------------------------------------------------------------------------
                                  9.67   data required time
                                 -2.68   data arrival time
-----------------------------------------------------------------------------
                                  6.98   slack (MET)


Startpoint: _1175_ (rising edge-triggered flip-flop clocked by clk)
Endpoint: _1153_ (rising edge-triggered flip-flop clocked by clk)
Path Group: clk
Path Type: max

Fanout     Cap    Slew   Delay    Time   Description
-----------------------------------------------------------------------------
                  0.15    0.00    0.00   clock clk (rise edge)
                          0.00    0.00   clock network delay (ideal)
                  0.15    0.00    0.00 ^ _1175_/CLK (sky130_fd_sc_hd__dfstp_2)
                  0.06    0.45    0.45 v _1175_/Q (sky130_fd_sc_hd__dfstp_2)
     6    0.02                           spi_cs_s2 (net)
                  0.06    0.00    0.45 v _0745_/A (sky130_fd_sc_hd__nor4b_2)
                  0.76    0.73    1.18 ^ _0745_/Y (sky130_fd_sc_hd__nor4b_2)
    11    0.03                           _0315_ (net)
                  0.76    0.00    1.18 ^ _0746_/C (sky130_fd_sc_hd__and3_2)
                  0.11    0.36    1.54 ^ _0746_/X (sky130_fd_sc_hd__and3_2)
     5    0.01                           _0316_ (net)
                  0.11    0.00    1.54 ^ _0916_/B (sky130_fd_sc_hd__and2_2)
                  0.09    0.20    1.74 ^ _0916_/X (sky130_fd_sc_hd__and2_2)
     5    0.01                           _0432_ (net)
                  0.09    0.00    1.74 ^ _0992_/C (sky130_fd_sc_hd__and3b_2)
                  0.04    0.19    1.93 ^ _0992_/X (sky130_fd_sc_hd__and3b_2)
     1    0.00                           _0479_ (net)
                  0.04    0.00    1.93 ^ _0993_/A (sky130_fd_sc_hd__buf_1)
                  0.32    0.28    2.21 ^ _0993_/X (sky130_fd_sc_hd__buf_1)
     8    0.03                           _0480_ (net)
                  0.32    0.00    2.21 ^ _0996_/S (sky130_fd_sc_hd__mux2_2)
                  0.05    0.39    2.60 v _0996_/X (sky130_fd_sc_hd__mux2_2)
     1    0.00                           _0482_ (net)
                  0.05    0.00    2.60 v _0997_/A (sky130_fd_sc_hd__buf_1)
                  0.02    0.09    2.68 v _0997_/X (sky130_fd_sc_hd__buf_1)
     1    0.00                           _0112_ (net)
                  0.02    0.00    2.68 v _1153_/D (sky130_fd_sc_hd__dfrtp_2)
                                  2.68   data arrival time

                  0.15   10.00   10.00   clock clk (rise edge)
                          0.00   10.00   clock network delay (ideal)
                         -0.25    9.75   clock uncertainty
                          0.00    9.75   clock reconvergence pessimism
                                  9.75 ^ _1153_/CLK (sky130_fd_sc_hd__dfrtp_2)
                         -0.08    9.67   library setup time
                                  9.67   data required time
-----------------------------------------------------------------------------
                                  9.67   data required time
                                 -2.68   data arrival time
-----------------------------------------------------------------------------
                                  6.98   slack (MET)


Startpoint: _1175_ (rising edge-triggered flip-flop clocked by clk)
Endpoint: _1154_ (rising edge-triggered flip-flop clocked by clk)
Path Group: clk
Path Type: max

Fanout     Cap    Slew   Delay    Time   Description
-----------------------------------------------------------------------------
                  0.15    0.00    0.00   clock clk (rise edge)
                          0.00    0.00   clock network delay (ideal)
                  0.15    0.00    0.00 ^ _1175_/CLK (sky130_fd_sc_hd__dfstp_2)
                  0.06    0.45    0.45 v _1175_/Q (sky130_fd_sc_hd__dfstp_2)
     6    0.02                           spi_cs_s2 (net)
                  0.06    0.00    0.45 v _0745_/A (sky130_fd_sc_hd__nor4b_2)
                  0.76    0.73    1.18 ^ _0745_/Y (sky130_fd_sc_hd__nor4b_2)
    11    0.03                           _0315_ (net)
                  0.76    0.00    1.18 ^ _0746_/C (sky130_fd_sc_hd__and3_2)
                  0.11    0.36    1.54 ^ _0746_/X (sky130_fd_sc_hd__and3_2)
     5    0.01                           _0316_ (net)
                  0.11    0.00    1.54 ^ _0916_/B (sky130_fd_sc_hd__and2_2)
                  0.09    0.20    1.74 ^ _0916_/X (sky130_fd_sc_hd__and2_2)
     5    0.01                           _0432_ (net)
                  0.09    0.00    1.74 ^ _0992_/C (sky130_fd_sc_hd__and3b_2)
                  0.04    0.19    1.93 ^ _0992_/X (sky130_fd_sc_hd__and3b_2)
     1    0.00                           _0479_ (net)
                  0.04    0.00    1.93 ^ _0993_/A (sky130_fd_sc_hd__buf_1)
                  0.32    0.28    2.21 ^ _0993_/X (sky130_fd_sc_hd__buf_1)
     8    0.03                           _0480_ (net)
                  0.32    0.00    2.21 ^ _0998_/S (sky130_fd_sc_hd__mux2_2)
                  0.05    0.39    2.60 v _0998_/X (sky130_fd_sc_hd__mux2_2)
     1    0.00                           _0483_ (net)
                  0.05    0.00    2.60 v _0999_/A (sky130_fd_sc_hd__buf_1)
                  0.02    0.09    2.68 v _0999_/X (sky130_fd_sc_hd__buf_1)
     1    0.00                           _0113_ (net)
                  0.02    0.00    2.68 v _1154_/D (sky130_fd_sc_hd__dfrtp_2)
                                  2.68   data arrival time

                  0.15   10.00   10.00   clock clk (rise edge)
                          0.00   10.00   clock network delay (ideal)
                         -0.25    9.75   clock uncertainty
                          0.00    9.75   clock reconvergence pessimism
                                  9.75 ^ _1154_/CLK (sky130_fd_sc_hd__dfrtp_2)
                         -0.08    9.67   library setup time
                                  9.67   data required time
-----------------------------------------------------------------------------
                                  9.67   data required time
                                 -2.68   data arrival time
-----------------------------------------------------------------------------
                                  6.98   slack (MET)


Startpoint: _1175_ (rising edge-triggered flip-flop clocked by clk)
Endpoint: _1155_ (rising edge-triggered flip-flop clocked by clk)
Path Group: clk
Path Type: max

Fanout     Cap    Slew   Delay    Time   Description
-----------------------------------------------------------------------------
                  0.15    0.00    0.00   clock clk (rise edge)
                          0.00    0.00   clock network delay (ideal)
                  0.15    0.00    0.00 ^ _1175_/CLK (sky130_fd_sc_hd__dfstp_2)
                  0.06    0.45    0.45 v _1175_/Q (sky130_fd_sc_hd__dfstp_2)
     6    0.02                           spi_cs_s2 (net)
                  0.06    0.00    0.45 v _0745_/A (sky130_fd_sc_hd__nor4b_2)
                  0.76    0.73    1.18 ^ _0745_/Y (sky130_fd_sc_hd__nor4b_2)
    11    0.03                           _0315_ (net)
                  0.76    0.00    1.18 ^ _0746_/C (sky130_fd_sc_hd__and3_2)
                  0.11    0.36    1.54 ^ _0746_/X (sky130_fd_sc_hd__and3_2)
     5    0.01                           _0316_ (net)
                  0.11    0.00    1.54 ^ _0916_/B (sky130_fd_sc_hd__and2_2)
                  0.09    0.20    1.74 ^ _0916_/X (sky130_fd_sc_hd__and2_2)
     5    0.01                           _0432_ (net)
                  0.09    0.00    1.74 ^ _0992_/C (sky130_fd_sc_hd__and3b_2)
                  0.04    0.19    1.93 ^ _0992_/X (sky130_fd_sc_hd__and3b_2)
     1    0.00                           _0479_ (net)
                  0.04    0.00    1.93 ^ _0993_/A (sky130_fd_sc_hd__buf_1)
                  0.32    0.28    2.21 ^ _0993_/X (sky130_fd_sc_hd__buf_1)
     8    0.03                           _0480_ (net)
                  0.32    0.00    2.21 ^ _1000_/S (sky130_fd_sc_hd__mux2_2)
                  0.05    0.39    2.60 v _1000_/X (sky130_fd_sc_hd__mux2_2)
     1    0.00                           _0484_ (net)
                  0.05    0.00    2.60 v _1001_/A (sky130_fd_sc_hd__buf_1)
                  0.02    0.09    2.68 v _1001_/X (sky130_fd_sc_hd__buf_1)
     1    0.00                           _0114_ (net)
                  0.02    0.00    2.68 v _1155_/D (sky130_fd_sc_hd__dfrtp_2)
                                  2.68   data arrival time

                  0.15   10.00   10.00   clock clk (rise edge)
                          0.00   10.00   clock network delay (ideal)
                         -0.25    9.75   clock uncertainty
                          0.00    9.75   clock reconvergence pessimism
                                  9.75 ^ _1155_/CLK (sky130_fd_sc_hd__dfrtp_2)
                         -0.08    9.67   library setup time
                                  9.67   data required time
-----------------------------------------------------------------------------
                                  9.67   data required time
                                 -2.68   data arrival time
-----------------------------------------------------------------------------
                                  6.98   slack (MET)


Startpoint: _1175_ (rising edge-triggered flip-flop clocked by clk)
Endpoint: _1156_ (rising edge-triggered flip-flop clocked by clk)
Path Group: clk
Path Type: max

Fanout     Cap    Slew   Delay    Time   Description
-----------------------------------------------------------------------------
                  0.15    0.00    0.00   clock clk (rise edge)
                          0.00    0.00   clock network delay (ideal)
                  0.15    0.00    0.00 ^ _1175_/CLK (sky130_fd_sc_hd__dfstp_2)
                  0.06    0.45    0.45 v _1175_/Q (sky130_fd_sc_hd__dfstp_2)
     6    0.02                           spi_cs_s2 (net)
                  0.06    0.00    0.45 v _0745_/A (sky130_fd_sc_hd__nor4b_2)
                  0.76    0.73    1.18 ^ _0745_/Y (sky130_fd_sc_hd__nor4b_2)
    11    0.03                           _0315_ (net)
                  0.76    0.00    1.18 ^ _0746_/C (sky130_fd_sc_hd__and3_2)
                  0.11    0.36    1.54 ^ _0746_/X (sky130_fd_sc_hd__and3_2)
     5    0.01                           _0316_ (net)
                  0.11    0.00    1.54 ^ _0916_/B (sky130_fd_sc_hd__and2_2)
                  0.09    0.20    1.74 ^ _0916_/X (sky130_fd_sc_hd__and2_2)
     5    0.01                           _0432_ (net)
                  0.09    0.00    1.74 ^ _0992_/C (sky130_fd_sc_hd__and3b_2)
                  0.04    0.19    1.93 ^ _0992_/X (sky130_fd_sc_hd__and3b_2)
     1    0.00                           _0479_ (net)
                  0.04    0.00    1.93 ^ _0993_/A (sky130_fd_sc_hd__buf_1)
                  0.32    0.28    2.21 ^ _0993_/X (sky130_fd_sc_hd__buf_1)
     8    0.03                           _0480_ (net)
                  0.32    0.00    2.21 ^ _1002_/S (sky130_fd_sc_hd__mux2_2)
                  0.05    0.39    2.60 v _1002_/X (sky130_fd_sc_hd__mux2_2)
     1    0.00                           _0485_ (net)
                  0.05    0.00    2.60 v _1003_/A (sky130_fd_sc_hd__buf_1)
                  0.02    0.09    2.68 v _1003_/X (sky130_fd_sc_hd__buf_1)
     1    0.00                           _0115_ (net)
                  0.02    0.00    2.68 v _1156_/D (sky130_fd_sc_hd__dfrtp_2)
                                  2.68   data arrival time

                  0.15   10.00   10.00   clock clk (rise edge)
                          0.00   10.00   clock network delay (ideal)
                         -0.25    9.75   clock uncertainty
                          0.00    9.75   clock reconvergence pessimism
                                  9.75 ^ _1156_/CLK (sky130_fd_sc_hd__dfrtp_2)
                         -0.08    9.67   library setup time
                                  9.67   data required time
-----------------------------------------------------------------------------
                                  9.67   data required time
                                 -2.68   data arrival time
-----------------------------------------------------------------------------
                                  6.98   slack (MET)


Startpoint: _1175_ (rising edge-triggered flip-flop clocked by clk)
Endpoint: _1157_ (rising edge-triggered flip-flop clocked by clk)
Path Group: clk
Path Type: max

Fanout     Cap    Slew   Delay    Time   Description
-----------------------------------------------------------------------------
                  0.15    0.00    0.00   clock clk (rise edge)
                          0.00    0.00   clock network delay (ideal)
                  0.15    0.00    0.00 ^ _1175_/CLK (sky130_fd_sc_hd__dfstp_2)
                  0.06    0.45    0.45 v _1175_/Q (sky130_fd_sc_hd__dfstp_2)
     6    0.02                           spi_cs_s2 (net)
                  0.06    0.00    0.45 v _0745_/A (sky130_fd_sc_hd__nor4b_2)
                  0.76    0.73    1.18 ^ _0745_/Y (sky130_fd_sc_hd__nor4b_2)
    11    0.03                           _0315_ (net)
                  0.76    0.00    1.18 ^ _0746_/C (sky130_fd_sc_hd__and3_2)
                  0.11    0.36    1.54 ^ _0746_/X (sky130_fd_sc_hd__and3_2)
     5    0.01                           _0316_ (net)
                  0.11    0.00    1.54 ^ _0916_/B (sky130_fd_sc_hd__and2_2)
                  0.09    0.20    1.74 ^ _0916_/X (sky130_fd_sc_hd__and2_2)
     5    0.01                           _0432_ (net)
                  0.09    0.00    1.74 ^ _0992_/C (sky130_fd_sc_hd__and3b_2)
                  0.04    0.19    1.93 ^ _0992_/X (sky130_fd_sc_hd__and3b_2)
     1    0.00                           _0479_ (net)
                  0.04    0.00    1.93 ^ _0993_/A (sky130_fd_sc_hd__buf_1)
                  0.32    0.28    2.21 ^ _0993_/X (sky130_fd_sc_hd__buf_1)
     8    0.03                           _0480_ (net)
                  0.32    0.00    2.21 ^ _1004_/S (sky130_fd_sc_hd__mux2_2)
                  0.05    0.39    2.60 v _1004_/X (sky130_fd_sc_hd__mux2_2)
     1    0.00                           _0486_ (net)
                  0.05    0.00    2.60 v _1005_/A (sky130_fd_sc_hd__buf_1)
                  0.02    0.09    2.68 v _1005_/X (sky130_fd_sc_hd__buf_1)
     1    0.00                           _0116_ (net)
                  0.02    0.00    2.68 v _1157_/D (sky130_fd_sc_hd__dfrtp_2)
                                  2.68   data arrival time

                  0.15   10.00   10.00   clock clk (rise edge)
                          0.00   10.00   clock network delay (ideal)
                         -0.25    9.75   clock uncertainty
                          0.00    9.75   clock reconvergence pessimism
                                  9.75 ^ _1157_/CLK (sky130_fd_sc_hd__dfrtp_2)
                         -0.08    9.67   library setup time
                                  9.67   data required time
-----------------------------------------------------------------------------
                                  9.67   data required time
                                 -2.68   data arrival time
-----------------------------------------------------------------------------
                                  6.98   slack (MET)


Startpoint: _1175_ (rising edge-triggered flip-flop clocked by clk)
Endpoint: _1158_ (rising edge-triggered flip-flop clocked by clk)
Path Group: clk
Path Type: max

Fanout     Cap    Slew   Delay    Time   Description
-----------------------------------------------------------------------------
                  0.15    0.00    0.00   clock clk (rise edge)
                          0.00    0.00   clock network delay (ideal)
                  0.15    0.00    0.00 ^ _1175_/CLK (sky130_fd_sc_hd__dfstp_2)
                  0.06    0.45    0.45 v _1175_/Q (sky130_fd_sc_hd__dfstp_2)
     6    0.02                           spi_cs_s2 (net)
                  0.06    0.00    0.45 v _0745_/A (sky130_fd_sc_hd__nor4b_2)
                  0.76    0.73    1.18 ^ _0745_/Y (sky130_fd_sc_hd__nor4b_2)
    11    0.03                           _0315_ (net)
                  0.76    0.00    1.18 ^ _0746_/C (sky130_fd_sc_hd__and3_2)
                  0.11    0.36    1.54 ^ _0746_/X (sky130_fd_sc_hd__and3_2)
     5    0.01                           _0316_ (net)
                  0.11    0.00    1.54 ^ _0916_/B (sky130_fd_sc_hd__and2_2)
                  0.09    0.20    1.74 ^ _0916_/X (sky130_fd_sc_hd__and2_2)
     5    0.01                           _0432_ (net)
                  0.09    0.00    1.74 ^ _0992_/C (sky130_fd_sc_hd__and3b_2)
                  0.04    0.19    1.93 ^ _0992_/X (sky130_fd_sc_hd__and3b_2)
     1    0.00                           _0479_ (net)
                  0.04    0.00    1.93 ^ _0993_/A (sky130_fd_sc_hd__buf_1)
                  0.32    0.28    2.21 ^ _0993_/X (sky130_fd_sc_hd__buf_1)
     8    0.03                           _0480_ (net)
                  0.32    0.00    2.21 ^ _1006_/S (sky130_fd_sc_hd__mux2_2)
                  0.05    0.39    2.60 v _1006_/X (sky130_fd_sc_hd__mux2_2)
     1    0.00                           _0487_ (net)
                  0.05    0.00    2.60 v _1007_/A (sky130_fd_sc_hd__buf_1)
                  0.02    0.09    2.68 v _1007_/X (sky130_fd_sc_hd__buf_1)
     1    0.00                           _0117_ (net)
                  0.02    0.00    2.68 v _1158_/D (sky130_fd_sc_hd__dfrtp_2)
                                  2.68   data arrival time

                  0.15   10.00   10.00   clock clk (rise edge)
                          0.00   10.00   clock network delay (ideal)
                         -0.25    9.75   clock uncertainty
                          0.00    9.75   clock reconvergence pessimism
                                  9.75 ^ _1158_/CLK (sky130_fd_sc_hd__dfrtp_2)
                         -0.08    9.67   library setup time
                                  9.67   data required time
-----------------------------------------------------------------------------
                                  9.67   data required time
                                 -2.68   data arrival time
-----------------------------------------------------------------------------
                                  6.98   slack (MET)


Startpoint: _1175_ (rising edge-triggered flip-flop clocked by clk)
Endpoint: _1159_ (rising edge-triggered flip-flop clocked by clk)
Path Group: clk
Path Type: max

Fanout     Cap    Slew   Delay    Time   Description
-----------------------------------------------------------------------------
                  0.15    0.00    0.00   clock clk (rise edge)
                          0.00    0.00   clock network delay (ideal)
                  0.15    0.00    0.00 ^ _1175_/CLK (sky130_fd_sc_hd__dfstp_2)
                  0.06    0.45    0.45 v _1175_/Q (sky130_fd_sc_hd__dfstp_2)
     6    0.02                           spi_cs_s2 (net)
                  0.06    0.00    0.45 v _0745_/A (sky130_fd_sc_hd__nor4b_2)
                  0.76    0.73    1.18 ^ _0745_/Y (sky130_fd_sc_hd__nor4b_2)
    11    0.03                           _0315_ (net)
                  0.76    0.00    1.18 ^ _0746_/C (sky130_fd_sc_hd__and3_2)
                  0.11    0.36    1.54 ^ _0746_/X (sky130_fd_sc_hd__and3_2)
     5    0.01                           _0316_ (net)
                  0.11    0.00    1.54 ^ _0916_/B (sky130_fd_sc_hd__and2_2)
                  0.09    0.20    1.74 ^ _0916_/X (sky130_fd_sc_hd__and2_2)
     5    0.01                           _0432_ (net)
                  0.09    0.00    1.74 ^ _0992_/C (sky130_fd_sc_hd__and3b_2)
                  0.04    0.19    1.93 ^ _0992_/X (sky130_fd_sc_hd__and3b_2)
     1    0.00                           _0479_ (net)
                  0.04    0.00    1.93 ^ _0993_/A (sky130_fd_sc_hd__buf_1)
                  0.32    0.28    2.21 ^ _0993_/X (sky130_fd_sc_hd__buf_1)
     8    0.03                           _0480_ (net)
                  0.32    0.00    2.21 ^ _1008_/S (sky130_fd_sc_hd__mux2_2)
                  0.05    0.39    2.60 v _1008_/X (sky130_fd_sc_hd__mux2_2)
     1    0.00                           _0488_ (net)
                  0.05    0.00    2.60 v _1009_/A (sky130_fd_sc_hd__buf_1)
                  0.02    0.09    2.68 v _1009_/X (sky130_fd_sc_hd__buf_1)
     1    0.00                           _0118_ (net)
                  0.02    0.00    2.68 v _1159_/D (sky130_fd_sc_hd__dfrtp_2)
                                  2.68   data arrival time

                  0.15   10.00   10.00   clock clk (rise edge)
                          0.00   10.00   clock network delay (ideal)
                         -0.25    9.75   clock uncertainty
                          0.00    9.75   clock reconvergence pessimism
                                  9.75 ^ _1159_/CLK (sky130_fd_sc_hd__dfrtp_2)
                         -0.08    9.67   library setup time
                                  9.67   data required time
-----------------------------------------------------------------------------
                                  9.67   data required time
                                 -2.68   data arrival time
-----------------------------------------------------------------------------
                                  6.98   slack (MET)


Startpoint: _1101_ (rising edge-triggered flip-flop clocked by clk)
Endpoint: _1111_ (rising edge-triggered flip-flop clocked by clk)
Path Group: clk
Path Type: max

Fanout     Cap    Slew   Delay    Time   Description
-----------------------------------------------------------------------------
                  0.15    0.00    0.00   clock clk (rise edge)
                          0.00    0.00   clock network delay (ideal)
                  0.15    0.00    0.00 ^ _1101_/CLK (sky130_fd_sc_hd__dfrtp_2)
                  0.07    0.48    0.48 v _1101_/Q (sky130_fd_sc_hd__dfrtp_2)
     5    0.01                           spi_lockout_timer[0] (net)
                  0.07    0.00    0.48 v _0681_/A (sky130_fd_sc_hd__or3_2)
                  0.10    0.53    1.01 v _0681_/X (sky130_fd_sc_hd__or3_2)
     4    0.01                           _0268_ (net)
                  0.10    0.00    1.01 v _0718_/C (sky130_fd_sc_hd__or4_2)
                  0.11    0.67    1.68 v _0718_/X (sky130_fd_sc_hd__or4_2)
     2    0.01                           _0297_ (net)
                  0.11    0.00    1.68 v _0719_/B (sky130_fd_sc_hd__nor2_2)
                  0.17    0.19    1.86 ^ _0719_/Y (sky130_fd_sc_hd__nor2_2)
     4    0.01                           _0298_ (net)
                  0.17    0.00    1.86 ^ _0725_/C_N (sky130_fd_sc_hd__or3b_2)
                  0.07    0.47    2.33 v _0725_/X (sky130_fd_sc_hd__or3b_2)
     1    0.00                           _0302_ (net)
                  0.07    0.00    2.33 v _0727_/A2_N (sky130_fd_sc_hd__o2bb2a_2)
                  0.05    0.26    2.59 ^ _0727_/X (sky130_fd_sc_hd__o2bb2a_2)
     1    0.00                           _0304_ (net)
                  0.05    0.00    2.59 ^ _0728_/B (sky130_fd_sc_hd__nor2_2)
                  0.10    0.03    2.62 v _0728_/Y (sky130_fd_sc_hd__nor2_2)
     1    0.00                           _0005_ (net)
                  0.10    0.00    2.62 v _1111_/D (sky130_fd_sc_hd__dfrtp_2)
                                  2.62   data arrival time

                  0.15   10.00   10.00   clock clk (rise edge)
                          0.00   10.00   clock network delay (ideal)
                         -0.25    9.75   clock uncertainty
                          0.00    9.75   clock reconvergence pessimism
                                  9.75 ^ _1111_/CLK (sky130_fd_sc_hd__dfrtp_2)
                         -0.12    9.63   library setup time
                                  9.63   data required time
-----------------------------------------------------------------------------
                                  9.63   data required time
                                 -2.62   data arrival time
-----------------------------------------------------------------------------
                                  7.01   slack (MET)


Startpoint: _1101_ (rising edge-triggered flip-flop clocked by clk)
Endpoint: _1112_ (rising edge-triggered flip-flop clocked by clk)
Path Group: clk
Path Type: max

Fanout     Cap    Slew   Delay    Time   Description
-----------------------------------------------------------------------------
                  0.15    0.00    0.00   clock clk (rise edge)
                          0.00    0.00   clock network delay (ideal)
                  0.15    0.00    0.00 ^ _1101_/CLK (sky130_fd_sc_hd__dfrtp_2)
                  0.07    0.48    0.48 v _1101_/Q (sky130_fd_sc_hd__dfrtp_2)
     5    0.01                           spi_lockout_timer[0] (net)
                  0.07    0.00    0.48 v _0681_/A (sky130_fd_sc_hd__or3_2)
                  0.10    0.53    1.01 v _0681_/X (sky130_fd_sc_hd__or3_2)
     4    0.01                           _0268_ (net)
                  0.10    0.00    1.01 v _0718_/C (sky130_fd_sc_hd__or4_2)
                  0.11    0.67    1.68 v _0718_/X (sky130_fd_sc_hd__or4_2)
     2    0.01                           _0297_ (net)
                  0.11    0.00    1.68 v _0726_/D (sky130_fd_sc_hd__or4_2)
                  0.11    0.60    2.28 v _0726_/X (sky130_fd_sc_hd__or4_2)
     2    0.01                           _0303_ (net)
                  0.11    0.00    2.28 v _0731_/A2 (sky130_fd_sc_hd__o21ai_2)
                  0.11    0.15    2.43 ^ _0731_/Y (sky130_fd_sc_hd__o21ai_2)
     1    0.01                           _0307_ (net)
                  0.11    0.00    2.43 ^ _0732_/A2 (sky130_fd_sc_hd__a21oi_2)
                  0.12    0.06    2.49 v _0732_/Y (sky130_fd_sc_hd__a21oi_2)
     1    0.00                           _0006_ (net)
                  0.12    0.00    2.49 v _1112_/D (sky130_fd_sc_hd__dfrtp_2)
                                  2.49   data arrival time

                  0.15   10.00   10.00   clock clk (rise edge)
                          0.00   10.00   clock network delay (ideal)
                         -0.25    9.75   clock uncertainty
                          0.00    9.75   clock reconvergence pessimism
                                  9.75 ^ _1112_/CLK (sky130_fd_sc_hd__dfrtp_2)
                         -0.13    9.62   library setup time
                                  9.62   data required time
-----------------------------------------------------------------------------
                                  9.62   data required time
                                 -2.49   data arrival time
-----------------------------------------------------------------------------
                                  7.13   slack (MET)


Startpoint: _1043_ (rising edge-triggered flip-flop clocked by clk)
Endpoint: uo_out[3] (output port clocked by clk)
Path Group: clk
Path Type: max

Fanout     Cap    Slew   Delay    Time   Description
-----------------------------------------------------------------------------
                  0.15    0.00    0.00   clock clk (rise edge)
                          0.00    0.00   clock network delay (ideal)
                  0.15    0.00    0.00 ^ _1043_/CLK (sky130_fd_sc_hd__dfrtp_2)
                  0.12    0.54    0.54 v _1043_/Q (sky130_fd_sc_hd__dfrtp_2)
     4    0.04                           uo_out[3] (net)
                  0.12    0.00    0.54 v uo_out[3] (out)
                                  0.54   data arrival time

                  0.15   10.00   10.00   clock clk (rise edge)
                          0.00   10.00   clock network delay (ideal)
                         -0.25    9.75   clock uncertainty
                          0.00    9.75   clock reconvergence pessimism
                         -2.00    7.75   output external delay
                                  7.75   data required time
-----------------------------------------------------------------------------
                                  7.75   data required time
                                 -0.54   data arrival time
-----------------------------------------------------------------------------
                                  7.21   slack (MET)


Startpoint: _1046_ (rising edge-triggered flip-flop clocked by clk)
Endpoint: uo_out[2] (output port clocked by clk)
Path Group: clk
Path Type: max

Fanout     Cap    Slew   Delay    Time   Description
-----------------------------------------------------------------------------
                  0.15    0.00    0.00   clock clk (rise edge)
                          0.00    0.00   clock network delay (ideal)
                  0.15    0.00    0.00 ^ _1046_/CLK (sky130_fd_sc_hd__dfrtp_2)
                  0.12    0.54    0.54 v _1046_/Q (sky130_fd_sc_hd__dfrtp_2)
     3    0.04                           uo_out[2] (net)
                  0.12    0.00    0.54 v uo_out[2] (out)
                                  0.54   data arrival time

                  0.15   10.00   10.00   clock clk (rise edge)
                          0.00   10.00   clock network delay (ideal)
                         -0.25    9.75   clock uncertainty
                          0.00    9.75   clock reconvergence pessimism
                         -2.00    7.75   output external delay
                                  7.75   data required time
-----------------------------------------------------------------------------
                                  7.75   data required time
                                 -0.54   data arrival time
-----------------------------------------------------------------------------
                                  7.21   slack (MET)


Startpoint: _1045_ (rising edge-triggered flip-flop clocked by clk)
Endpoint: uo_out[1] (output port clocked by clk)
Path Group: clk
Path Type: max

Fanout     Cap    Slew   Delay    Time   Description
-----------------------------------------------------------------------------
                  0.15    0.00    0.00   clock clk (rise edge)
                          0.00    0.00   clock network delay (ideal)
                  0.15    0.00    0.00 ^ _1045_/CLK (sky130_fd_sc_hd__dfrtp_2)
                  0.11    0.54    0.54 v _1045_/Q (sky130_fd_sc_hd__dfrtp_2)
     2    0.04                           uo_out[1] (net)
                  0.11    0.00    0.54 v uo_out[1] (out)
                                  0.54   data arrival time

                  0.15   10.00   10.00   clock clk (rise edge)
                          0.00   10.00   clock network delay (ideal)
                         -0.25    9.75   clock uncertainty
                          0.00    9.75   clock reconvergence pessimism
                         -2.00    7.75   output external delay
                                  7.75   data required time
-----------------------------------------------------------------------------
                                  7.75   data required time
                                 -0.54   data arrival time
-----------------------------------------------------------------------------
                                  7.21   slack (MET)


Startpoint: _1175_ (rising edge-triggered flip-flop clocked by clk)
Endpoint: _1160_ (rising edge-triggered flip-flop clocked by clk)
Path Group: clk
Path Type: max

Fanout     Cap    Slew   Delay    Time   Description
-----------------------------------------------------------------------------
                  0.15    0.00    0.00   clock clk (rise edge)
                          0.00    0.00   clock network delay (ideal)
                  0.15    0.00    0.00 ^ _1175_/CLK (sky130_fd_sc_hd__dfstp_2)
                  0.06    0.45    0.45 v _1175_/Q (sky130_fd_sc_hd__dfstp_2)
     6    0.02                           spi_cs_s2 (net)
                  0.06    0.00    0.45 v _0745_/A (sky130_fd_sc_hd__nor4b_2)
                  0.76    0.73    1.18 ^ _0745_/Y (sky130_fd_sc_hd__nor4b_2)
    11    0.03                           _0315_ (net)
                  0.76    0.00    1.18 ^ _0746_/C (sky130_fd_sc_hd__and3_2)
                  0.11    0.36    1.54 ^ _0746_/X (sky130_fd_sc_hd__and3_2)
     5    0.01                           _0316_ (net)
                  0.11    0.00    1.54 ^ _0747_/B (sky130_fd_sc_hd__nand2_2)
                  0.05    0.08    1.62 v _0747_/Y (sky130_fd_sc_hd__nand2_2)
     2    0.01                           _0317_ (net)
                  0.05    0.00    1.62 v _0749_/A (sky130_fd_sc_hd__nor2_2)
                  0.39    0.35    1.97 ^ _0749_/Y (sky130_fd_sc_hd__nor2_2)
    11    0.04                           _0020_ (net)
                  0.39    0.00    1.97 ^ _1010_/S (sky130_fd_sc_hd__mux2_2)
                  0.05    0.39    2.36 v _1010_/X (sky130_fd_sc_hd__mux2_2)
     1    0.00                           _0489_ (net)
                  0.05    0.00    2.36 v _1011_/A (sky130_fd_sc_hd__buf_1)
                  0.02    0.09    2.45 v _1011_/X (sky130_fd_sc_hd__buf_1)
     1    0.00                           _0119_ (net)
                  0.02    0.00    2.45 v _1160_/D (sky130_fd_sc_hd__dfrtp_2)
                                  2.45   data arrival time

                  0.15   10.00   10.00   clock clk (rise edge)
                          0.00   10.00   clock network delay (ideal)
                         -0.25    9.75   clock uncertainty
                          0.00    9.75   clock reconvergence pessimism
                                  9.75 ^ _1160_/CLK (sky130_fd_sc_hd__dfrtp_2)
                         -0.08    9.67   library setup time
                                  9.67   data required time
-----------------------------------------------------------------------------
                                  9.67   data required time
                                 -2.45   data arrival time
-----------------------------------------------------------------------------
                                  7.22   slack (MET)


Startpoint: _1175_ (rising edge-triggered flip-flop clocked by clk)
Endpoint: _1161_ (rising edge-triggered flip-flop clocked by clk)
Path Group: clk
Path Type: max

Fanout     Cap    Slew   Delay    Time   Description
-----------------------------------------------------------------------------
                  0.15    0.00    0.00   clock clk (rise edge)
                          0.00    0.00   clock network delay (ideal)
                  0.15    0.00    0.00 ^ _1175_/CLK (sky130_fd_sc_hd__dfstp_2)
                  0.06    0.45    0.45 v _1175_/Q (sky130_fd_sc_hd__dfstp_2)
     6    0.02                           spi_cs_s2 (net)
                  0.06    0.00    0.45 v _0745_/A (sky130_fd_sc_hd__nor4b_2)
                  0.76    0.73    1.18 ^ _0745_/Y (sky130_fd_sc_hd__nor4b_2)
    11    0.03                           _0315_ (net)
                  0.76    0.00    1.18 ^ _0746_/C (sky130_fd_sc_hd__and3_2)
                  0.11    0.36    1.54 ^ _0746_/X (sky130_fd_sc_hd__and3_2)
     5    0.01                           _0316_ (net)
                  0.11    0.00    1.54 ^ _0747_/B (sky130_fd_sc_hd__nand2_2)
                  0.05    0.08    1.62 v _0747_/Y (sky130_fd_sc_hd__nand2_2)
     2    0.01                           _0317_ (net)
                  0.05    0.00    1.62 v _0749_/A (sky130_fd_sc_hd__nor2_2)
                  0.39    0.35    1.97 ^ _0749_/Y (sky130_fd_sc_hd__nor2_2)
    11    0.04                           _0020_ (net)
                  0.39    0.00    1.97 ^ _1012_/S (sky130_fd_sc_hd__mux2_2)
                  0.05    0.39    2.36 v _1012_/X (sky130_fd_sc_hd__mux2_2)
     1    0.00                           _0490_ (net)
                  0.05    0.00    2.36 v _1013_/A (sky130_fd_sc_hd__buf_1)
                  0.02    0.09    2.45 v _1013_/X (sky130_fd_sc_hd__buf_1)
     1    0.00                           _0120_ (net)
                  0.02    0.00    2.45 v _1161_/D (sky130_fd_sc_hd__dfrtp_2)
                                  2.45   data arrival time

                  0.15   10.00   10.00   clock clk (rise edge)
                          0.00   10.00   clock network delay (ideal)
                         -0.25    9.75   clock uncertainty
                          0.00    9.75   clock reconvergence pessimism
                                  9.75 ^ _1161_/CLK (sky130_fd_sc_hd__dfrtp_2)
                         -0.08    9.67   library setup time
                                  9.67   data required time
-----------------------------------------------------------------------------
                                  9.67   data required time
                                 -2.45   data arrival time
-----------------------------------------------------------------------------
                                  7.22   slack (MET)


Startpoint: _1175_ (rising edge-triggered flip-flop clocked by clk)
Endpoint: _1162_ (rising edge-triggered flip-flop clocked by clk)
Path Group: clk
Path Type: max

Fanout     Cap    Slew   Delay    Time   Description
-----------------------------------------------------------------------------
                  0.15    0.00    0.00   clock clk (rise edge)
                          0.00    0.00   clock network delay (ideal)
                  0.15    0.00    0.00 ^ _1175_/CLK (sky130_fd_sc_hd__dfstp_2)
                  0.06    0.45    0.45 v _1175_/Q (sky130_fd_sc_hd__dfstp_2)
     6    0.02                           spi_cs_s2 (net)
                  0.06    0.00    0.45 v _0745_/A (sky130_fd_sc_hd__nor4b_2)
                  0.76    0.73    1.18 ^ _0745_/Y (sky130_fd_sc_hd__nor4b_2)
    11    0.03                           _0315_ (net)
                  0.76    0.00    1.18 ^ _0746_/C (sky130_fd_sc_hd__and3_2)
                  0.11    0.36    1.54 ^ _0746_/X (sky130_fd_sc_hd__and3_2)
     5    0.01                           _0316_ (net)
                  0.11    0.00    1.54 ^ _0747_/B (sky130_fd_sc_hd__nand2_2)
                  0.05    0.08    1.62 v _0747_/Y (sky130_fd_sc_hd__nand2_2)
     2    0.01                           _0317_ (net)
                  0.05    0.00    1.62 v _0749_/A (sky130_fd_sc_hd__nor2_2)
                  0.39    0.35    1.97 ^ _0749_/Y (sky130_fd_sc_hd__nor2_2)
    11    0.04                           _0020_ (net)
                  0.39    0.00    1.97 ^ _1014_/S (sky130_fd_sc_hd__mux2_2)
                  0.05    0.39    2.36 v _1014_/X (sky130_fd_sc_hd__mux2_2)
     1    0.00                           _0491_ (net)
                  0.05    0.00    2.36 v _1015_/A (sky130_fd_sc_hd__buf_1)
                  0.02    0.09    2.45 v _1015_/X (sky130_fd_sc_hd__buf_1)
     1    0.00                           _0121_ (net)
                  0.02    0.00    2.45 v _1162_/D (sky130_fd_sc_hd__dfrtp_2)
                                  2.45   data arrival time

                  0.15   10.00   10.00   clock clk (rise edge)
                          0.00   10.00   clock network delay (ideal)
                         -0.25    9.75   clock uncertainty
                          0.00    9.75   clock reconvergence pessimism
                                  9.75 ^ _1162_/CLK (sky130_fd_sc_hd__dfrtp_2)
                         -0.08    9.67   library setup time
                                  9.67   data required time
-----------------------------------------------------------------------------
                                  9.67   data required time
                                 -2.45   data arrival time
-----------------------------------------------------------------------------
                                  7.22   slack (MET)


Startpoint: _1175_ (rising edge-triggered flip-flop clocked by clk)
Endpoint: _1163_ (rising edge-triggered flip-flop clocked by clk)
Path Group: clk
Path Type: max

Fanout     Cap    Slew   Delay    Time   Description
-----------------------------------------------------------------------------
                  0.15    0.00    0.00   clock clk (rise edge)
                          0.00    0.00   clock network delay (ideal)
                  0.15    0.00    0.00 ^ _1175_/CLK (sky130_fd_sc_hd__dfstp_2)
                  0.06    0.45    0.45 v _1175_/Q (sky130_fd_sc_hd__dfstp_2)
     6    0.02                           spi_cs_s2 (net)
                  0.06    0.00    0.45 v _0745_/A (sky130_fd_sc_hd__nor4b_2)
                  0.76    0.73    1.18 ^ _0745_/Y (sky130_fd_sc_hd__nor4b_2)
    11    0.03                           _0315_ (net)
                  0.76    0.00    1.18 ^ _0746_/C (sky130_fd_sc_hd__and3_2)
                  0.11    0.36    1.54 ^ _0746_/X (sky130_fd_sc_hd__and3_2)
     5    0.01                           _0316_ (net)
                  0.11    0.00    1.54 ^ _0747_/B (sky130_fd_sc_hd__nand2_2)
                  0.05    0.08    1.62 v _0747_/Y (sky130_fd_sc_hd__nand2_2)
     2    0.01                           _0317_ (net)
                  0.05    0.00    1.62 v _0749_/A (sky130_fd_sc_hd__nor2_2)
                  0.39    0.35    1.97 ^ _0749_/Y (sky130_fd_sc_hd__nor2_2)
    11    0.04                           _0020_ (net)
                  0.39    0.00    1.97 ^ _1016_/S (sky130_fd_sc_hd__mux2_2)
                  0.05    0.39    2.36 v _1016_/X (sky130_fd_sc_hd__mux2_2)
     1    0.00                           _0492_ (net)
                  0.05    0.00    2.36 v _1017_/A (sky130_fd_sc_hd__buf_1)
                  0.02    0.09    2.45 v _1017_/X (sky130_fd_sc_hd__buf_1)
     1    0.00                           _0122_ (net)
                  0.02    0.00    2.45 v _1163_/D (sky130_fd_sc_hd__dfrtp_2)
                                  2.45   data arrival time

                  0.15   10.00   10.00   clock clk (rise edge)
                          0.00   10.00   clock network delay (ideal)
                         -0.25    9.75   clock uncertainty
                          0.00    9.75   clock reconvergence pessimism
                                  9.75 ^ _1163_/CLK (sky130_fd_sc_hd__dfrtp_2)
                         -0.08    9.67   library setup time
                                  9.67   data required time
-----------------------------------------------------------------------------
                                  9.67   data required time
                                 -2.45   data arrival time
-----------------------------------------------------------------------------
                                  7.22   slack (MET)


Startpoint: _1175_ (rising edge-triggered flip-flop clocked by clk)
Endpoint: _1164_ (rising edge-triggered flip-flop clocked by clk)
Path Group: clk
Path Type: max

Fanout     Cap    Slew   Delay    Time   Description
-----------------------------------------------------------------------------
                  0.15    0.00    0.00   clock clk (rise edge)
                          0.00    0.00   clock network delay (ideal)
                  0.15    0.00    0.00 ^ _1175_/CLK (sky130_fd_sc_hd__dfstp_2)
                  0.06    0.45    0.45 v _1175_/Q (sky130_fd_sc_hd__dfstp_2)
     6    0.02                           spi_cs_s2 (net)
                  0.06    0.00    0.45 v _0745_/A (sky130_fd_sc_hd__nor4b_2)
                  0.76    0.73    1.18 ^ _0745_/Y (sky130_fd_sc_hd__nor4b_2)
    11    0.03                           _0315_ (net)
                  0.76    0.00    1.18 ^ _0746_/C (sky130_fd_sc_hd__and3_2)
                  0.11    0.36    1.54 ^ _0746_/X (sky130_fd_sc_hd__and3_2)
     5    0.01                           _0316_ (net)
                  0.11    0.00    1.54 ^ _0747_/B (sky130_fd_sc_hd__nand2_2)
                  0.05    0.08    1.62 v _0747_/Y (sky130_fd_sc_hd__nand2_2)
     2    0.01                           _0317_ (net)
                  0.05    0.00    1.62 v _0749_/A (sky130_fd_sc_hd__nor2_2)
                  0.39    0.35    1.97 ^ _0749_/Y (sky130_fd_sc_hd__nor2_2)
    11    0.04                           _0020_ (net)
                  0.39    0.00    1.97 ^ _1018_/S (sky130_fd_sc_hd__mux2_2)
                  0.05    0.39    2.36 v _1018_/X (sky130_fd_sc_hd__mux2_2)
     1    0.00                           _0493_ (net)
                  0.05    0.00    2.36 v _1019_/A (sky130_fd_sc_hd__buf_1)
                  0.02    0.09    2.45 v _1019_/X (sky130_fd_sc_hd__buf_1)
     1    0.00                           _0123_ (net)
                  0.02    0.00    2.45 v _1164_/D (sky130_fd_sc_hd__dfrtp_2)
                                  2.45   data arrival time

                  0.15   10.00   10.00   clock clk (rise edge)
                          0.00   10.00   clock network delay (ideal)
                         -0.25    9.75   clock uncertainty
                          0.00    9.75   clock reconvergence pessimism
                                  9.75 ^ _1164_/CLK (sky130_fd_sc_hd__dfrtp_2)
                         -0.08    9.67   library setup time
                                  9.67   data required time
-----------------------------------------------------------------------------
                                  9.67   data required time
                                 -2.45   data arrival time
-----------------------------------------------------------------------------
                                  7.22   slack (MET)


Startpoint: _1175_ (rising edge-triggered flip-flop clocked by clk)
Endpoint: _1165_ (rising edge-triggered flip-flop clocked by clk)
Path Group: clk
Path Type: max

Fanout     Cap    Slew   Delay    Time   Description
-----------------------------------------------------------------------------
                  0.15    0.00    0.00   clock clk (rise edge)
                          0.00    0.00   clock network delay (ideal)
                  0.15    0.00    0.00 ^ _1175_/CLK (sky130_fd_sc_hd__dfstp_2)
                  0.06    0.45    0.45 v _1175_/Q (sky130_fd_sc_hd__dfstp_2)
     6    0.02                           spi_cs_s2 (net)
                  0.06    0.00    0.45 v _0745_/A (sky130_fd_sc_hd__nor4b_2)
                  0.76    0.73    1.18 ^ _0745_/Y (sky130_fd_sc_hd__nor4b_2)
    11    0.03                           _0315_ (net)
                  0.76    0.00    1.18 ^ _0746_/C (sky130_fd_sc_hd__and3_2)
                  0.11    0.36    1.54 ^ _0746_/X (sky130_fd_sc_hd__and3_2)
     5    0.01                           _0316_ (net)
                  0.11    0.00    1.54 ^ _0747_/B (sky130_fd_sc_hd__nand2_2)
                  0.05    0.08    1.62 v _0747_/Y (sky130_fd_sc_hd__nand2_2)
     2    0.01                           _0317_ (net)
                  0.05    0.00    1.62 v _0749_/A (sky130_fd_sc_hd__nor2_2)
                  0.39    0.35    1.97 ^ _0749_/Y (sky130_fd_sc_hd__nor2_2)
    11    0.04                           _0020_ (net)
                  0.39    0.00    1.97 ^ _1020_/S (sky130_fd_sc_hd__mux2_2)
                  0.05    0.39    2.36 v _1020_/X (sky130_fd_sc_hd__mux2_2)
     1    0.00                           _0494_ (net)
                  0.05    0.00    2.36 v _1021_/A (sky130_fd_sc_hd__buf_1)
                  0.02    0.09    2.45 v _1021_/X (sky130_fd_sc_hd__buf_1)
     1    0.00                           _0124_ (net)
                  0.02    0.00    2.45 v _1165_/D (sky130_fd_sc_hd__dfrtp_2)
                                  2.45   data arrival time

                  0.15   10.00   10.00   clock clk (rise edge)
                          0.00   10.00   clock network delay (ideal)
                         -0.25    9.75   clock uncertainty
                          0.00    9.75   clock reconvergence pessimism
                                  9.75 ^ _1165_/CLK (sky130_fd_sc_hd__dfrtp_2)
                         -0.08    9.67   library setup time
                                  9.67   data required time
-----------------------------------------------------------------------------
                                  9.67   data required time
                                 -2.45   data arrival time
-----------------------------------------------------------------------------
                                  7.22   slack (MET)


Startpoint: _1175_ (rising edge-triggered flip-flop clocked by clk)
Endpoint: _1166_ (rising edge-triggered flip-flop clocked by clk)
Path Group: clk
Path Type: max

Fanout     Cap    Slew   Delay    Time   Description
-----------------------------------------------------------------------------
                  0.15    0.00    0.00   clock clk (rise edge)
                          0.00    0.00   clock network delay (ideal)
                  0.15    0.00    0.00 ^ _1175_/CLK (sky130_fd_sc_hd__dfstp_2)
                  0.06    0.45    0.45 v _1175_/Q (sky130_fd_sc_hd__dfstp_2)
     6    0.02                           spi_cs_s2 (net)
                  0.06    0.00    0.45 v _0745_/A (sky130_fd_sc_hd__nor4b_2)
                  0.76    0.73    1.18 ^ _0745_/Y (sky130_fd_sc_hd__nor4b_2)
    11    0.03                           _0315_ (net)
                  0.76    0.00    1.18 ^ _0746_/C (sky130_fd_sc_hd__and3_2)
                  0.11    0.36    1.54 ^ _0746_/X (sky130_fd_sc_hd__and3_2)
     5    0.01                           _0316_ (net)
                  0.11    0.00    1.54 ^ _0747_/B (sky130_fd_sc_hd__nand2_2)
                  0.05    0.08    1.62 v _0747_/Y (sky130_fd_sc_hd__nand2_2)
     2    0.01                           _0317_ (net)
                  0.05    0.00    1.62 v _0749_/A (sky130_fd_sc_hd__nor2_2)
                  0.39    0.35    1.97 ^ _0749_/Y (sky130_fd_sc_hd__nor2_2)
    11    0.04                           _0020_ (net)
                  0.39    0.00    1.97 ^ _1022_/S (sky130_fd_sc_hd__mux2_2)
                  0.05    0.39    2.36 v _1022_/X (sky130_fd_sc_hd__mux2_2)
     1    0.00                           _0495_ (net)
                  0.05    0.00    2.36 v _1023_/A (sky130_fd_sc_hd__buf_1)
                  0.02    0.09    2.45 v _1023_/X (sky130_fd_sc_hd__buf_1)
     1    0.00                           _0125_ (net)
                  0.02    0.00    2.45 v _1166_/D (sky130_fd_sc_hd__dfrtp_2)
                                  2.45   data arrival time

                  0.15   10.00   10.00   clock clk (rise edge)
                          0.00   10.00   clock network delay (ideal)
                         -0.25    9.75   clock uncertainty
                          0.00    9.75   clock reconvergence pessimism
                                  9.75 ^ _1166_/CLK (sky130_fd_sc_hd__dfrtp_2)
                         -0.08    9.67   library setup time
                                  9.67   data required time
-----------------------------------------------------------------------------
                                  9.67   data required time
                                 -2.45   data arrival time
-----------------------------------------------------------------------------
                                  7.22   slack (MET)


Startpoint: _1175_ (rising edge-triggered flip-flop clocked by clk)
Endpoint: _1167_ (rising edge-triggered flip-flop clocked by clk)
Path Group: clk
Path Type: max

Fanout     Cap    Slew   Delay    Time   Description
-----------------------------------------------------------------------------
                  0.15    0.00    0.00   clock clk (rise edge)
                          0.00    0.00   clock network delay (ideal)
                  0.15    0.00    0.00 ^ _1175_/CLK (sky130_fd_sc_hd__dfstp_2)
                  0.06    0.45    0.45 v _1175_/Q (sky130_fd_sc_hd__dfstp_2)
     6    0.02                           spi_cs_s2 (net)
                  0.06    0.00    0.45 v _0745_/A (sky130_fd_sc_hd__nor4b_2)
                  0.76    0.73    1.18 ^ _0745_/Y (sky130_fd_sc_hd__nor4b_2)
    11    0.03                           _0315_ (net)
                  0.76    0.00    1.18 ^ _0746_/C (sky130_fd_sc_hd__and3_2)
                  0.11    0.36    1.54 ^ _0746_/X (sky130_fd_sc_hd__and3_2)
     5    0.01                           _0316_ (net)
                  0.11    0.00    1.54 ^ _0747_/B (sky130_fd_sc_hd__nand2_2)
                  0.05    0.08    1.62 v _0747_/Y (sky130_fd_sc_hd__nand2_2)
     2    0.01                           _0317_ (net)
                  0.05    0.00    1.62 v _0749_/A (sky130_fd_sc_hd__nor2_2)
                  0.39    0.35    1.97 ^ _0749_/Y (sky130_fd_sc_hd__nor2_2)
    11    0.04                           _0020_ (net)
                  0.39    0.00    1.97 ^ _1024_/S (sky130_fd_sc_hd__mux2_2)
                  0.05    0.39    2.36 v _1024_/X (sky130_fd_sc_hd__mux2_2)
     1    0.00                           _0496_ (net)
                  0.05    0.00    2.36 v _1025_/A (sky130_fd_sc_hd__buf_1)
                  0.02    0.09    2.45 v _1025_/X (sky130_fd_sc_hd__buf_1)
     1    0.00                           _0126_ (net)
                  0.02    0.00    2.45 v _1167_/D (sky130_fd_sc_hd__dfrtp_2)
                                  2.45   data arrival time

                  0.15   10.00   10.00   clock clk (rise edge)
                          0.00   10.00   clock network delay (ideal)
                         -0.25    9.75   clock uncertainty
                          0.00    9.75   clock reconvergence pessimism
                                  9.75 ^ _1167_/CLK (sky130_fd_sc_hd__dfrtp_2)
                         -0.08    9.67   library setup time
                                  9.67   data required time
-----------------------------------------------------------------------------
                                  9.67   data required time
                                 -2.45   data arrival time
-----------------------------------------------------------------------------
                                  7.22   slack (MET)


Startpoint: _1175_ (rising edge-triggered flip-flop clocked by clk)
Endpoint: _1141_ (rising edge-triggered flip-flop clocked by clk)
Path Group: clk
Path Type: max

Fanout     Cap    Slew   Delay    Time   Description
-----------------------------------------------------------------------------
                  0.15    0.00    0.00   clock clk (rise edge)
                          0.00    0.00   clock network delay (ideal)
                  0.15    0.00    0.00 ^ _1175_/CLK (sky130_fd_sc_hd__dfstp_2)
                  0.06    0.45    0.45 v _1175_/Q (sky130_fd_sc_hd__dfstp_2)
     6    0.02                           spi_cs_s2 (net)
                  0.06    0.00    0.45 v _0745_/A (sky130_fd_sc_hd__nor4b_2)
                  0.76    0.73    1.18 ^ _0745_/Y (sky130_fd_sc_hd__nor4b_2)
    11    0.03                           _0315_ (net)
                  0.76    0.00    1.18 ^ _0746_/C (sky130_fd_sc_hd__and3_2)
                  0.11    0.36    1.54 ^ _0746_/X (sky130_fd_sc_hd__and3_2)
     5    0.01                           _0316_ (net)
                  0.11    0.00    1.54 ^ _0747_/B (sky130_fd_sc_hd__nand2_2)
                  0.05    0.08    1.62 v _0747_/Y (sky130_fd_sc_hd__nand2_2)
     2    0.01                           _0317_ (net)
                  0.05    0.00    1.62 v _0968_/A (sky130_fd_sc_hd__nor2_2)
                  0.37    0.34    1.95 ^ _0968_/Y (sky130_fd_sc_hd__nor2_2)
    10    0.03                           _0466_ (net)
                  0.37    0.00    1.95 ^ _0969_/S (sky130_fd_sc_hd__mux2_2)
                  0.05    0.39    2.35 v _0969_/X (sky130_fd_sc_hd__mux2_2)
     1    0.00                           _0467_ (net)
                  0.05    0.00    2.35 v _0970_/A (sky130_fd_sc_hd__buf_1)
                  0.02    0.09    2.43 v _0970_/X (sky130_fd_sc_hd__buf_1)
     1    0.00                           _0100_ (net)
                  0.02    0.00    2.43 v _1141_/D (sky130_fd_sc_hd__dfrtp_2)
                                  2.43   data arrival time

                  0.15   10.00   10.00   clock clk (rise edge)
                          0.00   10.00   clock network delay (ideal)
                         -0.25    9.75   clock uncertainty
                          0.00    9.75   clock reconvergence pessimism
                                  9.75 ^ _1141_/CLK (sky130_fd_sc_hd__dfrtp_2)
                         -0.08    9.67   library setup time
                                  9.67   data required time
-----------------------------------------------------------------------------
                                  9.67   data required time
                                 -2.43   data arrival time
-----------------------------------------------------------------------------
                                  7.24   slack (MET)


Startpoint: _1175_ (rising edge-triggered flip-flop clocked by clk)
Endpoint: _1142_ (rising edge-triggered flip-flop clocked by clk)
Path Group: clk
Path Type: max

Fanout     Cap    Slew   Delay    Time   Description
-----------------------------------------------------------------------------
                  0.15    0.00    0.00   clock clk (rise edge)
                          0.00    0.00   clock network delay (ideal)
                  0.15    0.00    0.00 ^ _1175_/CLK (sky130_fd_sc_hd__dfstp_2)
                  0.06    0.45    0.45 v _1175_/Q (sky130_fd_sc_hd__dfstp_2)
     6    0.02                           spi_cs_s2 (net)
                  0.06    0.00    0.45 v _0745_/A (sky130_fd_sc_hd__nor4b_2)
                  0.76    0.73    1.18 ^ _0745_/Y (sky130_fd_sc_hd__nor4b_2)
    11    0.03                           _0315_ (net)
                  0.76    0.00    1.18 ^ _0746_/C (sky130_fd_sc_hd__and3_2)
                  0.11    0.36    1.54 ^ _0746_/X (sky130_fd_sc_hd__and3_2)
     5    0.01                           _0316_ (net)
                  0.11    0.00    1.54 ^ _0747_/B (sky130_fd_sc_hd__nand2_2)
                  0.05    0.08    1.62 v _0747_/Y (sky130_fd_sc_hd__nand2_2)
     2    0.01                           _0317_ (net)
                  0.05    0.00    1.62 v _0968_/A (sky130_fd_sc_hd__nor2_2)
                  0.37    0.34    1.95 ^ _0968_/Y (sky130_fd_sc_hd__nor2_2)
    10    0.03                           _0466_ (net)
                  0.37    0.00    1.95 ^ _0971_/S (sky130_fd_sc_hd__mux2_2)
                  0.05    0.39    2.35 v _0971_/X (sky130_fd_sc_hd__mux2_2)
     1    0.00                           _0468_ (net)
                  0.05    0.00    2.35 v _0972_/A (sky130_fd_sc_hd__buf_1)
                  0.02    0.09    2.43 v _0972_/X (sky130_fd_sc_hd__buf_1)
     1    0.00                           _0101_ (net)
                  0.02    0.00    2.43 v _1142_/D (sky130_fd_sc_hd__dfrtp_2)
                                  2.43   data arrival time

                  0.15   10.00   10.00   clock clk (rise edge)
                          0.00   10.00   clock network delay (ideal)
                         -0.25    9.75   clock uncertainty
                          0.00    9.75   clock reconvergence pessimism
                                  9.75 ^ _1142_/CLK (sky130_fd_sc_hd__dfrtp_2)
                         -0.08    9.67   library setup time
                                  9.67   data required time
-----------------------------------------------------------------------------
                                  9.67   data required time
                                 -2.43   data arrival time
-----------------------------------------------------------------------------
                                  7.24   slack (MET)


Startpoint: _1175_ (rising edge-triggered flip-flop clocked by clk)
Endpoint: _1143_ (rising edge-triggered flip-flop clocked by clk)
Path Group: clk
Path Type: max

Fanout     Cap    Slew   Delay    Time   Description
-----------------------------------------------------------------------------
                  0.15    0.00    0.00   clock clk (rise edge)
                          0.00    0.00   clock network delay (ideal)
                  0.15    0.00    0.00 ^ _1175_/CLK (sky130_fd_sc_hd__dfstp_2)
                  0.06    0.45    0.45 v _1175_/Q (sky130_fd_sc_hd__dfstp_2)
     6    0.02                           spi_cs_s2 (net)
                  0.06    0.00    0.45 v _0745_/A (sky130_fd_sc_hd__nor4b_2)
                  0.76    0.73    1.18 ^ _0745_/Y (sky130_fd_sc_hd__nor4b_2)
    11    0.03                           _0315_ (net)
                  0.76    0.00    1.18 ^ _0746_/C (sky130_fd_sc_hd__and3_2)
                  0.11    0.36    1.54 ^ _0746_/X (sky130_fd_sc_hd__and3_2)
     5    0.01                           _0316_ (net)
                  0.11    0.00    1.54 ^ _0747_/B (sky130_fd_sc_hd__nand2_2)
                  0.05    0.08    1.62 v _0747_/Y (sky130_fd_sc_hd__nand2_2)
     2    0.01                           _0317_ (net)
                  0.05    0.00    1.62 v _0968_/A (sky130_fd_sc_hd__nor2_2)
                  0.37    0.34    1.95 ^ _0968_/Y (sky130_fd_sc_hd__nor2_2)
    10    0.03                           _0466_ (net)
                  0.37    0.00    1.95 ^ _0973_/S (sky130_fd_sc_hd__mux2_2)
                  0.05    0.39    2.35 v _0973_/X (sky130_fd_sc_hd__mux2_2)
     1    0.00                           _0469_ (net)
                  0.05    0.00    2.35 v _0974_/A (sky130_fd_sc_hd__buf_1)
                  0.02    0.09    2.43 v _0974_/X (sky130_fd_sc_hd__buf_1)
     1    0.00                           _0102_ (net)
                  0.02    0.00    2.43 v _1143_/D (sky130_fd_sc_hd__dfrtp_2)
                                  2.43   data arrival time

                  0.15   10.00   10.00   clock clk (rise edge)
                          0.00   10.00   clock network delay (ideal)
                         -0.25    9.75   clock uncertainty
                          0.00    9.75   clock reconvergence pessimism
                                  9.75 ^ _1143_/CLK (sky130_fd_sc_hd__dfrtp_2)
                         -0.08    9.67   library setup time
                                  9.67   data required time
-----------------------------------------------------------------------------
                                  9.67   data required time
                                 -2.43   data arrival time
-----------------------------------------------------------------------------
                                  7.24   slack (MET)


Startpoint: _1175_ (rising edge-triggered flip-flop clocked by clk)
Endpoint: _1144_ (rising edge-triggered flip-flop clocked by clk)
Path Group: clk
Path Type: max

Fanout     Cap    Slew   Delay    Time   Description
-----------------------------------------------------------------------------
                  0.15    0.00    0.00   clock clk (rise edge)
                          0.00    0.00   clock network delay (ideal)
                  0.15    0.00    0.00 ^ _1175_/CLK (sky130_fd_sc_hd__dfstp_2)
                  0.06    0.45    0.45 v _1175_/Q (sky130_fd_sc_hd__dfstp_2)
     6    0.02                           spi_cs_s2 (net)
                  0.06    0.00    0.45 v _0745_/A (sky130_fd_sc_hd__nor4b_2)
                  0.76    0.73    1.18 ^ _0745_/Y (sky130_fd_sc_hd__nor4b_2)
    11    0.03                           _0315_ (net)
                  0.76    0.00    1.18 ^ _0746_/C (sky130_fd_sc_hd__and3_2)
                  0.11    0.36    1.54 ^ _0746_/X (sky130_fd_sc_hd__and3_2)
     5    0.01                           _0316_ (net)
                  0.11    0.00    1.54 ^ _0747_/B (sky130_fd_sc_hd__nand2_2)
                  0.05    0.08    1.62 v _0747_/Y (sky130_fd_sc_hd__nand2_2)
     2    0.01                           _0317_ (net)
                  0.05    0.00    1.62 v _0968_/A (sky130_fd_sc_hd__nor2_2)
                  0.37    0.34    1.95 ^ _0968_/Y (sky130_fd_sc_hd__nor2_2)
    10    0.03                           _0466_ (net)
                  0.37    0.00    1.95 ^ _0975_/S (sky130_fd_sc_hd__mux2_2)
                  0.05    0.39    2.35 v _0975_/X (sky130_fd_sc_hd__mux2_2)
     1    0.00                           _0470_ (net)
                  0.05    0.00    2.35 v _0976_/A (sky130_fd_sc_hd__buf_1)
                  0.02    0.09    2.43 v _0976_/X (sky130_fd_sc_hd__buf_1)
     1    0.00                           _0103_ (net)
                  0.02    0.00    2.43 v _1144_/D (sky130_fd_sc_hd__dfrtp_2)
                                  2.43   data arrival time

                  0.15   10.00   10.00   clock clk (rise edge)
                          0.00   10.00   clock network delay (ideal)
                         -0.25    9.75   clock uncertainty
                          0.00    9.75   clock reconvergence pessimism
                                  9.75 ^ _1144_/CLK (sky130_fd_sc_hd__dfrtp_2)
                         -0.08    9.67   library setup time
                                  9.67   data required time
-----------------------------------------------------------------------------
                                  9.67   data required time
                                 -2.43   data arrival time
-----------------------------------------------------------------------------
                                  7.24   slack (MET)


Startpoint: _1175_ (rising edge-triggered flip-flop clocked by clk)
Endpoint: _1145_ (rising edge-triggered flip-flop clocked by clk)
Path Group: clk
Path Type: max

Fanout     Cap    Slew   Delay    Time   Description
-----------------------------------------------------------------------------
                  0.15    0.00    0.00   clock clk (rise edge)
                          0.00    0.00   clock network delay (ideal)
                  0.15    0.00    0.00 ^ _1175_/CLK (sky130_fd_sc_hd__dfstp_2)
                  0.06    0.45    0.45 v _1175_/Q (sky130_fd_sc_hd__dfstp_2)
     6    0.02                           spi_cs_s2 (net)
                  0.06    0.00    0.45 v _0745_/A (sky130_fd_sc_hd__nor4b_2)
                  0.76    0.73    1.18 ^ _0745_/Y (sky130_fd_sc_hd__nor4b_2)
    11    0.03                           _0315_ (net)
                  0.76    0.00    1.18 ^ _0746_/C (sky130_fd_sc_hd__and3_2)
                  0.11    0.36    1.54 ^ _0746_/X (sky130_fd_sc_hd__and3_2)
     5    0.01                           _0316_ (net)
                  0.11    0.00    1.54 ^ _0747_/B (sky130_fd_sc_hd__nand2_2)
                  0.05    0.08    1.62 v _0747_/Y (sky130_fd_sc_hd__nand2_2)
     2    0.01                           _0317_ (net)
                  0.05    0.00    1.62 v _0968_/A (sky130_fd_sc_hd__nor2_2)
                  0.37    0.34    1.95 ^ _0968_/Y (sky130_fd_sc_hd__nor2_2)
    10    0.03                           _0466_ (net)
                  0.37    0.00    1.95 ^ _0977_/S (sky130_fd_sc_hd__mux2_2)
                  0.05    0.39    2.35 v _0977_/X (sky130_fd_sc_hd__mux2_2)
     1    0.00                           _0471_ (net)
                  0.05    0.00    2.35 v _0978_/A (sky130_fd_sc_hd__buf_1)
                  0.02    0.09    2.43 v _0978_/X (sky130_fd_sc_hd__buf_1)
     1    0.00                           _0104_ (net)
                  0.02    0.00    2.43 v _1145_/D (sky130_fd_sc_hd__dfrtp_2)
                                  2.43   data arrival time

                  0.15   10.00   10.00   clock clk (rise edge)
                          0.00   10.00   clock network delay (ideal)
                         -0.25    9.75   clock uncertainty
                          0.00    9.75   clock reconvergence pessimism
                                  9.75 ^ _1145_/CLK (sky130_fd_sc_hd__dfrtp_2)
                         -0.08    9.67   library setup time
                                  9.67   data required time
-----------------------------------------------------------------------------
                                  9.67   data required time
                                 -2.43   data arrival time
-----------------------------------------------------------------------------
                                  7.24   slack (MET)


Startpoint: _1175_ (rising edge-triggered flip-flop clocked by clk)
Endpoint: _1146_ (rising edge-triggered flip-flop clocked by clk)
Path Group: clk
Path Type: max

Fanout     Cap    Slew   Delay    Time   Description
-----------------------------------------------------------------------------
                  0.15    0.00    0.00   clock clk (rise edge)
                          0.00    0.00   clock network delay (ideal)
                  0.15    0.00    0.00 ^ _1175_/CLK (sky130_fd_sc_hd__dfstp_2)
                  0.06    0.45    0.45 v _1175_/Q (sky130_fd_sc_hd__dfstp_2)
     6    0.02                           spi_cs_s2 (net)
                  0.06    0.00    0.45 v _0745_/A (sky130_fd_sc_hd__nor4b_2)
                  0.76    0.73    1.18 ^ _0745_/Y (sky130_fd_sc_hd__nor4b_2)
    11    0.03                           _0315_ (net)
                  0.76    0.00    1.18 ^ _0746_/C (sky130_fd_sc_hd__and3_2)
                  0.11    0.36    1.54 ^ _0746_/X (sky130_fd_sc_hd__and3_2)
     5    0.01                           _0316_ (net)
                  0.11    0.00    1.54 ^ _0747_/B (sky130_fd_sc_hd__nand2_2)
                  0.05    0.08    1.62 v _0747_/Y (sky130_fd_sc_hd__nand2_2)
     2    0.01                           _0317_ (net)
                  0.05    0.00    1.62 v _0968_/A (sky130_fd_sc_hd__nor2_2)
                  0.37    0.34    1.95 ^ _0968_/Y (sky130_fd_sc_hd__nor2_2)
    10    0.03                           _0466_ (net)
                  0.37    0.00    1.95 ^ _0979_/S (sky130_fd_sc_hd__mux2_2)
                  0.05    0.39    2.35 v _0979_/X (sky130_fd_sc_hd__mux2_2)
     1    0.00                           _0472_ (net)
                  0.05    0.00    2.35 v _0980_/A (sky130_fd_sc_hd__buf_1)
                  0.02    0.09    2.43 v _0980_/X (sky130_fd_sc_hd__buf_1)
     1    0.00                           _0105_ (net)
                  0.02    0.00    2.43 v _1146_/D (sky130_fd_sc_hd__dfrtp_2)
                                  2.43   data arrival time

                  0.15   10.00   10.00   clock clk (rise edge)
                          0.00   10.00   clock network delay (ideal)
                         -0.25    9.75   clock uncertainty
                          0.00    9.75   clock reconvergence pessimism
                                  9.75 ^ _1146_/CLK (sky130_fd_sc_hd__dfrtp_2)
                         -0.08    9.67   library setup time
                                  9.67   data required time
-----------------------------------------------------------------------------
                                  9.67   data required time
                                 -2.43   data arrival time
-----------------------------------------------------------------------------
                                  7.24   slack (MET)


Startpoint: _1175_ (rising edge-triggered flip-flop clocked by clk)
Endpoint: _1147_ (rising edge-triggered flip-flop clocked by clk)
Path Group: clk
Path Type: max

Fanout     Cap    Slew   Delay    Time   Description
-----------------------------------------------------------------------------
                  0.15    0.00    0.00   clock clk (rise edge)
                          0.00    0.00   clock network delay (ideal)
                  0.15    0.00    0.00 ^ _1175_/CLK (sky130_fd_sc_hd__dfstp_2)
                  0.06    0.45    0.45 v _1175_/Q (sky130_fd_sc_hd__dfstp_2)
     6    0.02                           spi_cs_s2 (net)
                  0.06    0.00    0.45 v _0745_/A (sky130_fd_sc_hd__nor4b_2)
                  0.76    0.73    1.18 ^ _0745_/Y (sky130_fd_sc_hd__nor4b_2)
    11    0.03                           _0315_ (net)
                  0.76    0.00    1.18 ^ _0746_/C (sky130_fd_sc_hd__and3_2)
                  0.11    0.36    1.54 ^ _0746_/X (sky130_fd_sc_hd__and3_2)
     5    0.01                           _0316_ (net)
                  0.11    0.00    1.54 ^ _0747_/B (sky130_fd_sc_hd__nand2_2)
                  0.05    0.08    1.62 v _0747_/Y (sky130_fd_sc_hd__nand2_2)
     2    0.01                           _0317_ (net)
                  0.05    0.00    1.62 v _0968_/A (sky130_fd_sc_hd__nor2_2)
                  0.37    0.34    1.95 ^ _0968_/Y (sky130_fd_sc_hd__nor2_2)
    10    0.03                           _0466_ (net)
                  0.37    0.00    1.95 ^ _0981_/S (sky130_fd_sc_hd__mux2_2)
                  0.05    0.39    2.35 v _0981_/X (sky130_fd_sc_hd__mux2_2)
     1    0.00                           _0473_ (net)
                  0.05    0.00    2.35 v _0982_/A (sky130_fd_sc_hd__buf_1)
                  0.02    0.09    2.43 v _0982_/X (sky130_fd_sc_hd__buf_1)
     1    0.00                           _0106_ (net)
                  0.02    0.00    2.43 v _1147_/D (sky130_fd_sc_hd__dfrtp_2)
                                  2.43   data arrival time

                  0.15   10.00   10.00   clock clk (rise edge)
                          0.00   10.00   clock network delay (ideal)
                         -0.25    9.75   clock uncertainty
                          0.00    9.75   clock reconvergence pessimism
                                  9.75 ^ _1147_/CLK (sky130_fd_sc_hd__dfrtp_2)
                         -0.08    9.67   library setup time
                                  9.67   data required time
-----------------------------------------------------------------------------
                                  9.67   data required time
                                 -2.43   data arrival time
-----------------------------------------------------------------------------
                                  7.24   slack (MET)


Startpoint: _1175_ (rising edge-triggered flip-flop clocked by clk)
Endpoint: _1171_ (rising edge-triggered flip-flop clocked by clk)
Path Group: clk
Path Type: max

Fanout     Cap    Slew   Delay    Time   Description
-----------------------------------------------------------------------------
                  0.15    0.00    0.00   clock clk (rise edge)
                          0.00    0.00   clock network delay (ideal)
                  0.15    0.00    0.00 ^ _1175_/CLK (sky130_fd_sc_hd__dfstp_2)
                  0.06    0.45    0.45 v _1175_/Q (sky130_fd_sc_hd__dfstp_2)
     6    0.02                           spi_cs_s2 (net)
                  0.06    0.00    0.45 v _0745_/A (sky130_fd_sc_hd__nor4b_2)
                  0.76    0.73    1.18 ^ _0745_/Y (sky130_fd_sc_hd__nor4b_2)
    11    0.03                           _0315_ (net)
                  0.76    0.00    1.18 ^ _0746_/C (sky130_fd_sc_hd__and3_2)
                  0.11    0.36    1.54 ^ _0746_/X (sky130_fd_sc_hd__and3_2)
     5    0.01                           _0316_ (net)
                  0.11    0.00    1.54 ^ _0747_/B (sky130_fd_sc_hd__nand2_2)
                  0.05    0.08    1.62 v _0747_/Y (sky130_fd_sc_hd__nand2_2)
     2    0.01                           _0317_ (net)
                  0.05    0.00    1.62 v _0968_/A (sky130_fd_sc_hd__nor2_2)
                  0.37    0.34    1.95 ^ _0968_/Y (sky130_fd_sc_hd__nor2_2)
    10    0.03                           _0466_ (net)
                  0.37    0.00    1.95 ^ _1034_/S (sky130_fd_sc_hd__mux2_2)
                  0.05    0.39    2.35 v _1034_/X (sky130_fd_sc_hd__mux2_2)
     1    0.00                           _0503_ (net)
                  0.05    0.00    2.35 v _1035_/A (sky130_fd_sc_hd__buf_1)
                  0.02    0.09    2.43 v _1035_/X (sky130_fd_sc_hd__buf_1)
     1    0.00                           _0129_ (net)
                  0.02    0.00    2.43 v _1171_/D (sky130_fd_sc_hd__dfrtp_2)
                                  2.43   data arrival time

                  0.15   10.00   10.00   clock clk (rise edge)
                          0.00   10.00   clock network delay (ideal)
                         -0.25    9.75   clock uncertainty
                          0.00    9.75   clock reconvergence pessimism
                                  9.75 ^ _1171_/CLK (sky130_fd_sc_hd__dfrtp_2)
                         -0.08    9.67   library setup time
                                  9.67   data required time
-----------------------------------------------------------------------------
                                  9.67   data required time
                                 -2.43   data arrival time
-----------------------------------------------------------------------------
                                  7.24   slack (MET)


Startpoint: _1175_ (rising edge-triggered flip-flop clocked by clk)
Endpoint: _1148_ (rising edge-triggered flip-flop clocked by clk)
Path Group: clk
Path Type: max

Fanout     Cap    Slew   Delay    Time   Description
-----------------------------------------------------------------------------
                  0.15    0.00    0.00   clock clk (rise edge)
                          0.00    0.00   clock network delay (ideal)
                  0.15    0.00    0.00 ^ _1175_/CLK (sky130_fd_sc_hd__dfstp_2)
                  0.06    0.45    0.45 v _1175_/Q (sky130_fd_sc_hd__dfstp_2)
     6    0.02                           spi_cs_s2 (net)
                  0.06    0.00    0.45 v _0745_/A (sky130_fd_sc_hd__nor4b_2)
                  0.76    0.73    1.18 ^ _0745_/Y (sky130_fd_sc_hd__nor4b_2)
    11    0.03                           _0315_ (net)
                  0.76    0.00    1.18 ^ _0746_/C (sky130_fd_sc_hd__and3_2)
                  0.11    0.36    1.54 ^ _0746_/X (sky130_fd_sc_hd__and3_2)
     5    0.01                           _0316_ (net)
                  0.11    0.00    1.54 ^ _0916_/B (sky130_fd_sc_hd__and2_2)
                  0.09    0.20    1.74 ^ _0916_/X (sky130_fd_sc_hd__and2_2)
     5    0.01                           _0432_ (net)
                  0.09    0.00    1.74 ^ _0983_/B (sky130_fd_sc_hd__and3b_2)
                  0.09    0.24    1.98 ^ _0983_/X (sky130_fd_sc_hd__and3b_2)
     4    0.01                           _0474_ (net)
                  0.09    0.00    1.98 ^ _0984_/S (sky130_fd_sc_hd__mux2_2)
                  0.05    0.34    2.32 v _0984_/X (sky130_fd_sc_hd__mux2_2)
     1    0.00                           _0475_ (net)
                  0.05    0.00    2.32 v _0985_/A (sky130_fd_sc_hd__buf_1)
                  0.02    0.09    2.41 v _0985_/X (sky130_fd_sc_hd__buf_1)
     1    0.00                           _0107_ (net)
                  0.02    0.00    2.41 v _1148_/D (sky130_fd_sc_hd__dfrtp_2)
                                  2.41   data arrival time

                  0.15   10.00   10.00   clock clk (rise edge)
                          0.00   10.00   clock network delay (ideal)
                         -0.25    9.75   clock uncertainty
                          0.00    9.75   clock reconvergence pessimism
                                  9.75 ^ _1148_/CLK (sky130_fd_sc_hd__dfrtp_2)
                         -0.08    9.67   library setup time
                                  9.67   data required time
-----------------------------------------------------------------------------
                                  9.67   data required time
                                 -2.41   data arrival time
-----------------------------------------------------------------------------
                                  7.26   slack (MET)


Startpoint: _1175_ (rising edge-triggered flip-flop clocked by clk)
Endpoint: _1149_ (rising edge-triggered flip-flop clocked by clk)
Path Group: clk
Path Type: max

Fanout     Cap    Slew   Delay    Time   Description
-----------------------------------------------------------------------------
                  0.15    0.00    0.00   clock clk (rise edge)
                          0.00    0.00   clock network delay (ideal)
                  0.15    0.00    0.00 ^ _1175_/CLK (sky130_fd_sc_hd__dfstp_2)
                  0.06    0.45    0.45 v _1175_/Q (sky130_fd_sc_hd__dfstp_2)
     6    0.02                           spi_cs_s2 (net)
                  0.06    0.00    0.45 v _0745_/A (sky130_fd_sc_hd__nor4b_2)
                  0.76    0.73    1.18 ^ _0745_/Y (sky130_fd_sc_hd__nor4b_2)
    11    0.03                           _0315_ (net)
                  0.76    0.00    1.18 ^ _0746_/C (sky130_fd_sc_hd__and3_2)
                  0.11    0.36    1.54 ^ _0746_/X (sky130_fd_sc_hd__and3_2)
     5    0.01                           _0316_ (net)
                  0.11    0.00    1.54 ^ _0916_/B (sky130_fd_sc_hd__and2_2)
                  0.09    0.20    1.74 ^ _0916_/X (sky130_fd_sc_hd__and2_2)
     5    0.01                           _0432_ (net)
                  0.09    0.00    1.74 ^ _0983_/B (sky130_fd_sc_hd__and3b_2)
                  0.09    0.24    1.98 ^ _0983_/X (sky130_fd_sc_hd__and3b_2)
     4    0.01                           _0474_ (net)
                  0.09    0.00    1.98 ^ _0986_/S (sky130_fd_sc_hd__mux2_2)
                  0.05    0.34    2.32 v _0986_/X (sky130_fd_sc_hd__mux2_2)
     1    0.00                           _0476_ (net)
                  0.05    0.00    2.32 v _0987_/A (sky130_fd_sc_hd__buf_1)
                  0.02    0.09    2.41 v _0987_/X (sky130_fd_sc_hd__buf_1)
     1    0.00                           _0108_ (net)
                  0.02    0.00    2.41 v _1149_/D (sky130_fd_sc_hd__dfrtp_2)
                                  2.41   data arrival time

                  0.15   10.00   10.00   clock clk (rise edge)
                          0.00   10.00   clock network delay (ideal)
                         -0.25    9.75   clock uncertainty
                          0.00    9.75   clock reconvergence pessimism
                                  9.75 ^ _1149_/CLK (sky130_fd_sc_hd__dfrtp_2)
                         -0.08    9.67   library setup time
                                  9.67   data required time
-----------------------------------------------------------------------------
                                  9.67   data required time
                                 -2.41   data arrival time
-----------------------------------------------------------------------------
                                  7.26   slack (MET)


Startpoint: _1175_ (rising edge-triggered flip-flop clocked by clk)
Endpoint: _1150_ (rising edge-triggered flip-flop clocked by clk)
Path Group: clk
Path Type: max

Fanout     Cap    Slew   Delay    Time   Description
-----------------------------------------------------------------------------
                  0.15    0.00    0.00   clock clk (rise edge)
                          0.00    0.00   clock network delay (ideal)
                  0.15    0.00    0.00 ^ _1175_/CLK (sky130_fd_sc_hd__dfstp_2)
                  0.06    0.45    0.45 v _1175_/Q (sky130_fd_sc_hd__dfstp_2)
     6    0.02                           spi_cs_s2 (net)
                  0.06    0.00    0.45 v _0745_/A (sky130_fd_sc_hd__nor4b_2)
                  0.76    0.73    1.18 ^ _0745_/Y (sky130_fd_sc_hd__nor4b_2)
    11    0.03                           _0315_ (net)
                  0.76    0.00    1.18 ^ _0746_/C (sky130_fd_sc_hd__and3_2)
                  0.11    0.36    1.54 ^ _0746_/X (sky130_fd_sc_hd__and3_2)
     5    0.01                           _0316_ (net)
                  0.11    0.00    1.54 ^ _0916_/B (sky130_fd_sc_hd__and2_2)
                  0.09    0.20    1.74 ^ _0916_/X (sky130_fd_sc_hd__and2_2)
     5    0.01                           _0432_ (net)
                  0.09    0.00    1.74 ^ _0983_/B (sky130_fd_sc_hd__and3b_2)
                  0.09    0.24    1.98 ^ _0983_/X (sky130_fd_sc_hd__and3b_2)
     4    0.01                           _0474_ (net)
                  0.09    0.00    1.98 ^ _0988_/S (sky130_fd_sc_hd__mux2_2)
                  0.05    0.34    2.32 v _0988_/X (sky130_fd_sc_hd__mux2_2)
     1    0.00                           _0477_ (net)
                  0.05    0.00    2.32 v _0989_/A (sky130_fd_sc_hd__buf_1)
                  0.02    0.09    2.41 v _0989_/X (sky130_fd_sc_hd__buf_1)
     1    0.00                           _0109_ (net)
                  0.02    0.00    2.41 v _1150_/D (sky130_fd_sc_hd__dfrtp_2)
                                  2.41   data arrival time

                  0.15   10.00   10.00   clock clk (rise edge)
                          0.00   10.00   clock network delay (ideal)
                         -0.25    9.75   clock uncertainty
                          0.00    9.75   clock reconvergence pessimism
                                  9.75 ^ _1150_/CLK (sky130_fd_sc_hd__dfrtp_2)
                         -0.08    9.67   library setup time
                                  9.67   data required time
-----------------------------------------------------------------------------
                                  9.67   data required time
                                 -2.41   data arrival time
-----------------------------------------------------------------------------
                                  7.26   slack (MET)


Startpoint: _1175_ (rising edge-triggered flip-flop clocked by clk)
Endpoint: _1151_ (rising edge-triggered flip-flop clocked by clk)
Path Group: clk
Path Type: max

Fanout     Cap    Slew   Delay    Time   Description
-----------------------------------------------------------------------------
                  0.15    0.00    0.00   clock clk (rise edge)
                          0.00    0.00   clock network delay (ideal)
                  0.15    0.00    0.00 ^ _1175_/CLK (sky130_fd_sc_hd__dfstp_2)
                  0.06    0.45    0.45 v _1175_/Q (sky130_fd_sc_hd__dfstp_2)
     6    0.02                           spi_cs_s2 (net)
                  0.06    0.00    0.45 v _0745_/A (sky130_fd_sc_hd__nor4b_2)
                  0.76    0.73    1.18 ^ _0745_/Y (sky130_fd_sc_hd__nor4b_2)
    11    0.03                           _0315_ (net)
                  0.76    0.00    1.18 ^ _0746_/C (sky130_fd_sc_hd__and3_2)
                  0.11    0.36    1.54 ^ _0746_/X (sky130_fd_sc_hd__and3_2)
     5    0.01                           _0316_ (net)
                  0.11    0.00    1.54 ^ _0916_/B (sky130_fd_sc_hd__and2_2)
                  0.09    0.20    1.74 ^ _0916_/X (sky130_fd_sc_hd__and2_2)
     5    0.01                           _0432_ (net)
                  0.09    0.00    1.74 ^ _0983_/B (sky130_fd_sc_hd__and3b_2)
                  0.09    0.24    1.98 ^ _0983_/X (sky130_fd_sc_hd__and3b_2)
     4    0.01                           _0474_ (net)
                  0.09    0.00    1.98 ^ _0990_/S (sky130_fd_sc_hd__mux2_2)
                  0.05    0.34    2.32 v _0990_/X (sky130_fd_sc_hd__mux2_2)
     1    0.00                           _0478_ (net)
                  0.05    0.00    2.32 v _0991_/A (sky130_fd_sc_hd__buf_1)
                  0.02    0.09    2.41 v _0991_/X (sky130_fd_sc_hd__buf_1)
     1    0.00                           _0110_ (net)
                  0.02    0.00    2.41 v _1151_/D (sky130_fd_sc_hd__dfrtp_2)
                                  2.41   data arrival time

                  0.15   10.00   10.00   clock clk (rise edge)
                          0.00   10.00   clock network delay (ideal)
                         -0.25    9.75   clock uncertainty
                          0.00    9.75   clock reconvergence pessimism
                                  9.75 ^ _1151_/CLK (sky130_fd_sc_hd__dfrtp_2)
                         -0.08    9.67   library setup time
                                  9.67   data required time
-----------------------------------------------------------------------------
                                  9.67   data required time
                                 -2.41   data arrival time
-----------------------------------------------------------------------------
                                  7.26   slack (MET)


Startpoint: _1175_ (rising edge-triggered flip-flop clocked by clk)
Endpoint: _1135_ (rising edge-triggered flip-flop clocked by clk)
Path Group: clk
Path Type: max

Fanout     Cap    Slew   Delay    Time   Description
-----------------------------------------------------------------------------
                  0.15    0.00    0.00   clock clk (rise edge)
                          0.00    0.00   clock network delay (ideal)
                  0.15    0.00    0.00 ^ _1175_/CLK (sky130_fd_sc_hd__dfstp_2)
                  0.06    0.45    0.45 v _1175_/Q (sky130_fd_sc_hd__dfstp_2)
     6    0.02                           spi_cs_s2 (net)
                  0.06    0.00    0.45 v _0745_/A (sky130_fd_sc_hd__nor4b_2)
                  0.76    0.73    1.18 ^ _0745_/Y (sky130_fd_sc_hd__nor4b_2)
    11    0.03                           _0315_ (net)
                  0.76    0.00    1.18 ^ _0746_/C (sky130_fd_sc_hd__and3_2)
                  0.11    0.36    1.54 ^ _0746_/X (sky130_fd_sc_hd__and3_2)
     5    0.01                           _0316_ (net)
                  0.11    0.00    1.54 ^ _0916_/B (sky130_fd_sc_hd__and2_2)
                  0.09    0.20    1.74 ^ _0916_/X (sky130_fd_sc_hd__and2_2)
     5    0.01                           _0432_ (net)
                  0.09    0.00    1.74 ^ _0917_/B (sky130_fd_sc_hd__nor2_2)
                  0.06    0.07    1.81 v _0917_/Y (sky130_fd_sc_hd__nor2_2)
     6    0.02                           _0433_ (net)
                  0.06    0.00    1.81 v _0946_/B (sky130_fd_sc_hd__or2_2)
                  0.07    0.31    2.13 v _0946_/X (sky130_fd_sc_hd__or2_2)
     4    0.01                           _0450_ (net)
                  0.07    0.00    2.13 v _0947_/B1 (sky130_fd_sc_hd__a32o_2)
                  0.04    0.23    2.36 v _0947_/X (sky130_fd_sc_hd__a32o_2)
     1    0.00                           _0094_ (net)
                  0.04    0.00    2.36 v _1135_/D (sky130_fd_sc_hd__dfrtp_2)
                                  2.36   data arrival time

                  0.15   10.00   10.00   clock clk (rise edge)
                          0.00   10.00   clock network delay (ideal)
                         -0.25    9.75   clock uncertainty
                          0.00    9.75   clock reconvergence pessimism
                                  9.75 ^ _1135_/CLK (sky130_fd_sc_hd__dfrtp_2)
                         -0.09    9.66   library setup time
                                  9.66   data required time
-----------------------------------------------------------------------------
                                  9.66   data required time
                                 -2.36   data arrival time
-----------------------------------------------------------------------------
                                  7.31   slack (MET)


Startpoint: _1175_ (rising edge-triggered flip-flop clocked by clk)
Endpoint: _1136_ (rising edge-triggered flip-flop clocked by clk)
Path Group: clk
Path Type: max

Fanout     Cap    Slew   Delay    Time   Description
-----------------------------------------------------------------------------
                  0.15    0.00    0.00   clock clk (rise edge)
                          0.00    0.00   clock network delay (ideal)
                  0.15    0.00    0.00 ^ _1175_/CLK (sky130_fd_sc_hd__dfstp_2)
                  0.06    0.45    0.45 v _1175_/Q (sky130_fd_sc_hd__dfstp_2)
     6    0.02                           spi_cs_s2 (net)
                  0.06    0.00    0.45 v _0745_/A (sky130_fd_sc_hd__nor4b_2)
                  0.76    0.73    1.18 ^ _0745_/Y (sky130_fd_sc_hd__nor4b_2)
    11    0.03                           _0315_ (net)
                  0.76    0.00    1.18 ^ _0746_/C (sky130_fd_sc_hd__and3_2)
                  0.11    0.36    1.54 ^ _0746_/X (sky130_fd_sc_hd__and3_2)
     5    0.01                           _0316_ (net)
                  0.11    0.00    1.54 ^ _0916_/B (sky130_fd_sc_hd__and2_2)
                  0.09    0.20    1.74 ^ _0916_/X (sky130_fd_sc_hd__and2_2)
     5    0.01                           _0432_ (net)
                  0.09    0.00    1.74 ^ _0917_/B (sky130_fd_sc_hd__nor2_2)
                  0.06    0.07    1.81 v _0917_/Y (sky130_fd_sc_hd__nor2_2)
     6    0.02                           _0433_ (net)
                  0.06    0.00    1.81 v _0946_/B (sky130_fd_sc_hd__or2_2)
                  0.07    0.31    2.13 v _0946_/X (sky130_fd_sc_hd__or2_2)
     4    0.01                           _0450_ (net)
                  0.07    0.00    2.13 v _0952_/B1 (sky130_fd_sc_hd__a32o_2)
                  0.04    0.23    2.36 v _0952_/X (sky130_fd_sc_hd__a32o_2)
     1    0.00                           _0095_ (net)
                  0.04    0.00    2.36 v _1136_/D (sky130_fd_sc_hd__dfrtp_2)
                                  2.36   data arrival time

                  0.15   10.00   10.00   clock clk (rise edge)
                          0.00   10.00   clock network delay (ideal)
                         -0.25    9.75   clock uncertainty
                          0.00    9.75   clock reconvergence pessimism
                                  9.75 ^ _1136_/CLK (sky130_fd_sc_hd__dfrtp_2)
                         -0.09    9.66   library setup time
                                  9.66   data required time
-----------------------------------------------------------------------------
                                  9.66   data required time
                                 -2.36   data arrival time
-----------------------------------------------------------------------------
                                  7.31   slack (MET)


Startpoint: _1175_ (rising edge-triggered flip-flop clocked by clk)
Endpoint: _1138_ (rising edge-triggered flip-flop clocked by clk)
Path Group: clk
Path Type: max

Fanout     Cap    Slew   Delay    Time   Description
-----------------------------------------------------------------------------
                  0.15    0.00    0.00   clock clk (rise edge)
                          0.00    0.00   clock network delay (ideal)
                  0.15    0.00    0.00 ^ _1175_/CLK (sky130_fd_sc_hd__dfstp_2)
                  0.06    0.45    0.45 v _1175_/Q (sky130_fd_sc_hd__dfstp_2)
     6    0.02                           spi_cs_s2 (net)
                  0.06    0.00    0.45 v _0745_/A (sky130_fd_sc_hd__nor4b_2)
                  0.76    0.73    1.18 ^ _0745_/Y (sky130_fd_sc_hd__nor4b_2)
    11    0.03                           _0315_ (net)
                  0.76    0.00    1.18 ^ _0746_/C (sky130_fd_sc_hd__and3_2)
                  0.11    0.36    1.54 ^ _0746_/X (sky130_fd_sc_hd__and3_2)
     5    0.01                           _0316_ (net)
                  0.11    0.00    1.54 ^ _0916_/B (sky130_fd_sc_hd__and2_2)
                  0.09    0.20    1.74 ^ _0916_/X (sky130_fd_sc_hd__and2_2)
     5    0.01                           _0432_ (net)
                  0.09    0.00    1.74 ^ _0917_/B (sky130_fd_sc_hd__nor2_2)
                  0.06    0.07    1.81 v _0917_/Y (sky130_fd_sc_hd__nor2_2)
     6    0.02                           _0433_ (net)
                  0.06    0.00    1.81 v _0946_/B (sky130_fd_sc_hd__or2_2)
                  0.07    0.31    2.13 v _0946_/X (sky130_fd_sc_hd__or2_2)
     4    0.01                           _0450_ (net)
                  0.07    0.00    2.13 v _0960_/B1 (sky130_fd_sc_hd__a32o_2)
                  0.04    0.23    2.36 v _0960_/X (sky130_fd_sc_hd__a32o_2)
     1    0.00                           _0097_ (net)
                  0.04    0.00    2.36 v _1138_/D (sky130_fd_sc_hd__dfrtp_2)
                                  2.36   data arrival time

                  0.15   10.00   10.00   clock clk (rise edge)
                          0.00   10.00   clock network delay (ideal)
                         -0.25    9.75   clock uncertainty
                          0.00    9.75   clock reconvergence pessimism
                                  9.75 ^ _1138_/CLK (sky130_fd_sc_hd__dfrtp_2)
                         -0.09    9.66   library setup time
                                  9.66   data required time
-----------------------------------------------------------------------------
                                  9.66   data required time
                                 -2.36   data arrival time
-----------------------------------------------------------------------------
                                  7.31   slack (MET)


Startpoint: _1175_ (rising edge-triggered flip-flop clocked by clk)
Endpoint: _1139_ (rising edge-triggered flip-flop clocked by clk)
Path Group: clk
Path Type: max

Fanout     Cap    Slew   Delay    Time   Description
-----------------------------------------------------------------------------
                  0.15    0.00    0.00   clock clk (rise edge)
                          0.00    0.00   clock network delay (ideal)
                  0.15    0.00    0.00 ^ _1175_/CLK (sky130_fd_sc_hd__dfstp_2)
                  0.06    0.45    0.45 v _1175_/Q (sky130_fd_sc_hd__dfstp_2)
     6    0.02                           spi_cs_s2 (net)
                  0.06    0.00    0.45 v _0745_/A (sky130_fd_sc_hd__nor4b_2)
                  0.76    0.73    1.18 ^ _0745_/Y (sky130_fd_sc_hd__nor4b_2)
    11    0.03                           _0315_ (net)
                  0.76    0.00    1.18 ^ _0746_/C (sky130_fd_sc_hd__and3_2)
                  0.11    0.36    1.54 ^ _0746_/X (sky130_fd_sc_hd__and3_2)
     5    0.01                           _0316_ (net)
                  0.11    0.00    1.54 ^ _0916_/B (sky130_fd_sc_hd__and2_2)
                  0.09    0.20    1.74 ^ _0916_/X (sky130_fd_sc_hd__and2_2)
     5    0.01                           _0432_ (net)
                  0.09    0.00    1.74 ^ _0917_/B (sky130_fd_sc_hd__nor2_2)
                  0.06    0.07    1.81 v _0917_/Y (sky130_fd_sc_hd__nor2_2)
     6    0.02                           _0433_ (net)
                  0.06    0.00    1.81 v _0946_/B (sky130_fd_sc_hd__or2_2)
                  0.07    0.31    2.13 v _0946_/X (sky130_fd_sc_hd__or2_2)
     4    0.01                           _0450_ (net)
                  0.07    0.00    2.13 v _0964_/B1 (sky130_fd_sc_hd__a32o_2)
                  0.04    0.23    2.36 v _0964_/X (sky130_fd_sc_hd__a32o_2)
     1    0.00                           _0098_ (net)
                  0.04    0.00    2.36 v _1139_/D (sky130_fd_sc_hd__dfrtp_2)
                                  2.36   data arrival time

                  0.15   10.00   10.00   clock clk (rise edge)
                          0.00   10.00   clock network delay (ideal)
                         -0.25    9.75   clock uncertainty
                          0.00    9.75   clock reconvergence pessimism
                                  9.75 ^ _1139_/CLK (sky130_fd_sc_hd__dfrtp_2)
                         -0.09    9.66   library setup time
                                  9.66   data required time
-----------------------------------------------------------------------------
                                  9.66   data required time
                                 -2.36   data arrival time
-----------------------------------------------------------------------------
                                  7.31   slack (MET)


Startpoint: _1101_ (rising edge-triggered flip-flop clocked by clk)
Endpoint: _1116_ (rising edge-triggered flip-flop clocked by clk)
Path Group: clk
Path Type: max

Fanout     Cap    Slew   Delay    Time   Description
-----------------------------------------------------------------------------
                  0.15    0.00    0.00   clock clk (rise edge)
                          0.00    0.00   clock network delay (ideal)
                  0.15    0.00    0.00 ^ _1101_/CLK (sky130_fd_sc_hd__dfrtp_2)
                  0.07    0.48    0.48 v _1101_/Q (sky130_fd_sc_hd__dfrtp_2)
     5    0.01                           spi_lockout_timer[0] (net)
                  0.07    0.00    0.48 v _0681_/A (sky130_fd_sc_hd__or3_2)
                  0.10    0.53    1.01 v _0681_/X (sky130_fd_sc_hd__or3_2)
     4    0.01                           _0268_ (net)
                  0.10    0.00    1.01 v _0683_/C (sky130_fd_sc_hd__nor4_2)
                  0.40    0.39    1.41 ^ _0683_/Y (sky130_fd_sc_hd__nor4_2)
     4    0.01                           _0270_ (net)
                  0.40    0.00    1.41 ^ _0729_/A (sky130_fd_sc_hd__nand2_2)
                  0.09    0.09    1.49 v _0729_/Y (sky130_fd_sc_hd__nand2_2)
     3    0.00                           _0305_ (net)
                  0.09    0.00    1.49 v _0737_/C (sky130_fd_sc_hd__or3_2)
                  0.11    0.49    1.98 v _0737_/X (sky130_fd_sc_hd__or3_2)
     4    0.01                           _0311_ (net)
                  0.11    0.00    1.98 v _0743_/A3 (sky130_fd_sc_hd__o311a_2)
                  0.05    0.36    2.34 v _0743_/X (sky130_fd_sc_hd__o311a_2)
     1    0.00                           _0010_ (net)
                  0.05    0.00    2.34 v _1116_/D (sky130_fd_sc_hd__dfrtp_2)
                                  2.34   data arrival time

                  0.15   10.00   10.00   clock clk (rise edge)
                          0.00   10.00   clock network delay (ideal)
                         -0.25    9.75   clock uncertainty
                          0.00    9.75   clock reconvergence pessimism
                                  9.75 ^ _1116_/CLK (sky130_fd_sc_hd__dfrtp_2)
                         -0.09    9.66   library setup time
                                  9.66   data required time
-----------------------------------------------------------------------------
                                  9.66   data required time
                                 -2.34   data arrival time
-----------------------------------------------------------------------------
                                  7.31   slack (MET)


Startpoint: _1101_ (rising edge-triggered flip-flop clocked by clk)
Endpoint: _1109_ (rising edge-triggered flip-flop clocked by clk)
Path Group: clk
Path Type: max

Fanout     Cap    Slew   Delay    Time   Description
-----------------------------------------------------------------------------
                  0.15    0.00    0.00   clock clk (rise edge)
                          0.00    0.00   clock network delay (ideal)
                  0.15    0.00    0.00 ^ _1101_/CLK (sky130_fd_sc_hd__dfrtp_2)
                  0.07    0.48    0.48 v _1101_/Q (sky130_fd_sc_hd__dfrtp_2)
     5    0.01                           spi_lockout_timer[0] (net)
                  0.07    0.00    0.48 v _0681_/A (sky130_fd_sc_hd__or3_2)
                  0.10    0.53    1.01 v _0681_/X (sky130_fd_sc_hd__or3_2)
     4    0.01                           _0268_ (net)
                  0.10    0.00    1.01 v _0683_/C (sky130_fd_sc_hd__nor4_2)
                  0.40    0.39    1.41 ^ _0683_/Y (sky130_fd_sc_hd__nor4_2)
     4    0.01                           _0270_ (net)
                  0.40    0.00    1.41 ^ _0687_/A (sky130_fd_sc_hd__and4_2)
                  0.10    0.36    1.76 ^ _0687_/X (sky130_fd_sc_hd__and4_2)
     3    0.01                           _0274_ (net)
                  0.10    0.00    1.76 ^ _0688_/B (sky130_fd_sc_hd__nor2_2)
                  0.06    0.06    1.82 v _0688_/Y (sky130_fd_sc_hd__nor2_2)
     3    0.01                           _0275_ (net)
                  0.06    0.00    1.82 v _0720_/B2 (sky130_fd_sc_hd__a22o_2)
                  0.04    0.23    2.04 v _0720_/X (sky130_fd_sc_hd__a22o_2)
     1    0.00                           _0299_ (net)
                  0.04    0.00    2.04 v _0721_/B (sky130_fd_sc_hd__and2_2)
                  0.03    0.18    2.23 v _0721_/X (sky130_fd_sc_hd__and2_2)
     1    0.00                           _0300_ (net)
                  0.03    0.00    2.23 v _0722_/A (sky130_fd_sc_hd__buf_1)
                  0.02    0.08    2.31 v _0722_/X (sky130_fd_sc_hd__buf_1)
     1    0.00                           _0018_ (net)
                  0.02    0.00    2.31 v _1109_/D (sky130_fd_sc_hd__dfrtp_2)
                                  2.31   data arrival time

                  0.15   10.00   10.00   clock clk (rise edge)
                          0.00   10.00   clock network delay (ideal)
                         -0.25    9.75   clock uncertainty
                          0.00    9.75   clock reconvergence pessimism
                                  9.75 ^ _1109_/CLK (sky130_fd_sc_hd__dfrtp_2)
                         -0.08    9.67   library setup time
                                  9.67   data required time
-----------------------------------------------------------------------------
                                  9.67   data required time
                                 -2.31   data arrival time
-----------------------------------------------------------------------------
                                  7.36   slack (MET)


Startpoint: _1175_ (rising edge-triggered flip-flop clocked by clk)
Endpoint: _1178_ (rising edge-triggered flip-flop clocked by clk)
Path Group: clk
Path Type: max

Fanout     Cap    Slew   Delay    Time   Description
-----------------------------------------------------------------------------
                  0.15    0.00    0.00   clock clk (rise edge)
                          0.00    0.00   clock network delay (ideal)
                  0.15    0.00    0.00 ^ _1175_/CLK (sky130_fd_sc_hd__dfstp_2)
                  0.06    0.45    0.45 v _1175_/Q (sky130_fd_sc_hd__dfstp_2)
     6    0.02                           spi_cs_s2 (net)
                  0.06    0.00    0.45 v _0745_/A (sky130_fd_sc_hd__nor4b_2)
                  0.76    0.73    1.18 ^ _0745_/Y (sky130_fd_sc_hd__nor4b_2)
    11    0.03                           _0315_ (net)
                  0.76    0.00    1.18 ^ _0746_/C (sky130_fd_sc_hd__and3_2)
                  0.11    0.36    1.54 ^ _0746_/X (sky130_fd_sc_hd__and3_2)
     5    0.01                           _0316_ (net)
                  0.11    0.00    1.54 ^ _0747_/B (sky130_fd_sc_hd__nand2_2)
                  0.05    0.08    1.62 v _0747_/Y (sky130_fd_sc_hd__nand2_2)
     2    0.01                           _0317_ (net)
                  0.05    0.00    1.62 v _0968_/A (sky130_fd_sc_hd__nor2_2)
                  0.37    0.34    1.95 ^ _0968_/Y (sky130_fd_sc_hd__nor2_2)
    10    0.03                           _0466_ (net)
                  0.37    0.00    1.95 ^ _1037_/D (sky130_fd_sc_hd__and4b_2)
                  0.05    0.28    2.23 ^ _1037_/X (sky130_fd_sc_hd__and4b_2)
     1    0.00                           _0505_ (net)
                  0.05    0.00    2.23 ^ _1038_/B1 (sky130_fd_sc_hd__a21o_2)
                  0.03    0.08    2.32 ^ _1038_/X (sky130_fd_sc_hd__a21o_2)
     1    0.00                           _0130_ (net)
                  0.03    0.00    2.32 ^ _1178_/D (sky130_fd_sc_hd__dfrtp_2)
                                  2.32   data arrival time

                  0.15   10.00   10.00   clock clk (rise edge)
                          0.00   10.00   clock network delay (ideal)
                         -0.25    9.75   clock uncertainty
                          0.00    9.75   clock reconvergence pessimism
                                  9.75 ^ _1178_/CLK (sky130_fd_sc_hd__dfrtp_2)
                         -0.04    9.71   library setup time
                                  9.71   data required time
-----------------------------------------------------------------------------
                                  9.71   data required time
                                 -2.32   data arrival time
-----------------------------------------------------------------------------
                                  7.39   slack (MET)


Startpoint: _1175_ (rising edge-triggered flip-flop clocked by clk)
Endpoint: _1133_ (rising edge-triggered flip-flop clocked by clk)
Path Group: clk
Path Type: max

Fanout     Cap    Slew   Delay    Time   Description
-----------------------------------------------------------------------------
                  0.15    0.00    0.00   clock clk (rise edge)
                          0.00    0.00   clock network delay (ideal)
                  0.15    0.00    0.00 ^ _1175_/CLK (sky130_fd_sc_hd__dfstp_2)
                  0.06    0.45    0.45 v _1175_/Q (sky130_fd_sc_hd__dfstp_2)
     6    0.02                           spi_cs_s2 (net)
                  0.06    0.00    0.45 v _0745_/A (sky130_fd_sc_hd__nor4b_2)
                  0.76    0.73    1.18 ^ _0745_/Y (sky130_fd_sc_hd__nor4b_2)
    11    0.03                           _0315_ (net)
                  0.76    0.00    1.18 ^ _0746_/C (sky130_fd_sc_hd__and3_2)
                  0.11    0.36    1.54 ^ _0746_/X (sky130_fd_sc_hd__and3_2)
     5    0.01                           _0316_ (net)
                  0.11    0.00    1.54 ^ _0747_/B (sky130_fd_sc_hd__nand2_2)
                  0.05    0.08    1.62 v _0747_/Y (sky130_fd_sc_hd__nand2_2)
     2    0.01                           _0317_ (net)
                  0.05    0.00    1.62 v _0749_/A (sky130_fd_sc_hd__nor2_2)
                  0.39    0.35    1.97 ^ _0749_/Y (sky130_fd_sc_hd__nor2_2)
    11    0.04                           _0020_ (net)
                  0.39    0.00    1.97 ^ _0931_/A (sky130_fd_sc_hd__nor2_2)
                  0.09    0.11    2.08 v _0931_/Y (sky130_fd_sc_hd__nor2_2)
     4    0.01                           _0437_ (net)
                  0.09    0.00    2.08 v _0938_/A2 (sky130_fd_sc_hd__o22a_2)
                  0.03    0.24    2.31 v _0938_/X (sky130_fd_sc_hd__o22a_2)
     1    0.00                           _0092_ (net)
                  0.03    0.00    2.31 v _1133_/D (sky130_fd_sc_hd__dfstp_2)
                                  2.31   data arrival time

                  0.15   10.00   10.00   clock clk (rise edge)
                          0.00   10.00   clock network delay (ideal)
                         -0.25    9.75   clock uncertainty
                          0.00    9.75   clock reconvergence pessimism
                                  9.75 ^ _1133_/CLK (sky130_fd_sc_hd__dfstp_2)
                         -0.04    9.71   library setup time
                                  9.71   data required time
-----------------------------------------------------------------------------
                                  9.71   data required time
                                 -2.31   data arrival time
-----------------------------------------------------------------------------
                                  7.39   slack (MET)


Startpoint: _1175_ (rising edge-triggered flip-flop clocked by clk)
Endpoint: _1134_ (rising edge-triggered flip-flop clocked by clk)
Path Group: clk
Path Type: max

Fanout     Cap    Slew   Delay    Time   Description
-----------------------------------------------------------------------------
                  0.15    0.00    0.00   clock clk (rise edge)
                          0.00    0.00   clock network delay (ideal)
                  0.15    0.00    0.00 ^ _1175_/CLK (sky130_fd_sc_hd__dfstp_2)
                  0.06    0.45    0.45 v _1175_/Q (sky130_fd_sc_hd__dfstp_2)
     6    0.02                           spi_cs_s2 (net)
                  0.06    0.00    0.45 v _0745_/A (sky130_fd_sc_hd__nor4b_2)
                  0.76    0.73    1.18 ^ _0745_/Y (sky130_fd_sc_hd__nor4b_2)
    11    0.03                           _0315_ (net)
                  0.76    0.00    1.18 ^ _0746_/C (sky130_fd_sc_hd__and3_2)
                  0.11    0.36    1.54 ^ _0746_/X (sky130_fd_sc_hd__and3_2)
     5    0.01                           _0316_ (net)
                  0.11    0.00    1.54 ^ _0747_/B (sky130_fd_sc_hd__nand2_2)
                  0.05    0.08    1.62 v _0747_/Y (sky130_fd_sc_hd__nand2_2)
     2    0.01                           _0317_ (net)
                  0.05    0.00    1.62 v _0749_/A (sky130_fd_sc_hd__nor2_2)
                  0.39    0.35    1.97 ^ _0749_/Y (sky130_fd_sc_hd__nor2_2)
    11    0.04                           _0020_ (net)
                  0.39    0.00    1.97 ^ _0931_/A (sky130_fd_sc_hd__nor2_2)
                  0.09    0.11    2.08 v _0931_/Y (sky130_fd_sc_hd__nor2_2)
     4    0.01                           _0437_ (net)
                  0.09    0.00    2.08 v _0942_/A2 (sky130_fd_sc_hd__o22a_2)
                  0.03    0.24    2.31 v _0942_/X (sky130_fd_sc_hd__o22a_2)
     1    0.00                           _0093_ (net)
                  0.03    0.00    2.31 v _1134_/D (sky130_fd_sc_hd__dfstp_2)
                                  2.31   data arrival time

                  0.15   10.00   10.00   clock clk (rise edge)
                          0.00   10.00   clock network delay (ideal)
                         -0.25    9.75   clock uncertainty
                          0.00    9.75   clock reconvergence pessimism
                                  9.75 ^ _1134_/CLK (sky130_fd_sc_hd__dfstp_2)
                         -0.04    9.71   library setup time
                                  9.71   data required time
-----------------------------------------------------------------------------
                                  9.71   data required time
                                 -2.31   data arrival time
-----------------------------------------------------------------------------
                                  7.39   slack (MET)


Startpoint: _1175_ (rising edge-triggered flip-flop clocked by clk)
Endpoint: _1137_ (rising edge-triggered flip-flop clocked by clk)
Path Group: clk
Path Type: max

Fanout     Cap    Slew   Delay    Time   Description
-----------------------------------------------------------------------------
                  0.15    0.00    0.00   clock clk (rise edge)
                          0.00    0.00   clock network delay (ideal)
                  0.15    0.00    0.00 ^ _1175_/CLK (sky130_fd_sc_hd__dfstp_2)
                  0.06    0.45    0.45 v _1175_/Q (sky130_fd_sc_hd__dfstp_2)
     6    0.02                           spi_cs_s2 (net)
                  0.06    0.00    0.45 v _0745_/A (sky130_fd_sc_hd__nor4b_2)
                  0.76    0.73    1.18 ^ _0745_/Y (sky130_fd_sc_hd__nor4b_2)
    11    0.03                           _0315_ (net)
                  0.76    0.00    1.18 ^ _0746_/C (sky130_fd_sc_hd__and3_2)
                  0.11    0.36    1.54 ^ _0746_/X (sky130_fd_sc_hd__and3_2)
     5    0.01                           _0316_ (net)
                  0.11    0.00    1.54 ^ _0747_/B (sky130_fd_sc_hd__nand2_2)
                  0.05    0.08    1.62 v _0747_/Y (sky130_fd_sc_hd__nand2_2)
     2    0.01                           _0317_ (net)
                  0.05    0.00    1.62 v _0749_/A (sky130_fd_sc_hd__nor2_2)
                  0.39    0.35    1.97 ^ _0749_/Y (sky130_fd_sc_hd__nor2_2)
    11    0.04                           _0020_ (net)
                  0.39    0.00    1.97 ^ _0931_/A (sky130_fd_sc_hd__nor2_2)
                  0.09    0.11    2.08 v _0931_/Y (sky130_fd_sc_hd__nor2_2)
     4    0.01                           _0437_ (net)
                  0.09    0.00    2.08 v _0956_/A2 (sky130_fd_sc_hd__o22a_2)
                  0.03    0.24    2.31 v _0956_/X (sky130_fd_sc_hd__o22a_2)
     1    0.00                           _0096_ (net)
                  0.03    0.00    2.31 v _1137_/D (sky130_fd_sc_hd__dfstp_2)
                                  2.31   data arrival time

                  0.15   10.00   10.00   clock clk (rise edge)
                          0.00   10.00   clock network delay (ideal)
                         -0.25    9.75   clock uncertainty
                          0.00    9.75   clock reconvergence pessimism
                                  9.75 ^ _1137_/CLK (sky130_fd_sc_hd__dfstp_2)
                         -0.04    9.71   library setup time
                                  9.71   data required time
-----------------------------------------------------------------------------
                                  9.71   data required time
                                 -2.31   data arrival time
-----------------------------------------------------------------------------
                                  7.39   slack (MET)


Startpoint: _1175_ (rising edge-triggered flip-flop clocked by clk)
Endpoint: _1140_ (rising edge-triggered flip-flop clocked by clk)
Path Group: clk
Path Type: max

Fanout     Cap    Slew   Delay    Time   Description
-----------------------------------------------------------------------------
                  0.15    0.00    0.00   clock clk (rise edge)
                          0.00    0.00   clock network delay (ideal)
                  0.15    0.00    0.00 ^ _1175_/CLK (sky130_fd_sc_hd__dfstp_2)
                  0.06    0.45    0.45 v _1175_/Q (sky130_fd_sc_hd__dfstp_2)
     6    0.02                           spi_cs_s2 (net)
                  0.06    0.00    0.45 v _0745_/A (sky130_fd_sc_hd__nor4b_2)
                  0.76    0.73    1.18 ^ _0745_/Y (sky130_fd_sc_hd__nor4b_2)
    11    0.03                           _0315_ (net)
                  0.76    0.00    1.18 ^ _0746_/C (sky130_fd_sc_hd__and3_2)
                  0.11    0.36    1.54 ^ _0746_/X (sky130_fd_sc_hd__and3_2)
     5    0.01                           _0316_ (net)
                  0.11    0.00    1.54 ^ _0747_/B (sky130_fd_sc_hd__nand2_2)
                  0.05    0.08    1.62 v _0747_/Y (sky130_fd_sc_hd__nand2_2)
     2    0.01                           _0317_ (net)
                  0.05    0.00    1.62 v _0749_/A (sky130_fd_sc_hd__nor2_2)
                  0.39    0.35    1.97 ^ _0749_/Y (sky130_fd_sc_hd__nor2_2)
    11    0.04                           _0020_ (net)
                  0.39    0.00    1.97 ^ _0931_/A (sky130_fd_sc_hd__nor2_2)
                  0.09    0.11    2.08 v _0931_/Y (sky130_fd_sc_hd__nor2_2)
     4    0.01                           _0437_ (net)
                  0.09    0.00    2.08 v _0967_/A2 (sky130_fd_sc_hd__o22a_2)
                  0.03    0.24    2.31 v _0967_/X (sky130_fd_sc_hd__o22a_2)
     1    0.00                           _0099_ (net)
                  0.03    0.00    2.31 v _1140_/D (sky130_fd_sc_hd__dfstp_2)
                                  2.31   data arrival time

                  0.15   10.00   10.00   clock clk (rise edge)
                          0.00   10.00   clock network delay (ideal)
                         -0.25    9.75   clock uncertainty
                          0.00    9.75   clock reconvergence pessimism
                                  9.75 ^ _1140_/CLK (sky130_fd_sc_hd__dfstp_2)
                         -0.04    9.71   library setup time
                                  9.71   data required time
-----------------------------------------------------------------------------
                                  9.71   data required time
                                 -2.31   data arrival time
-----------------------------------------------------------------------------
                                  7.39   slack (MET)


Startpoint: _1094_ (rising edge-triggered flip-flop clocked by clk)
Endpoint: _1095_ (rising edge-triggered flip-flop clocked by clk)
Path Group: clk
Path Type: max

Fanout     Cap    Slew   Delay    Time   Description
-----------------------------------------------------------------------------
                  0.15    0.00    0.00   clock clk (rise edge)
                          0.00    0.00   clock network delay (ideal)
                  0.15    0.00    0.00 ^ _1094_/CLK (sky130_fd_sc_hd__dfrtp_2)
                  0.07    0.48    0.48 v _1094_/Q (sky130_fd_sc_hd__dfrtp_2)
     3    0.01                           last_spi_seq[7] (net)
                  0.07    0.00    0.48 v _0506_/A (sky130_fd_sc_hd__xor2_2)
                  0.04    0.17    0.65 v _0506_/X (sky130_fd_sc_hd__xor2_2)
     1    0.00                           _0131_ (net)
                  0.04    0.00    0.65 v _0511_/A (sky130_fd_sc_hd__or3_2)
                  0.08    0.49    1.14 v _0511_/X (sky130_fd_sc_hd__or3_2)
     2    0.00                           _0136_ (net)
                  0.08    0.00    1.14 v _0528_/A1 (sky130_fd_sc_hd__o31a_2)
                  0.07    0.39    1.54 v _0528_/X (sky130_fd_sc_hd__o31a_2)
     4    0.01                           _0153_ (net)
                  0.07    0.00    1.54 v _0529_/A (sky130_fd_sc_hd__buf_1)
                  0.24    0.28    1.81 v _0529_/X (sky130_fd_sc_hd__buf_1)
    16    0.04                           _0002_ (net)
                  0.24    0.00    1.81 v _0896_/B (sky130_fd_sc_hd__or2_2)
                  0.05    0.36    2.17 v _0896_/X (sky130_fd_sc_hd__or2_2)
     1    0.00                           _0421_ (net)
                  0.05    0.00    2.17 v _0897_/A (sky130_fd_sc_hd__buf_1)
                  0.02    0.09    2.26 v _0897_/X (sky130_fd_sc_hd__buf_1)
     1    0.00                           _0073_ (net)
                  0.02    0.00    2.26 v _1095_/D (sky130_fd_sc_hd__dfrtp_2)
                                  2.26   data arrival time

                  0.15   10.00   10.00   clock clk (rise edge)
                          0.00   10.00   clock network delay (ideal)
                         -0.25    9.75   clock uncertainty
                          0.00    9.75   clock reconvergence pessimism
                                  9.75 ^ _1095_/CLK (sky130_fd_sc_hd__dfrtp_2)
                         -0.08    9.67   library setup time
                                  9.67   data required time
-----------------------------------------------------------------------------
                                  9.67   data required time
                                 -2.26   data arrival time
-----------------------------------------------------------------------------
                                  7.41   slack (MET)


Startpoint: _1094_ (rising edge-triggered flip-flop clocked by clk)
Endpoint: _1087_ (rising edge-triggered flip-flop clocked by clk)
Path Group: clk
Path Type: max

Fanout     Cap    Slew   Delay    Time   Description
-----------------------------------------------------------------------------
                  0.15    0.00    0.00   clock clk (rise edge)
                          0.00    0.00   clock network delay (ideal)
                  0.15    0.00    0.00 ^ _1094_/CLK (sky130_fd_sc_hd__dfrtp_2)
                  0.07    0.48    0.48 v _1094_/Q (sky130_fd_sc_hd__dfrtp_2)
     3    0.01                           last_spi_seq[7] (net)
                  0.07    0.00    0.48 v _0506_/A (sky130_fd_sc_hd__xor2_2)
                  0.04    0.17    0.65 v _0506_/X (sky130_fd_sc_hd__xor2_2)
     1    0.00                           _0131_ (net)
                  0.04    0.00    0.65 v _0511_/A (sky130_fd_sc_hd__or3_2)
                  0.08    0.49    1.14 v _0511_/X (sky130_fd_sc_hd__or3_2)
     2    0.00                           _0136_ (net)
                  0.08    0.00    1.14 v _0528_/A1 (sky130_fd_sc_hd__o31a_2)
                  0.07    0.39    1.54 v _0528_/X (sky130_fd_sc_hd__o31a_2)
     4    0.01                           _0153_ (net)
                  0.07    0.00    1.54 v _0529_/A (sky130_fd_sc_hd__buf_1)
                  0.24    0.28    1.81 v _0529_/X (sky130_fd_sc_hd__buf_1)
    16    0.04                           _0002_ (net)
                  0.24    0.00    1.81 v _0880_/S (sky130_fd_sc_hd__mux2_2)
                  0.05    0.35    2.16 v _0880_/X (sky130_fd_sc_hd__mux2_2)
     1    0.00                           _0413_ (net)
                  0.05    0.00    2.16 v _0881_/A (sky130_fd_sc_hd__buf_1)
                  0.02    0.09    2.25 v _0881_/X (sky130_fd_sc_hd__buf_1)
     1    0.00                           _0065_ (net)
                  0.02    0.00    2.25 v _1087_/D (sky130_fd_sc_hd__dfrtp_2)
                                  2.25   data arrival time

                  0.15   10.00   10.00   clock clk (rise edge)
                          0.00   10.00   clock network delay (ideal)
                         -0.25    9.75   clock uncertainty
                          0.00    9.75   clock reconvergence pessimism
                                  9.75 ^ _1087_/CLK (sky130_fd_sc_hd__dfrtp_2)
                         -0.08    9.67   library setup time
                                  9.67   data required time
-----------------------------------------------------------------------------
                                  9.67   data required time
                                 -2.25   data arrival time
-----------------------------------------------------------------------------
                                  7.42   slack (MET)


Startpoint: _1094_ (rising edge-triggered flip-flop clocked by clk)
Endpoint: _1088_ (rising edge-triggered flip-flop clocked by clk)
Path Group: clk
Path Type: max

Fanout     Cap    Slew   Delay    Time   Description
-----------------------------------------------------------------------------
                  0.15    0.00    0.00   clock clk (rise edge)
                          0.00    0.00   clock network delay (ideal)
                  0.15    0.00    0.00 ^ _1094_/CLK (sky130_fd_sc_hd__dfrtp_2)
                  0.07    0.48    0.48 v _1094_/Q (sky130_fd_sc_hd__dfrtp_2)
     3    0.01                           last_spi_seq[7] (net)
                  0.07    0.00    0.48 v _0506_/A (sky130_fd_sc_hd__xor2_2)
                  0.04    0.17    0.65 v _0506_/X (sky130_fd_sc_hd__xor2_2)
     1    0.00                           _0131_ (net)
                  0.04    0.00    0.65 v _0511_/A (sky130_fd_sc_hd__or3_2)
                  0.08    0.49    1.14 v _0511_/X (sky130_fd_sc_hd__or3_2)
     2    0.00                           _0136_ (net)
                  0.08    0.00    1.14 v _0528_/A1 (sky130_fd_sc_hd__o31a_2)
                  0.07    0.39    1.54 v _0528_/X (sky130_fd_sc_hd__o31a_2)
     4    0.01                           _0153_ (net)
                  0.07    0.00    1.54 v _0529_/A (sky130_fd_sc_hd__buf_1)
                  0.24    0.28    1.81 v _0529_/X (sky130_fd_sc_hd__buf_1)
    16    0.04                           _0002_ (net)
                  0.24    0.00    1.81 v _0882_/S (sky130_fd_sc_hd__mux2_2)
                  0.05    0.35    2.16 v _0882_/X (sky130_fd_sc_hd__mux2_2)
     1    0.00                           _0414_ (net)
                  0.05    0.00    2.16 v _0883_/A (sky130_fd_sc_hd__buf_1)
                  0.02    0.09    2.25 v _0883_/X (sky130_fd_sc_hd__buf_1)
     1    0.00                           _0066_ (net)
                  0.02    0.00    2.25 v _1088_/D (sky130_fd_sc_hd__dfrtp_2)
                                  2.25   data arrival time

                  0.15   10.00   10.00   clock clk (rise edge)
                          0.00   10.00   clock network delay (ideal)
                         -0.25    9.75   clock uncertainty
                          0.00    9.75   clock reconvergence pessimism
                                  9.75 ^ _1088_/CLK (sky130_fd_sc_hd__dfrtp_2)
                         -0.08    9.67   library setup time
                                  9.67   data required time
-----------------------------------------------------------------------------
                                  9.67   data required time
                                 -2.25   data arrival time
-----------------------------------------------------------------------------
                                  7.42   slack (MET)


Startpoint: _1094_ (rising edge-triggered flip-flop clocked by clk)
Endpoint: _1089_ (rising edge-triggered flip-flop clocked by clk)
Path Group: clk
Path Type: max

Fanout     Cap    Slew   Delay    Time   Description
-----------------------------------------------------------------------------
                  0.15    0.00    0.00   clock clk (rise edge)
                          0.00    0.00   clock network delay (ideal)
                  0.15    0.00    0.00 ^ _1094_/CLK (sky130_fd_sc_hd__dfrtp_2)
                  0.07    0.48    0.48 v _1094_/Q (sky130_fd_sc_hd__dfrtp_2)
     3    0.01                           last_spi_seq[7] (net)
                  0.07    0.00    0.48 v _0506_/A (sky130_fd_sc_hd__xor2_2)
                  0.04    0.17    0.65 v _0506_/X (sky130_fd_sc_hd__xor2_2)
     1    0.00                           _0131_ (net)
                  0.04    0.00    0.65 v _0511_/A (sky130_fd_sc_hd__or3_2)
                  0.08    0.49    1.14 v _0511_/X (sky130_fd_sc_hd__or3_2)
     2    0.00                           _0136_ (net)
                  0.08    0.00    1.14 v _0528_/A1 (sky130_fd_sc_hd__o31a_2)
                  0.07    0.39    1.54 v _0528_/X (sky130_fd_sc_hd__o31a_2)
     4    0.01                           _0153_ (net)
                  0.07    0.00    1.54 v _0529_/A (sky130_fd_sc_hd__buf_1)
                  0.24    0.28    1.81 v _0529_/X (sky130_fd_sc_hd__buf_1)
    16    0.04                           _0002_ (net)
                  0.24    0.00    1.81 v _0884_/S (sky130_fd_sc_hd__mux2_2)
                  0.05    0.35    2.16 v _0884_/X (sky130_fd_sc_hd__mux2_2)
     1    0.00                           _0415_ (net)
                  0.05    0.00    2.16 v _0885_/A (sky130_fd_sc_hd__buf_1)
                  0.02    0.09    2.25 v _0885_/X (sky130_fd_sc_hd__buf_1)
     1    0.00                           _0067_ (net)
                  0.02    0.00    2.25 v _1089_/D (sky130_fd_sc_hd__dfrtp_2)
                                  2.25   data arrival time

                  0.15   10.00   10.00   clock clk (rise edge)
                          0.00   10.00   clock network delay (ideal)
                         -0.25    9.75   clock uncertainty
                          0.00    9.75   clock reconvergence pessimism
                                  9.75 ^ _1089_/CLK (sky130_fd_sc_hd__dfrtp_2)
                         -0.08    9.67   library setup time
                                  9.67   data required time
-----------------------------------------------------------------------------
                                  9.67   data required time
                                 -2.25   data arrival time
-----------------------------------------------------------------------------
                                  7.42   slack (MET)


Startpoint: _1094_ (rising edge-triggered flip-flop clocked by clk)
Endpoint: _1090_ (rising edge-triggered flip-flop clocked by clk)
Path Group: clk
Path Type: max

Fanout     Cap    Slew   Delay    Time   Description
-----------------------------------------------------------------------------
                  0.15    0.00    0.00   clock clk (rise edge)
                          0.00    0.00   clock network delay (ideal)
                  0.15    0.00    0.00 ^ _1094_/CLK (sky130_fd_sc_hd__dfrtp_2)
                  0.07    0.48    0.48 v _1094_/Q (sky130_fd_sc_hd__dfrtp_2)
     3    0.01                           last_spi_seq[7] (net)
                  0.07    0.00    0.48 v _0506_/A (sky130_fd_sc_hd__xor2_2)
                  0.04    0.17    0.65 v _0506_/X (sky130_fd_sc_hd__xor2_2)
     1    0.00                           _0131_ (net)
                  0.04    0.00    0.65 v _0511_/A (sky130_fd_sc_hd__or3_2)
                  0.08    0.49    1.14 v _0511_/X (sky130_fd_sc_hd__or3_2)
     2    0.00                           _0136_ (net)
                  0.08    0.00    1.14 v _0528_/A1 (sky130_fd_sc_hd__o31a_2)
                  0.07    0.39    1.54 v _0528_/X (sky130_fd_sc_hd__o31a_2)
     4    0.01                           _0153_ (net)
                  0.07    0.00    1.54 v _0529_/A (sky130_fd_sc_hd__buf_1)
                  0.24    0.28    1.81 v _0529_/X (sky130_fd_sc_hd__buf_1)
    16    0.04                           _0002_ (net)
                  0.24    0.00    1.81 v _0886_/S (sky130_fd_sc_hd__mux2_2)
                  0.05    0.35    2.16 v _0886_/X (sky130_fd_sc_hd__mux2_2)
     1    0.00                           _0416_ (net)
                  0.05    0.00    2.16 v _0887_/A (sky130_fd_sc_hd__buf_1)
                  0.02    0.09    2.25 v _0887_/X (sky130_fd_sc_hd__buf_1)
     1    0.00                           _0068_ (net)
                  0.02    0.00    2.25 v _1090_/D (sky130_fd_sc_hd__dfrtp_2)
                                  2.25   data arrival time

                  0.15   10.00   10.00   clock clk (rise edge)
                          0.00   10.00   clock network delay (ideal)
                         -0.25    9.75   clock uncertainty
                          0.00    9.75   clock reconvergence pessimism
                                  9.75 ^ _1090_/CLK (sky130_fd_sc_hd__dfrtp_2)
                         -0.08    9.67   library setup time
                                  9.67   data required time
-----------------------------------------------------------------------------
                                  9.67   data required time
                                 -2.25   data arrival time
-----------------------------------------------------------------------------
                                  7.42   slack (MET)


Startpoint: _1094_ (rising edge-triggered flip-flop clocked by clk)
Endpoint: _1091_ (rising edge-triggered flip-flop clocked by clk)
Path Group: clk
Path Type: max

Fanout     Cap    Slew   Delay    Time   Description
-----------------------------------------------------------------------------
                  0.15    0.00    0.00   clock clk (rise edge)
                          0.00    0.00   clock network delay (ideal)
                  0.15    0.00    0.00 ^ _1094_/CLK (sky130_fd_sc_hd__dfrtp_2)
                  0.07    0.48    0.48 v _1094_/Q (sky130_fd_sc_hd__dfrtp_2)
     3    0.01                           last_spi_seq[7] (net)
                  0.07    0.00    0.48 v _0506_/A (sky130_fd_sc_hd__xor2_2)
                  0.04    0.17    0.65 v _0506_/X (sky130_fd_sc_hd__xor2_2)
     1    0.00                           _0131_ (net)
                  0.04    0.00    0.65 v _0511_/A (sky130_fd_sc_hd__or3_2)
                  0.08    0.49    1.14 v _0511_/X (sky130_fd_sc_hd__or3_2)
     2    0.00                           _0136_ (net)
                  0.08    0.00    1.14 v _0528_/A1 (sky130_fd_sc_hd__o31a_2)
                  0.07    0.39    1.54 v _0528_/X (sky130_fd_sc_hd__o31a_2)
     4    0.01                           _0153_ (net)
                  0.07    0.00    1.54 v _0529_/A (sky130_fd_sc_hd__buf_1)
                  0.24    0.28    1.81 v _0529_/X (sky130_fd_sc_hd__buf_1)
    16    0.04                           _0002_ (net)
                  0.24    0.00    1.81 v _0888_/S (sky130_fd_sc_hd__mux2_2)
                  0.05    0.35    2.16 v _0888_/X (sky130_fd_sc_hd__mux2_2)
     1    0.00                           _0417_ (net)
                  0.05    0.00    2.16 v _0889_/A (sky130_fd_sc_hd__buf_1)
                  0.02    0.09    2.25 v _0889_/X (sky130_fd_sc_hd__buf_1)
     1    0.00                           _0069_ (net)
                  0.02    0.00    2.25 v _1091_/D (sky130_fd_sc_hd__dfrtp_2)
                                  2.25   data arrival time

                  0.15   10.00   10.00   clock clk (rise edge)
                          0.00   10.00   clock network delay (ideal)
                         -0.25    9.75   clock uncertainty
                          0.00    9.75   clock reconvergence pessimism
                                  9.75 ^ _1091_/CLK (sky130_fd_sc_hd__dfrtp_2)
                         -0.08    9.67   library setup time
                                  9.67   data required time
-----------------------------------------------------------------------------
                                  9.67   data required time
                                 -2.25   data arrival time
-----------------------------------------------------------------------------
                                  7.42   slack (MET)


Startpoint: _1094_ (rising edge-triggered flip-flop clocked by clk)
Endpoint: _1092_ (rising edge-triggered flip-flop clocked by clk)
Path Group: clk
Path Type: max

Fanout     Cap    Slew   Delay    Time   Description
-----------------------------------------------------------------------------
                  0.15    0.00    0.00   clock clk (rise edge)
                          0.00    0.00   clock network delay (ideal)
                  0.15    0.00    0.00 ^ _1094_/CLK (sky130_fd_sc_hd__dfrtp_2)
                  0.07    0.48    0.48 v _1094_/Q (sky130_fd_sc_hd__dfrtp_2)
     3    0.01                           last_spi_seq[7] (net)
                  0.07    0.00    0.48 v _0506_/A (sky130_fd_sc_hd__xor2_2)
                  0.04    0.17    0.65 v _0506_/X (sky130_fd_sc_hd__xor2_2)
     1    0.00                           _0131_ (net)
                  0.04    0.00    0.65 v _0511_/A (sky130_fd_sc_hd__or3_2)
                  0.08    0.49    1.14 v _0511_/X (sky130_fd_sc_hd__or3_2)
     2    0.00                           _0136_ (net)
                  0.08    0.00    1.14 v _0528_/A1 (sky130_fd_sc_hd__o31a_2)
                  0.07    0.39    1.54 v _0528_/X (sky130_fd_sc_hd__o31a_2)
     4    0.01                           _0153_ (net)
                  0.07    0.00    1.54 v _0529_/A (sky130_fd_sc_hd__buf_1)
                  0.24    0.28    1.81 v _0529_/X (sky130_fd_sc_hd__buf_1)
    16    0.04                           _0002_ (net)
                  0.24    0.00    1.81 v _0890_/S (sky130_fd_sc_hd__mux2_2)
                  0.05    0.35    2.16 v _0890_/X (sky130_fd_sc_hd__mux2_2)
     1    0.00                           _0418_ (net)
                  0.05    0.00    2.16 v _0891_/A (sky130_fd_sc_hd__buf_1)
                  0.02    0.09    2.25 v _0891_/X (sky130_fd_sc_hd__buf_1)
     1    0.00                           _0070_ (net)
                  0.02    0.00    2.25 v _1092_/D (sky130_fd_sc_hd__dfrtp_2)
                                  2.25   data arrival time

                  0.15   10.00   10.00   clock clk (rise edge)
                          0.00   10.00   clock network delay (ideal)
                         -0.25    9.75   clock uncertainty
                          0.00    9.75   clock reconvergence pessimism
                                  9.75 ^ _1092_/CLK (sky130_fd_sc_hd__dfrtp_2)
                         -0.08    9.67   library setup time
                                  9.67   data required time
-----------------------------------------------------------------------------
                                  9.67   data required time
                                 -2.25   data arrival time
-----------------------------------------------------------------------------
                                  7.42   slack (MET)


Startpoint: _1094_ (rising edge-triggered flip-flop clocked by clk)
Endpoint: _1093_ (rising edge-triggered flip-flop clocked by clk)
Path Group: clk
Path Type: max

Fanout     Cap    Slew   Delay    Time   Description
-----------------------------------------------------------------------------
                  0.15    0.00    0.00   clock clk (rise edge)
                          0.00    0.00   clock network delay (ideal)
                  0.15    0.00    0.00 ^ _1094_/CLK (sky130_fd_sc_hd__dfrtp_2)
                  0.07    0.48    0.48 v _1094_/Q (sky130_fd_sc_hd__dfrtp_2)
     3    0.01                           last_spi_seq[7] (net)
                  0.07    0.00    0.48 v _0506_/A (sky130_fd_sc_hd__xor2_2)
                  0.04    0.17    0.65 v _0506_/X (sky130_fd_sc_hd__xor2_2)
     1    0.00                           _0131_ (net)
                  0.04    0.00    0.65 v _0511_/A (sky130_fd_sc_hd__or3_2)
                  0.08    0.49    1.14 v _0511_/X (sky130_fd_sc_hd__or3_2)
     2    0.00                           _0136_ (net)
                  0.08    0.00    1.14 v _0528_/A1 (sky130_fd_sc_hd__o31a_2)
                  0.07    0.39    1.54 v _0528_/X (sky130_fd_sc_hd__o31a_2)
     4    0.01                           _0153_ (net)
                  0.07    0.00    1.54 v _0529_/A (sky130_fd_sc_hd__buf_1)
                  0.24    0.28    1.81 v _0529_/X (sky130_fd_sc_hd__buf_1)
    16    0.04                           _0002_ (net)
                  0.24    0.00    1.81 v _0892_/S (sky130_fd_sc_hd__mux2_2)
                  0.05    0.35    2.16 v _0892_/X (sky130_fd_sc_hd__mux2_2)
     1    0.00                           _0419_ (net)
                  0.05    0.00    2.16 v _0893_/A (sky130_fd_sc_hd__buf_1)
                  0.02    0.09    2.25 v _0893_/X (sky130_fd_sc_hd__buf_1)
     1    0.00                           _0071_ (net)
                  0.02    0.00    2.25 v _1093_/D (sky130_fd_sc_hd__dfrtp_2)
                                  2.25   data arrival time

                  0.15   10.00   10.00   clock clk (rise edge)
                          0.00   10.00   clock network delay (ideal)
                         -0.25    9.75   clock uncertainty
                          0.00    9.75   clock reconvergence pessimism
                                  9.75 ^ _1093_/CLK (sky130_fd_sc_hd__dfrtp_2)
                         -0.08    9.67   library setup time
                                  9.67   data required time
-----------------------------------------------------------------------------
                                  9.67   data required time
                                 -2.25   data arrival time
-----------------------------------------------------------------------------
                                  7.42   slack (MET)


Startpoint: _1094_ (rising edge-triggered flip-flop clocked by clk)
Endpoint: _1094_ (rising edge-triggered flip-flop clocked by clk)
Path Group: clk
Path Type: max

Fanout     Cap    Slew   Delay    Time   Description
-----------------------------------------------------------------------------
                  0.15    0.00    0.00   clock clk (rise edge)
                          0.00    0.00   clock network delay (ideal)
                  0.15    0.00    0.00 ^ _1094_/CLK (sky130_fd_sc_hd__dfrtp_2)
                  0.07    0.48    0.48 v _1094_/Q (sky130_fd_sc_hd__dfrtp_2)
     3    0.01                           last_spi_seq[7] (net)
                  0.07    0.00    0.48 v _0506_/A (sky130_fd_sc_hd__xor2_2)
                  0.04    0.17    0.65 v _0506_/X (sky130_fd_sc_hd__xor2_2)
     1    0.00                           _0131_ (net)
                  0.04    0.00    0.65 v _0511_/A (sky130_fd_sc_hd__or3_2)
                  0.08    0.49    1.14 v _0511_/X (sky130_fd_sc_hd__or3_2)
     2    0.00                           _0136_ (net)
                  0.08    0.00    1.14 v _0528_/A1 (sky130_fd_sc_hd__o31a_2)
                  0.07    0.39    1.54 v _0528_/X (sky130_fd_sc_hd__o31a_2)
     4    0.01                           _0153_ (net)
                  0.07    0.00    1.54 v _0529_/A (sky130_fd_sc_hd__buf_1)
                  0.24    0.28    1.81 v _0529_/X (sky130_fd_sc_hd__buf_1)
    16    0.04                           _0002_ (net)
                  0.24    0.00    1.81 v _0894_/S (sky130_fd_sc_hd__mux2_2)
                  0.05    0.35    2.16 v _0894_/X (sky130_fd_sc_hd__mux2_2)
     1    0.00                           _0420_ (net)
                  0.05    0.00    2.16 v _0895_/A (sky130_fd_sc_hd__buf_1)
                  0.02    0.09    2.25 v _0895_/X (sky130_fd_sc_hd__buf_1)
     1    0.00                           _0072_ (net)
                  0.02    0.00    2.25 v _1094_/D (sky130_fd_sc_hd__dfrtp_2)
                                  2.25   data arrival time

                  0.15   10.00   10.00   clock clk (rise edge)
                          0.00   10.00   clock network delay (ideal)
                         -0.25    9.75   clock uncertainty
                          0.00    9.75   clock reconvergence pessimism
                                  9.75 ^ _1094_/CLK (sky130_fd_sc_hd__dfrtp_2)
                         -0.08    9.67   library setup time
                                  9.67   data required time
-----------------------------------------------------------------------------
                                  9.67   data required time
                                 -2.25   data arrival time
-----------------------------------------------------------------------------
                                  7.42   slack (MET)


Startpoint: _1101_ (rising edge-triggered flip-flop clocked by clk)
Endpoint: _1113_ (rising edge-triggered flip-flop clocked by clk)
Path Group: clk
Path Type: max

Fanout     Cap    Slew   Delay    Time   Description
-----------------------------------------------------------------------------
                  0.15    0.00    0.00   clock clk (rise edge)
                          0.00    0.00   clock network delay (ideal)
                  0.15    0.00    0.00 ^ _1101_/CLK (sky130_fd_sc_hd__dfrtp_2)
                  0.07    0.48    0.48 v _1101_/Q (sky130_fd_sc_hd__dfrtp_2)
     5    0.01                           spi_lockout_timer[0] (net)
                  0.07    0.00    0.48 v _0681_/A (sky130_fd_sc_hd__or3_2)
                  0.10    0.53    1.01 v _0681_/X (sky130_fd_sc_hd__or3_2)
     4    0.01                           _0268_ (net)
                  0.10    0.00    1.01 v _0683_/C (sky130_fd_sc_hd__nor4_2)
                  0.40    0.39    1.41 ^ _0683_/Y (sky130_fd_sc_hd__nor4_2)
     4    0.01                           _0270_ (net)
                  0.40    0.00    1.41 ^ _0729_/A (sky130_fd_sc_hd__nand2_2)
                  0.09    0.09    1.49 v _0729_/Y (sky130_fd_sc_hd__nand2_2)
     3    0.00                           _0305_ (net)
                  0.09    0.00    1.49 v _0730_/A (sky130_fd_sc_hd__or2_2)
                  0.08    0.35    1.85 v _0730_/X (sky130_fd_sc_hd__or2_2)
     3    0.01                           _0306_ (net)
                  0.08    0.00    1.85 v _0734_/B (sky130_fd_sc_hd__or2_2)
                  0.06    0.30    2.15 v _0734_/X (sky130_fd_sc_hd__or2_2)
     1    0.00                           _0309_ (net)
                  0.06    0.00    2.15 v _0735_/A2 (sky130_fd_sc_hd__a21oi_2)
                  0.07    0.13    2.28 ^ _0735_/Y (sky130_fd_sc_hd__a21oi_2)
     1    0.00                           _0007_ (net)
                  0.07    0.00    2.28 ^ _1113_/D (sky130_fd_sc_hd__dfrtp_2)
                                  2.28   data arrival time

                  0.15   10.00   10.00   clock clk (rise edge)
                          0.00   10.00   clock network delay (ideal)
                         -0.25    9.75   clock uncertainty
                          0.00    9.75   clock reconvergence pessimism
                                  9.75 ^ _1113_/CLK (sky130_fd_sc_hd__dfrtp_2)
                         -0.05    9.70   library setup time
                                  9.70   data required time
-----------------------------------------------------------------------------
                                  9.70   data required time
                                 -2.28   data arrival time
-----------------------------------------------------------------------------
                                  7.42   slack (MET)


Startpoint: _1101_ (rising edge-triggered flip-flop clocked by clk)
Endpoint: _1114_ (rising edge-triggered flip-flop clocked by clk)
Path Group: clk
Path Type: max

Fanout     Cap    Slew   Delay    Time   Description
-----------------------------------------------------------------------------
                  0.15    0.00    0.00   clock clk (rise edge)
                          0.00    0.00   clock network delay (ideal)
                  0.15    0.00    0.00 ^ _1101_/CLK (sky130_fd_sc_hd__dfrtp_2)
                  0.07    0.48    0.48 v _1101_/Q (sky130_fd_sc_hd__dfrtp_2)
     5    0.01                           spi_lockout_timer[0] (net)
                  0.07    0.00    0.48 v _0681_/A (sky130_fd_sc_hd__or3_2)
                  0.10    0.53    1.01 v _0681_/X (sky130_fd_sc_hd__or3_2)
     4    0.01                           _0268_ (net)
                  0.10    0.00    1.01 v _0683_/C (sky130_fd_sc_hd__nor4_2)
                  0.40    0.39    1.41 ^ _0683_/Y (sky130_fd_sc_hd__nor4_2)
     4    0.01                           _0270_ (net)
                  0.40    0.00    1.41 ^ _0729_/A (sky130_fd_sc_hd__nand2_2)
                  0.09    0.09    1.49 v _0729_/Y (sky130_fd_sc_hd__nand2_2)
     3    0.00                           _0305_ (net)
                  0.09    0.00    1.49 v _0737_/C (sky130_fd_sc_hd__or3_2)
                  0.11    0.49    1.98 v _0737_/X (sky130_fd_sc_hd__or3_2)
     4    0.01                           _0311_ (net)
                  0.11    0.00    1.98 v _0738_/B (sky130_fd_sc_hd__nor3_2)
                  0.11    0.17    2.15 ^ _0738_/Y (sky130_fd_sc_hd__nor3_2)
     1    0.00                           _0312_ (net)
                  0.11    0.00    2.15 ^ _0739_/A2 (sky130_fd_sc_hd__o21a_2)
                  0.03    0.13    2.28 ^ _0739_/X (sky130_fd_sc_hd__o21a_2)
     1    0.00                           _0008_ (net)
                  0.03    0.00    2.28 ^ _1114_/D (sky130_fd_sc_hd__dfrtp_2)
                                  2.28   data arrival time

                  0.15   10.00   10.00   clock clk (rise edge)
                          0.00   10.00   clock network delay (ideal)
                         -0.25    9.75   clock uncertainty
                          0.00    9.75   clock reconvergence pessimism
                                  9.75 ^ _1114_/CLK (sky130_fd_sc_hd__dfrtp_2)
                         -0.04    9.71   library setup time
                                  9.71   data required time
-----------------------------------------------------------------------------
                                  9.71   data required time
                                 -2.28   data arrival time
-----------------------------------------------------------------------------
                                  7.43   slack (MET)


Startpoint: _1175_ (rising edge-triggered flip-flop clocked by clk)
Endpoint: _1124_ (rising edge-triggered flip-flop clocked by clk)
Path Group: clk
Path Type: max

Fanout     Cap    Slew   Delay    Time   Description
-----------------------------------------------------------------------------
                  0.15    0.00    0.00   clock clk (rise edge)
                          0.00    0.00   clock network delay (ideal)
                  0.15    0.00    0.00 ^ _1175_/CLK (sky130_fd_sc_hd__dfstp_2)
                  0.06    0.45    0.45 v _1175_/Q (sky130_fd_sc_hd__dfstp_2)
     6    0.02                           spi_cs_s2 (net)
                  0.06    0.00    0.45 v _0745_/A (sky130_fd_sc_hd__nor4b_2)
                  0.76    0.73    1.18 ^ _0745_/Y (sky130_fd_sc_hd__nor4b_2)
    11    0.03                           _0315_ (net)
                  0.76    0.00    1.18 ^ _0746_/C (sky130_fd_sc_hd__and3_2)
                  0.11    0.36    1.54 ^ _0746_/X (sky130_fd_sc_hd__and3_2)
     5    0.01                           _0316_ (net)
                  0.11    0.00    1.54 ^ _0916_/B (sky130_fd_sc_hd__and2_2)
                  0.09    0.20    1.74 ^ _0916_/X (sky130_fd_sc_hd__and2_2)
     5    0.01                           _0432_ (net)
                  0.09    0.00    1.74 ^ _0917_/B (sky130_fd_sc_hd__nor2_2)
                  0.06    0.07    1.81 v _0917_/Y (sky130_fd_sc_hd__nor2_2)
     6    0.02                           _0433_ (net)
                  0.06    0.00    1.81 v _0919_/A1 (sky130_fd_sc_hd__mux2_2)
                  0.05    0.27    2.08 v _0919_/X (sky130_fd_sc_hd__mux2_2)
     1    0.00                           _0434_ (net)
                  0.05    0.00    2.08 v _0920_/A (sky130_fd_sc_hd__buf_1)
                  0.02    0.09    2.17 v _0920_/X (sky130_fd_sc_hd__buf_1)
     1    0.00                           _0083_ (net)
                  0.02    0.00    2.17 v _1124_/D (sky130_fd_sc_hd__dfrtp_2)
                                  2.17   data arrival time

                  0.15   10.00   10.00   clock clk (rise edge)
                          0.00   10.00   clock network delay (ideal)
                         -0.25    9.75   clock uncertainty
                          0.00    9.75   clock reconvergence pessimism
                                  9.75 ^ _1124_/CLK (sky130_fd_sc_hd__dfrtp_2)
                         -0.08    9.67   library setup time
                                  9.67   data required time
-----------------------------------------------------------------------------
                                  9.67   data required time
                                 -2.17   data arrival time
-----------------------------------------------------------------------------
                                  7.50   slack (MET)


Startpoint: _1101_ (rising edge-triggered flip-flop clocked by clk)
Endpoint: _1110_ (rising edge-triggered flip-flop clocked by clk)
Path Group: clk
Path Type: max

Fanout     Cap    Slew   Delay    Time   Description
-----------------------------------------------------------------------------
                  0.15    0.00    0.00   clock clk (rise edge)
                          0.00    0.00   clock network delay (ideal)
                  0.15    0.00    0.00 ^ _1101_/CLK (sky130_fd_sc_hd__dfrtp_2)
                  0.07    0.48    0.48 v _1101_/Q (sky130_fd_sc_hd__dfrtp_2)
     5    0.01                           spi_lockout_timer[0] (net)
                  0.07    0.00    0.48 v _0681_/A (sky130_fd_sc_hd__or3_2)
                  0.10    0.53    1.01 v _0681_/X (sky130_fd_sc_hd__or3_2)
     4    0.01                           _0268_ (net)
                  0.10    0.00    1.01 v _0718_/C (sky130_fd_sc_hd__or4_2)
                  0.11    0.67    1.68 v _0718_/X (sky130_fd_sc_hd__or4_2)
     2    0.01                           _0297_ (net)
                  0.11    0.00    1.68 v _0719_/B (sky130_fd_sc_hd__nor2_2)
                  0.17    0.19    1.86 ^ _0719_/Y (sky130_fd_sc_hd__nor2_2)
     4    0.01                           _0298_ (net)
                  0.17    0.00    1.86 ^ _0723_/A2 (sky130_fd_sc_hd__a21oi_2)
                  0.05    0.08    1.95 v _0723_/Y (sky130_fd_sc_hd__a21oi_2)
     1    0.00                           _0301_ (net)
                  0.05    0.00    1.95 v _0724_/B1 (sky130_fd_sc_hd__a311oi_2)
                  0.17    0.22    2.17 ^ _0724_/Y (sky130_fd_sc_hd__a311oi_2)
     1    0.00                           _0019_ (net)
                  0.17    0.00    2.17 ^ _1110_/D (sky130_fd_sc_hd__dfrtp_2)
                                  2.17   data arrival time

                  0.15   10.00   10.00   clock clk (rise edge)
                          0.00   10.00   clock network delay (ideal)
                         -0.25    9.75   clock uncertainty
                          0.00    9.75   clock reconvergence pessimism
                                  9.75 ^ _1110_/CLK (sky130_fd_sc_hd__dfrtp_2)
                         -0.08    9.67   library setup time
                                  9.67   data required time
-----------------------------------------------------------------------------
                                  9.67   data required time
                                 -2.17   data arrival time
-----------------------------------------------------------------------------
                                  7.50   slack (MET)


Startpoint: _1101_ (rising edge-triggered flip-flop clocked by clk)
Endpoint: _1106_ (rising edge-triggered flip-flop clocked by clk)
Path Group: clk
Path Type: max

Fanout     Cap    Slew   Delay    Time   Description
-----------------------------------------------------------------------------
                  0.15    0.00    0.00   clock clk (rise edge)
                          0.00    0.00   clock network delay (ideal)
                  0.15    0.00    0.00 ^ _1101_/CLK (sky130_fd_sc_hd__dfrtp_2)
                  0.07    0.48    0.48 v _1101_/Q (sky130_fd_sc_hd__dfrtp_2)
     5    0.01                           spi_lockout_timer[0] (net)
                  0.07    0.00    0.48 v _0681_/A (sky130_fd_sc_hd__or3_2)
                  0.10    0.53    1.01 v _0681_/X (sky130_fd_sc_hd__or3_2)
     4    0.01                           _0268_ (net)
                  0.10    0.00    1.01 v _0699_/B (sky130_fd_sc_hd__or2_2)
                  0.08    0.33    1.35 v _0699_/X (sky130_fd_sc_hd__or2_2)
     3    0.01                           _0284_ (net)
                  0.08    0.00    1.35 v _0706_/C (sky130_fd_sc_hd__or3_2)
                  0.09    0.46    1.80 v _0706_/X (sky130_fd_sc_hd__or3_2)
     2    0.01                           _0289_ (net)
                  0.09    0.00    1.80 v _0710_/A2_N (sky130_fd_sc_hd__o2bb2a_2)
                  0.05    0.27    2.07 ^ _0710_/X (sky130_fd_sc_hd__o2bb2a_2)
     1    0.00                           _0292_ (net)
                  0.05    0.00    2.07 ^ _0711_/B (sky130_fd_sc_hd__nor2_2)
                  0.03    0.03    2.10 v _0711_/Y (sky130_fd_sc_hd__nor2_2)
     1    0.00                           _0015_ (net)
                  0.03    0.00    2.10 v _1106_/D (sky130_fd_sc_hd__dfrtp_2)
                                  2.10   data arrival time

                  0.15   10.00   10.00   clock clk (rise edge)
                          0.00   10.00   clock network delay (ideal)
                         -0.25    9.75   clock uncertainty
                          0.00    9.75   clock reconvergence pessimism
                                  9.75 ^ _1106_/CLK (sky130_fd_sc_hd__dfrtp_2)
                         -0.08    9.67   library setup time
                                  9.67   data required time
-----------------------------------------------------------------------------
                                  9.67   data required time
                                 -2.10   data arrival time
-----------------------------------------------------------------------------
                                  7.57   slack (MET)


Startpoint: _1175_ (rising edge-triggered flip-flop clocked by clk)
Endpoint: _1125_ (rising edge-triggered flip-flop clocked by clk)
Path Group: clk
Path Type: max

Fanout     Cap    Slew   Delay    Time   Description
-----------------------------------------------------------------------------
                  0.15    0.00    0.00   clock clk (rise edge)
                          0.00    0.00   clock network delay (ideal)
                  0.15    0.00    0.00 ^ _1175_/CLK (sky130_fd_sc_hd__dfstp_2)
                  0.06    0.45    0.45 v _1175_/Q (sky130_fd_sc_hd__dfstp_2)
     6    0.02                           spi_cs_s2 (net)
                  0.06    0.00    0.45 v _0745_/A (sky130_fd_sc_hd__nor4b_2)
                  0.76    0.73    1.18 ^ _0745_/Y (sky130_fd_sc_hd__nor4b_2)
    11    0.03                           _0315_ (net)
                  0.76    0.00    1.18 ^ _0746_/C (sky130_fd_sc_hd__and3_2)
                  0.11    0.36    1.54 ^ _0746_/X (sky130_fd_sc_hd__and3_2)
     5    0.01                           _0316_ (net)
                  0.11    0.00    1.54 ^ _0916_/B (sky130_fd_sc_hd__and2_2)
                  0.09    0.20    1.74 ^ _0916_/X (sky130_fd_sc_hd__and2_2)
     5    0.01                           _0432_ (net)
                  0.09    0.00    1.74 ^ _0917_/B (sky130_fd_sc_hd__nor2_2)
                  0.06    0.07    1.81 v _0917_/Y (sky130_fd_sc_hd__nor2_2)
     6    0.02                           _0433_ (net)
                  0.06    0.00    1.81 v _0923_/A2 (sky130_fd_sc_hd__a22o_2)
                  0.04    0.26    2.07 v _0923_/X (sky130_fd_sc_hd__a22o_2)
     1    0.00                           _0084_ (net)
                  0.04    0.00    2.07 v _1125_/D (sky130_fd_sc_hd__dfrtp_2)
                                  2.07   data arrival time

                  0.15   10.00   10.00   clock clk (rise edge)
                          0.00   10.00   clock network delay (ideal)
                         -0.25    9.75   clock uncertainty
                          0.00    9.75   clock reconvergence pessimism
                                  9.75 ^ _1125_/CLK (sky130_fd_sc_hd__dfrtp_2)
                         -0.09    9.66   library setup time
                                  9.66   data required time
-----------------------------------------------------------------------------
                                  9.66   data required time
                                 -2.07   data arrival time
-----------------------------------------------------------------------------
                                  7.59   slack (MET)


Startpoint: _1101_ (rising edge-triggered flip-flop clocked by clk)
Endpoint: _1101_ (rising edge-triggered flip-flop clocked by clk)
Path Group: clk
Path Type: max

Fanout     Cap    Slew   Delay    Time   Description
-----------------------------------------------------------------------------
                  0.15    0.00    0.00   clock clk (rise edge)
                          0.00    0.00   clock network delay (ideal)
                  0.15    0.00    0.00 ^ _1101_/CLK (sky130_fd_sc_hd__dfrtp_2)
                  0.07    0.48    0.48 v _1101_/Q (sky130_fd_sc_hd__dfrtp_2)
     5    0.01                           spi_lockout_timer[0] (net)
                  0.07    0.00    0.48 v _0681_/A (sky130_fd_sc_hd__or3_2)
                  0.10    0.53    1.01 v _0681_/X (sky130_fd_sc_hd__or3_2)
     4    0.01                           _0268_ (net)
                  0.10    0.00    1.01 v _0683_/C (sky130_fd_sc_hd__nor4_2)
                  0.40    0.39    1.41 ^ _0683_/Y (sky130_fd_sc_hd__nor4_2)
     4    0.01                           _0270_ (net)
                  0.40    0.00    1.41 ^ _0687_/A (sky130_fd_sc_hd__and4_2)
                  0.10    0.36    1.76 ^ _0687_/X (sky130_fd_sc_hd__and4_2)
     3    0.01                           _0274_ (net)
                  0.10    0.00    1.76 ^ _0688_/B (sky130_fd_sc_hd__nor2_2)
                  0.06    0.06    1.82 v _0688_/Y (sky130_fd_sc_hd__nor2_2)
     3    0.01                           _0275_ (net)
                  0.06    0.00    1.82 v _0693_/A2 (sky130_fd_sc_hd__o211a_2)
                  0.04    0.24    2.06 v _0693_/X (sky130_fd_sc_hd__o211a_2)
     1    0.00                           _0004_ (net)
                  0.04    0.00    2.06 v _1101_/D (sky130_fd_sc_hd__dfrtp_2)
                                  2.06   data arrival time

                  0.15   10.00   10.00   clock clk (rise edge)
                          0.00   10.00   clock network delay (ideal)
                         -0.25    9.75   clock uncertainty
                          0.00    9.75   clock reconvergence pessimism
                                  9.75 ^ _1101_/CLK (sky130_fd_sc_hd__dfrtp_2)
                         -0.09    9.66   library setup time
                                  9.66   data required time
-----------------------------------------------------------------------------
                                  9.66   data required time
                                 -2.06   data arrival time
-----------------------------------------------------------------------------
                                  7.60   slack (MET)


Startpoint: _1101_ (rising edge-triggered flip-flop clocked by clk)
Endpoint: _1104_ (rising edge-triggered flip-flop clocked by clk)
Path Group: clk
Path Type: max

Fanout     Cap    Slew   Delay    Time   Description
-----------------------------------------------------------------------------
                  0.15    0.00    0.00   clock clk (rise edge)
                          0.00    0.00   clock network delay (ideal)
                  0.15    0.00    0.00 ^ _1101_/CLK (sky130_fd_sc_hd__dfrtp_2)
                  0.07    0.48    0.48 v _1101_/Q (sky130_fd_sc_hd__dfrtp_2)
     5    0.01                           spi_lockout_timer[0] (net)
                  0.07    0.00    0.48 v _0681_/A (sky130_fd_sc_hd__or3_2)
                  0.10    0.53    1.01 v _0681_/X (sky130_fd_sc_hd__or3_2)
     4    0.01                           _0268_ (net)
                  0.10    0.00    1.01 v _0683_/C (sky130_fd_sc_hd__nor4_2)
                  0.40    0.39    1.41 ^ _0683_/Y (sky130_fd_sc_hd__nor4_2)
     4    0.01                           _0270_ (net)
                  0.40    0.00    1.41 ^ _0687_/A (sky130_fd_sc_hd__and4_2)
                  0.10    0.36    1.76 ^ _0687_/X (sky130_fd_sc_hd__and4_2)
     3    0.01                           _0274_ (net)
                  0.10    0.00    1.76 ^ _0700_/A (sky130_fd_sc_hd__nor2_2)
                  0.04    0.07    1.83 v _0700_/Y (sky130_fd_sc_hd__nor2_2)
     2    0.01                           _0285_ (net)
                  0.04    0.00    1.83 v _0703_/B (sky130_fd_sc_hd__xnor2_2)
                  0.12    0.13    1.96 ^ _0703_/Y (sky130_fd_sc_hd__xnor2_2)
     1    0.00                           _0287_ (net)
                  0.12    0.00    1.96 ^ _0704_/B (sky130_fd_sc_hd__nor2_2)
                  0.10    0.04    2.00 v _0704_/Y (sky130_fd_sc_hd__nor2_2)
     1    0.00                           _0013_ (net)
                  0.10    0.00    2.00 v _1104_/D (sky130_fd_sc_hd__dfrtp_2)
                                  2.00   data arrival time

                  0.15   10.00   10.00   clock clk (rise edge)
                          0.00   10.00   clock network delay (ideal)
                         -0.25    9.75   clock uncertainty
                          0.00    9.75   clock reconvergence pessimism
                                  9.75 ^ _1104_/CLK (sky130_fd_sc_hd__dfrtp_2)
                         -0.12    9.63   library setup time
                                  9.63   data required time
-----------------------------------------------------------------------------
                                  9.63   data required time
                                 -2.00   data arrival time
-----------------------------------------------------------------------------
                                  7.64   slack (MET)


Startpoint: _1175_ (rising edge-triggered flip-flop clocked by clk)
Endpoint: _1170_ (rising edge-triggered flip-flop clocked by clk)
Path Group: clk
Path Type: max

Fanout     Cap    Slew   Delay    Time   Description
-----------------------------------------------------------------------------
                  0.15    0.00    0.00   clock clk (rise edge)
                          0.00    0.00   clock network delay (ideal)
                  0.15    0.00    0.00 ^ _1175_/CLK (sky130_fd_sc_hd__dfstp_2)
                  0.06    0.45    0.45 v _1175_/Q (sky130_fd_sc_hd__dfstp_2)
     6    0.02                           spi_cs_s2 (net)
                  0.06    0.00    0.45 v _0745_/A (sky130_fd_sc_hd__nor4b_2)
                  0.76    0.73    1.18 ^ _0745_/Y (sky130_fd_sc_hd__nor4b_2)
    11    0.03                           _0315_ (net)
                  0.76    0.00    1.18 ^ _0746_/C (sky130_fd_sc_hd__and3_2)
                  0.11    0.36    1.54 ^ _0746_/X (sky130_fd_sc_hd__and3_2)
     5    0.01                           _0316_ (net)
                  0.11    0.00    1.54 ^ _0916_/B (sky130_fd_sc_hd__and2_2)
                  0.09    0.20    1.74 ^ _0916_/X (sky130_fd_sc_hd__and2_2)
     5    0.01                           _0432_ (net)
                  0.09    0.00    1.74 ^ _0917_/B (sky130_fd_sc_hd__nor2_2)
                  0.06    0.07    1.81 v _0917_/Y (sky130_fd_sc_hd__nor2_2)
     6    0.02                           _0433_ (net)
                  0.06    0.00    1.81 v _1030_/B1 (sky130_fd_sc_hd__a21oi_2)
                  0.11    0.13    1.94 ^ _1030_/Y (sky130_fd_sc_hd__a21oi_2)
     2    0.01                           _0501_ (net)
                  0.11    0.00    1.94 ^ _1033_/A2 (sky130_fd_sc_hd__o21a_2)
                  0.03    0.13    2.07 ^ _1033_/X (sky130_fd_sc_hd__o21a_2)
     1    0.00                           _0128_ (net)
                  0.03    0.00    2.07 ^ _1170_/D (sky130_fd_sc_hd__dfrtp_2)
                                  2.07   data arrival time

                  0.15   10.00   10.00   clock clk (rise edge)
                          0.00   10.00   clock network delay (ideal)
                         -0.25    9.75   clock uncertainty
                          0.00    9.75   clock reconvergence pessimism
                                  9.75 ^ _1170_/CLK (sky130_fd_sc_hd__dfrtp_2)
                         -0.04    9.71   library setup time
                                  9.71   data required time
-----------------------------------------------------------------------------
                                  9.71   data required time
                                 -2.07   data arrival time
-----------------------------------------------------------------------------
                                  7.64   slack (MET)


Startpoint: _1101_ (rising edge-triggered flip-flop clocked by clk)
Endpoint: _1103_ (rising edge-triggered flip-flop clocked by clk)
Path Group: clk
Path Type: max

Fanout     Cap    Slew   Delay    Time   Description
-----------------------------------------------------------------------------
                  0.15    0.00    0.00   clock clk (rise edge)
                          0.00    0.00   clock network delay (ideal)
                  0.15    0.00    0.00 ^ _1101_/CLK (sky130_fd_sc_hd__dfrtp_2)
                  0.07    0.48    0.48 v _1101_/Q (sky130_fd_sc_hd__dfrtp_2)
     5    0.01                           spi_lockout_timer[0] (net)
                  0.07    0.00    0.48 v _0681_/A (sky130_fd_sc_hd__or3_2)
                  0.10    0.53    1.01 v _0681_/X (sky130_fd_sc_hd__or3_2)
     4    0.01                           _0268_ (net)
                  0.10    0.00    1.01 v _0683_/C (sky130_fd_sc_hd__nor4_2)
                  0.40    0.39    1.41 ^ _0683_/Y (sky130_fd_sc_hd__nor4_2)
     4    0.01                           _0270_ (net)
                  0.40    0.00    1.41 ^ _0687_/A (sky130_fd_sc_hd__and4_2)
                  0.10    0.36    1.76 ^ _0687_/X (sky130_fd_sc_hd__and4_2)
     3    0.01                           _0274_ (net)
                  0.10    0.00    1.76 ^ _0700_/A (sky130_fd_sc_hd__nor2_2)
                  0.04    0.07    1.83 v _0700_/Y (sky130_fd_sc_hd__nor2_2)
     2    0.01                           _0285_ (net)
                  0.04    0.00    1.83 v _0701_/A2 (sky130_fd_sc_hd__o21a_2)
                  0.03    0.19    2.02 v _0701_/X (sky130_fd_sc_hd__o21a_2)
     1    0.00                           _0012_ (net)
                  0.03    0.00    2.02 v _1103_/D (sky130_fd_sc_hd__dfrtp_2)
                                  2.02   data arrival time

                  0.15   10.00   10.00   clock clk (rise edge)
                          0.00   10.00   clock network delay (ideal)
                         -0.25    9.75   clock uncertainty
                          0.00    9.75   clock reconvergence pessimism
                                  9.75 ^ _1103_/CLK (sky130_fd_sc_hd__dfrtp_2)
                         -0.09    9.66   library setup time
                                  9.66   data required time
-----------------------------------------------------------------------------
                                  9.66   data required time
                                 -2.02   data arrival time
-----------------------------------------------------------------------------
                                  7.65   slack (MET)


Startpoint: _1175_ (rising edge-triggered flip-flop clocked by clk)
Endpoint: _1168_ (rising edge-triggered flip-flop clocked by clk)
Path Group: clk
Path Type: max

Fanout     Cap    Slew   Delay    Time   Description
-----------------------------------------------------------------------------
                  0.15    0.00    0.00   clock clk (rise edge)
                          0.00    0.00   clock network delay (ideal)
                  0.15    0.00    0.00 ^ _1175_/CLK (sky130_fd_sc_hd__dfstp_2)
                  0.06    0.45    0.45 v _1175_/Q (sky130_fd_sc_hd__dfstp_2)
     6    0.02                           spi_cs_s2 (net)
                  0.06    0.00    0.45 v _0745_/A (sky130_fd_sc_hd__nor4b_2)
                  0.76    0.73    1.18 ^ _0745_/Y (sky130_fd_sc_hd__nor4b_2)
    11    0.03                           _0315_ (net)
                  0.76    0.00    1.18 ^ _0746_/C (sky130_fd_sc_hd__and3_2)
                  0.11    0.36    1.54 ^ _0746_/X (sky130_fd_sc_hd__and3_2)
     5    0.01                           _0316_ (net)
                  0.11    0.00    1.54 ^ _0747_/B (sky130_fd_sc_hd__nand2_2)
                  0.05    0.08    1.62 v _0747_/Y (sky130_fd_sc_hd__nand2_2)
     2    0.01                           _0317_ (net)
                  0.05    0.00    1.62 v _0749_/A (sky130_fd_sc_hd__nor2_2)
                  0.39    0.35    1.97 ^ _0749_/Y (sky130_fd_sc_hd__nor2_2)
    11    0.04                           _0020_ (net)
                  0.39    0.00    1.97 ^ _1168_/D (sky130_fd_sc_hd__dfrtp_2)
                                  1.97   data arrival time

                  0.15   10.00   10.00   clock clk (rise edge)
                          0.00   10.00   clock network delay (ideal)
                         -0.25    9.75   clock uncertainty
                          0.00    9.75   clock reconvergence pessimism
                                  9.75 ^ _1168_/CLK (sky130_fd_sc_hd__dfrtp_2)
                         -0.13    9.62   library setup time
                                  9.62   data required time
-----------------------------------------------------------------------------
                                  9.62   data required time
                                 -1.97   data arrival time
-----------------------------------------------------------------------------
                                  7.66   slack (MET)


Startpoint: ui_in[1] (input port clocked by clk)
Endpoint: _1172_ (rising edge-triggered flip-flop clocked by clk)
Path Group: clk
Path Type: max

Fanout     Cap    Slew   Delay    Time   Description
-----------------------------------------------------------------------------
                  0.15    0.00    0.00   clock clk (rise edge)
                          0.00    0.00   clock network delay (ideal)
                          2.00    2.00 v input external delay
                  0.01    0.00    2.00 v ui_in[1] (in)
     1    0.00                           ui_in[1] (net)
                  0.01    0.00    2.00 v _1172_/D (sky130_fd_sc_hd__dfrtp_2)
                                  2.00   data arrival time

                  0.15   10.00   10.00   clock clk (rise edge)
                          0.00   10.00   clock network delay (ideal)
                         -0.25    9.75   clock uncertainty
                          0.00    9.75   clock reconvergence pessimism
                                  9.75 ^ _1172_/CLK (sky130_fd_sc_hd__dfrtp_2)
                         -0.07    9.68   library setup time
                                  9.68   data required time
-----------------------------------------------------------------------------
                                  9.68   data required time
                                 -2.00   data arrival time
-----------------------------------------------------------------------------
                                  7.67   slack (MET)


Startpoint: ui_in[3] (input port clocked by clk)
Endpoint: _1176_ (rising edge-triggered flip-flop clocked by clk)
Path Group: clk
Path Type: max

Fanout     Cap    Slew   Delay    Time   Description
-----------------------------------------------------------------------------
                  0.15    0.00    0.00   clock clk (rise edge)
                          0.00    0.00   clock network delay (ideal)
                          2.00    2.00 v input external delay
                  0.01    0.00    2.00 v ui_in[3] (in)
     1    0.00                           ui_in[3] (net)
                  0.01    0.00    2.00 v _1176_/D (sky130_fd_sc_hd__dfrtp_2)
                                  2.00   data arrival time

                  0.15   10.00   10.00   clock clk (rise edge)
                          0.00   10.00   clock network delay (ideal)
                         -0.25    9.75   clock uncertainty
                          0.00    9.75   clock reconvergence pessimism
                                  9.75 ^ _1176_/CLK (sky130_fd_sc_hd__dfrtp_2)
                         -0.07    9.68   library setup time
                                  9.68   data required time
-----------------------------------------------------------------------------
                                  9.68   data required time
                                 -2.00   data arrival time
-----------------------------------------------------------------------------
                                  7.67   slack (MET)


Startpoint: ui_in[0] (input port clocked by clk)
Endpoint: _1180_ (rising edge-triggered flip-flop clocked by clk)
Path Group: clk
Path Type: max

Fanout     Cap    Slew   Delay    Time   Description
-----------------------------------------------------------------------------
                  0.15    0.00    0.00   clock clk (rise edge)
                          0.00    0.00   clock network delay (ideal)
                          2.00    2.00 v input external delay
                  0.01    0.00    2.00 v ui_in[0] (in)
     1    0.00                           ui_in[0] (net)
                  0.01    0.00    2.00 v _1180_/D (sky130_fd_sc_hd__dfrtp_2)
                                  2.00   data arrival time

                  0.15   10.00   10.00   clock clk (rise edge)
                          0.00   10.00   clock network delay (ideal)
                         -0.25    9.75   clock uncertainty
                          0.00    9.75   clock reconvergence pessimism
                                  9.75 ^ _1180_/CLK (sky130_fd_sc_hd__dfrtp_2)
                         -0.07    9.68   library setup time
                                  9.68   data required time
-----------------------------------------------------------------------------
                                  9.68   data required time
                                 -2.00   data arrival time
-----------------------------------------------------------------------------
                                  7.67   slack (MET)


Startpoint: _1101_ (rising edge-triggered flip-flop clocked by clk)
Endpoint: _1102_ (rising edge-triggered flip-flop clocked by clk)
Path Group: clk
Path Type: max

Fanout     Cap    Slew   Delay    Time   Description
-----------------------------------------------------------------------------
                  0.15    0.00    0.00   clock clk (rise edge)
                          0.00    0.00   clock network delay (ideal)
                  0.15    0.00    0.00 ^ _1101_/CLK (sky130_fd_sc_hd__dfrtp_2)
                  0.07    0.48    0.48 v _1101_/Q (sky130_fd_sc_hd__dfrtp_2)
     5    0.01                           spi_lockout_timer[0] (net)
                  0.07    0.00    0.48 v _0681_/A (sky130_fd_sc_hd__or3_2)
                  0.10    0.53    1.01 v _0681_/X (sky130_fd_sc_hd__or3_2)
     4    0.01                           _0268_ (net)
                  0.10    0.00    1.01 v _0683_/C (sky130_fd_sc_hd__nor4_2)
                  0.40    0.39    1.41 ^ _0683_/Y (sky130_fd_sc_hd__nor4_2)
     4    0.01                           _0270_ (net)
                  0.40    0.00    1.41 ^ _0694_/A1 (sky130_fd_sc_hd__a41o_2)
                  0.14    0.36    1.76 ^ _0694_/X (sky130_fd_sc_hd__a41o_2)
     8    0.02                           _0280_ (net)
                  0.14    0.00    1.76 ^ _0695_/B (sky130_fd_sc_hd__nor2_2)
                  0.05    0.07    1.83 v _0695_/Y (sky130_fd_sc_hd__nor2_2)
     2    0.01                           _0281_ (net)
                  0.05    0.00    1.83 v _0696_/A2 (sky130_fd_sc_hd__o21ai_2)
                  0.10    0.12    1.95 ^ _0696_/Y (sky130_fd_sc_hd__o21ai_2)
     1    0.00                           _0282_ (net)
                  0.10    0.00    1.95 ^ _0697_/B1 (sky130_fd_sc_hd__a21oi_2)
                  0.04    0.04    1.99 v _0697_/Y (sky130_fd_sc_hd__a21oi_2)
     1    0.00                           _0011_ (net)
                  0.04    0.00    1.99 v _1102_/D (sky130_fd_sc_hd__dfrtp_2)
                                  1.99   data arrival time

                  0.15   10.00   10.00   clock clk (rise edge)
                          0.00   10.00   clock network delay (ideal)
                         -0.25    9.75   clock uncertainty
                          0.00    9.75   clock reconvergence pessimism
                                  9.75 ^ _1102_/CLK (sky130_fd_sc_hd__dfrtp_2)
                         -0.09    9.66   library setup time
                                  9.66   data required time
-----------------------------------------------------------------------------
                                  9.66   data required time
                                 -1.99   data arrival time
-----------------------------------------------------------------------------
                                  7.68   slack (MET)


Startpoint: _1101_ (rising edge-triggered flip-flop clocked by clk)
Endpoint: _1108_ (rising edge-triggered flip-flop clocked by clk)
Path Group: clk
Path Type: max

Fanout     Cap    Slew   Delay    Time   Description
-----------------------------------------------------------------------------
                  0.15    0.00    0.00   clock clk (rise edge)
                          0.00    0.00   clock network delay (ideal)
                  0.15    0.00    0.00 ^ _1101_/CLK (sky130_fd_sc_hd__dfrtp_2)
                  0.07    0.48    0.48 v _1101_/Q (sky130_fd_sc_hd__dfrtp_2)
     5    0.01                           spi_lockout_timer[0] (net)
                  0.07    0.00    0.48 v _0681_/A (sky130_fd_sc_hd__or3_2)
                  0.10    0.53    1.01 v _0681_/X (sky130_fd_sc_hd__or3_2)
     4    0.01                           _0268_ (net)
                  0.10    0.00    1.01 v _0683_/C (sky130_fd_sc_hd__nor4_2)
                  0.40    0.39    1.41 ^ _0683_/Y (sky130_fd_sc_hd__nor4_2)
     4    0.01                           _0270_ (net)
                  0.40    0.00    1.41 ^ _0687_/A (sky130_fd_sc_hd__and4_2)
                  0.10    0.36    1.76 ^ _0687_/X (sky130_fd_sc_hd__and4_2)
     3    0.01                           _0274_ (net)
                  0.10    0.00    1.76 ^ _0707_/A2 (sky130_fd_sc_hd__a21o_2)
                  0.09    0.18    1.94 ^ _0707_/X (sky130_fd_sc_hd__a21o_2)
     3    0.01                           _0290_ (net)
                  0.09    0.00    1.94 ^ _0717_/B1 (sky130_fd_sc_hd__a21oi_2)
                  0.04    0.03    1.97 v _0717_/Y (sky130_fd_sc_hd__a21oi_2)
     1    0.00                           _0017_ (net)
                  0.04    0.00    1.97 v _1108_/D (sky130_fd_sc_hd__dfrtp_2)
                                  1.97   data arrival time

                  0.15   10.00   10.00   clock clk (rise edge)
                          0.00   10.00   clock network delay (ideal)
                         -0.25    9.75   clock uncertainty
                          0.00    9.75   clock reconvergence pessimism
                                  9.75 ^ _1108_/CLK (sky130_fd_sc_hd__dfrtp_2)
                         -0.09    9.66   library setup time
                                  9.66   data required time
-----------------------------------------------------------------------------
                                  9.66   data required time
                                 -1.97   data arrival time
-----------------------------------------------------------------------------
                                  7.68   slack (MET)


Startpoint: _1101_ (rising edge-triggered flip-flop clocked by clk)
Endpoint: _1105_ (rising edge-triggered flip-flop clocked by clk)
Path Group: clk
Path Type: max

Fanout     Cap    Slew   Delay    Time   Description
-----------------------------------------------------------------------------
                  0.15    0.00    0.00   clock clk (rise edge)
                          0.00    0.00   clock network delay (ideal)
                  0.15    0.00    0.00 ^ _1101_/CLK (sky130_fd_sc_hd__dfrtp_2)
                  0.07    0.48    0.48 v _1101_/Q (sky130_fd_sc_hd__dfrtp_2)
     5    0.01                           spi_lockout_timer[0] (net)
                  0.07    0.00    0.48 v _0681_/A (sky130_fd_sc_hd__or3_2)
                  0.10    0.53    1.01 v _0681_/X (sky130_fd_sc_hd__or3_2)
     4    0.01                           _0268_ (net)
                  0.10    0.00    1.01 v _0683_/C (sky130_fd_sc_hd__nor4_2)
                  0.40    0.39    1.41 ^ _0683_/Y (sky130_fd_sc_hd__nor4_2)
     4    0.01                           _0270_ (net)
                  0.40    0.00    1.41 ^ _0687_/A (sky130_fd_sc_hd__and4_2)
                  0.10    0.36    1.76 ^ _0687_/X (sky130_fd_sc_hd__and4_2)
     3    0.01                           _0274_ (net)
                  0.10    0.00    1.76 ^ _0707_/A2 (sky130_fd_sc_hd__a21o_2)
                  0.09    0.18    1.94 ^ _0707_/X (sky130_fd_sc_hd__a21o_2)
     3    0.01                           _0290_ (net)
                  0.09    0.00    1.94 ^ _0708_/B1 (sky130_fd_sc_hd__a21oi_2)
                  0.04    0.03    1.97 v _0708_/Y (sky130_fd_sc_hd__a21oi_2)
     1    0.00                           _0014_ (net)
                  0.04    0.00    1.97 v _1105_/D (sky130_fd_sc_hd__dfrtp_2)
                                  1.97   data arrival time

                  0.15   10.00   10.00   clock clk (rise edge)
                          0.00   10.00   clock network delay (ideal)
                         -0.25    9.75   clock uncertainty
                          0.00    9.75   clock reconvergence pessimism
                                  9.75 ^ _1105_/CLK (sky130_fd_sc_hd__dfrtp_2)
                         -0.09    9.66   library setup time
                                  9.66   data required time
-----------------------------------------------------------------------------
                                  9.66   data required time
                                 -1.97   data arrival time
-----------------------------------------------------------------------------
                                  7.69   slack (MET)


Startpoint: _1101_ (rising edge-triggered flip-flop clocked by clk)
Endpoint: _1107_ (rising edge-triggered flip-flop clocked by clk)
Path Group: clk
Path Type: max

Fanout     Cap    Slew   Delay    Time   Description
-----------------------------------------------------------------------------
                  0.15    0.00    0.00   clock clk (rise edge)
                          0.00    0.00   clock network delay (ideal)
                  0.15    0.00    0.00 ^ _1101_/CLK (sky130_fd_sc_hd__dfrtp_2)
                  0.07    0.48    0.48 v _1101_/Q (sky130_fd_sc_hd__dfrtp_2)
     5    0.01                           spi_lockout_timer[0] (net)
                  0.07    0.00    0.48 v _0681_/A (sky130_fd_sc_hd__or3_2)
                  0.10    0.53    1.01 v _0681_/X (sky130_fd_sc_hd__or3_2)
     4    0.01                           _0268_ (net)
                  0.10    0.00    1.01 v _0683_/C (sky130_fd_sc_hd__nor4_2)
                  0.40    0.39    1.41 ^ _0683_/Y (sky130_fd_sc_hd__nor4_2)
     4    0.01                           _0270_ (net)
                  0.40    0.00    1.41 ^ _0694_/A1 (sky130_fd_sc_hd__a41o_2)
                  0.14    0.36    1.76 ^ _0694_/X (sky130_fd_sc_hd__a41o_2)
     8    0.02                           _0280_ (net)
                  0.14    0.00    1.76 ^ _0713_/A3 (sky130_fd_sc_hd__o311a_2)
                  0.05    0.18    1.95 ^ _0713_/X (sky130_fd_sc_hd__o311a_2)
     1    0.00                           _0294_ (net)
                  0.05    0.00    1.95 ^ _0714_/A (sky130_fd_sc_hd__inv_2)
                  0.01    0.03    1.97 v _0714_/Y (sky130_fd_sc_hd__inv_2)
     1    0.00                           _0016_ (net)
                  0.01    0.00    1.97 v _1107_/D (sky130_fd_sc_hd__dfrtp_2)
                                  1.97   data arrival time

                  0.15   10.00   10.00   clock clk (rise edge)
                          0.00   10.00   clock network delay (ideal)
                         -0.25    9.75   clock uncertainty
                          0.00    9.75   clock reconvergence pessimism
                                  9.75 ^ _1107_/CLK (sky130_fd_sc_hd__dfrtp_2)
                         -0.08    9.67   library setup time
                                  9.67   data required time
-----------------------------------------------------------------------------
                                  9.67   data required time
                                 -1.97   data arrival time
-----------------------------------------------------------------------------
                                  7.70   slack (MET)


Startpoint: ui_in[2] (input port clocked by clk)
Endpoint: _1174_ (rising edge-triggered flip-flop clocked by clk)
Path Group: clk
Path Type: max

Fanout     Cap    Slew   Delay    Time   Description
-----------------------------------------------------------------------------
                  0.15    0.00    0.00   clock clk (rise edge)
                          0.00    0.00   clock network delay (ideal)
                          2.00    2.00 ^ input external delay
                  0.02    0.01    2.01 ^ ui_in[2] (in)
     1    0.00                           ui_in[2] (net)
                  0.02    0.00    2.01 ^ _1174_/D (sky130_fd_sc_hd__dfstp_2)
                                  2.01   data arrival time

                  0.15   10.00   10.00   clock clk (rise edge)
                          0.00   10.00   clock network delay (ideal)
                         -0.25    9.75   clock uncertainty
                          0.00    9.75   clock reconvergence pessimism
                                  9.75 ^ _1174_/CLK (sky130_fd_sc_hd__dfstp_2)
                         -0.03    9.72   library setup time
                                  9.72   data required time
-----------------------------------------------------------------------------
                                  9.72   data required time
                                 -2.01   data arrival time
-----------------------------------------------------------------------------
                                  7.71   slack (MET)


Startpoint: _1094_ (rising edge-triggered flip-flop clocked by clk)
Endpoint: _1097_ (rising edge-triggered flip-flop clocked by clk)
Path Group: clk
Path Type: max

Fanout     Cap    Slew   Delay    Time   Description
-----------------------------------------------------------------------------
                  0.15    0.00    0.00   clock clk (rise edge)
                          0.00    0.00   clock network delay (ideal)
                  0.15    0.00    0.00 ^ _1094_/CLK (sky130_fd_sc_hd__dfrtp_2)
                  0.07    0.48    0.48 v _1094_/Q (sky130_fd_sc_hd__dfrtp_2)
     3    0.01                           last_spi_seq[7] (net)
                  0.07    0.00    0.48 v _0506_/A (sky130_fd_sc_hd__xor2_2)
                  0.04    0.17    0.65 v _0506_/X (sky130_fd_sc_hd__xor2_2)
     1    0.00                           _0131_ (net)
                  0.04    0.00    0.65 v _0511_/A (sky130_fd_sc_hd__or3_2)
                  0.08    0.49    1.14 v _0511_/X (sky130_fd_sc_hd__or3_2)
     2    0.00                           _0136_ (net)
                  0.08    0.00    1.14 v _0901_/B (sky130_fd_sc_hd__or4_2)
                  0.10    0.67    1.81 v _0901_/X (sky130_fd_sc_hd__or4_2)
     1    0.00                           _0424_ (net)
                  0.10    0.00    1.81 v _0902_/B1 (sky130_fd_sc_hd__o21a_2)
                  0.03    0.14    1.95 v _0902_/X (sky130_fd_sc_hd__o21a_2)
     1    0.00                           _0075_ (net)
                  0.03    0.00    1.95 v _1097_/D (sky130_fd_sc_hd__dfrtp_2)
                                  1.95   data arrival time

                  0.15   10.00   10.00   clock clk (rise edge)
                          0.00   10.00   clock network delay (ideal)
                         -0.25    9.75   clock uncertainty
                          0.00    9.75   clock reconvergence pessimism
                                  9.75 ^ _1097_/CLK (sky130_fd_sc_hd__dfrtp_2)
                         -0.09    9.66   library setup time
                                  9.66   data required time
-----------------------------------------------------------------------------
                                  9.66   data required time
                                 -1.95   data arrival time
-----------------------------------------------------------------------------
                                  7.72   slack (MET)


Startpoint: _1175_ (rising edge-triggered flip-flop clocked by clk)
Endpoint: _1123_ (rising edge-triggered flip-flop clocked by clk)
Path Group: clk
Path Type: max

Fanout     Cap    Slew   Delay    Time   Description
-----------------------------------------------------------------------------
                  0.15    0.00    0.00   clock clk (rise edge)
                          0.00    0.00   clock network delay (ideal)
                  0.15    0.00    0.00 ^ _1175_/CLK (sky130_fd_sc_hd__dfstp_2)
                  0.06    0.45    0.45 v _1175_/Q (sky130_fd_sc_hd__dfstp_2)
     6    0.02                           spi_cs_s2 (net)
                  0.06    0.00    0.45 v _0745_/A (sky130_fd_sc_hd__nor4b_2)
                  0.76    0.73    1.18 ^ _0745_/Y (sky130_fd_sc_hd__nor4b_2)
    11    0.03                           _0315_ (net)
                  0.76    0.00    1.18 ^ _0746_/C (sky130_fd_sc_hd__and3_2)
                  0.11    0.36    1.54 ^ _0746_/X (sky130_fd_sc_hd__and3_2)
     5    0.01                           _0316_ (net)
                  0.11    0.00    1.54 ^ _0916_/B (sky130_fd_sc_hd__and2_2)
                  0.09    0.20    1.74 ^ _0916_/X (sky130_fd_sc_hd__and2_2)
     5    0.01                           _0432_ (net)
                  0.09    0.00    1.74 ^ _0917_/B (sky130_fd_sc_hd__nor2_2)
                  0.06    0.07    1.81 v _0917_/Y (sky130_fd_sc_hd__nor2_2)
     6    0.02                           _0433_ (net)
                  0.06    0.00    1.81 v _0918_/B1 (sky130_fd_sc_hd__o21a_2)
                  0.03    0.12    1.93 v _0918_/X (sky130_fd_sc_hd__o21a_2)
     1    0.00                           _0082_ (net)
                  0.03    0.00    1.93 v _1123_/D (sky130_fd_sc_hd__dfrtp_2)
                                  1.93   data arrival time

                  0.15   10.00   10.00   clock clk (rise edge)
                          0.00   10.00   clock network delay (ideal)
                         -0.25    9.75   clock uncertainty
                          0.00    9.75   clock reconvergence pessimism
                                  9.75 ^ _1123_/CLK (sky130_fd_sc_hd__dfrtp_2)
                         -0.09    9.66   library setup time
                                  9.66   data required time
-----------------------------------------------------------------------------
                                  9.66   data required time
                                 -1.93   data arrival time
-----------------------------------------------------------------------------
                                  7.73   slack (MET)


Startpoint: _1094_ (rising edge-triggered flip-flop clocked by clk)
Endpoint: _1098_ (rising edge-triggered flip-flop clocked by clk)
Path Group: clk
Path Type: max

Fanout     Cap    Slew   Delay    Time   Description
-----------------------------------------------------------------------------
                  0.15    0.00    0.00   clock clk (rise edge)
                          0.00    0.00   clock network delay (ideal)
                  0.15    0.00    0.00 ^ _1094_/CLK (sky130_fd_sc_hd__dfrtp_2)
                  0.07    0.48    0.48 v _1094_/Q (sky130_fd_sc_hd__dfrtp_2)
     3    0.01                           last_spi_seq[7] (net)
                  0.07    0.00    0.48 v _0506_/A (sky130_fd_sc_hd__xor2_2)
                  0.04    0.17    0.65 v _0506_/X (sky130_fd_sc_hd__xor2_2)
     1    0.00                           _0131_ (net)
                  0.04    0.00    0.65 v _0511_/A (sky130_fd_sc_hd__or3_2)
                  0.08    0.49    1.14 v _0511_/X (sky130_fd_sc_hd__or3_2)
     2    0.00                           _0136_ (net)
                  0.08    0.00    1.14 v _0528_/A1 (sky130_fd_sc_hd__o31a_2)
                  0.07    0.39    1.54 v _0528_/X (sky130_fd_sc_hd__o31a_2)
     4    0.01                           _0153_ (net)
                  0.07    0.00    1.54 v _0529_/A (sky130_fd_sc_hd__buf_1)
                  0.24    0.28    1.81 v _0529_/X (sky130_fd_sc_hd__buf_1)
    16    0.04                           _0002_ (net)
                  0.24    0.00    1.81 v _1098_/D (sky130_fd_sc_hd__dfrtp_2)
                                  1.81   data arrival time

                  0.15   10.00   10.00   clock clk (rise edge)
                          0.00   10.00   clock network delay (ideal)
                         -0.25    9.75   clock uncertainty
                          0.00    9.75   clock reconvergence pessimism
                                  9.75 ^ _1098_/CLK (sky130_fd_sc_hd__dfrtp_2)
                         -0.18    9.57   library setup time
                                  9.57   data required time
-----------------------------------------------------------------------------
                                  9.57   data required time
                                 -1.81   data arrival time
-----------------------------------------------------------------------------
                                  7.76   slack (MET)


Startpoint: _1101_ (rising edge-triggered flip-flop clocked by clk)
Endpoint: _1100_ (rising edge-triggered flip-flop clocked by clk)
Path Group: clk
Path Type: max

Fanout     Cap    Slew   Delay    Time   Description
-----------------------------------------------------------------------------
                  0.15    0.00    0.00   clock clk (rise edge)
                          0.00    0.00   clock network delay (ideal)
                  0.15    0.00    0.00 ^ _1101_/CLK (sky130_fd_sc_hd__dfrtp_2)
                  0.07    0.48    0.48 v _1101_/Q (sky130_fd_sc_hd__dfrtp_2)
     5    0.01                           spi_lockout_timer[0] (net)
                  0.07    0.00    0.48 v _0681_/A (sky130_fd_sc_hd__or3_2)
                  0.10    0.53    1.01 v _0681_/X (sky130_fd_sc_hd__or3_2)
     4    0.01                           _0268_ (net)
                  0.10    0.00    1.01 v _0683_/C (sky130_fd_sc_hd__nor4_2)
                  0.40    0.39    1.41 ^ _0683_/Y (sky130_fd_sc_hd__nor4_2)
     4    0.01                           _0270_ (net)
                  0.40    0.00    1.41 ^ _0694_/A1 (sky130_fd_sc_hd__a41o_2)
                  0.14    0.36    1.76 ^ _0694_/X (sky130_fd_sc_hd__a41o_2)
     8    0.02                           _0280_ (net)
                  0.14    0.00    1.76 ^ _0744_/B (sky130_fd_sc_hd__nand2_2)
                  0.06    0.06    1.82 v _0744_/Y (sky130_fd_sc_hd__nand2_2)
     1    0.00                           _0003_ (net)
                  0.06    0.00    1.82 v _1100_/D (sky130_fd_sc_hd__dfrtp_2)
                                  1.82   data arrival time

                  0.15   10.00   10.00   clock clk (rise edge)
                          0.00   10.00   clock network delay (ideal)
                         -0.25    9.75   clock uncertainty
                          0.00    9.75   clock reconvergence pessimism
                                  9.75 ^ _1100_/CLK (sky130_fd_sc_hd__dfrtp_2)
                         -0.10    9.65   library setup time
                                  9.65   data required time
-----------------------------------------------------------------------------
                                  9.65   data required time
                                 -1.82   data arrival time
-----------------------------------------------------------------------------
                                  7.83   slack (MET)


Startpoint: _1049_ (rising edge-triggered flip-flop clocked by clk)
Endpoint: _1048_ (rising edge-triggered flip-flop clocked by clk)
Path Group: clk
Path Type: max

Fanout     Cap    Slew   Delay    Time   Description
-----------------------------------------------------------------------------
                  0.15    0.00    0.00   clock clk (rise edge)
                          0.00    0.00   clock network delay (ideal)
                  0.15    0.00    0.00 ^ _1049_/CLK (sky130_fd_sc_hd__dfrtp_2)
                  0.05    0.45    0.45 v _1049_/Q (sky130_fd_sc_hd__dfrtp_2)
     2    0.01                           pulse_count[1] (net)
                  0.05    0.00    0.45 v _0574_/A (sky130_fd_sc_hd__or2_2)
                  0.09    0.36    0.81 v _0574_/X (sky130_fd_sc_hd__or2_2)
     4    0.02                           _0191_ (net)
                  0.09    0.00    0.81 v _0575_/C (sky130_fd_sc_hd__or3_2)
                  0.10    0.47    1.28 v _0575_/X (sky130_fd_sc_hd__or3_2)
     3    0.01                           _0192_ (net)
                  0.10    0.00    1.28 v _0767_/A1 (sky130_fd_sc_hd__o21a_2)
                  0.04    0.25    1.53 v _0767_/X (sky130_fd_sc_hd__o21a_2)
     4    0.01                           _0330_ (net)
                  0.04    0.00    1.53 v _0768_/C (sky130_fd_sc_hd__and3b_2)
                  0.04    0.21    1.74 v _0768_/X (sky130_fd_sc_hd__and3b_2)
     1    0.00                           _0331_ (net)
                  0.04    0.00    1.74 v _0769_/A (sky130_fd_sc_hd__buf_1)
                  0.02    0.08    1.82 v _0769_/X (sky130_fd_sc_hd__buf_1)
     1    0.00                           _0035_ (net)
                  0.02    0.00    1.82 v _1048_/D (sky130_fd_sc_hd__dfrtp_2)
                                  1.82   data arrival time

                  0.15   10.00   10.00   clock clk (rise edge)
                          0.00   10.00   clock network delay (ideal)
                         -0.25    9.75   clock uncertainty
                          0.00    9.75   clock reconvergence pessimism
                                  9.75 ^ _1048_/CLK (sky130_fd_sc_hd__dfrtp_2)
                         -0.08    9.67   library setup time
                                  9.67   data required time
-----------------------------------------------------------------------------
                                  9.67   data required time
                                 -1.82   data arrival time
-----------------------------------------------------------------------------
                                  7.85   slack (MET)


Startpoint: _1049_ (rising edge-triggered flip-flop clocked by clk)
Endpoint: _1049_ (rising edge-triggered flip-flop clocked by clk)
Path Group: clk
Path Type: max

Fanout     Cap    Slew   Delay    Time   Description
-----------------------------------------------------------------------------
                  0.15    0.00    0.00   clock clk (rise edge)
                          0.00    0.00   clock network delay (ideal)
                  0.15    0.00    0.00 ^ _1049_/CLK (sky130_fd_sc_hd__dfrtp_2)
                  0.05    0.45    0.45 v _1049_/Q (sky130_fd_sc_hd__dfrtp_2)
     2    0.01                           pulse_count[1] (net)
                  0.05    0.00    0.45 v _0574_/A (sky130_fd_sc_hd__or2_2)
                  0.09    0.36    0.81 v _0574_/X (sky130_fd_sc_hd__or2_2)
     4    0.02                           _0191_ (net)
                  0.09    0.00    0.81 v _0575_/C (sky130_fd_sc_hd__or3_2)
                  0.10    0.47    1.28 v _0575_/X (sky130_fd_sc_hd__or3_2)
     3    0.01                           _0192_ (net)
                  0.10    0.00    1.28 v _0767_/A1 (sky130_fd_sc_hd__o21a_2)
                  0.04    0.25    1.53 v _0767_/X (sky130_fd_sc_hd__o21a_2)
     4    0.01                           _0330_ (net)
                  0.04    0.00    1.53 v _0772_/B (sky130_fd_sc_hd__and3_2)
                  0.04    0.19    1.72 v _0772_/X (sky130_fd_sc_hd__and3_2)
     1    0.00                           _0334_ (net)
                  0.04    0.00    1.72 v _0773_/A (sky130_fd_sc_hd__buf_1)
                  0.02    0.08    1.80 v _0773_/X (sky130_fd_sc_hd__buf_1)
     1    0.00                           _0036_ (net)
                  0.02    0.00    1.80 v _1049_/D (sky130_fd_sc_hd__dfrtp_2)
                                  1.80   data arrival time

                  0.15   10.00   10.00   clock clk (rise edge)
                          0.00   10.00   clock network delay (ideal)
                         -0.25    9.75   clock uncertainty
                          0.00    9.75   clock reconvergence pessimism
                                  9.75 ^ _1049_/CLK (sky130_fd_sc_hd__dfrtp_2)
                         -0.08    9.67   library setup time
                                  9.67   data required time
-----------------------------------------------------------------------------
                                  9.67   data required time
                                 -1.80   data arrival time
-----------------------------------------------------------------------------
                                  7.87   slack (MET)


Startpoint: _1049_ (rising edge-triggered flip-flop clocked by clk)
Endpoint: _1050_ (rising edge-triggered flip-flop clocked by clk)
Path Group: clk
Path Type: max

Fanout     Cap    Slew   Delay    Time   Description
-----------------------------------------------------------------------------
                  0.15    0.00    0.00   clock clk (rise edge)
                          0.00    0.00   clock network delay (ideal)
                  0.15    0.00    0.00 ^ _1049_/CLK (sky130_fd_sc_hd__dfrtp_2)
                  0.05    0.45    0.45 v _1049_/Q (sky130_fd_sc_hd__dfrtp_2)
     2    0.01                           pulse_count[1] (net)
                  0.05    0.00    0.45 v _0574_/A (sky130_fd_sc_hd__or2_2)
                  0.09    0.36    0.81 v _0574_/X (sky130_fd_sc_hd__or2_2)
     4    0.02                           _0191_ (net)
                  0.09    0.00    0.81 v _0575_/C (sky130_fd_sc_hd__or3_2)
                  0.10    0.47    1.28 v _0575_/X (sky130_fd_sc_hd__or3_2)
     3    0.01                           _0192_ (net)
                  0.10    0.00    1.28 v _0767_/A1 (sky130_fd_sc_hd__o21a_2)
                  0.04    0.25    1.53 v _0767_/X (sky130_fd_sc_hd__o21a_2)
     4    0.01                           _0330_ (net)
                  0.04    0.00    1.53 v _0775_/B (sky130_fd_sc_hd__and3_2)
                  0.04    0.19    1.72 v _0775_/X (sky130_fd_sc_hd__and3_2)
     1    0.00                           _0336_ (net)
                  0.04    0.00    1.72 v _0776_/A (sky130_fd_sc_hd__buf_1)
                  0.02    0.08    1.80 v _0776_/X (sky130_fd_sc_hd__buf_1)
     1    0.00                           _0037_ (net)
                  0.02    0.00    1.80 v _1050_/D (sky130_fd_sc_hd__dfrtp_2)
                                  1.80   data arrival time

                  0.15   10.00   10.00   clock clk (rise edge)
                          0.00   10.00   clock network delay (ideal)
                         -0.25    9.75   clock uncertainty
                          0.00    9.75   clock reconvergence pessimism
                                  9.75 ^ _1050_/CLK (sky130_fd_sc_hd__dfrtp_2)
                         -0.08    9.67   library setup time
                                  9.67   data required time
-----------------------------------------------------------------------------
                                  9.67   data required time
                                 -1.80   data arrival time
-----------------------------------------------------------------------------
                                  7.87   slack (MET)


Startpoint: _1100_ (rising edge-triggered flip-flop clocked by clk)
Endpoint: _1120_ (rising edge-triggered flip-flop clocked by clk)
Path Group: clk
Path Type: max

Fanout     Cap    Slew   Delay    Time   Description
-----------------------------------------------------------------------------
                  0.15    0.00    0.00   clock clk (rise edge)
                          0.00    0.00   clock network delay (ideal)
                  0.15    0.00    0.00 ^ _1100_/CLK (sky130_fd_sc_hd__dfrtp_2)
                  0.08    0.50    0.50 v _1100_/Q (sky130_fd_sc_hd__dfrtp_2)
     6    0.02                           spi_lockout_active (net)
                  0.08    0.00    0.50 v _0524_/A (sky130_fd_sc_hd__inv_2)
                  0.20    0.19    0.69 ^ _0524_/Y (sky130_fd_sc_hd__inv_2)
    13    0.04                           _0149_ (net)
                  0.20    0.00    0.69 ^ _0690_/A (sky130_fd_sc_hd__nand2_2)
                  0.09    0.11    0.80 v _0690_/Y (sky130_fd_sc_hd__nand2_2)
     5    0.01                           _0277_ (net)
                  0.09    0.00    0.80 v _0702_/C (sky130_fd_sc_hd__nor4b_2)
                  0.79    0.70    1.51 ^ _0702_/Y (sky130_fd_sc_hd__nor4b_2)
     8    0.03                           _0286_ (net)
                  0.79    0.00    1.51 ^ _0908_/B (sky130_fd_sc_hd__or2_2)
                  0.05    0.23    1.74 ^ _0908_/X (sky130_fd_sc_hd__or2_2)
     1    0.00                           _0427_ (net)
                  0.05    0.00    1.74 ^ _0909_/A (sky130_fd_sc_hd__buf_1)
                  0.04    0.08    1.82 ^ _0909_/X (sky130_fd_sc_hd__buf_1)
     1    0.00                           _0079_ (net)
                  0.04    0.00    1.82 ^ _1120_/D (sky130_fd_sc_hd__dfrtp_2)
                                  1.82   data arrival time

                  0.15   10.00   10.00   clock clk (rise edge)
                          0.00   10.00   clock network delay (ideal)
                         -0.25    9.75   clock uncertainty
                          0.00    9.75   clock reconvergence pessimism
                                  9.75 ^ _1120_/CLK (sky130_fd_sc_hd__dfrtp_2)
                         -0.05    9.70   library setup time
                                  9.70   data required time
-----------------------------------------------------------------------------
                                  9.70   data required time
                                 -1.82   data arrival time
-----------------------------------------------------------------------------
                                  7.89   slack (MET)


Startpoint: _1175_ (rising edge-triggered flip-flop clocked by clk)
Endpoint: _1121_ (rising edge-triggered flip-flop clocked by clk)
Path Group: clk
Path Type: max

Fanout     Cap    Slew   Delay    Time   Description
-----------------------------------------------------------------------------
                  0.15    0.00    0.00   clock clk (rise edge)
                          0.00    0.00   clock network delay (ideal)
                  0.15    0.00    0.00 ^ _1175_/CLK (sky130_fd_sc_hd__dfstp_2)
                  0.06    0.45    0.45 v _1175_/Q (sky130_fd_sc_hd__dfstp_2)
     6    0.02                           spi_cs_s2 (net)
                  0.06    0.00    0.45 v _0745_/A (sky130_fd_sc_hd__nor4b_2)
                  0.76    0.73    1.18 ^ _0745_/Y (sky130_fd_sc_hd__nor4b_2)
    11    0.03                           _0315_ (net)
                  0.76    0.00    1.18 ^ _0910_/B (sky130_fd_sc_hd__nor2_2)
                  0.18    0.18    1.36 v _0910_/Y (sky130_fd_sc_hd__nor2_2)
     9    0.02                           _0428_ (net)
                  0.18    0.00    1.36 v _0911_/A1 (sky130_fd_sc_hd__mux2_2)
                  0.05    0.32    1.68 v _0911_/X (sky130_fd_sc_hd__mux2_2)
     1    0.00                           _0429_ (net)
                  0.05    0.00    1.68 v _0912_/A (sky130_fd_sc_hd__buf_1)
                  0.02    0.09    1.77 v _0912_/X (sky130_fd_sc_hd__buf_1)
     1    0.00                           _0080_ (net)
                  0.02    0.00    1.77 v _1121_/D (sky130_fd_sc_hd__dfrtp_2)
                                  1.77   data arrival time

                  0.15   10.00   10.00   clock clk (rise edge)
                          0.00   10.00   clock network delay (ideal)
                         -0.25    9.75   clock uncertainty
                          0.00    9.75   clock reconvergence pessimism
                                  9.75 ^ _1121_/CLK (sky130_fd_sc_hd__dfrtp_2)
                         -0.08    9.67   library setup time
                                  9.67   data required time
-----------------------------------------------------------------------------
                                  9.67   data required time
                                 -1.77   data arrival time
-----------------------------------------------------------------------------
                                  7.90   slack (MET)


Startpoint: _1049_ (rising edge-triggered flip-flop clocked by clk)
Endpoint: _1051_ (rising edge-triggered flip-flop clocked by clk)
Path Group: clk
Path Type: max

Fanout     Cap    Slew   Delay    Time   Description
-----------------------------------------------------------------------------
                  0.15    0.00    0.00   clock clk (rise edge)
                          0.00    0.00   clock network delay (ideal)
                  0.15    0.00    0.00 ^ _1049_/CLK (sky130_fd_sc_hd__dfrtp_2)
                  0.05    0.45    0.45 v _1049_/Q (sky130_fd_sc_hd__dfrtp_2)
     2    0.01                           pulse_count[1] (net)
                  0.05    0.00    0.45 v _0574_/A (sky130_fd_sc_hd__or2_2)
                  0.09    0.36    0.81 v _0574_/X (sky130_fd_sc_hd__or2_2)
     4    0.02                           _0191_ (net)
                  0.09    0.00    0.81 v _0575_/C (sky130_fd_sc_hd__or3_2)
                  0.10    0.47    1.28 v _0575_/X (sky130_fd_sc_hd__or3_2)
     3    0.01                           _0192_ (net)
                  0.10    0.00    1.28 v _0767_/A1 (sky130_fd_sc_hd__o21a_2)
                  0.04    0.25    1.53 v _0767_/X (sky130_fd_sc_hd__o21a_2)
     4    0.01                           _0330_ (net)
                  0.04    0.00    1.53 v _0779_/B1 (sky130_fd_sc_hd__o31a_2)
                  0.05    0.11    1.64 v _0779_/X (sky130_fd_sc_hd__o31a_2)
     1    0.00                           _0038_ (net)
                  0.05    0.00    1.64 v _1051_/D (sky130_fd_sc_hd__dfrtp_2)
                                  1.64   data arrival time

                  0.15   10.00   10.00   clock clk (rise edge)
                          0.00   10.00   clock network delay (ideal)
                         -0.25    9.75   clock uncertainty
                          0.00    9.75   clock reconvergence pessimism
                                  9.75 ^ _1051_/CLK (sky130_fd_sc_hd__dfrtp_2)
                         -0.09    9.66   library setup time
                                  9.66   data required time
-----------------------------------------------------------------------------
                                  9.66   data required time
                                 -1.64   data arrival time
-----------------------------------------------------------------------------
                                  8.02   slack (MET)


Startpoint: _1175_ (rising edge-triggered flip-flop clocked by clk)
Endpoint: _1126_ (rising edge-triggered flip-flop clocked by clk)
Path Group: clk
Path Type: max

Fanout     Cap    Slew   Delay    Time   Description
-----------------------------------------------------------------------------
                  0.15    0.00    0.00   clock clk (rise edge)
                          0.00    0.00   clock network delay (ideal)
                  0.15    0.00    0.00 ^ _1175_/CLK (sky130_fd_sc_hd__dfstp_2)
                  0.06    0.45    0.45 v _1175_/Q (sky130_fd_sc_hd__dfstp_2)
     6    0.02                           spi_cs_s2 (net)
                  0.06    0.00    0.45 v _0745_/A (sky130_fd_sc_hd__nor4b_2)
                  0.76    0.73    1.18 ^ _0745_/Y (sky130_fd_sc_hd__nor4b_2)
    11    0.03                           _0315_ (net)
                  0.76    0.00    1.18 ^ _0910_/B (sky130_fd_sc_hd__nor2_2)
                  0.18    0.18    1.36 v _0910_/Y (sky130_fd_sc_hd__nor2_2)
     9    0.02                           _0428_ (net)
                  0.18    0.00    1.36 v _0924_/B1 (sky130_fd_sc_hd__a22o_2)
                  0.04    0.26    1.62 v _0924_/X (sky130_fd_sc_hd__a22o_2)
     1    0.00                           _0085_ (net)
                  0.04    0.00    1.62 v _1126_/D (sky130_fd_sc_hd__dfrtp_2)
                                  1.62   data arrival time

                  0.15   10.00   10.00   clock clk (rise edge)
                          0.00   10.00   clock network delay (ideal)
                         -0.25    9.75   clock uncertainty
                          0.00    9.75   clock reconvergence pessimism
                                  9.75 ^ _1126_/CLK (sky130_fd_sc_hd__dfrtp_2)
                         -0.09    9.66   library setup time
                                  9.66   data required time
-----------------------------------------------------------------------------
                                  9.66   data required time
                                 -1.62   data arrival time
-----------------------------------------------------------------------------
                                  8.04   slack (MET)


Startpoint: _1175_ (rising edge-triggered flip-flop clocked by clk)
Endpoint: _1127_ (rising edge-triggered flip-flop clocked by clk)
Path Group: clk
Path Type: max

Fanout     Cap    Slew   Delay    Time   Description
-----------------------------------------------------------------------------
                  0.15    0.00    0.00   clock clk (rise edge)
                          0.00    0.00   clock network delay (ideal)
                  0.15    0.00    0.00 ^ _1175_/CLK (sky130_fd_sc_hd__dfstp_2)
                  0.06    0.45    0.45 v _1175_/Q (sky130_fd_sc_hd__dfstp_2)
     6    0.02                           spi_cs_s2 (net)
                  0.06    0.00    0.45 v _0745_/A (sky130_fd_sc_hd__nor4b_2)
                  0.76    0.73    1.18 ^ _0745_/Y (sky130_fd_sc_hd__nor4b_2)
    11    0.03                           _0315_ (net)
                  0.76    0.00    1.18 ^ _0910_/B (sky130_fd_sc_hd__nor2_2)
                  0.18    0.18    1.36 v _0910_/Y (sky130_fd_sc_hd__nor2_2)
     9    0.02                           _0428_ (net)
                  0.18    0.00    1.36 v _0925_/B1 (sky130_fd_sc_hd__a22o_2)
                  0.04    0.26    1.62 v _0925_/X (sky130_fd_sc_hd__a22o_2)
     1    0.00                           _0086_ (net)
                  0.04    0.00    1.62 v _1127_/D (sky130_fd_sc_hd__dfrtp_2)
                                  1.62   data arrival time

                  0.15   10.00   10.00   clock clk (rise edge)
                          0.00   10.00   clock network delay (ideal)
                         -0.25    9.75   clock uncertainty
                          0.00    9.75   clock reconvergence pessimism
                                  9.75 ^ _1127_/CLK (sky130_fd_sc_hd__dfrtp_2)
                         -0.09    9.66   library setup time
                                  9.66   data required time
-----------------------------------------------------------------------------
                                  9.66   data required time
                                 -1.62   data arrival time
-----------------------------------------------------------------------------
                                  8.04   slack (MET)


Startpoint: _1175_ (rising edge-triggered flip-flop clocked by clk)
Endpoint: _1128_ (rising edge-triggered flip-flop clocked by clk)
Path Group: clk
Path Type: max

Fanout     Cap    Slew   Delay    Time   Description
-----------------------------------------------------------------------------
                  0.15    0.00    0.00   clock clk (rise edge)
                          0.00    0.00   clock network delay (ideal)
                  0.15    0.00    0.00 ^ _1175_/CLK (sky130_fd_sc_hd__dfstp_2)
                  0.06    0.45    0.45 v _1175_/Q (sky130_fd_sc_hd__dfstp_2)
     6    0.02                           spi_cs_s2 (net)
                  0.06    0.00    0.45 v _0745_/A (sky130_fd_sc_hd__nor4b_2)
                  0.76    0.73    1.18 ^ _0745_/Y (sky130_fd_sc_hd__nor4b_2)
    11    0.03                           _0315_ (net)
                  0.76    0.00    1.18 ^ _0910_/B (sky130_fd_sc_hd__nor2_2)
                  0.18    0.18    1.36 v _0910_/Y (sky130_fd_sc_hd__nor2_2)
     9    0.02                           _0428_ (net)
                  0.18    0.00    1.36 v _0926_/B1 (sky130_fd_sc_hd__a22o_2)
                  0.04    0.26    1.62 v _0926_/X (sky130_fd_sc_hd__a22o_2)
     1    0.00                           _0087_ (net)
                  0.04    0.00    1.62 v _1128_/D (sky130_fd_sc_hd__dfrtp_2)
                                  1.62   data arrival time

                  0.15   10.00   10.00   clock clk (rise edge)
                          0.00   10.00   clock network delay (ideal)
                         -0.25    9.75   clock uncertainty
                          0.00    9.75   clock reconvergence pessimism
                                  9.75 ^ _1128_/CLK (sky130_fd_sc_hd__dfrtp_2)
                         -0.09    9.66   library setup time
                                  9.66   data required time
-----------------------------------------------------------------------------
                                  9.66   data required time
                                 -1.62   data arrival time
-----------------------------------------------------------------------------
                                  8.04   slack (MET)


Startpoint: _1175_ (rising edge-triggered flip-flop clocked by clk)
Endpoint: _1129_ (rising edge-triggered flip-flop clocked by clk)
Path Group: clk
Path Type: max

Fanout     Cap    Slew   Delay    Time   Description
-----------------------------------------------------------------------------
                  0.15    0.00    0.00   clock clk (rise edge)
                          0.00    0.00   clock network delay (ideal)
                  0.15    0.00    0.00 ^ _1175_/CLK (sky130_fd_sc_hd__dfstp_2)
                  0.06    0.45    0.45 v _1175_/Q (sky130_fd_sc_hd__dfstp_2)
     6    0.02                           spi_cs_s2 (net)
                  0.06    0.00    0.45 v _0745_/A (sky130_fd_sc_hd__nor4b_2)
                  0.76    0.73    1.18 ^ _0745_/Y (sky130_fd_sc_hd__nor4b_2)
    11    0.03                           _0315_ (net)
                  0.76    0.00    1.18 ^ _0910_/B (sky130_fd_sc_hd__nor2_2)
                  0.18    0.18    1.36 v _0910_/Y (sky130_fd_sc_hd__nor2_2)
     9    0.02                           _0428_ (net)
                  0.18    0.00    1.36 v _0927_/B1 (sky130_fd_sc_hd__a22o_2)
                  0.04    0.26    1.62 v _0927_/X (sky130_fd_sc_hd__a22o_2)
     1    0.00                           _0088_ (net)
                  0.04    0.00    1.62 v _1129_/D (sky130_fd_sc_hd__dfrtp_2)
                                  1.62   data arrival time

                  0.15   10.00   10.00   clock clk (rise edge)
                          0.00   10.00   clock network delay (ideal)
                         -0.25    9.75   clock uncertainty
                          0.00    9.75   clock reconvergence pessimism
                                  9.75 ^ _1129_/CLK (sky130_fd_sc_hd__dfrtp_2)
                         -0.09    9.66   library setup time
                                  9.66   data required time
-----------------------------------------------------------------------------
                                  9.66   data required time
                                 -1.62   data arrival time
-----------------------------------------------------------------------------
                                  8.04   slack (MET)


Startpoint: _1175_ (rising edge-triggered flip-flop clocked by clk)
Endpoint: _1130_ (rising edge-triggered flip-flop clocked by clk)
Path Group: clk
Path Type: max

Fanout     Cap    Slew   Delay    Time   Description
-----------------------------------------------------------------------------
                  0.15    0.00    0.00   clock clk (rise edge)
                          0.00    0.00   clock network delay (ideal)
                  0.15    0.00    0.00 ^ _1175_/CLK (sky130_fd_sc_hd__dfstp_2)
                  0.06    0.45    0.45 v _1175_/Q (sky130_fd_sc_hd__dfstp_2)
     6    0.02                           spi_cs_s2 (net)
                  0.06    0.00    0.45 v _0745_/A (sky130_fd_sc_hd__nor4b_2)
                  0.76    0.73    1.18 ^ _0745_/Y (sky130_fd_sc_hd__nor4b_2)
    11    0.03                           _0315_ (net)
                  0.76    0.00    1.18 ^ _0910_/B (sky130_fd_sc_hd__nor2_2)
                  0.18    0.18    1.36 v _0910_/Y (sky130_fd_sc_hd__nor2_2)
     9    0.02                           _0428_ (net)
                  0.18    0.00    1.36 v _0928_/B1 (sky130_fd_sc_hd__a22o_2)
                  0.04    0.26    1.62 v _0928_/X (sky130_fd_sc_hd__a22o_2)
     1    0.00                           _0089_ (net)
                  0.04    0.00    1.62 v _1130_/D (sky130_fd_sc_hd__dfrtp_2)
                                  1.62   data arrival time

                  0.15   10.00   10.00   clock clk (rise edge)
                          0.00   10.00   clock network delay (ideal)
                         -0.25    9.75   clock uncertainty
                          0.00    9.75   clock reconvergence pessimism
                                  9.75 ^ _1130_/CLK (sky130_fd_sc_hd__dfrtp_2)
                         -0.09    9.66   library setup time
                                  9.66   data required time
-----------------------------------------------------------------------------
                                  9.66   data required time
                                 -1.62   data arrival time
-----------------------------------------------------------------------------
                                  8.04   slack (MET)


Startpoint: _1175_ (rising edge-triggered flip-flop clocked by clk)
Endpoint: _1131_ (rising edge-triggered flip-flop clocked by clk)
Path Group: clk
Path Type: max

Fanout     Cap    Slew   Delay    Time   Description
-----------------------------------------------------------------------------
                  0.15    0.00    0.00   clock clk (rise edge)
                          0.00    0.00   clock network delay (ideal)
                  0.15    0.00    0.00 ^ _1175_/CLK (sky130_fd_sc_hd__dfstp_2)
                  0.06    0.45    0.45 v _1175_/Q (sky130_fd_sc_hd__dfstp_2)
     6    0.02                           spi_cs_s2 (net)
                  0.06    0.00    0.45 v _0745_/A (sky130_fd_sc_hd__nor4b_2)
                  0.76    0.73    1.18 ^ _0745_/Y (sky130_fd_sc_hd__nor4b_2)
    11    0.03                           _0315_ (net)
                  0.76    0.00    1.18 ^ _0910_/B (sky130_fd_sc_hd__nor2_2)
                  0.18    0.18    1.36 v _0910_/Y (sky130_fd_sc_hd__nor2_2)
     9    0.02                           _0428_ (net)
                  0.18    0.00    1.36 v _0929_/B1 (sky130_fd_sc_hd__a22o_2)
                  0.04    0.26    1.62 v _0929_/X (sky130_fd_sc_hd__a22o_2)
     1    0.00                           _0090_ (net)
                  0.04    0.00    1.62 v _1131_/D (sky130_fd_sc_hd__dfrtp_2)
                                  1.62   data arrival time

                  0.15   10.00   10.00   clock clk (rise edge)
                          0.00   10.00   clock network delay (ideal)
                         -0.25    9.75   clock uncertainty
                          0.00    9.75   clock reconvergence pessimism
                                  9.75 ^ _1131_/CLK (sky130_fd_sc_hd__dfrtp_2)
                         -0.09    9.66   library setup time
                                  9.66   data required time
-----------------------------------------------------------------------------
                                  9.66   data required time
                                 -1.62   data arrival time
-----------------------------------------------------------------------------
                                  8.04   slack (MET)


Startpoint: _1175_ (rising edge-triggered flip-flop clocked by clk)
Endpoint: _1132_ (rising edge-triggered flip-flop clocked by clk)
Path Group: clk
Path Type: max

Fanout     Cap    Slew   Delay    Time   Description
-----------------------------------------------------------------------------
                  0.15    0.00    0.00   clock clk (rise edge)
                          0.00    0.00   clock network delay (ideal)
                  0.15    0.00    0.00 ^ _1175_/CLK (sky130_fd_sc_hd__dfstp_2)
                  0.06    0.45    0.45 v _1175_/Q (sky130_fd_sc_hd__dfstp_2)
     6    0.02                           spi_cs_s2 (net)
                  0.06    0.00    0.45 v _0745_/A (sky130_fd_sc_hd__nor4b_2)
                  0.76    0.73    1.18 ^ _0745_/Y (sky130_fd_sc_hd__nor4b_2)
    11    0.03                           _0315_ (net)
                  0.76    0.00    1.18 ^ _0910_/B (sky130_fd_sc_hd__nor2_2)
                  0.18    0.18    1.36 v _0910_/Y (sky130_fd_sc_hd__nor2_2)
     9    0.02                           _0428_ (net)
                  0.18    0.00    1.36 v _0930_/B1 (sky130_fd_sc_hd__a22o_2)
                  0.04    0.26    1.62 v _0930_/X (sky130_fd_sc_hd__a22o_2)
     1    0.00                           _0091_ (net)
                  0.04    0.00    1.62 v _1132_/D (sky130_fd_sc_hd__dfrtp_2)
                                  1.62   data arrival time

                  0.15   10.00   10.00   clock clk (rise edge)
                          0.00   10.00   clock network delay (ideal)
                         -0.25    9.75   clock uncertainty
                          0.00    9.75   clock reconvergence pessimism
                                  9.75 ^ _1132_/CLK (sky130_fd_sc_hd__dfrtp_2)
                         -0.09    9.66   library setup time
                                  9.66   data required time
-----------------------------------------------------------------------------
                                  9.66   data required time
                                 -1.62   data arrival time
-----------------------------------------------------------------------------
                                  8.04   slack (MET)


Startpoint: _1175_ (rising edge-triggered flip-flop clocked by clk)
Endpoint: _1122_ (rising edge-triggered flip-flop clocked by clk)
Path Group: clk
Path Type: max

Fanout     Cap    Slew   Delay    Time   Description
-----------------------------------------------------------------------------
                  0.15    0.00    0.00   clock clk (rise edge)
                          0.00    0.00   clock network delay (ideal)
                  0.15    0.00    0.00 ^ _1175_/CLK (sky130_fd_sc_hd__dfstp_2)
                  0.06    0.45    0.45 v _1175_/Q (sky130_fd_sc_hd__dfstp_2)
     6    0.02                           spi_cs_s2 (net)
                  0.06    0.00    0.45 v _0745_/A (sky130_fd_sc_hd__nor4b_2)
                  0.76    0.73    1.18 ^ _0745_/Y (sky130_fd_sc_hd__nor4b_2)
    11    0.03                           _0315_ (net)
                  0.76    0.00    1.18 ^ _0746_/C (sky130_fd_sc_hd__and3_2)
                  0.11    0.36    1.54 ^ _0746_/X (sky130_fd_sc_hd__and3_2)
     5    0.01                           _0316_ (net)
                  0.11    0.00    1.54 ^ _0915_/B (sky130_fd_sc_hd__nor3_2)
                  0.04    0.05    1.59 v _0915_/Y (sky130_fd_sc_hd__nor3_2)
     1    0.00                           _0081_ (net)
                  0.04    0.00    1.59 v _1122_/D (sky130_fd_sc_hd__dfrtp_2)
                                  1.59   data arrival time

                  0.15   10.00   10.00   clock clk (rise edge)
                          0.00   10.00   clock network delay (ideal)
                         -0.25    9.75   clock uncertainty
                          0.00    9.75   clock reconvergence pessimism
                                  9.75 ^ _1122_/CLK (sky130_fd_sc_hd__dfrtp_2)
                         -0.09    9.66   library setup time
                                  9.66   data required time
-----------------------------------------------------------------------------
                                  9.66   data required time
                                 -1.59   data arrival time
-----------------------------------------------------------------------------
                                  8.07   slack (MET)


Startpoint: _1082_ (rising edge-triggered flip-flop clocked by clk)
Endpoint: _1047_ (rising edge-triggered flip-flop clocked by clk)
Path Group: clk
Path Type: max

Fanout     Cap    Slew   Delay    Time   Description
-----------------------------------------------------------------------------
                  0.15    0.00    0.00   clock clk (rise edge)
                          0.00    0.00   clock network delay (ideal)
                  0.15    0.00    0.00 ^ _1082_/CLK (sky130_fd_sc_hd__dfrtp_2)
                  0.07    0.42    0.42 ^ _1082_/Q (sky130_fd_sc_hd__dfrtp_2)
     3    0.01                           threshold_reg[1] (net)
                  0.07    0.00    0.42 ^ _0536_/A (sky130_fd_sc_hd__inv_2)
                  0.02    0.04    0.45 v _0536_/Y (sky130_fd_sc_hd__inv_2)
     2    0.00                           _0159_ (net)
                  0.02    0.00    0.45 v _0537_/A2 (sky130_fd_sc_hd__a21o_2)
                  0.03    0.20    0.65 v _0537_/X (sky130_fd_sc_hd__a21o_2)
     1    0.00                           _0160_ (net)
                  0.03    0.00    0.65 v _0539_/A2 (sky130_fd_sc_hd__o21a_2)
                  0.03    0.19    0.84 v _0539_/X (sky130_fd_sc_hd__o21a_2)
     1    0.00                           _0162_ (net)
                  0.03    0.00    0.84 v _0540_/C1 (sky130_fd_sc_hd__a221o_2)
                  0.05    0.30    1.14 v _0540_/X (sky130_fd_sc_hd__a221o_2)
     1    0.00                           _0163_ (net)
                  0.05    0.00    1.14 v _0541_/B1 (sky130_fd_sc_hd__o2111a_2)
                  0.04    0.16    1.30 v _0541_/X (sky130_fd_sc_hd__o2111a_2)
     2    0.00                           wifi_above_threshold (net)
                  0.04    0.00    1.30 v _0542_/B (sky130_fd_sc_hd__and2_2)
                  0.03    0.19    1.48 v _0542_/X (sky130_fd_sc_hd__and2_2)
     1    0.00                           _0164_ (net)
                  0.03    0.00    1.48 v _0543_/A (sky130_fd_sc_hd__buf_1)
                  0.02    0.08    1.56 v _0543_/X (sky130_fd_sc_hd__buf_1)
     1    0.00                           _0021_ (net)
                  0.02    0.00    1.56 v _1047_/D (sky130_fd_sc_hd__dfrtp_2)
                                  1.56   data arrival time

                  0.15   10.00   10.00   clock clk (rise edge)
                          0.00   10.00   clock network delay (ideal)
                         -0.25    9.75   clock uncertainty
                          0.00    9.75   clock reconvergence pessimism
                                  9.75 ^ _1047_/CLK (sky130_fd_sc_hd__dfrtp_2)
                         -0.08    9.67   library setup time
                                  9.67   data required time
-----------------------------------------------------------------------------
                                  9.67   data required time
                                 -1.56   data arrival time
-----------------------------------------------------------------------------
                                  8.10   slack (MET)


Startpoint: _1082_ (rising edge-triggered flip-flop clocked by clk)
Endpoint: _1045_ (rising edge-triggered flip-flop clocked by clk)
Path Group: clk
Path Type: max

Fanout     Cap    Slew   Delay    Time   Description
-----------------------------------------------------------------------------
                  0.15    0.00    0.00   clock clk (rise edge)
                          0.00    0.00   clock network delay (ideal)
                  0.15    0.00    0.00 ^ _1082_/CLK (sky130_fd_sc_hd__dfrtp_2)
                  0.07    0.42    0.42 ^ _1082_/Q (sky130_fd_sc_hd__dfrtp_2)
     3    0.01                           threshold_reg[1] (net)
                  0.07    0.00    0.42 ^ _0536_/A (sky130_fd_sc_hd__inv_2)
                  0.02    0.04    0.45 v _0536_/Y (sky130_fd_sc_hd__inv_2)
     2    0.00                           _0159_ (net)
                  0.02    0.00    0.45 v _0537_/A2 (sky130_fd_sc_hd__a21o_2)
                  0.03    0.20    0.65 v _0537_/X (sky130_fd_sc_hd__a21o_2)
     1    0.00                           _0160_ (net)
                  0.03    0.00    0.65 v _0539_/A2 (sky130_fd_sc_hd__o21a_2)
                  0.03    0.19    0.84 v _0539_/X (sky130_fd_sc_hd__o21a_2)
     1    0.00                           _0162_ (net)
                  0.03    0.00    0.84 v _0540_/C1 (sky130_fd_sc_hd__a221o_2)
                  0.05    0.30    1.14 v _0540_/X (sky130_fd_sc_hd__a221o_2)
     1    0.00                           _0163_ (net)
                  0.05    0.00    1.14 v _0541_/B1 (sky130_fd_sc_hd__o2111a_2)
                  0.04    0.16    1.30 v _0541_/X (sky130_fd_sc_hd__o2111a_2)
     2    0.00                           wifi_above_threshold (net)
                  0.04    0.00    1.30 v _1045_/D (sky130_fd_sc_hd__dfrtp_2)
                                  1.30   data arrival time

                  0.15   10.00   10.00   clock clk (rise edge)
                          0.00   10.00   clock network delay (ideal)
                         -0.25    9.75   clock uncertainty
                          0.00    9.75   clock reconvergence pessimism
                                  9.75 ^ _1045_/CLK (sky130_fd_sc_hd__dfrtp_2)
                         -0.09    9.66   library setup time
                                  9.66   data required time
-----------------------------------------------------------------------------
                                  9.66   data required time
                                 -1.30   data arrival time
-----------------------------------------------------------------------------
                                  8.36   slack (MET)


Startpoint: _1039_ (rising edge-triggered flip-flop clocked by clk)
Endpoint: _1040_ (rising edge-triggered flip-flop clocked by clk)
Path Group: clk
Path Type: max

Fanout     Cap    Slew   Delay    Time   Description
-----------------------------------------------------------------------------
                  0.15    0.00    0.00   clock clk (rise edge)
                          0.00    0.00   clock network delay (ideal)
                  0.15    0.00    0.00 ^ _1039_/CLK (sky130_fd_sc_hd__dfrtp_2)
                  0.08    0.49    0.49 v _1039_/Q (sky130_fd_sc_hd__dfrtp_2)
     5    0.02                           loop_inactive_cnt[0] (net)
                  0.08    0.00    0.49 v _0530_/B (sky130_fd_sc_hd__and3_2)
                  0.06    0.24    0.73 v _0530_/X (sky130_fd_sc_hd__and3_2)
     3    0.01                           _0154_ (net)
                  0.06    0.00    0.73 v _0531_/B (sky130_fd_sc_hd__nand2_2)
                  0.07    0.09    0.82 ^ _0531_/Y (sky130_fd_sc_hd__nand2_2)
     2    0.01                           _0155_ (net)
                  0.07    0.00    0.82 ^ _0532_/B (sky130_fd_sc_hd__nor2_2)
                  0.04    0.04    0.86 v _0532_/Y (sky130_fd_sc_hd__nor2_2)
     2    0.00                           _0001_ (net)
                  0.04    0.00    0.86 v _0760_/A (sky130_fd_sc_hd__or2_2)
                  0.05    0.29    1.15 v _0760_/X (sky130_fd_sc_hd__or2_2)
     1    0.00                           _0326_ (net)
                  0.05    0.00    1.15 v _0761_/A (sky130_fd_sc_hd__buf_1)
                  0.02    0.09    1.24 v _0761_/X (sky130_fd_sc_hd__buf_1)
     1    0.00                           _0032_ (net)
                  0.02    0.00    1.24 v _1040_/D (sky130_fd_sc_hd__dfrtp_2)
                                  1.24   data arrival time

                  0.15   10.00   10.00   clock clk (rise edge)
                          0.00   10.00   clock network delay (ideal)
                         -0.25    9.75   clock uncertainty
                          0.00    9.75   clock reconvergence pessimism
                                  9.75 ^ _1040_/CLK (sky130_fd_sc_hd__dfrtp_2)
                         -0.08    9.67   library setup time
                                  9.67   data required time
-----------------------------------------------------------------------------
                                  9.67   data required time
                                 -1.24   data arrival time
-----------------------------------------------------------------------------
                                  8.43   slack (MET)


Startpoint: _1100_ (rising edge-triggered flip-flop clocked by clk)
Endpoint: _1117_ (rising edge-triggered flip-flop clocked by clk)
Path Group: clk
Path Type: max

Fanout     Cap    Slew   Delay    Time   Description
-----------------------------------------------------------------------------
                  0.15    0.00    0.00   clock clk (rise edge)
                          0.00    0.00   clock network delay (ideal)
                  0.15    0.00    0.00 ^ _1100_/CLK (sky130_fd_sc_hd__dfrtp_2)
                  0.08    0.50    0.50 v _1100_/Q (sky130_fd_sc_hd__dfrtp_2)
     6    0.02                           spi_lockout_active (net)
                  0.08    0.00    0.50 v _0524_/A (sky130_fd_sc_hd__inv_2)
                  0.20    0.19    0.69 ^ _0524_/Y (sky130_fd_sc_hd__inv_2)
    13    0.04                           _0149_ (net)
                  0.20    0.00    0.69 ^ _0690_/A (sky130_fd_sc_hd__nand2_2)
                  0.09    0.11    0.80 v _0690_/Y (sky130_fd_sc_hd__nand2_2)
     5    0.01                           _0277_ (net)
                  0.09    0.00    0.80 v _0905_/A1 (sky130_fd_sc_hd__mux2_2)
                  0.05    0.28    1.08 v _0905_/X (sky130_fd_sc_hd__mux2_2)
     1    0.00                           _0426_ (net)
                  0.05    0.00    1.08 v _0906_/A (sky130_fd_sc_hd__buf_1)
                  0.02    0.09    1.17 v _0906_/X (sky130_fd_sc_hd__buf_1)
     1    0.00                           _0077_ (net)
                  0.02    0.00    1.17 v _1117_/D (sky130_fd_sc_hd__dfrtp_2)
                                  1.17   data arrival time

                  0.15   10.00   10.00   clock clk (rise edge)
                          0.00   10.00   clock network delay (ideal)
                         -0.25    9.75   clock uncertainty
                          0.00    9.75   clock reconvergence pessimism
                                  9.75 ^ _1117_/CLK (sky130_fd_sc_hd__dfrtp_2)
                         -0.08    9.67   library setup time
                                  9.67   data required time
-----------------------------------------------------------------------------
                                  9.67   data required time
                                 -1.17   data arrival time
-----------------------------------------------------------------------------
                                  8.50   slack (MET)


Startpoint: _1168_ (rising edge-triggered flip-flop clocked by clk)
Endpoint: _1099_ (rising edge-triggered flip-flop clocked by clk)
Path Group: clk
Path Type: max

Fanout     Cap    Slew   Delay    Time   Description
-----------------------------------------------------------------------------
                  0.15    0.00    0.00   clock clk (rise edge)
                          0.00    0.00   clock network delay (ideal)
                  0.15    0.00    0.00 ^ _1168_/CLK (sky130_fd_sc_hd__dfrtp_2)
                  0.08    0.49    0.49 v _1168_/Q (sky130_fd_sc_hd__dfrtp_2)
     6    0.02                           spi_pkt_ready (net)
                  0.08    0.00    0.49 v _0525_/C (sky130_fd_sc_hd__and4b_2)
                  0.04    0.23    0.72 v _0525_/X (sky130_fd_sc_hd__and4b_2)
     1    0.00                           _0150_ (net)
                  0.04    0.00    0.72 v _0526_/C (sky130_fd_sc_hd__and4bb_2)
                  0.04    0.22    0.94 v _0526_/X (sky130_fd_sc_hd__and4bb_2)
     2    0.00                           _0151_ (net)
                  0.04    0.00    0.94 v _0903_/B1 (sky130_fd_sc_hd__a21o_2)
                  0.03    0.18    1.13 v _0903_/X (sky130_fd_sc_hd__a21o_2)
     1    0.00                           _0076_ (net)
                  0.03    0.00    1.13 v _1099_/D (sky130_fd_sc_hd__dfrtp_2)
                                  1.13   data arrival time

                  0.15   10.00   10.00   clock clk (rise edge)
                          0.00   10.00   clock network delay (ideal)
                         -0.25    9.75   clock uncertainty
                          0.00    9.75   clock reconvergence pessimism
                                  9.75 ^ _1099_/CLK (sky130_fd_sc_hd__dfrtp_2)
                         -0.09    9.66   library setup time
                                  9.66   data required time
-----------------------------------------------------------------------------
                                  9.66   data required time
                                 -1.13   data arrival time
-----------------------------------------------------------------------------
                                  8.54   slack (MET)


Startpoint: _1100_ (rising edge-triggered flip-flop clocked by clk)
Endpoint: _1118_ (rising edge-triggered flip-flop clocked by clk)
Path Group: clk
Path Type: max

Fanout     Cap    Slew   Delay    Time   Description
-----------------------------------------------------------------------------
                  0.15    0.00    0.00   clock clk (rise edge)
                          0.00    0.00   clock network delay (ideal)
                  0.15    0.00    0.00 ^ _1100_/CLK (sky130_fd_sc_hd__dfrtp_2)
                  0.08    0.50    0.50 v _1100_/Q (sky130_fd_sc_hd__dfrtp_2)
     6    0.02                           spi_lockout_active (net)
                  0.08    0.00    0.50 v _0524_/A (sky130_fd_sc_hd__inv_2)
                  0.20    0.19    0.69 ^ _0524_/Y (sky130_fd_sc_hd__inv_2)
    13    0.04                           _0149_ (net)
                  0.20    0.00    0.69 ^ _0690_/A (sky130_fd_sc_hd__nand2_2)
                  0.09    0.11    0.80 v _0690_/Y (sky130_fd_sc_hd__nand2_2)
     5    0.01                           _0277_ (net)
                  0.09    0.00    0.80 v _0907_/A2 (sky130_fd_sc_hd__a22o_2)
                  0.04    0.27    1.08 v _0907_/X (sky130_fd_sc_hd__a22o_2)
     1    0.00                           _0078_ (net)
                  0.04    0.00    1.08 v _1118_/D (sky130_fd_sc_hd__dfrtp_2)
                                  1.08   data arrival time

                  0.15   10.00   10.00   clock clk (rise edge)
                          0.00   10.00   clock network delay (ideal)
                         -0.25    9.75   clock uncertainty
                          0.00    9.75   clock reconvergence pessimism
                                  9.75 ^ _1118_/CLK (sky130_fd_sc_hd__dfrtp_2)
                         -0.09    9.66   library setup time
                                  9.66   data required time
-----------------------------------------------------------------------------
                                  9.66   data required time
                                 -1.08   data arrival time
-----------------------------------------------------------------------------
                                  8.58   slack (MET)


Startpoint: _1039_ (rising edge-triggered flip-flop clocked by clk)
Endpoint: _1042_ (rising edge-triggered flip-flop clocked by clk)
Path Group: clk
Path Type: max

Fanout     Cap    Slew   Delay    Time   Description
-----------------------------------------------------------------------------
                  0.15    0.00    0.00   clock clk (rise edge)
                          0.00    0.00   clock network delay (ideal)
                  0.15    0.00    0.00 ^ _1039_/CLK (sky130_fd_sc_hd__dfrtp_2)
                  0.08    0.49    0.49 v _1039_/Q (sky130_fd_sc_hd__dfrtp_2)
     5    0.02                           loop_inactive_cnt[0] (net)
                  0.08    0.00    0.49 v _0530_/B (sky130_fd_sc_hd__and3_2)
                  0.06    0.24    0.73 v _0530_/X (sky130_fd_sc_hd__and3_2)
     3    0.01                           _0154_ (net)
                  0.06    0.00    0.73 v _0765_/A2 (sky130_fd_sc_hd__o21ba_2)
                  0.03    0.20    0.93 v _0765_/X (sky130_fd_sc_hd__o21ba_2)
     1    0.00                           _0034_ (net)
                  0.03    0.00    0.93 v _1042_/D (sky130_fd_sc_hd__dfrtp_2)
                                  0.93   data arrival time

                  0.15   10.00   10.00   clock clk (rise edge)
                          0.00   10.00   clock network delay (ideal)
                         -0.25    9.75   clock uncertainty
                          0.00    9.75   clock reconvergence pessimism
                                  9.75 ^ _1042_/CLK (sky130_fd_sc_hd__dfrtp_2)
                         -0.09    9.66   library setup time
                                  9.66   data required time
-----------------------------------------------------------------------------
                                  9.66   data required time
                                 -0.93   data arrival time
-----------------------------------------------------------------------------
                                  8.74   slack (MET)


Startpoint: _1039_ (rising edge-triggered flip-flop clocked by clk)
Endpoint: _1041_ (rising edge-triggered flip-flop clocked by clk)
Path Group: clk
Path Type: max

Fanout     Cap    Slew   Delay    Time   Description
-----------------------------------------------------------------------------
                  0.15    0.00    0.00   clock clk (rise edge)
                          0.00    0.00   clock network delay (ideal)
                  0.15    0.00    0.00 ^ _1039_/CLK (sky130_fd_sc_hd__dfrtp_2)
                  0.08    0.49    0.49 v _1039_/Q (sky130_fd_sc_hd__dfrtp_2)
     5    0.02                           loop_inactive_cnt[0] (net)
                  0.08    0.00    0.49 v _0530_/B (sky130_fd_sc_hd__and3_2)
                  0.06    0.24    0.73 v _0530_/X (sky130_fd_sc_hd__and3_2)
     3    0.01                           _0154_ (net)
                  0.06    0.00    0.73 v _0764_/A2 (sky130_fd_sc_hd__a211oi_2)
                  0.13    0.21    0.93 ^ _0764_/Y (sky130_fd_sc_hd__a211oi_2)
     1    0.00                           _0033_ (net)
                  0.13    0.00    0.93 ^ _1041_/D (sky130_fd_sc_hd__dfrtp_2)
                                  0.93   data arrival time

                  0.15   10.00   10.00   clock clk (rise edge)
                          0.00   10.00   clock network delay (ideal)
                         -0.25    9.75   clock uncertainty
                          0.00    9.75   clock reconvergence pessimism
                                  9.75 ^ _1041_/CLK (sky130_fd_sc_hd__dfrtp_2)
                         -0.07    9.68   library setup time
                                  9.68   data required time
-----------------------------------------------------------------------------
                                  9.68   data required time
                                 -0.93   data arrival time
-----------------------------------------------------------------------------
                                  8.75   slack (MET)


Startpoint: _1168_ (rising edge-triggered flip-flop clocked by clk)
Endpoint: _1096_ (rising edge-triggered flip-flop clocked by clk)
Path Group: clk
Path Type: max

Fanout     Cap    Slew   Delay    Time   Description
-----------------------------------------------------------------------------
                  0.15    0.00    0.00   clock clk (rise edge)
                          0.00    0.00   clock network delay (ideal)
                  0.15    0.00    0.00 ^ _1168_/CLK (sky130_fd_sc_hd__dfrtp_2)
                  0.11    0.46    0.46 ^ _1168_/Q (sky130_fd_sc_hd__dfrtp_2)
     6    0.02                           spi_pkt_ready (net)
                  0.11    0.00    0.46 ^ _0898_/S (sky130_fd_sc_hd__mux2_2)
                  0.05    0.35    0.81 v _0898_/X (sky130_fd_sc_hd__mux2_2)
     1    0.00                           _0422_ (net)
                  0.05    0.00    0.81 v _0899_/A (sky130_fd_sc_hd__buf_1)
                  0.02    0.09    0.89 v _0899_/X (sky130_fd_sc_hd__buf_1)
     1    0.00                           _0074_ (net)
                  0.02    0.00    0.89 v _1096_/D (sky130_fd_sc_hd__dfrtp_2)
                                  0.89   data arrival time

                  0.15   10.00   10.00   clock clk (rise edge)
                          0.00   10.00   clock network delay (ideal)
                         -0.25    9.75   clock uncertainty
                          0.00    9.75   clock reconvergence pessimism
                                  9.75 ^ _1096_/CLK (sky130_fd_sc_hd__dfrtp_2)
                         -0.08    9.67   library setup time
                                  9.67   data required time
-----------------------------------------------------------------------------
                                  9.67   data required time
                                 -0.89   data arrival time
-----------------------------------------------------------------------------
                                  8.77   slack (MET)


Startpoint: _1039_ (rising edge-triggered flip-flop clocked by clk)
Endpoint: _1039_ (rising edge-triggered flip-flop clocked by clk)
Path Group: clk
Path Type: max

Fanout     Cap    Slew   Delay    Time   Description
-----------------------------------------------------------------------------
                  0.15    0.00    0.00   clock clk (rise edge)
                          0.00    0.00   clock network delay (ideal)
                  0.15    0.00    0.00 ^ _1039_/CLK (sky130_fd_sc_hd__dfrtp_2)
                  0.08    0.49    0.49 v _1039_/Q (sky130_fd_sc_hd__dfrtp_2)
     5    0.02                           loop_inactive_cnt[0] (net)
                  0.08    0.00    0.49 v _0530_/B (sky130_fd_sc_hd__and3_2)
                  0.06    0.24    0.73 v _0530_/X (sky130_fd_sc_hd__and3_2)
     3    0.01                           _0154_ (net)
                  0.06    0.00    0.73 v _0531_/B (sky130_fd_sc_hd__nand2_2)
                  0.07    0.09    0.82 ^ _0531_/Y (sky130_fd_sc_hd__nand2_2)
     2    0.01                           _0155_ (net)
                  0.07    0.00    0.82 ^ _0757_/A2 (sky130_fd_sc_hd__a21oi_2)
                  0.04    0.05    0.87 v _0757_/Y (sky130_fd_sc_hd__a21oi_2)
     1    0.00                           _0031_ (net)
                  0.04    0.00    0.87 v _1039_/D (sky130_fd_sc_hd__dfrtp_2)
                                  0.87   data arrival time

                  0.15   10.00   10.00   clock clk (rise edge)
                          0.00   10.00   clock network delay (ideal)
                         -0.25    9.75   clock uncertainty
                          0.00    9.75   clock reconvergence pessimism
                                  9.75 ^ _1039_/CLK (sky130_fd_sc_hd__dfrtp_2)
                         -0.09    9.66   library setup time
                                  9.66   data required time
-----------------------------------------------------------------------------
                                  9.66   data required time
                                 -0.87   data arrival time
-----------------------------------------------------------------------------
                                  8.79   slack (MET)


Startpoint: _1039_ (rising edge-triggered flip-flop clocked by clk)
Endpoint: _1179_ (rising edge-triggered flip-flop clocked by clk)
Path Group: clk
Path Type: max

Fanout     Cap    Slew   Delay    Time   Description
-----------------------------------------------------------------------------
                  0.15    0.00    0.00   clock clk (rise edge)
                          0.00    0.00   clock network delay (ideal)
                  0.15    0.00    0.00 ^ _1039_/CLK (sky130_fd_sc_hd__dfrtp_2)
                  0.08    0.49    0.49 v _1039_/Q (sky130_fd_sc_hd__dfrtp_2)
     5    0.02                           loop_inactive_cnt[0] (net)
                  0.08    0.00    0.49 v _0530_/B (sky130_fd_sc_hd__and3_2)
                  0.06    0.24    0.73 v _0530_/X (sky130_fd_sc_hd__and3_2)
     3    0.01                           _0154_ (net)
                  0.06    0.00    0.73 v _0531_/B (sky130_fd_sc_hd__nand2_2)
                  0.07    0.09    0.82 ^ _0531_/Y (sky130_fd_sc_hd__nand2_2)
     2    0.01                           _0155_ (net)
                  0.07    0.00    0.82 ^ _0532_/B (sky130_fd_sc_hd__nor2_2)
                  0.04    0.04    0.86 v _0532_/Y (sky130_fd_sc_hd__nor2_2)
     2    0.00                           _0001_ (net)
                  0.04    0.00    0.86 v _1179_/D (sky130_fd_sc_hd__dfrtp_2)
                                  0.86   data arrival time

                  0.15   10.00   10.00   clock clk (rise edge)
                          0.00   10.00   clock network delay (ideal)
                         -0.25    9.75   clock uncertainty
                          0.00    9.75   clock reconvergence pessimism
                                  9.75 ^ _1179_/CLK (sky130_fd_sc_hd__dfrtp_2)
                         -0.09    9.66   library setup time
                                  9.66   data required time
-----------------------------------------------------------------------------
                                  9.66   data required time
                                 -0.86   data arrival time
-----------------------------------------------------------------------------
                                  8.80   slack (MET)


Startpoint: _1174_ (rising edge-triggered flip-flop clocked by clk)
Endpoint: _1175_ (rising edge-triggered flip-flop clocked by clk)
Path Group: clk
Path Type: max

Fanout     Cap    Slew   Delay    Time   Description
-----------------------------------------------------------------------------
                  0.15    0.00    0.00   clock clk (rise edge)
                          0.00    0.00   clock network delay (ideal)
                  0.15    0.00    0.00 ^ _1174_/CLK (sky130_fd_sc_hd__dfstp_2)
                  0.04    0.57    0.57 ^ _1174_/Q (sky130_fd_sc_hd__dfstp_2)
     1    0.00                           spi_cs_s1 (net)
                  0.04    0.00    0.57 ^ _1175_/D (sky130_fd_sc_hd__dfstp_2)
                                  0.57   data arrival time

                  0.15   10.00   10.00   clock clk (rise edge)
                          0.00   10.00   clock network delay (ideal)
                         -0.25    9.75   clock uncertainty
                          0.00    9.75   clock reconvergence pessimism
                                  9.75 ^ _1175_/CLK (sky130_fd_sc_hd__dfstp_2)
                         -0.04    9.71   library setup time
                                  9.71   data required time
-----------------------------------------------------------------------------
                                  9.71   data required time
                                 -0.57   data arrival time
-----------------------------------------------------------------------------
                                  9.14   slack (MET)


Startpoint: _1182_ (rising edge-triggered flip-flop clocked by clk)
Endpoint: _1046_ (rising edge-triggered flip-flop clocked by clk)
Path Group: clk
Path Type: max

Fanout     Cap    Slew   Delay    Time   Description
-----------------------------------------------------------------------------
                  0.15    0.00    0.00   clock clk (rise edge)
                          0.00    0.00   clock network delay (ideal)
                  0.15    0.00    0.00 ^ _1182_/CLK (sky130_fd_sc_hd__dfrtp_2)
                  0.08    0.50    0.50 v _1182_/Q (sky130_fd_sc_hd__dfrtp_2)
     6    0.02                           loop_sync (net)
                  0.08    0.00    0.50 v _1046_/D (sky130_fd_sc_hd__dfrtp_2)
                                  0.50   data arrival time

                  0.15   10.00   10.00   clock clk (rise edge)
                          0.00   10.00   clock network delay (ideal)
                         -0.25    9.75   clock uncertainty
                          0.00    9.75   clock reconvergence pessimism
                                  9.75 ^ _1046_/CLK (sky130_fd_sc_hd__dfrtp_2)
                         -0.11    9.64   library setup time
                                  9.64   data required time
-----------------------------------------------------------------------------
                                  9.64   data required time
                                 -0.50   data arrival time
-----------------------------------------------------------------------------
                                  9.15   slack (MET)


Startpoint: _1047_ (rising edge-triggered flip-flop clocked by clk)
Endpoint: _1044_ (rising edge-triggered flip-flop clocked by clk)
Path Group: clk
Path Type: max

Fanout     Cap    Slew   Delay    Time   Description
-----------------------------------------------------------------------------
                  0.15    0.00    0.00   clock clk (rise edge)
                          0.00    0.00   clock network delay (ideal)
                  0.15    0.00    0.00 ^ _1047_/CLK (sky130_fd_sc_hd__dfrtp_2)
                  0.06    0.46    0.46 v _1047_/Q (sky130_fd_sc_hd__dfrtp_2)
     5    0.01                           supplemental_request_level (net)
                  0.06    0.00    0.46 v _1044_/D (sky130_fd_sc_hd__dfrtp_2)
                                  0.46   data arrival time

                  0.15   10.00   10.00   clock clk (rise edge)
                          0.00   10.00   clock network delay (ideal)
                         -0.25    9.75   clock uncertainty
                          0.00    9.75   clock reconvergence pessimism
                                  9.75 ^ _1044_/CLK (sky130_fd_sc_hd__dfrtp_2)
                         -0.10    9.65   library setup time
                                  9.65   data required time
-----------------------------------------------------------------------------
                                  9.65   data required time
                                 -0.46   data arrival time
-----------------------------------------------------------------------------
                                  9.19   slack (MET)


Startpoint: _1120_ (rising edge-triggered flip-flop clocked by clk)
Endpoint: _1119_ (rising edge-triggered flip-flop clocked by clk)
Path Group: clk
Path Type: max

Fanout     Cap    Slew   Delay    Time   Description
-----------------------------------------------------------------------------
                  0.15    0.00    0.00   clock clk (rise edge)
                          0.00    0.00   clock network delay (ideal)
                  0.15    0.00    0.00 ^ _1120_/CLK (sky130_fd_sc_hd__dfrtp_2)
                  0.05    0.45    0.45 v _1120_/Q (sky130_fd_sc_hd__dfrtp_2)
     4    0.01                           sec_alert (net)
                  0.05    0.00    0.45 v _1119_/D (sky130_fd_sc_hd__dfrtp_2)
                                  0.45   data arrival time

                  0.15   10.00   10.00   clock clk (rise edge)
                          0.00   10.00   clock network delay (ideal)
                         -0.25    9.75   clock uncertainty
                          0.00    9.75   clock reconvergence pessimism
                                  9.75 ^ _1119_/CLK (sky130_fd_sc_hd__dfrtp_2)
                         -0.09    9.66   library setup time
                                  9.66   data required time
-----------------------------------------------------------------------------
                                  9.66   data required time
                                 -0.45   data arrival time
-----------------------------------------------------------------------------
                                  9.20   slack (MET)


Startpoint: _1172_ (rising edge-triggered flip-flop clocked by clk)
Endpoint: _1173_ (rising edge-triggered flip-flop clocked by clk)
Path Group: clk
Path Type: max

Fanout     Cap    Slew   Delay    Time   Description
-----------------------------------------------------------------------------
                  0.15    0.00    0.00   clock clk (rise edge)
                          0.00    0.00   clock network delay (ideal)
                  0.15    0.00    0.00 ^ _1172_/CLK (sky130_fd_sc_hd__dfrtp_2)
                  0.04    0.44    0.44 v _1172_/Q (sky130_fd_sc_hd__dfrtp_2)
     2    0.00                           spi_sck_s1 (net)
                  0.04    0.00    0.44 v _1173_/D (sky130_fd_sc_hd__dfrtp_2)
                                  0.44   data arrival time

                  0.15   10.00   10.00   clock clk (rise edge)
                          0.00   10.00   clock network delay (ideal)
                         -0.25    9.75   clock uncertainty
                          0.00    9.75   clock reconvergence pessimism
                                  9.75 ^ _1173_/CLK (sky130_fd_sc_hd__dfrtp_2)
                         -0.09    9.66   library setup time
                                  9.66   data required time
-----------------------------------------------------------------------------
                                  9.66   data required time
                                 -0.44   data arrival time
-----------------------------------------------------------------------------
                                  9.22   slack (MET)


Startpoint: _1176_ (rising edge-triggered flip-flop clocked by clk)
Endpoint: _1177_ (rising edge-triggered flip-flop clocked by clk)
Path Group: clk
Path Type: max

Fanout     Cap    Slew   Delay    Time   Description
-----------------------------------------------------------------------------
                  0.15    0.00    0.00   clock clk (rise edge)
                          0.00    0.00   clock network delay (ideal)
                  0.15    0.00    0.00 ^ _1176_/CLK (sky130_fd_sc_hd__dfrtp_2)
                  0.04    0.43    0.43 v _1176_/Q (sky130_fd_sc_hd__dfrtp_2)
     1    0.00                           spi_mosi_s1 (net)
                  0.04    0.00    0.43 v _1177_/D (sky130_fd_sc_hd__dfrtp_2)
                                  0.43   data arrival time

                  0.15   10.00   10.00   clock clk (rise edge)
                          0.00   10.00   clock network delay (ideal)
                         -0.25    9.75   clock uncertainty
                          0.00    9.75   clock reconvergence pessimism
                                  9.75 ^ _1177_/CLK (sky130_fd_sc_hd__dfrtp_2)
                         -0.09    9.66   library setup time
                                  9.66   data required time
-----------------------------------------------------------------------------
                                  9.66   data required time
                                 -0.43   data arrival time
-----------------------------------------------------------------------------
                                  9.23   slack (MET)


Startpoint: _1180_ (rising edge-triggered flip-flop clocked by clk)
Endpoint: _1181_ (rising edge-triggered flip-flop clocked by clk)
Path Group: clk
Path Type: max

Fanout     Cap    Slew   Delay    Time   Description
-----------------------------------------------------------------------------
                  0.15    0.00    0.00   clock clk (rise edge)
                          0.00    0.00   clock network delay (ideal)
                  0.15    0.00    0.00 ^ _1180_/CLK (sky130_fd_sc_hd__dfrtp_2)
                  0.04    0.43    0.43 v _1180_/Q (sky130_fd_sc_hd__dfrtp_2)
     1    0.00                           loop_s1 (net)
                  0.04    0.00    0.43 v _1181_/D (sky130_fd_sc_hd__dfrtp_2)
                                  0.43   data arrival time

                  0.15   10.00   10.00   clock clk (rise edge)
                          0.00   10.00   clock network delay (ideal)
                         -0.25    9.75   clock uncertainty
                          0.00    9.75   clock reconvergence pessimism
                                  9.75 ^ _1181_/CLK (sky130_fd_sc_hd__dfrtp_2)
                         -0.09    9.66   library setup time
                                  9.66   data required time
-----------------------------------------------------------------------------
                                  9.66   data required time
                                 -0.43   data arrival time
-----------------------------------------------------------------------------
                                  9.23   slack (MET)


Startpoint: _1181_ (rising edge-triggered flip-flop clocked by clk)
Endpoint: _1182_ (rising edge-triggered flip-flop clocked by clk)
Path Group: clk
Path Type: max

Fanout     Cap    Slew   Delay    Time   Description
-----------------------------------------------------------------------------
                  0.15    0.00    0.00   clock clk (rise edge)
                          0.00    0.00   clock network delay (ideal)
                  0.15    0.00    0.00 ^ _1181_/CLK (sky130_fd_sc_hd__dfrtp_2)
                  0.04    0.43    0.43 v _1181_/Q (sky130_fd_sc_hd__dfrtp_2)
     1    0.00                           loop_s2 (net)
                  0.04    0.00    0.43 v _1182_/D (sky130_fd_sc_hd__dfrtp_2)
                                  0.43   data arrival time

                  0.15   10.00   10.00   clock clk (rise edge)
                          0.00   10.00   clock network delay (ideal)
                         -0.25    9.75   clock uncertainty
                          0.00    9.75   clock reconvergence pessimism
                                  9.75 ^ _1182_/CLK (sky130_fd_sc_hd__dfrtp_2)
                         -0.09    9.66   library setup time
                                  9.66   data required time
-----------------------------------------------------------------------------
                                  9.66   data required time
                                 -0.43   data arrival time
-----------------------------------------------------------------------------
                                  9.23   slack (MET)



