
===========================================================================
report_checks -path_delay max (Setup)
============================================================================
======================= Typical Corner ===================================

Startpoint: _436_ (rising edge-triggered flip-flop clocked by clk')
Endpoint: _474_ (rising edge-triggered flip-flop clocked by clk)
Path Group: clk
Path Type: max

Fanout     Cap    Slew   Delay    Time   Description
-----------------------------------------------------------------------------
                          5.00    5.00   clock clk' (rise edge)
                          0.00    5.00   clock source latency
                  0.02    0.01    5.01 v clk (in)
     1    0.01                           clk (net)
                  0.02    0.00    5.01 v clkbuf_0_clk/A (sky130_fd_sc_hd__clkbuf_16)
                  0.06    0.16    5.18 v clkbuf_0_clk/X (sky130_fd_sc_hd__clkbuf_16)
     8    0.06                           clknet_0_clk (net)
                  0.06    0.00    5.18 v clkbuf_3_5__f_clk/A (sky130_fd_sc_hd__clkbuf_16)
                  0.04    0.17    5.34 v clkbuf_3_5__f_clk/X (sky130_fd_sc_hd__clkbuf_16)
    10    0.03                           clknet_3_5__leaf_clk (net)
                  0.04    0.00    5.34 v _234__1/A (sky130_fd_sc_hd__inv_2)
                  0.02    0.04    5.38 ^ _234__1/Y (sky130_fd_sc_hd__inv_2)
     1    0.00                           net33 (net)
                  0.02    0.00    5.38 ^ _436_/CLK (sky130_fd_sc_hd__dfxtp_1)
                  0.11    0.36    5.74 ^ _436_/Q (sky130_fd_sc_hd__dfxtp_1)
     2    0.01                           dut.rst_n (net)
                  0.11    0.00    5.74 ^ fanout9/A (sky130_fd_sc_hd__clkbuf_4)
                  0.11    0.21    5.96 ^ fanout9/X (sky130_fd_sc_hd__clkbuf_4)
    10    0.03                           net9 (net)
                  0.11    0.00    5.96 ^ _228_/B_N (sky130_fd_sc_hd__or2b_1)
                  0.08    0.29    6.24 v _228_/X (sky130_fd_sc_hd__or2b_1)
     3    0.01                           _074_ (net)
                  0.08    0.00    6.24 v _241_/D1 (sky130_fd_sc_hd__a2111o_2)
                  0.11    0.44    6.68 v _241_/X (sky130_fd_sc_hd__a2111o_2)
     5    0.02                           _084_ (net)
                  0.11    0.00    6.68 v _306_/A (sky130_fd_sc_hd__clkbuf_4)
                  0.10    0.24    6.92 v _306_/X (sky130_fd_sc_hd__clkbuf_4)
    10    0.04                           _129_ (net)
                  0.10    0.00    6.92 v _362_/S (sky130_fd_sc_hd__mux2_1)
                  0.06    0.34    7.26 v _362_/X (sky130_fd_sc_hd__mux2_1)
     1    0.00                           _170_ (net)
                  0.06    0.00    7.26 v _363_/A (sky130_fd_sc_hd__clkbuf_1)
                  0.03    0.10    7.36 v _363_/X (sky130_fd_sc_hd__clkbuf_1)
     1    0.00                           _038_ (net)
                  0.03    0.00    7.36 v _474_/D (sky130_fd_sc_hd__dfxtp_1)
                                  7.36   data arrival time

                         10.00   10.00   clock clk (rise edge)
                          0.00   10.00   clock source latency
                  0.04    0.03   10.03 ^ clk (in)
     1    0.01                           clk (net)
                  0.04    0.00   10.03 ^ clkbuf_0_clk/A (sky130_fd_sc_hd__clkbuf_16)
                  0.08    0.15   10.18 ^ clkbuf_0_clk/X (sky130_fd_sc_hd__clkbuf_16)
     8    0.06                           clknet_0_clk (net)
                  0.08    0.00   10.18 ^ clkbuf_3_4__f_clk/A (sky130_fd_sc_hd__clkbuf_16)
                  0.04    0.13   10.30 ^ clkbuf_3_4__f_clk/X (sky130_fd_sc_hd__clkbuf_16)
     8    0.02                           clknet_3_4__leaf_clk (net)
                  0.04    0.00   10.30 ^ _474_/CLK (sky130_fd_sc_hd__dfxtp_1)
                         -0.25   10.05   clock uncertainty
                          0.02   10.07   clock reconvergence pessimism
                         -0.11    9.97   library setup time
                                  9.97   data required time
-----------------------------------------------------------------------------
                                  9.97   data required time
                                 -7.36   data arrival time
-----------------------------------------------------------------------------
                                  2.61   slack (MET)


Startpoint: _436_ (rising edge-triggered flip-flop clocked by clk')
Endpoint: _443_ (rising edge-triggered flip-flop clocked by clk)
Path Group: clk
Path Type: max

Fanout     Cap    Slew   Delay    Time   Description
-----------------------------------------------------------------------------
                          5.00    5.00   clock clk' (rise edge)
                          0.00    5.00   clock source latency
                  0.02    0.01    5.01 v clk (in)
     1    0.01                           clk (net)
                  0.02    0.00    5.01 v clkbuf_0_clk/A (sky130_fd_sc_hd__clkbuf_16)
                  0.06    0.16    5.18 v clkbuf_0_clk/X (sky130_fd_sc_hd__clkbuf_16)
     8    0.06                           clknet_0_clk (net)
                  0.06    0.00    5.18 v clkbuf_3_5__f_clk/A (sky130_fd_sc_hd__clkbuf_16)
                  0.04    0.17    5.34 v clkbuf_3_5__f_clk/X (sky130_fd_sc_hd__clkbuf_16)
    10    0.03                           clknet_3_5__leaf_clk (net)
                  0.04    0.00    5.34 v _234__1/A (sky130_fd_sc_hd__inv_2)
                  0.02    0.04    5.38 ^ _234__1/Y (sky130_fd_sc_hd__inv_2)
     1    0.00                           net33 (net)
                  0.02    0.00    5.38 ^ _436_/CLK (sky130_fd_sc_hd__dfxtp_1)
                  0.11    0.36    5.74 ^ _436_/Q (sky130_fd_sc_hd__dfxtp_1)
     2    0.01                           dut.rst_n (net)
                  0.11    0.00    5.74 ^ fanout9/A (sky130_fd_sc_hd__clkbuf_4)
                  0.11    0.21    5.96 ^ fanout9/X (sky130_fd_sc_hd__clkbuf_4)
    10    0.03                           net9 (net)
                  0.11    0.00    5.96 ^ _228_/B_N (sky130_fd_sc_hd__or2b_1)
                  0.08    0.29    6.24 v _228_/X (sky130_fd_sc_hd__or2b_1)
     3    0.01                           _074_ (net)
                  0.08    0.00    6.24 v _241_/D1 (sky130_fd_sc_hd__a2111o_2)
                  0.11    0.44    6.68 v _241_/X (sky130_fd_sc_hd__a2111o_2)
     5    0.02                           _084_ (net)
                  0.11    0.00    6.68 v _242_/A (sky130_fd_sc_hd__clkbuf_4)
                  0.09    0.23    6.92 v _242_/X (sky130_fd_sc_hd__clkbuf_4)
    10    0.04                           _085_ (net)
                  0.10    0.00    6.92 v _261_/S (sky130_fd_sc_hd__mux2_1)
                  0.06    0.35    7.26 v _261_/X (sky130_fd_sc_hd__mux2_1)
     1    0.00                           _098_ (net)
                  0.06    0.00    7.26 v _262_/A (sky130_fd_sc_hd__clkbuf_1)
                  0.03    0.10    7.36 v _262_/X (sky130_fd_sc_hd__clkbuf_1)
     1    0.00                           _009_ (net)
                  0.03    0.00    7.36 v _443_/D (sky130_fd_sc_hd__dfxtp_1)
                                  7.36   data arrival time

                         10.00   10.00   clock clk (rise edge)
                          0.00   10.00   clock source latency
                  0.04    0.03   10.03 ^ clk (in)
     1    0.01                           clk (net)
                  0.04    0.00   10.03 ^ clkbuf_0_clk/A (sky130_fd_sc_hd__clkbuf_16)
                  0.08    0.15   10.18 ^ clkbuf_0_clk/X (sky130_fd_sc_hd__clkbuf_16)
     8    0.06                           clknet_0_clk (net)
                  0.08    0.00   10.18 ^ clkbuf_3_2__f_clk/A (sky130_fd_sc_hd__clkbuf_16)
                  0.04    0.13   10.31 ^ clkbuf_3_2__f_clk/X (sky130_fd_sc_hd__clkbuf_16)
     9    0.02                           clknet_3_2__leaf_clk (net)
                  0.04    0.00   10.31 ^ _443_/CLK (sky130_fd_sc_hd__dfxtp_1)
                         -0.25   10.06   clock uncertainty
                          0.02   10.07   clock reconvergence pessimism
                         -0.10    9.97   library setup time
                                  9.97   data required time
-----------------------------------------------------------------------------
                                  9.97   data required time
                                 -7.36   data arrival time
-----------------------------------------------------------------------------
                                  2.61   slack (MET)


Startpoint: _436_ (rising edge-triggered flip-flop clocked by clk')
Endpoint: _460_ (rising edge-triggered flip-flop clocked by clk)
Path Group: clk
Path Type: max

Fanout     Cap    Slew   Delay    Time   Description
-----------------------------------------------------------------------------
                          5.00    5.00   clock clk' (rise edge)
                          0.00    5.00   clock source latency
                  0.02    0.01    5.01 v clk (in)
     1    0.01                           clk (net)
                  0.02    0.00    5.01 v clkbuf_0_clk/A (sky130_fd_sc_hd__clkbuf_16)
                  0.06    0.16    5.18 v clkbuf_0_clk/X (sky130_fd_sc_hd__clkbuf_16)
     8    0.06                           clknet_0_clk (net)
                  0.06    0.00    5.18 v clkbuf_3_5__f_clk/A (sky130_fd_sc_hd__clkbuf_16)
                  0.04    0.17    5.34 v clkbuf_3_5__f_clk/X (sky130_fd_sc_hd__clkbuf_16)
    10    0.03                           clknet_3_5__leaf_clk (net)
                  0.04    0.00    5.34 v _234__1/A (sky130_fd_sc_hd__inv_2)
                  0.02    0.04    5.38 ^ _234__1/Y (sky130_fd_sc_hd__inv_2)
     1    0.00                           net33 (net)
                  0.02    0.00    5.38 ^ _436_/CLK (sky130_fd_sc_hd__dfxtp_1)
                  0.11    0.36    5.74 ^ _436_/Q (sky130_fd_sc_hd__dfxtp_1)
     2    0.01                           dut.rst_n (net)
                  0.11    0.00    5.74 ^ fanout9/A (sky130_fd_sc_hd__clkbuf_4)
                  0.11    0.21    5.96 ^ fanout9/X (sky130_fd_sc_hd__clkbuf_4)
    10    0.03                           net9 (net)
                  0.11    0.00    5.96 ^ _228_/B_N (sky130_fd_sc_hd__or2b_1)
                  0.08    0.29    6.24 v _228_/X (sky130_fd_sc_hd__or2b_1)
     3    0.01                           _074_ (net)
                  0.08    0.00    6.24 v _241_/D1 (sky130_fd_sc_hd__a2111o_2)
                  0.11    0.44    6.68 v _241_/X (sky130_fd_sc_hd__a2111o_2)
     5    0.02                           _084_ (net)
                  0.11    0.00    6.68 v _306_/A (sky130_fd_sc_hd__clkbuf_4)
                  0.10    0.24    6.92 v _306_/X (sky130_fd_sc_hd__clkbuf_4)
    10    0.04                           _129_ (net)
                  0.10    0.00    6.92 v _316_/S (sky130_fd_sc_hd__mux2_1)
                  0.06    0.35    7.27 v _316_/X (sky130_fd_sc_hd__mux2_1)
     1    0.00                           _136_ (net)
                  0.06    0.00    7.27 v _317_/A (sky130_fd_sc_hd__clkbuf_1)
                  0.03    0.10    7.37 v _317_/X (sky130_fd_sc_hd__clkbuf_1)
     1    0.00                           _026_ (net)
                  0.03    0.00    7.37 v _460_/D (sky130_fd_sc_hd__dfxtp_1)
                                  7.37   data arrival time

                         10.00   10.00   clock clk (rise edge)
                          0.00   10.00   clock source latency
                  0.04    0.03   10.03 ^ clk (in)
     1    0.01                           clk (net)
                  0.04    0.00   10.03 ^ clkbuf_0_clk/A (sky130_fd_sc_hd__clkbuf_16)
                  0.08    0.15   10.18 ^ clkbuf_0_clk/X (sky130_fd_sc_hd__clkbuf_16)
     8    0.06                           clknet_0_clk (net)
                  0.08    0.00   10.18 ^ clkbuf_3_1__f_clk/A (sky130_fd_sc_hd__clkbuf_16)
                  0.05    0.13   10.31 ^ clkbuf_3_1__f_clk/X (sky130_fd_sc_hd__clkbuf_16)
    12    0.02                           clknet_3_1__leaf_clk (net)
                  0.05    0.00   10.31 ^ _460_/CLK (sky130_fd_sc_hd__dfxtp_1)
                         -0.25   10.06   clock uncertainty
                          0.02   10.08   clock reconvergence pessimism
                         -0.10    9.98   library setup time
                                  9.98   data required time
-----------------------------------------------------------------------------
                                  9.98   data required time
                                 -7.37   data arrival time
-----------------------------------------------------------------------------
                                  2.61   slack (MET)


Startpoint: _436_ (rising edge-triggered flip-flop clocked by clk')
Endpoint: _469_ (rising edge-triggered flip-flop clocked by clk)
Path Group: clk
Path Type: max

Fanout     Cap    Slew   Delay    Time   Description
-----------------------------------------------------------------------------
                          5.00    5.00   clock clk' (rise edge)
                          0.00    5.00   clock source latency
                  0.02    0.01    5.01 v clk (in)
     1    0.01                           clk (net)
                  0.02    0.00    5.01 v clkbuf_0_clk/A (sky130_fd_sc_hd__clkbuf_16)
                  0.06    0.16    5.18 v clkbuf_0_clk/X (sky130_fd_sc_hd__clkbuf_16)
     8    0.06                           clknet_0_clk (net)
                  0.06    0.00    5.18 v clkbuf_3_5__f_clk/A (sky130_fd_sc_hd__clkbuf_16)
                  0.04    0.17    5.34 v clkbuf_3_5__f_clk/X (sky130_fd_sc_hd__clkbuf_16)
    10    0.03                           clknet_3_5__leaf_clk (net)
                  0.04    0.00    5.34 v _234__1/A (sky130_fd_sc_hd__inv_2)
                  0.02    0.04    5.38 ^ _234__1/Y (sky130_fd_sc_hd__inv_2)
     1    0.00                           net33 (net)
                  0.02    0.00    5.38 ^ _436_/CLK (sky130_fd_sc_hd__dfxtp_1)
                  0.11    0.36    5.74 ^ _436_/Q (sky130_fd_sc_hd__dfxtp_1)
     2    0.01                           dut.rst_n (net)
                  0.11    0.00    5.74 ^ fanout9/A (sky130_fd_sc_hd__clkbuf_4)
                  0.11    0.21    5.96 ^ fanout9/X (sky130_fd_sc_hd__clkbuf_4)
    10    0.03                           net9 (net)
                  0.11    0.00    5.96 ^ _228_/B_N (sky130_fd_sc_hd__or2b_1)
                  0.08    0.29    6.24 v _228_/X (sky130_fd_sc_hd__or2b_1)
     3    0.01                           _074_ (net)
                  0.08    0.00    6.24 v _241_/D1 (sky130_fd_sc_hd__a2111o_2)
                  0.11    0.44    6.68 v _241_/X (sky130_fd_sc_hd__a2111o_2)
     5    0.02                           _084_ (net)
                  0.11    0.00    6.68 v _306_/A (sky130_fd_sc_hd__clkbuf_4)
                  0.10    0.24    6.92 v _306_/X (sky130_fd_sc_hd__clkbuf_4)
    10    0.04                           _129_ (net)
                  0.10    0.00    6.92 v _335_/S (sky130_fd_sc_hd__mux2_1)
                  0.06    0.34    7.26 v _335_/X (sky130_fd_sc_hd__mux2_1)
     1    0.00                           _148_ (net)
                  0.06    0.00    7.26 v _336_/A (sky130_fd_sc_hd__clkbuf_1)
                  0.03    0.10    7.36 v _336_/X (sky130_fd_sc_hd__clkbuf_1)
     1    0.00                           _033_ (net)
                  0.03    0.00    7.36 v _469_/D (sky130_fd_sc_hd__dfxtp_1)
                                  7.36   data arrival time

                         10.00   10.00   clock clk (rise edge)
                          0.00   10.00   clock source latency
                  0.04    0.03   10.03 ^ clk (in)
     1    0.01                           clk (net)
                  0.04    0.00   10.03 ^ clkbuf_0_clk/A (sky130_fd_sc_hd__clkbuf_16)
                  0.08    0.15   10.18 ^ clkbuf_0_clk/X (sky130_fd_sc_hd__clkbuf_16)
     8    0.06                           clknet_0_clk (net)
                  0.08    0.00   10.18 ^ clkbuf_3_4__f_clk/A (sky130_fd_sc_hd__clkbuf_16)
                  0.04    0.13   10.30 ^ clkbuf_3_4__f_clk/X (sky130_fd_sc_hd__clkbuf_16)
     8    0.02                           clknet_3_4__leaf_clk (net)
                  0.04    0.00   10.30 ^ _469_/CLK (sky130_fd_sc_hd__dfxtp_1)
                         -0.25   10.05   clock uncertainty
                          0.02   10.07   clock reconvergence pessimism
                         -0.10    9.97   library setup time
                                  9.97   data required time
-----------------------------------------------------------------------------
                                  9.97   data required time
                                 -7.36   data arrival time
-----------------------------------------------------------------------------
                                  2.61   slack (MET)


Startpoint: _436_ (rising edge-triggered flip-flop clocked by clk')
Endpoint: _437_ (rising edge-triggered flip-flop clocked by clk)
Path Group: clk
Path Type: max

Fanout     Cap    Slew   Delay    Time   Description
-----------------------------------------------------------------------------
                          5.00    5.00   clock clk' (rise edge)
                          0.00    5.00   clock source latency
                  0.02    0.01    5.01 v clk (in)
     1    0.01                           clk (net)
                  0.02    0.00    5.01 v clkbuf_0_clk/A (sky130_fd_sc_hd__clkbuf_16)
                  0.06    0.16    5.18 v clkbuf_0_clk/X (sky130_fd_sc_hd__clkbuf_16)
     8    0.06                           clknet_0_clk (net)
                  0.06    0.00    5.18 v clkbuf_3_5__f_clk/A (sky130_fd_sc_hd__clkbuf_16)
                  0.04    0.17    5.34 v clkbuf_3_5__f_clk/X (sky130_fd_sc_hd__clkbuf_16)
    10    0.03                           clknet_3_5__leaf_clk (net)
                  0.04    0.00    5.34 v _234__1/A (sky130_fd_sc_hd__inv_2)
                  0.02    0.04    5.38 ^ _234__1/Y (sky130_fd_sc_hd__inv_2)
     1    0.00                           net33 (net)
                  0.02    0.00    5.38 ^ _436_/CLK (sky130_fd_sc_hd__dfxtp_1)
                  0.11    0.36    5.74 ^ _436_/Q (sky130_fd_sc_hd__dfxtp_1)
     2    0.01                           dut.rst_n (net)
                  0.11    0.00    5.74 ^ fanout9/A (sky130_fd_sc_hd__clkbuf_4)
                  0.11    0.21    5.96 ^ fanout9/X (sky130_fd_sc_hd__clkbuf_4)
    10    0.03                           net9 (net)
                  0.11    0.00    5.96 ^ _228_/B_N (sky130_fd_sc_hd__or2b_1)
                  0.08    0.29    6.24 v _228_/X (sky130_fd_sc_hd__or2b_1)
     3    0.01                           _074_ (net)
                  0.08    0.00    6.24 v _241_/D1 (sky130_fd_sc_hd__a2111o_2)
                  0.11    0.44    6.68 v _241_/X (sky130_fd_sc_hd__a2111o_2)
     5    0.02                           _084_ (net)
                  0.11    0.00    6.68 v _242_/A (sky130_fd_sc_hd__clkbuf_4)
                  0.09    0.23    6.92 v _242_/X (sky130_fd_sc_hd__clkbuf_4)
    10    0.04                           _085_ (net)
                  0.10    0.00    6.92 v _243_/S (sky130_fd_sc_hd__mux2_1)
                  0.06    0.35    7.26 v _243_/X (sky130_fd_sc_hd__mux2_1)
     1    0.00                           _086_ (net)
                  0.06    0.00    7.26 v _244_/A (sky130_fd_sc_hd__clkbuf_1)
                  0.02    0.10    7.36 v _244_/X (sky130_fd_sc_hd__clkbuf_1)
     1    0.00                           _003_ (net)
                  0.02    0.00    7.36 v _437_/D (sky130_fd_sc_hd__dfxtp_1)
                                  7.36   data arrival time

                         10.00   10.00   clock clk (rise edge)
                          0.00   10.00   clock source latency
                  0.04    0.03   10.03 ^ clk (in)
     1    0.01                           clk (net)
                  0.04    0.00   10.03 ^ clkbuf_0_clk/A (sky130_fd_sc_hd__clkbuf_16)
                  0.08    0.15   10.18 ^ clkbuf_0_clk/X (sky130_fd_sc_hd__clkbuf_16)
     8    0.06                           clknet_0_clk (net)
                  0.08    0.00   10.18 ^ clkbuf_3_2__f_clk/A (sky130_fd_sc_hd__clkbuf_16)
                  0.04    0.13   10.31 ^ clkbuf_3_2__f_clk/X (sky130_fd_sc_hd__clkbuf_16)
     9    0.02                           clknet_3_2__leaf_clk (net)
                  0.04    0.00   10.31 ^ _437_/CLK (sky130_fd_sc_hd__dfxtp_1)
                         -0.25   10.06   clock uncertainty
                          0.02   10.07   clock reconvergence pessimism
                         -0.10    9.97   library setup time
                                  9.97   data required time
-----------------------------------------------------------------------------
                                  9.97   data required time
                                 -7.36   data arrival time
-----------------------------------------------------------------------------
                                  2.61   slack (MET)


Startpoint: _436_ (rising edge-triggered flip-flop clocked by clk')
Endpoint: _445_ (rising edge-triggered flip-flop clocked by clk)
Path Group: clk
Path Type: max

Fanout     Cap    Slew   Delay    Time   Description
-----------------------------------------------------------------------------
                          5.00    5.00   clock clk' (rise edge)
                          0.00    5.00   clock source latency
                  0.02    0.01    5.01 v clk (in)
     1    0.01                           clk (net)
                  0.02    0.00    5.01 v clkbuf_0_clk/A (sky130_fd_sc_hd__clkbuf_16)
                  0.06    0.16    5.18 v clkbuf_0_clk/X (sky130_fd_sc_hd__clkbuf_16)
     8    0.06                           clknet_0_clk (net)
                  0.06    0.00    5.18 v clkbuf_3_5__f_clk/A (sky130_fd_sc_hd__clkbuf_16)
                  0.04    0.17    5.34 v clkbuf_3_5__f_clk/X (sky130_fd_sc_hd__clkbuf_16)
    10    0.03                           clknet_3_5__leaf_clk (net)
                  0.04    0.00    5.34 v _234__1/A (sky130_fd_sc_hd__inv_2)
                  0.02    0.04    5.38 ^ _234__1/Y (sky130_fd_sc_hd__inv_2)
     1    0.00                           net33 (net)
                  0.02    0.00    5.38 ^ _436_/CLK (sky130_fd_sc_hd__dfxtp_1)
                  0.11    0.36    5.74 ^ _436_/Q (sky130_fd_sc_hd__dfxtp_1)
     2    0.01                           dut.rst_n (net)
                  0.11    0.00    5.74 ^ fanout9/A (sky130_fd_sc_hd__clkbuf_4)
                  0.11    0.21    5.96 ^ fanout9/X (sky130_fd_sc_hd__clkbuf_4)
    10    0.03                           net9 (net)
                  0.11    0.00    5.96 ^ _228_/B_N (sky130_fd_sc_hd__or2b_1)
                  0.08    0.29    6.24 v _228_/X (sky130_fd_sc_hd__or2b_1)
     3    0.01                           _074_ (net)
                  0.08    0.00    6.24 v _241_/D1 (sky130_fd_sc_hd__a2111o_2)
                  0.11    0.44    6.68 v _241_/X (sky130_fd_sc_hd__a2111o_2)
     5    0.02                           _084_ (net)
                  0.11    0.00    6.68 v _242_/A (sky130_fd_sc_hd__clkbuf_4)
                  0.09    0.23    6.92 v _242_/X (sky130_fd_sc_hd__clkbuf_4)
    10    0.04                           _085_ (net)
                  0.10    0.00    6.92 v _268_/S (sky130_fd_sc_hd__mux2_1)
                  0.06    0.34    7.26 v _268_/X (sky130_fd_sc_hd__mux2_1)
     1    0.00                           _103_ (net)
                  0.06    0.00    7.26 v _269_/A (sky130_fd_sc_hd__clkbuf_1)
                  0.02    0.09    7.35 v _269_/X (sky130_fd_sc_hd__clkbuf_1)
     1    0.00                           _011_ (net)
                  0.02    0.00    7.35 v _445_/D (sky130_fd_sc_hd__dfxtp_1)
                                  7.35   data arrival time

                         10.00   10.00   clock clk (rise edge)
                          0.00   10.00   clock source latency
                  0.04    0.03   10.03 ^ clk (in)
     1    0.01                           clk (net)
                  0.04    0.00   10.03 ^ clkbuf_0_clk/A (sky130_fd_sc_hd__clkbuf_16)
                  0.08    0.15   10.18 ^ clkbuf_0_clk/X (sky130_fd_sc_hd__clkbuf_16)
     8    0.06                           clknet_0_clk (net)
                  0.08    0.00   10.18 ^ clkbuf_3_2__f_clk/A (sky130_fd_sc_hd__clkbuf_16)
                  0.04    0.13   10.31 ^ clkbuf_3_2__f_clk/X (sky130_fd_sc_hd__clkbuf_16)
     9    0.02                           clknet_3_2__leaf_clk (net)
                  0.04    0.00   10.31 ^ _445_/CLK (sky130_fd_sc_hd__dfxtp_1)
                         -0.25   10.06   clock uncertainty
                          0.02   10.07   clock reconvergence pessimism
                         -0.10    9.97   library setup time
                                  9.97   data required time
-----------------------------------------------------------------------------
                                  9.97   data required time
                                 -7.35   data arrival time
-----------------------------------------------------------------------------
                                  2.62   slack (MET)


Startpoint: _436_ (rising edge-triggered flip-flop clocked by clk')
Endpoint: _444_ (rising edge-triggered flip-flop clocked by clk)
Path Group: clk
Path Type: max

Fanout     Cap    Slew   Delay    Time   Description
-----------------------------------------------------------------------------
                          5.00    5.00   clock clk' (rise edge)
                          0.00    5.00   clock source latency
                  0.02    0.01    5.01 v clk (in)
     1    0.01                           clk (net)
                  0.02    0.00    5.01 v clkbuf_0_clk/A (sky130_fd_sc_hd__clkbuf_16)
                  0.06    0.16    5.18 v clkbuf_0_clk/X (sky130_fd_sc_hd__clkbuf_16)
     8    0.06                           clknet_0_clk (net)
                  0.06    0.00    5.18 v clkbuf_3_5__f_clk/A (sky130_fd_sc_hd__clkbuf_16)
                  0.04    0.17    5.34 v clkbuf_3_5__f_clk/X (sky130_fd_sc_hd__clkbuf_16)
    10    0.03                           clknet_3_5__leaf_clk (net)
                  0.04    0.00    5.34 v _234__1/A (sky130_fd_sc_hd__inv_2)
                  0.02    0.04    5.38 ^ _234__1/Y (sky130_fd_sc_hd__inv_2)
     1    0.00                           net33 (net)
                  0.02    0.00    5.38 ^ _436_/CLK (sky130_fd_sc_hd__dfxtp_1)
                  0.11    0.36    5.74 ^ _436_/Q (sky130_fd_sc_hd__dfxtp_1)
     2    0.01                           dut.rst_n (net)
                  0.11    0.00    5.74 ^ fanout9/A (sky130_fd_sc_hd__clkbuf_4)
                  0.11    0.21    5.96 ^ fanout9/X (sky130_fd_sc_hd__clkbuf_4)
    10    0.03                           net9 (net)
                  0.11    0.00    5.96 ^ _228_/B_N (sky130_fd_sc_hd__or2b_1)
                  0.08    0.29    6.24 v _228_/X (sky130_fd_sc_hd__or2b_1)
     3    0.01                           _074_ (net)
                  0.08    0.00    6.24 v _241_/D1 (sky130_fd_sc_hd__a2111o_2)
                  0.11    0.44    6.68 v _241_/X (sky130_fd_sc_hd__a2111o_2)
     5    0.02                           _084_ (net)
                  0.11    0.00    6.68 v _242_/A (sky130_fd_sc_hd__clkbuf_4)
                  0.09    0.23    6.92 v _242_/X (sky130_fd_sc_hd__clkbuf_4)
    10    0.04                           _085_ (net)
                  0.10    0.00    6.92 v _264_/S (sky130_fd_sc_hd__mux2_1)
                  0.05    0.34    7.25 v _264_/X (sky130_fd_sc_hd__mux2_1)
     1    0.00                           _100_ (net)
                  0.05    0.00    7.25 v _265_/A (sky130_fd_sc_hd__clkbuf_1)
                  0.03    0.10    7.35 v _265_/X (sky130_fd_sc_hd__clkbuf_1)
     1    0.00                           _010_ (net)
                  0.03    0.00    7.35 v _444_/D (sky130_fd_sc_hd__dfxtp_1)
                                  7.35   data arrival time

                         10.00   10.00   clock clk (rise edge)
                          0.00   10.00   clock source latency
                  0.04    0.03   10.03 ^ clk (in)
     1    0.01                           clk (net)
                  0.04    0.00   10.03 ^ clkbuf_0_clk/A (sky130_fd_sc_hd__clkbuf_16)
                  0.08    0.15   10.18 ^ clkbuf_0_clk/X (sky130_fd_sc_hd__clkbuf_16)
     8    0.06                           clknet_0_clk (net)
                  0.08    0.00   10.18 ^ clkbuf_3_2__f_clk/A (sky130_fd_sc_hd__clkbuf_16)
                  0.04    0.13   10.31 ^ clkbuf_3_2__f_clk/X (sky130_fd_sc_hd__clkbuf_16)
     9    0.02                           clknet_3_2__leaf_clk (net)
                  0.04    0.00   10.31 ^ _444_/CLK (sky130_fd_sc_hd__dfxtp_1)
                         -0.25   10.06   clock uncertainty
                          0.02   10.07   clock reconvergence pessimism
                         -0.10    9.97   library setup time
                                  9.97   data required time
-----------------------------------------------------------------------------
                                  9.97   data required time
                                 -7.35   data arrival time
-----------------------------------------------------------------------------
                                  2.62   slack (MET)


Startpoint: _436_ (rising edge-triggered flip-flop clocked by clk')
Endpoint: _473_ (rising edge-triggered flip-flop clocked by clk)
Path Group: clk
Path Type: max

Fanout     Cap    Slew   Delay    Time   Description
-----------------------------------------------------------------------------
                          5.00    5.00   clock clk' (rise edge)
                          0.00    5.00   clock source latency
                  0.02    0.01    5.01 v clk (in)
     1    0.01                           clk (net)
                  0.02    0.00    5.01 v clkbuf_0_clk/A (sky130_fd_sc_hd__clkbuf_16)
                  0.06    0.16    5.18 v clkbuf_0_clk/X (sky130_fd_sc_hd__clkbuf_16)
     8    0.06                           clknet_0_clk (net)
                  0.06    0.00    5.18 v clkbuf_3_5__f_clk/A (sky130_fd_sc_hd__clkbuf_16)
                  0.04    0.17    5.34 v clkbuf_3_5__f_clk/X (sky130_fd_sc_hd__clkbuf_16)
    10    0.03                           clknet_3_5__leaf_clk (net)
                  0.04    0.00    5.34 v _234__1/A (sky130_fd_sc_hd__inv_2)
                  0.02    0.04    5.38 ^ _234__1/Y (sky130_fd_sc_hd__inv_2)
     1    0.00                           net33 (net)
                  0.02    0.00    5.38 ^ _436_/CLK (sky130_fd_sc_hd__dfxtp_1)
                  0.11    0.36    5.74 ^ _436_/Q (sky130_fd_sc_hd__dfxtp_1)
     2    0.01                           dut.rst_n (net)
                  0.11    0.00    5.74 ^ fanout9/A (sky130_fd_sc_hd__clkbuf_4)
                  0.11    0.21    5.96 ^ fanout9/X (sky130_fd_sc_hd__clkbuf_4)
    10    0.03                           net9 (net)
                  0.11    0.00    5.96 ^ _228_/B_N (sky130_fd_sc_hd__or2b_1)
                  0.08    0.29    6.24 v _228_/X (sky130_fd_sc_hd__or2b_1)
     3    0.01                           _074_ (net)
                  0.08    0.00    6.24 v _241_/D1 (sky130_fd_sc_hd__a2111o_2)
                  0.11    0.44    6.68 v _241_/X (sky130_fd_sc_hd__a2111o_2)
     5    0.02                           _084_ (net)
                  0.11    0.00    6.68 v _306_/A (sky130_fd_sc_hd__clkbuf_4)
                  0.10    0.24    6.92 v _306_/X (sky130_fd_sc_hd__clkbuf_4)
    10    0.04                           _129_ (net)
                  0.10    0.00    6.92 v _354_/S (sky130_fd_sc_hd__mux2_1)
                  0.06    0.34    7.26 v _354_/X (sky130_fd_sc_hd__mux2_1)
     1    0.00                           _163_ (net)
                  0.06    0.00    7.26 v _355_/A (sky130_fd_sc_hd__clkbuf_1)
                  0.02    0.09    7.36 v _355_/X (sky130_fd_sc_hd__clkbuf_1)
     1    0.00                           _037_ (net)
                  0.02    0.00    7.36 v _473_/D (sky130_fd_sc_hd__dfxtp_1)
                                  7.36   data arrival time

                         10.00   10.00   clock clk (rise edge)
                          0.00   10.00   clock source latency
                  0.04    0.03   10.03 ^ clk (in)
     1    0.01                           clk (net)
                  0.04    0.00   10.03 ^ clkbuf_0_clk/A (sky130_fd_sc_hd__clkbuf_16)
                  0.08    0.15   10.18 ^ clkbuf_0_clk/X (sky130_fd_sc_hd__clkbuf_16)
     8    0.06                           clknet_0_clk (net)
                  0.08    0.00   10.18 ^ clkbuf_3_1__f_clk/A (sky130_fd_sc_hd__clkbuf_16)
                  0.05    0.13   10.31 ^ clkbuf_3_1__f_clk/X (sky130_fd_sc_hd__clkbuf_16)
    12    0.02                           clknet_3_1__leaf_clk (net)
                  0.05    0.00   10.31 ^ _473_/CLK (sky130_fd_sc_hd__dfxtp_1)
                         -0.25   10.06   clock uncertainty
                          0.02   10.08   clock reconvergence pessimism
                         -0.10    9.98   library setup time
                                  9.98   data required time
-----------------------------------------------------------------------------
                                  9.98   data required time
                                 -7.36   data arrival time
-----------------------------------------------------------------------------
                                  2.62   slack (MET)


Startpoint: _436_ (rising edge-triggered flip-flop clocked by clk')
Endpoint: _439_ (rising edge-triggered flip-flop clocked by clk)
Path Group: clk
Path Type: max

Fanout     Cap    Slew   Delay    Time   Description
-----------------------------------------------------------------------------
                          5.00    5.00   clock clk' (rise edge)
                          0.00    5.00   clock source latency
                  0.02    0.01    5.01 v clk (in)
     1    0.01                           clk (net)
                  0.02    0.00    5.01 v clkbuf_0_clk/A (sky130_fd_sc_hd__clkbuf_16)
                  0.06    0.16    5.18 v clkbuf_0_clk/X (sky130_fd_sc_hd__clkbuf_16)
     8    0.06                           clknet_0_clk (net)
                  0.06    0.00    5.18 v clkbuf_3_5__f_clk/A (sky130_fd_sc_hd__clkbuf_16)
                  0.04    0.17    5.34 v clkbuf_3_5__f_clk/X (sky130_fd_sc_hd__clkbuf_16)
    10    0.03                           clknet_3_5__leaf_clk (net)
                  0.04    0.00    5.34 v _234__1/A (sky130_fd_sc_hd__inv_2)
                  0.02    0.04    5.38 ^ _234__1/Y (sky130_fd_sc_hd__inv_2)
     1    0.00                           net33 (net)
                  0.02    0.00    5.38 ^ _436_/CLK (sky130_fd_sc_hd__dfxtp_1)
                  0.11    0.36    5.74 ^ _436_/Q (sky130_fd_sc_hd__dfxtp_1)
     2    0.01                           dut.rst_n (net)
                  0.11    0.00    5.74 ^ fanout9/A (sky130_fd_sc_hd__clkbuf_4)
                  0.11    0.21    5.96 ^ fanout9/X (sky130_fd_sc_hd__clkbuf_4)
    10    0.03                           net9 (net)
                  0.11    0.00    5.96 ^ _228_/B_N (sky130_fd_sc_hd__or2b_1)
                  0.08    0.29    6.24 v _228_/X (sky130_fd_sc_hd__or2b_1)
     3    0.01                           _074_ (net)
                  0.08    0.00    6.24 v _241_/D1 (sky130_fd_sc_hd__a2111o_2)
                  0.11    0.44    6.68 v _241_/X (sky130_fd_sc_hd__a2111o_2)
     5    0.02                           _084_ (net)
                  0.11    0.00    6.68 v _242_/A (sky130_fd_sc_hd__clkbuf_4)
                  0.09    0.23    6.92 v _242_/X (sky130_fd_sc_hd__clkbuf_4)
    10    0.04                           _085_ (net)
                  0.10    0.00    6.92 v _249_/S (sky130_fd_sc_hd__mux2_1)
                  0.06    0.34    7.26 v _249_/X (sky130_fd_sc_hd__mux2_1)
     1    0.00                           _090_ (net)
                  0.06    0.00    7.26 v _250_/A (sky130_fd_sc_hd__clkbuf_1)
                  0.02    0.09    7.35 v _250_/X (sky130_fd_sc_hd__clkbuf_1)
     1    0.00                           _005_ (net)
                  0.02    0.00    7.35 v _439_/D (sky130_fd_sc_hd__dfxtp_1)
                                  7.35   data arrival time

                         10.00   10.00   clock clk (rise edge)
                          0.00   10.00   clock source latency
                  0.04    0.03   10.03 ^ clk (in)
     1    0.01                           clk (net)
                  0.04    0.00   10.03 ^ clkbuf_0_clk/A (sky130_fd_sc_hd__clkbuf_16)
                  0.08    0.15   10.18 ^ clkbuf_0_clk/X (sky130_fd_sc_hd__clkbuf_16)
     8    0.06                           clknet_0_clk (net)
                  0.08    0.00   10.18 ^ clkbuf_3_2__f_clk/A (sky130_fd_sc_hd__clkbuf_16)
                  0.04    0.13   10.31 ^ clkbuf_3_2__f_clk/X (sky130_fd_sc_hd__clkbuf_16)
     9    0.02                           clknet_3_2__leaf_clk (net)
                  0.04    0.00   10.31 ^ _439_/CLK (sky130_fd_sc_hd__dfxtp_1)
                         -0.25   10.06   clock uncertainty
                          0.02   10.07   clock reconvergence pessimism
                         -0.10    9.97   library setup time
                                  9.97   data required time
-----------------------------------------------------------------------------
                                  9.97   data required time
                                 -7.35   data arrival time
-----------------------------------------------------------------------------
                                  2.62   slack (MET)


Startpoint: _436_ (rising edge-triggered flip-flop clocked by clk')
Endpoint: _446_ (rising edge-triggered flip-flop clocked by clk)
Path Group: clk
Path Type: max

Fanout     Cap    Slew   Delay    Time   Description
-----------------------------------------------------------------------------
                          5.00    5.00   clock clk' (rise edge)
                          0.00    5.00   clock source latency
                  0.02    0.01    5.01 v clk (in)
     1    0.01                           clk (net)
                  0.02    0.00    5.01 v clkbuf_0_clk/A (sky130_fd_sc_hd__clkbuf_16)
                  0.06    0.16    5.18 v clkbuf_0_clk/X (sky130_fd_sc_hd__clkbuf_16)
     8    0.06                           clknet_0_clk (net)
                  0.06    0.00    5.18 v clkbuf_3_5__f_clk/A (sky130_fd_sc_hd__clkbuf_16)
                  0.04    0.17    5.34 v clkbuf_3_5__f_clk/X (sky130_fd_sc_hd__clkbuf_16)
    10    0.03                           clknet_3_5__leaf_clk (net)
                  0.04    0.00    5.34 v _234__1/A (sky130_fd_sc_hd__inv_2)
                  0.02    0.04    5.38 ^ _234__1/Y (sky130_fd_sc_hd__inv_2)
     1    0.00                           net33 (net)
                  0.02    0.00    5.38 ^ _436_/CLK (sky130_fd_sc_hd__dfxtp_1)
                  0.11    0.36    5.74 ^ _436_/Q (sky130_fd_sc_hd__dfxtp_1)
     2    0.01                           dut.rst_n (net)
                  0.11    0.00    5.74 ^ fanout9/A (sky130_fd_sc_hd__clkbuf_4)
                  0.11    0.21    5.96 ^ fanout9/X (sky130_fd_sc_hd__clkbuf_4)
    10    0.03                           net9 (net)
                  0.11    0.00    5.96 ^ _228_/B_N (sky130_fd_sc_hd__or2b_1)
                  0.08    0.29    6.24 v _228_/X (sky130_fd_sc_hd__or2b_1)
     3    0.01                           _074_ (net)
                  0.08    0.00    6.24 v _241_/D1 (sky130_fd_sc_hd__a2111o_2)
                  0.11    0.44    6.68 v _241_/X (sky130_fd_sc_hd__a2111o_2)
     5    0.02                           _084_ (net)
                  0.11    0.00    6.68 v _242_/A (sky130_fd_sc_hd__clkbuf_4)
                  0.09    0.23    6.92 v _242_/X (sky130_fd_sc_hd__clkbuf_4)
    10    0.04                           _085_ (net)
                  0.10    0.00    6.92 v _271_/S (sky130_fd_sc_hd__mux2_1)
                  0.06    0.34    7.26 v _271_/X (sky130_fd_sc_hd__mux2_1)
     1    0.00                           _105_ (net)
                  0.06    0.00    7.26 v _272_/A (sky130_fd_sc_hd__clkbuf_1)
                  0.02    0.09    7.35 v _272_/X (sky130_fd_sc_hd__clkbuf_1)
     1    0.00                           _012_ (net)
                  0.02    0.00    7.35 v _446_/D (sky130_fd_sc_hd__dfxtp_1)
                                  7.35   data arrival time

                         10.00   10.00   clock clk (rise edge)
                          0.00   10.00   clock source latency
                  0.04    0.03   10.03 ^ clk (in)
     1    0.01                           clk (net)
                  0.04    0.00   10.03 ^ clkbuf_0_clk/A (sky130_fd_sc_hd__clkbuf_16)
                  0.08    0.15   10.18 ^ clkbuf_0_clk/X (sky130_fd_sc_hd__clkbuf_16)
     8    0.06                           clknet_0_clk (net)
                  0.08    0.00   10.18 ^ clkbuf_3_2__f_clk/A (sky130_fd_sc_hd__clkbuf_16)
                  0.04    0.13   10.31 ^ clkbuf_3_2__f_clk/X (sky130_fd_sc_hd__clkbuf_16)
     9    0.02                           clknet_3_2__leaf_clk (net)
                  0.04    0.00   10.31 ^ _446_/CLK (sky130_fd_sc_hd__dfxtp_1)
                         -0.25   10.06   clock uncertainty
                          0.02   10.07   clock reconvergence pessimism
                         -0.10    9.97   library setup time
                                  9.97   data required time
-----------------------------------------------------------------------------
                                  9.97   data required time
                                 -7.35   data arrival time
-----------------------------------------------------------------------------
                                  2.62   slack (MET)


Startpoint: _436_ (rising edge-triggered flip-flop clocked by clk')
Endpoint: _472_ (rising edge-triggered flip-flop clocked by clk)
Path Group: clk
Path Type: max

Fanout     Cap    Slew   Delay    Time   Description
-----------------------------------------------------------------------------
                          5.00    5.00   clock clk' (rise edge)
                          0.00    5.00   clock source latency
                  0.02    0.01    5.01 v clk (in)
     1    0.01                           clk (net)
                  0.02    0.00    5.01 v clkbuf_0_clk/A (sky130_fd_sc_hd__clkbuf_16)
                  0.06    0.16    5.18 v clkbuf_0_clk/X (sky130_fd_sc_hd__clkbuf_16)
     8    0.06                           clknet_0_clk (net)
                  0.06    0.00    5.18 v clkbuf_3_5__f_clk/A (sky130_fd_sc_hd__clkbuf_16)
                  0.04    0.17    5.34 v clkbuf_3_5__f_clk/X (sky130_fd_sc_hd__clkbuf_16)
    10    0.03                           clknet_3_5__leaf_clk (net)
                  0.04    0.00    5.34 v _234__1/A (sky130_fd_sc_hd__inv_2)
                  0.02    0.04    5.38 ^ _234__1/Y (sky130_fd_sc_hd__inv_2)
     1    0.00                           net33 (net)
                  0.02    0.00    5.38 ^ _436_/CLK (sky130_fd_sc_hd__dfxtp_1)
                  0.11    0.36    5.74 ^ _436_/Q (sky130_fd_sc_hd__dfxtp_1)
     2    0.01                           dut.rst_n (net)
                  0.11    0.00    5.74 ^ fanout9/A (sky130_fd_sc_hd__clkbuf_4)
                  0.11    0.21    5.96 ^ fanout9/X (sky130_fd_sc_hd__clkbuf_4)
    10    0.03                           net9 (net)
                  0.11    0.00    5.96 ^ _228_/B_N (sky130_fd_sc_hd__or2b_1)
                  0.08    0.29    6.24 v _228_/X (sky130_fd_sc_hd__or2b_1)
     3    0.01                           _074_ (net)
                  0.08    0.00    6.24 v _241_/D1 (sky130_fd_sc_hd__a2111o_2)
                  0.11    0.44    6.68 v _241_/X (sky130_fd_sc_hd__a2111o_2)
     5    0.02                           _084_ (net)
                  0.11    0.00    6.68 v _306_/A (sky130_fd_sc_hd__clkbuf_4)
                  0.10    0.24    6.92 v _306_/X (sky130_fd_sc_hd__clkbuf_4)
    10    0.04                           _129_ (net)
                  0.10    0.00    6.92 v _344_/S (sky130_fd_sc_hd__mux2_1)
                  0.06    0.34    7.26 v _344_/X (sky130_fd_sc_hd__mux2_1)
     1    0.00                           _154_ (net)
                  0.06    0.00    7.26 v _345_/A (sky130_fd_sc_hd__clkbuf_1)
                  0.03    0.10    7.36 v _345_/X (sky130_fd_sc_hd__clkbuf_1)
     1    0.00                           _036_ (net)
                  0.03    0.00    7.36 v _472_/D (sky130_fd_sc_hd__dfxtp_1)
                                  7.36   data arrival time

                         10.00   10.00   clock clk (rise edge)
                          0.00   10.00   clock source latency
                  0.04    0.03   10.03 ^ clk (in)
     1    0.01                           clk (net)
                  0.04    0.00   10.03 ^ clkbuf_0_clk/A (sky130_fd_sc_hd__clkbuf_16)
                  0.08    0.15   10.18 ^ clkbuf_0_clk/X (sky130_fd_sc_hd__clkbuf_16)
     8    0.06                           clknet_0_clk (net)
                  0.08    0.00   10.18 ^ clkbuf_3_0__f_clk/A (sky130_fd_sc_hd__clkbuf_16)
                  0.05    0.14   10.32 ^ clkbuf_3_0__f_clk/X (sky130_fd_sc_hd__clkbuf_16)
    10    0.03                           clknet_3_0__leaf_clk (net)
                  0.05    0.00   10.32 ^ _472_/CLK (sky130_fd_sc_hd__dfxtp_1)
                         -0.25   10.07   clock uncertainty
                          0.02   10.09   clock reconvergence pessimism
                         -0.10    9.98   library setup time
                                  9.98   data required time
-----------------------------------------------------------------------------
                                  9.98   data required time
                                 -7.36   data arrival time
-----------------------------------------------------------------------------
                                  2.62   slack (MET)


Startpoint: _436_ (rising edge-triggered flip-flop clocked by clk')
Endpoint: _438_ (rising edge-triggered flip-flop clocked by clk)
Path Group: clk
Path Type: max

Fanout     Cap    Slew   Delay    Time   Description
-----------------------------------------------------------------------------
                          5.00    5.00   clock clk' (rise edge)
                          0.00    5.00   clock source latency
                  0.02    0.01    5.01 v clk (in)
     1    0.01                           clk (net)
                  0.02    0.00    5.01 v clkbuf_0_clk/A (sky130_fd_sc_hd__clkbuf_16)
                  0.06    0.16    5.18 v clkbuf_0_clk/X (sky130_fd_sc_hd__clkbuf_16)
     8    0.06                           clknet_0_clk (net)
                  0.06    0.00    5.18 v clkbuf_3_5__f_clk/A (sky130_fd_sc_hd__clkbuf_16)
                  0.04    0.17    5.34 v clkbuf_3_5__f_clk/X (sky130_fd_sc_hd__clkbuf_16)
    10    0.03                           clknet_3_5__leaf_clk (net)
                  0.04    0.00    5.34 v _234__1/A (sky130_fd_sc_hd__inv_2)
                  0.02    0.04    5.38 ^ _234__1/Y (sky130_fd_sc_hd__inv_2)
     1    0.00                           net33 (net)
                  0.02    0.00    5.38 ^ _436_/CLK (sky130_fd_sc_hd__dfxtp_1)
                  0.11    0.36    5.74 ^ _436_/Q (sky130_fd_sc_hd__dfxtp_1)
     2    0.01                           dut.rst_n (net)
                  0.11    0.00    5.74 ^ fanout9/A (sky130_fd_sc_hd__clkbuf_4)
                  0.11    0.21    5.96 ^ fanout9/X (sky130_fd_sc_hd__clkbuf_4)
    10    0.03                           net9 (net)
                  0.11    0.00    5.96 ^ _228_/B_N (sky130_fd_sc_hd__or2b_1)
                  0.08    0.29    6.24 v _228_/X (sky130_fd_sc_hd__or2b_1)
     3    0.01                           _074_ (net)
                  0.08    0.00    6.24 v _241_/D1 (sky130_fd_sc_hd__a2111o_2)
                  0.11    0.44    6.68 v _241_/X (sky130_fd_sc_hd__a2111o_2)
     5    0.02                           _084_ (net)
                  0.11    0.00    6.68 v _242_/A (sky130_fd_sc_hd__clkbuf_4)
                  0.09    0.23    6.92 v _242_/X (sky130_fd_sc_hd__clkbuf_4)
    10    0.04                           _085_ (net)
                  0.10    0.00    6.92 v _246_/S (sky130_fd_sc_hd__mux2_1)
                  0.06    0.34    7.25 v _246_/X (sky130_fd_sc_hd__mux2_1)
     1    0.00                           _088_ (net)
                  0.06    0.00    7.25 v _247_/A (sky130_fd_sc_hd__clkbuf_1)
                  0.02    0.09    7.35 v _247_/X (sky130_fd_sc_hd__clkbuf_1)
     1    0.00                           _004_ (net)
                  0.02    0.00    7.35 v _438_/D (sky130_fd_sc_hd__dfxtp_1)
                                  7.35   data arrival time

                         10.00   10.00   clock clk (rise edge)
                          0.00   10.00   clock source latency
                  0.04    0.03   10.03 ^ clk (in)
     1    0.01                           clk (net)
                  0.04    0.00   10.03 ^ clkbuf_0_clk/A (sky130_fd_sc_hd__clkbuf_16)
                  0.08    0.15   10.18 ^ clkbuf_0_clk/X (sky130_fd_sc_hd__clkbuf_16)
     8    0.06                           clknet_0_clk (net)
                  0.08    0.00   10.18 ^ clkbuf_3_2__f_clk/A (sky130_fd_sc_hd__clkbuf_16)
                  0.04    0.13   10.31 ^ clkbuf_3_2__f_clk/X (sky130_fd_sc_hd__clkbuf_16)
     9    0.02                           clknet_3_2__leaf_clk (net)
                  0.04    0.00   10.31 ^ _438_/CLK (sky130_fd_sc_hd__dfxtp_1)
                         -0.25   10.06   clock uncertainty
                          0.02   10.07   clock reconvergence pessimism
                         -0.10    9.97   library setup time
                                  9.97   data required time
-----------------------------------------------------------------------------
                                  9.97   data required time
                                 -7.35   data arrival time
-----------------------------------------------------------------------------
                                  2.62   slack (MET)


Startpoint: _436_ (rising edge-triggered flip-flop clocked by clk')
Endpoint: _470_ (rising edge-triggered flip-flop clocked by clk)
Path Group: clk
Path Type: max

Fanout     Cap    Slew   Delay    Time   Description
-----------------------------------------------------------------------------
                          5.00    5.00   clock clk' (rise edge)
                          0.00    5.00   clock source latency
                  0.02    0.01    5.01 v clk (in)
     1    0.01                           clk (net)
                  0.02    0.00    5.01 v clkbuf_0_clk/A (sky130_fd_sc_hd__clkbuf_16)
                  0.06    0.16    5.18 v clkbuf_0_clk/X (sky130_fd_sc_hd__clkbuf_16)
     8    0.06                           clknet_0_clk (net)
                  0.06    0.00    5.18 v clkbuf_3_5__f_clk/A (sky130_fd_sc_hd__clkbuf_16)
                  0.04    0.17    5.34 v clkbuf_3_5__f_clk/X (sky130_fd_sc_hd__clkbuf_16)
    10    0.03                           clknet_3_5__leaf_clk (net)
                  0.04    0.00    5.34 v _234__1/A (sky130_fd_sc_hd__inv_2)
                  0.02    0.04    5.38 ^ _234__1/Y (sky130_fd_sc_hd__inv_2)
     1    0.00                           net33 (net)
                  0.02    0.00    5.38 ^ _436_/CLK (sky130_fd_sc_hd__dfxtp_1)
                  0.11    0.36    5.74 ^ _436_/Q (sky130_fd_sc_hd__dfxtp_1)
     2    0.01                           dut.rst_n (net)
                  0.11    0.00    5.74 ^ fanout9/A (sky130_fd_sc_hd__clkbuf_4)
                  0.11    0.21    5.96 ^ fanout9/X (sky130_fd_sc_hd__clkbuf_4)
    10    0.03                           net9 (net)
                  0.11    0.00    5.96 ^ _228_/B_N (sky130_fd_sc_hd__or2b_1)
                  0.08    0.29    6.24 v _228_/X (sky130_fd_sc_hd__or2b_1)
     3    0.01                           _074_ (net)
                  0.08    0.00    6.24 v _241_/D1 (sky130_fd_sc_hd__a2111o_2)
                  0.11    0.44    6.68 v _241_/X (sky130_fd_sc_hd__a2111o_2)
     5    0.02                           _084_ (net)
                  0.11    0.00    6.68 v _306_/A (sky130_fd_sc_hd__clkbuf_4)
                  0.10    0.24    6.92 v _306_/X (sky130_fd_sc_hd__clkbuf_4)
    10    0.04                           _129_ (net)
                  0.10    0.00    6.92 v _338_/S (sky130_fd_sc_hd__mux2_1)
                  0.05    0.33    7.25 v _338_/X (sky130_fd_sc_hd__mux2_1)
     1    0.00                           _150_ (net)
                  0.05    0.00    7.26 v _339_/A (sky130_fd_sc_hd__clkbuf_1)
                  0.03    0.10    7.35 v _339_/X (sky130_fd_sc_hd__clkbuf_1)
     1    0.00                           _034_ (net)
                  0.03    0.00    7.35 v _470_/D (sky130_fd_sc_hd__dfxtp_1)
                                  7.35   data arrival time

                         10.00   10.00   clock clk (rise edge)
                          0.00   10.00   clock source latency
                  0.04    0.03   10.03 ^ clk (in)
     1    0.01                           clk (net)
                  0.04    0.00   10.03 ^ clkbuf_0_clk/A (sky130_fd_sc_hd__clkbuf_16)
                  0.08    0.15   10.18 ^ clkbuf_0_clk/X (sky130_fd_sc_hd__clkbuf_16)
     8    0.06                           clknet_0_clk (net)
                  0.08    0.00   10.18 ^ clkbuf_3_1__f_clk/A (sky130_fd_sc_hd__clkbuf_16)
                  0.05    0.13   10.31 ^ clkbuf_3_1__f_clk/X (sky130_fd_sc_hd__clkbuf_16)
    12    0.02                           clknet_3_1__leaf_clk (net)
                  0.05    0.00   10.31 ^ _470_/CLK (sky130_fd_sc_hd__dfxtp_1)
                         -0.25   10.06   clock uncertainty
                          0.02   10.08   clock reconvergence pessimism
                         -0.10    9.98   library setup time
                                  9.98   data required time
-----------------------------------------------------------------------------
                                  9.98   data required time
                                 -7.35   data arrival time
-----------------------------------------------------------------------------
                                  2.62   slack (MET)


Startpoint: _436_ (rising edge-triggered flip-flop clocked by clk')
Endpoint: _471_ (rising edge-triggered flip-flop clocked by clk)
Path Group: clk
Path Type: max

Fanout     Cap    Slew   Delay    Time   Description
-----------------------------------------------------------------------------
                          5.00    5.00   clock clk' (rise edge)
                          0.00    5.00   clock source latency
                  0.02    0.01    5.01 v clk (in)
     1    0.01                           clk (net)
                  0.02    0.00    5.01 v clkbuf_0_clk/A (sky130_fd_sc_hd__clkbuf_16)
                  0.06    0.16    5.18 v clkbuf_0_clk/X (sky130_fd_sc_hd__clkbuf_16)
     8    0.06                           clknet_0_clk (net)
                  0.06    0.00    5.18 v clkbuf_3_5__f_clk/A (sky130_fd_sc_hd__clkbuf_16)
                  0.04    0.17    5.34 v clkbuf_3_5__f_clk/X (sky130_fd_sc_hd__clkbuf_16)
    10    0.03                           clknet_3_5__leaf_clk (net)
                  0.04    0.00    5.34 v _234__1/A (sky130_fd_sc_hd__inv_2)
                  0.02    0.04    5.38 ^ _234__1/Y (sky130_fd_sc_hd__inv_2)
     1    0.00                           net33 (net)
                  0.02    0.00    5.38 ^ _436_/CLK (sky130_fd_sc_hd__dfxtp_1)
                  0.11    0.36    5.74 ^ _436_/Q (sky130_fd_sc_hd__dfxtp_1)
     2    0.01                           dut.rst_n (net)
                  0.11    0.00    5.74 ^ fanout9/A (sky130_fd_sc_hd__clkbuf_4)
                  0.11    0.21    5.96 ^ fanout9/X (sky130_fd_sc_hd__clkbuf_4)
    10    0.03                           net9 (net)
                  0.11    0.00    5.96 ^ _228_/B_N (sky130_fd_sc_hd__or2b_1)
                  0.08    0.29    6.24 v _228_/X (sky130_fd_sc_hd__or2b_1)
     3    0.01                           _074_ (net)
                  0.08    0.00    6.24 v _241_/D1 (sky130_fd_sc_hd__a2111o_2)
                  0.11    0.44    6.68 v _241_/X (sky130_fd_sc_hd__a2111o_2)
     5    0.02                           _084_ (net)
                  0.11    0.00    6.68 v _306_/A (sky130_fd_sc_hd__clkbuf_4)
                  0.10    0.24    6.92 v _306_/X (sky130_fd_sc_hd__clkbuf_4)
    10    0.04                           _129_ (net)
                  0.10    0.00    6.92 v _341_/S (sky130_fd_sc_hd__mux2_1)
                  0.06    0.34    7.26 v _341_/X (sky130_fd_sc_hd__mux2_1)
     1    0.00                           _152_ (net)
                  0.06    0.00    7.26 v _342_/A (sky130_fd_sc_hd__clkbuf_1)
                  0.02    0.09    7.35 v _342_/X (sky130_fd_sc_hd__clkbuf_1)
     1    0.00                           _035_ (net)
                  0.02    0.00    7.35 v _471_/D (sky130_fd_sc_hd__dfxtp_1)
                                  7.35   data arrival time

                         10.00   10.00   clock clk (rise edge)
                          0.00   10.00   clock source latency
                  0.04    0.03   10.03 ^ clk (in)
     1    0.01                           clk (net)
                  0.04    0.00   10.03 ^ clkbuf_0_clk/A (sky130_fd_sc_hd__clkbuf_16)
                  0.08    0.15   10.18 ^ clkbuf_0_clk/X (sky130_fd_sc_hd__clkbuf_16)
     8    0.06                           clknet_0_clk (net)
                  0.08    0.00   10.18 ^ clkbuf_3_1__f_clk/A (sky130_fd_sc_hd__clkbuf_16)
                  0.05    0.13   10.31 ^ clkbuf_3_1__f_clk/X (sky130_fd_sc_hd__clkbuf_16)
    12    0.02                           clknet_3_1__leaf_clk (net)
                  0.05    0.00   10.31 ^ _471_/CLK (sky130_fd_sc_hd__dfxtp_1)
                         -0.25   10.06   clock uncertainty
                          0.02   10.08   clock reconvergence pessimism
                         -0.10    9.98   library setup time
                                  9.98   data required time
-----------------------------------------------------------------------------
                                  9.98   data required time
                                 -7.35   data arrival time
-----------------------------------------------------------------------------
                                  2.63   slack (MET)


Startpoint: _436_ (rising edge-triggered flip-flop clocked by clk')
Endpoint: _457_ (rising edge-triggered flip-flop clocked by clk)
Path Group: clk
Path Type: max

Fanout     Cap    Slew   Delay    Time   Description
-----------------------------------------------------------------------------
                          5.00    5.00   clock clk' (rise edge)
                          0.00    5.00   clock source latency
                  0.02    0.01    5.01 v clk (in)
     1    0.01                           clk (net)
                  0.02    0.00    5.01 v clkbuf_0_clk/A (sky130_fd_sc_hd__clkbuf_16)
                  0.06    0.16    5.18 v clkbuf_0_clk/X (sky130_fd_sc_hd__clkbuf_16)
     8    0.06                           clknet_0_clk (net)
                  0.06    0.00    5.18 v clkbuf_3_5__f_clk/A (sky130_fd_sc_hd__clkbuf_16)
                  0.04    0.17    5.34 v clkbuf_3_5__f_clk/X (sky130_fd_sc_hd__clkbuf_16)
    10    0.03                           clknet_3_5__leaf_clk (net)
                  0.04    0.00    5.34 v _234__1/A (sky130_fd_sc_hd__inv_2)
                  0.02    0.04    5.38 ^ _234__1/Y (sky130_fd_sc_hd__inv_2)
     1    0.00                           net33 (net)
                  0.02    0.00    5.38 ^ _436_/CLK (sky130_fd_sc_hd__dfxtp_1)
                  0.11    0.36    5.74 ^ _436_/Q (sky130_fd_sc_hd__dfxtp_1)
     2    0.01                           dut.rst_n (net)
                  0.11    0.00    5.74 ^ fanout9/A (sky130_fd_sc_hd__clkbuf_4)
                  0.11    0.21    5.96 ^ fanout9/X (sky130_fd_sc_hd__clkbuf_4)
    10    0.03                           net9 (net)
                  0.11    0.00    5.96 ^ _228_/B_N (sky130_fd_sc_hd__or2b_1)
                  0.08    0.29    6.24 v _228_/X (sky130_fd_sc_hd__or2b_1)
     3    0.01                           _074_ (net)
                  0.08    0.00    6.24 v _241_/D1 (sky130_fd_sc_hd__a2111o_2)
                  0.11    0.44    6.68 v _241_/X (sky130_fd_sc_hd__a2111o_2)
     5    0.02                           _084_ (net)
                  0.11    0.00    6.68 v _306_/A (sky130_fd_sc_hd__clkbuf_4)
                  0.10    0.24    6.92 v _306_/X (sky130_fd_sc_hd__clkbuf_4)
    10    0.04                           _129_ (net)
                  0.10    0.00    6.92 v _307_/S (sky130_fd_sc_hd__mux2_1)
                  0.05    0.34    7.26 v _307_/X (sky130_fd_sc_hd__mux2_1)
     1    0.00                           _130_ (net)
                  0.05    0.00    7.26 v _308_/A (sky130_fd_sc_hd__clkbuf_1)
                  0.02    0.09    7.35 v _308_/X (sky130_fd_sc_hd__clkbuf_1)
     1    0.00                           _023_ (net)
                  0.02    0.00    7.35 v _457_/D (sky130_fd_sc_hd__dfxtp_1)
                                  7.35   data arrival time

                         10.00   10.00   clock clk (rise edge)
                          0.00   10.00   clock source latency
                  0.04    0.03   10.03 ^ clk (in)
     1    0.01                           clk (net)
                  0.04    0.00   10.03 ^ clkbuf_0_clk/A (sky130_fd_sc_hd__clkbuf_16)
                  0.08    0.15   10.18 ^ clkbuf_0_clk/X (sky130_fd_sc_hd__clkbuf_16)
     8    0.06                           clknet_0_clk (net)
                  0.08    0.00   10.18 ^ clkbuf_3_1__f_clk/A (sky130_fd_sc_hd__clkbuf_16)
                  0.05    0.13   10.31 ^ clkbuf_3_1__f_clk/X (sky130_fd_sc_hd__clkbuf_16)
    12    0.02                           clknet_3_1__leaf_clk (net)
                  0.05    0.00   10.31 ^ _457_/CLK (sky130_fd_sc_hd__dfxtp_1)
                         -0.25   10.06   clock uncertainty
                          0.02   10.08   clock reconvergence pessimism
                         -0.10    9.98   library setup time
                                  9.98   data required time
-----------------------------------------------------------------------------
                                  9.98   data required time
                                 -7.35   data arrival time
-----------------------------------------------------------------------------
                                  2.63   slack (MET)


Startpoint: _436_ (rising edge-triggered flip-flop clocked by clk')
Endpoint: _459_ (rising edge-triggered flip-flop clocked by clk)
Path Group: clk
Path Type: max

Fanout     Cap    Slew   Delay    Time   Description
-----------------------------------------------------------------------------
                          5.00    5.00   clock clk' (rise edge)
                          0.00    5.00   clock source latency
                  0.02    0.01    5.01 v clk (in)
     1    0.01                           clk (net)
                  0.02    0.00    5.01 v clkbuf_0_clk/A (sky130_fd_sc_hd__clkbuf_16)
                  0.06    0.16    5.18 v clkbuf_0_clk/X (sky130_fd_sc_hd__clkbuf_16)
     8    0.06                           clknet_0_clk (net)
                  0.06    0.00    5.18 v clkbuf_3_5__f_clk/A (sky130_fd_sc_hd__clkbuf_16)
                  0.04    0.17    5.34 v clkbuf_3_5__f_clk/X (sky130_fd_sc_hd__clkbuf_16)
    10    0.03                           clknet_3_5__leaf_clk (net)
                  0.04    0.00    5.34 v _234__1/A (sky130_fd_sc_hd__inv_2)
                  0.02    0.04    5.38 ^ _234__1/Y (sky130_fd_sc_hd__inv_2)
     1    0.00                           net33 (net)
                  0.02    0.00    5.38 ^ _436_/CLK (sky130_fd_sc_hd__dfxtp_1)
                  0.11    0.36    5.74 ^ _436_/Q (sky130_fd_sc_hd__dfxtp_1)
     2    0.01                           dut.rst_n (net)
                  0.11    0.00    5.74 ^ fanout9/A (sky130_fd_sc_hd__clkbuf_4)
                  0.11    0.21    5.96 ^ fanout9/X (sky130_fd_sc_hd__clkbuf_4)
    10    0.03                           net9 (net)
                  0.11    0.00    5.96 ^ _228_/B_N (sky130_fd_sc_hd__or2b_1)
                  0.08    0.29    6.24 v _228_/X (sky130_fd_sc_hd__or2b_1)
     3    0.01                           _074_ (net)
                  0.08    0.00    6.24 v _241_/D1 (sky130_fd_sc_hd__a2111o_2)
                  0.11    0.44    6.68 v _241_/X (sky130_fd_sc_hd__a2111o_2)
     5    0.02                           _084_ (net)
                  0.11    0.00    6.68 v _306_/A (sky130_fd_sc_hd__clkbuf_4)
                  0.10    0.24    6.92 v _306_/X (sky130_fd_sc_hd__clkbuf_4)
    10    0.04                           _129_ (net)
                  0.10    0.00    6.92 v _313_/S (sky130_fd_sc_hd__mux2_1)
                  0.06    0.34    7.26 v _313_/X (sky130_fd_sc_hd__mux2_1)
     1    0.00                           _134_ (net)
                  0.06    0.00    7.26 v _314_/A (sky130_fd_sc_hd__clkbuf_1)
                  0.02    0.09    7.35 v _314_/X (sky130_fd_sc_hd__clkbuf_1)
     1    0.00                           _025_ (net)
                  0.02    0.00    7.35 v _459_/D (sky130_fd_sc_hd__dfxtp_1)
                                  7.35   data arrival time

                         10.00   10.00   clock clk (rise edge)
                          0.00   10.00   clock source latency
                  0.04    0.03   10.03 ^ clk (in)
     1    0.01                           clk (net)
                  0.04    0.00   10.03 ^ clkbuf_0_clk/A (sky130_fd_sc_hd__clkbuf_16)
                  0.08    0.15   10.18 ^ clkbuf_0_clk/X (sky130_fd_sc_hd__clkbuf_16)
     8    0.06                           clknet_0_clk (net)
                  0.08    0.00   10.18 ^ clkbuf_3_1__f_clk/A (sky130_fd_sc_hd__clkbuf_16)
                  0.05    0.13   10.31 ^ clkbuf_3_1__f_clk/X (sky130_fd_sc_hd__clkbuf_16)
    12    0.02                           clknet_3_1__leaf_clk (net)
                  0.05    0.00   10.31 ^ _459_/CLK (sky130_fd_sc_hd__dfxtp_1)
                         -0.25   10.06   clock uncertainty
                          0.02   10.08   clock reconvergence pessimism
                         -0.10    9.98   library setup time
                                  9.98   data required time
-----------------------------------------------------------------------------
                                  9.98   data required time
                                 -7.35   data arrival time
-----------------------------------------------------------------------------
                                  2.63   slack (MET)


Startpoint: _436_ (rising edge-triggered flip-flop clocked by clk')
Endpoint: _442_ (rising edge-triggered flip-flop clocked by clk)
Path Group: clk
Path Type: max

Fanout     Cap    Slew   Delay    Time   Description
-----------------------------------------------------------------------------
                          5.00    5.00   clock clk' (rise edge)
                          0.00    5.00   clock source latency
                  0.02    0.01    5.01 v clk (in)
     1    0.01                           clk (net)
                  0.02    0.00    5.01 v clkbuf_0_clk/A (sky130_fd_sc_hd__clkbuf_16)
                  0.06    0.16    5.18 v clkbuf_0_clk/X (sky130_fd_sc_hd__clkbuf_16)
     8    0.06                           clknet_0_clk (net)
                  0.06    0.00    5.18 v clkbuf_3_5__f_clk/A (sky130_fd_sc_hd__clkbuf_16)
                  0.04    0.17    5.34 v clkbuf_3_5__f_clk/X (sky130_fd_sc_hd__clkbuf_16)
    10    0.03                           clknet_3_5__leaf_clk (net)
                  0.04    0.00    5.34 v _234__1/A (sky130_fd_sc_hd__inv_2)
                  0.02    0.04    5.38 ^ _234__1/Y (sky130_fd_sc_hd__inv_2)
     1    0.00                           net33 (net)
                  0.02    0.00    5.38 ^ _436_/CLK (sky130_fd_sc_hd__dfxtp_1)
                  0.11    0.36    5.74 ^ _436_/Q (sky130_fd_sc_hd__dfxtp_1)
     2    0.01                           dut.rst_n (net)
                  0.11    0.00    5.74 ^ fanout9/A (sky130_fd_sc_hd__clkbuf_4)
                  0.11    0.21    5.96 ^ fanout9/X (sky130_fd_sc_hd__clkbuf_4)
    10    0.03                           net9 (net)
                  0.11    0.00    5.96 ^ _228_/B_N (sky130_fd_sc_hd__or2b_1)
                  0.08    0.29    6.24 v _228_/X (sky130_fd_sc_hd__or2b_1)
     3    0.01                           _074_ (net)
                  0.08    0.00    6.24 v _241_/D1 (sky130_fd_sc_hd__a2111o_2)
                  0.11    0.44    6.68 v _241_/X (sky130_fd_sc_hd__a2111o_2)
     5    0.02                           _084_ (net)
                  0.11    0.00    6.68 v _242_/A (sky130_fd_sc_hd__clkbuf_4)
                  0.09    0.23    6.92 v _242_/X (sky130_fd_sc_hd__clkbuf_4)
    10    0.04                           _085_ (net)
                  0.10    0.00    6.92 v _258_/S (sky130_fd_sc_hd__mux2_1)
                  0.05    0.33    7.25 v _258_/X (sky130_fd_sc_hd__mux2_1)
     1    0.00                           _096_ (net)
                  0.05    0.00    7.25 v _259_/A (sky130_fd_sc_hd__clkbuf_1)
                  0.02    0.09    7.34 v _259_/X (sky130_fd_sc_hd__clkbuf_1)
     1    0.00                           _008_ (net)
                  0.02    0.00    7.34 v _442_/D (sky130_fd_sc_hd__dfxtp_1)
                                  7.34   data arrival time

                         10.00   10.00   clock clk (rise edge)
                          0.00   10.00   clock source latency
                  0.04    0.03   10.03 ^ clk (in)
     1    0.01                           clk (net)
                  0.04    0.00   10.03 ^ clkbuf_0_clk/A (sky130_fd_sc_hd__clkbuf_16)
                  0.08    0.15   10.18 ^ clkbuf_0_clk/X (sky130_fd_sc_hd__clkbuf_16)
     8    0.06                           clknet_0_clk (net)
                  0.08    0.00   10.18 ^ clkbuf_3_2__f_clk/A (sky130_fd_sc_hd__clkbuf_16)
                  0.04    0.13   10.31 ^ clkbuf_3_2__f_clk/X (sky130_fd_sc_hd__clkbuf_16)
     9    0.02                           clknet_3_2__leaf_clk (net)
                  0.04    0.00   10.31 ^ _442_/CLK (sky130_fd_sc_hd__dfxtp_1)
                         -0.25   10.06   clock uncertainty
                          0.02   10.07   clock reconvergence pessimism
                         -0.10    9.97   library setup time
                                  9.97   data required time
-----------------------------------------------------------------------------
                                  9.97   data required time
                                 -7.34   data arrival time
-----------------------------------------------------------------------------
                                  2.63   slack (MET)


Startpoint: _436_ (rising edge-triggered flip-flop clocked by clk')
Endpoint: _458_ (rising edge-triggered flip-flop clocked by clk)
Path Group: clk
Path Type: max

Fanout     Cap    Slew   Delay    Time   Description
-----------------------------------------------------------------------------
                          5.00    5.00   clock clk' (rise edge)
                          0.00    5.00   clock source latency
                  0.02    0.01    5.01 v clk (in)
     1    0.01                           clk (net)
                  0.02    0.00    5.01 v clkbuf_0_clk/A (sky130_fd_sc_hd__clkbuf_16)
                  0.06    0.16    5.18 v clkbuf_0_clk/X (sky130_fd_sc_hd__clkbuf_16)
     8    0.06                           clknet_0_clk (net)
                  0.06    0.00    5.18 v clkbuf_3_5__f_clk/A (sky130_fd_sc_hd__clkbuf_16)
                  0.04    0.17    5.34 v clkbuf_3_5__f_clk/X (sky130_fd_sc_hd__clkbuf_16)
    10    0.03                           clknet_3_5__leaf_clk (net)
                  0.04    0.00    5.34 v _234__1/A (sky130_fd_sc_hd__inv_2)
                  0.02    0.04    5.38 ^ _234__1/Y (sky130_fd_sc_hd__inv_2)
     1    0.00                           net33 (net)
                  0.02    0.00    5.38 ^ _436_/CLK (sky130_fd_sc_hd__dfxtp_1)
                  0.11    0.36    5.74 ^ _436_/Q (sky130_fd_sc_hd__dfxtp_1)
     2    0.01                           dut.rst_n (net)
                  0.11    0.00    5.74 ^ fanout9/A (sky130_fd_sc_hd__clkbuf_4)
                  0.11    0.21    5.96 ^ fanout9/X (sky130_fd_sc_hd__clkbuf_4)
    10    0.03                           net9 (net)
                  0.11    0.00    5.96 ^ _228_/B_N (sky130_fd_sc_hd__or2b_1)
                  0.08    0.29    6.24 v _228_/X (sky130_fd_sc_hd__or2b_1)
     3    0.01                           _074_ (net)
                  0.08    0.00    6.24 v _241_/D1 (sky130_fd_sc_hd__a2111o_2)
                  0.11    0.44    6.68 v _241_/X (sky130_fd_sc_hd__a2111o_2)
     5    0.02                           _084_ (net)
                  0.11    0.00    6.68 v _306_/A (sky130_fd_sc_hd__clkbuf_4)
                  0.10    0.24    6.92 v _306_/X (sky130_fd_sc_hd__clkbuf_4)
    10    0.04                           _129_ (net)
                  0.10    0.00    6.92 v _310_/S (sky130_fd_sc_hd__mux2_1)
                  0.05    0.34    7.26 v _310_/X (sky130_fd_sc_hd__mux2_1)
     1    0.00                           _132_ (net)
                  0.05    0.00    7.26 v _311_/A (sky130_fd_sc_hd__clkbuf_1)
                  0.02    0.09    7.35 v _311_/X (sky130_fd_sc_hd__clkbuf_1)
     1    0.00                           _024_ (net)
                  0.02    0.00    7.35 v _458_/D (sky130_fd_sc_hd__dfxtp_1)
                                  7.35   data arrival time

                         10.00   10.00   clock clk (rise edge)
                          0.00   10.00   clock source latency
                  0.04    0.03   10.03 ^ clk (in)
     1    0.01                           clk (net)
                  0.04    0.00   10.03 ^ clkbuf_0_clk/A (sky130_fd_sc_hd__clkbuf_16)
                  0.08    0.15   10.18 ^ clkbuf_0_clk/X (sky130_fd_sc_hd__clkbuf_16)
     8    0.06                           clknet_0_clk (net)
                  0.08    0.00   10.18 ^ clkbuf_3_1__f_clk/A (sky130_fd_sc_hd__clkbuf_16)
                  0.05    0.13   10.31 ^ clkbuf_3_1__f_clk/X (sky130_fd_sc_hd__clkbuf_16)
    12    0.02                           clknet_3_1__leaf_clk (net)
                  0.05    0.00   10.31 ^ _458_/CLK (sky130_fd_sc_hd__dfxtp_1)
                         -0.25   10.06   clock uncertainty
                          0.02   10.08   clock reconvergence pessimism
                         -0.10    9.98   library setup time
                                  9.98   data required time
-----------------------------------------------------------------------------
                                  9.98   data required time
                                 -7.35   data arrival time
-----------------------------------------------------------------------------
                                  2.63   slack (MET)


Startpoint: _436_ (rising edge-triggered flip-flop clocked by clk')
Endpoint: _441_ (rising edge-triggered flip-flop clocked by clk)
Path Group: clk
Path Type: max

Fanout     Cap    Slew   Delay    Time   Description
-----------------------------------------------------------------------------
                          5.00    5.00   clock clk' (rise edge)
                          0.00    5.00   clock source latency
                  0.02    0.01    5.01 v clk (in)
     1    0.01                           clk (net)
                  0.02    0.00    5.01 v clkbuf_0_clk/A (sky130_fd_sc_hd__clkbuf_16)
                  0.06    0.16    5.18 v clkbuf_0_clk/X (sky130_fd_sc_hd__clkbuf_16)
     8    0.06                           clknet_0_clk (net)
                  0.06    0.00    5.18 v clkbuf_3_5__f_clk/A (sky130_fd_sc_hd__clkbuf_16)
                  0.04    0.17    5.34 v clkbuf_3_5__f_clk/X (sky130_fd_sc_hd__clkbuf_16)
    10    0.03                           clknet_3_5__leaf_clk (net)
                  0.04    0.00    5.34 v _234__1/A (sky130_fd_sc_hd__inv_2)
                  0.02    0.04    5.38 ^ _234__1/Y (sky130_fd_sc_hd__inv_2)
     1    0.00                           net33 (net)
                  0.02    0.00    5.38 ^ _436_/CLK (sky130_fd_sc_hd__dfxtp_1)
                  0.11    0.36    5.74 ^ _436_/Q (sky130_fd_sc_hd__dfxtp_1)
     2    0.01                           dut.rst_n (net)
                  0.11    0.00    5.74 ^ fanout9/A (sky130_fd_sc_hd__clkbuf_4)
                  0.11    0.21    5.96 ^ fanout9/X (sky130_fd_sc_hd__clkbuf_4)
    10    0.03                           net9 (net)
                  0.11    0.00    5.96 ^ _228_/B_N (sky130_fd_sc_hd__or2b_1)
                  0.08    0.29    6.24 v _228_/X (sky130_fd_sc_hd__or2b_1)
     3    0.01                           _074_ (net)
                  0.08    0.00    6.24 v _241_/D1 (sky130_fd_sc_hd__a2111o_2)
                  0.11    0.44    6.68 v _241_/X (sky130_fd_sc_hd__a2111o_2)
     5    0.02                           _084_ (net)
                  0.11    0.00    6.68 v _242_/A (sky130_fd_sc_hd__clkbuf_4)
                  0.09    0.23    6.92 v _242_/X (sky130_fd_sc_hd__clkbuf_4)
    10    0.04                           _085_ (net)
                  0.10    0.00    6.92 v _255_/S (sky130_fd_sc_hd__mux2_1)
                  0.06    0.34    7.26 v _255_/X (sky130_fd_sc_hd__mux2_1)
     1    0.00                           _094_ (net)
                  0.06    0.00    7.26 v _256_/A (sky130_fd_sc_hd__clkbuf_1)
                  0.02    0.09    7.35 v _256_/X (sky130_fd_sc_hd__clkbuf_1)
     1    0.00                           _007_ (net)
                  0.02    0.00    7.35 v _441_/D (sky130_fd_sc_hd__dfxtp_1)
                                  7.35   data arrival time

                         10.00   10.00   clock clk (rise edge)
                          0.00   10.00   clock source latency
                  0.04    0.03   10.03 ^ clk (in)
     1    0.01                           clk (net)
                  0.04    0.00   10.03 ^ clkbuf_0_clk/A (sky130_fd_sc_hd__clkbuf_16)
                  0.08    0.15   10.18 ^ clkbuf_0_clk/X (sky130_fd_sc_hd__clkbuf_16)
     8    0.06                           clknet_0_clk (net)
                  0.08    0.00   10.18 ^ clkbuf_3_3__f_clk/A (sky130_fd_sc_hd__clkbuf_16)
                  0.05    0.14   10.32 ^ clkbuf_3_3__f_clk/X (sky130_fd_sc_hd__clkbuf_16)
    10    0.03                           clknet_3_3__leaf_clk (net)
                  0.05    0.00   10.32 ^ _441_/CLK (sky130_fd_sc_hd__dfxtp_1)
                         -0.25   10.07   clock uncertainty
                          0.02   10.08   clock reconvergence pessimism
                         -0.10    9.99   library setup time
                                  9.99   data required time
-----------------------------------------------------------------------------
                                  9.99   data required time
                                 -7.35   data arrival time
-----------------------------------------------------------------------------
                                  2.63   slack (MET)


Startpoint: _436_ (rising edge-triggered flip-flop clocked by clk')
Endpoint: _456_ (rising edge-triggered flip-flop clocked by clk)
Path Group: clk
Path Type: max

Fanout     Cap    Slew   Delay    Time   Description
-----------------------------------------------------------------------------
                          5.00    5.00   clock clk' (rise edge)
                          0.00    5.00   clock source latency
                  0.02    0.01    5.01 v clk (in)
     1    0.01                           clk (net)
                  0.02    0.00    5.01 v clkbuf_0_clk/A (sky130_fd_sc_hd__clkbuf_16)
                  0.06    0.16    5.18 v clkbuf_0_clk/X (sky130_fd_sc_hd__clkbuf_16)
     8    0.06                           clknet_0_clk (net)
                  0.06    0.00    5.18 v clkbuf_3_5__f_clk/A (sky130_fd_sc_hd__clkbuf_16)
                  0.04    0.17    5.34 v clkbuf_3_5__f_clk/X (sky130_fd_sc_hd__clkbuf_16)
    10    0.03                           clknet_3_5__leaf_clk (net)
                  0.04    0.00    5.34 v _234__1/A (sky130_fd_sc_hd__inv_2)
                  0.02    0.04    5.38 ^ _234__1/Y (sky130_fd_sc_hd__inv_2)
     1    0.00                           net33 (net)
                  0.02    0.00    5.38 ^ _436_/CLK (sky130_fd_sc_hd__dfxtp_1)
                  0.11    0.36    5.74 ^ _436_/Q (sky130_fd_sc_hd__dfxtp_1)
     2    0.01                           dut.rst_n (net)
                  0.11    0.00    5.74 ^ fanout9/A (sky130_fd_sc_hd__clkbuf_4)
                  0.11    0.21    5.96 ^ fanout9/X (sky130_fd_sc_hd__clkbuf_4)
    10    0.03                           net9 (net)
                  0.11    0.00    5.96 ^ _228_/B_N (sky130_fd_sc_hd__or2b_1)
                  0.08    0.29    6.24 v _228_/X (sky130_fd_sc_hd__or2b_1)
     3    0.01                           _074_ (net)
                  0.08    0.00    6.24 v _241_/D1 (sky130_fd_sc_hd__a2111o_2)
                  0.11    0.44    6.68 v _241_/X (sky130_fd_sc_hd__a2111o_2)
     5    0.02                           _084_ (net)
                  0.11    0.00    6.68 v _274_/A (sky130_fd_sc_hd__clkbuf_4)
                  0.08    0.22    6.90 v _274_/X (sky130_fd_sc_hd__clkbuf_4)
    10    0.03                           _107_ (net)
                  0.08    0.00    6.90 v _303_/S (sky130_fd_sc_hd__mux2_1)
                  0.06    0.34    7.24 v _303_/X (sky130_fd_sc_hd__mux2_1)
     1    0.00                           _127_ (net)
                  0.06    0.00    7.24 v _304_/A (sky130_fd_sc_hd__clkbuf_1)
                  0.03    0.10    7.34 v _304_/X (sky130_fd_sc_hd__clkbuf_1)
     1    0.00                           _022_ (net)
                  0.03    0.00    7.34 v _456_/D (sky130_fd_sc_hd__dfxtp_1)
                                  7.34   data arrival time

                         10.00   10.00   clock clk (rise edge)
                          0.00   10.00   clock source latency
                  0.04    0.03   10.03 ^ clk (in)
     1    0.01                           clk (net)
                  0.04    0.00   10.03 ^ clkbuf_0_clk/A (sky130_fd_sc_hd__clkbuf_16)
                  0.08    0.15   10.18 ^ clkbuf_0_clk/X (sky130_fd_sc_hd__clkbuf_16)
     8    0.06                           clknet_0_clk (net)
                  0.08    0.00   10.18 ^ clkbuf_3_1__f_clk/A (sky130_fd_sc_hd__clkbuf_16)
                  0.05    0.13   10.31 ^ clkbuf_3_1__f_clk/X (sky130_fd_sc_hd__clkbuf_16)
    12    0.02                           clknet_3_1__leaf_clk (net)
                  0.05    0.00   10.31 ^ _456_/CLK (sky130_fd_sc_hd__dfxtp_1)
                         -0.25   10.06   clock uncertainty
                          0.02   10.08   clock reconvergence pessimism
                         -0.10    9.98   library setup time
                                  9.98   data required time
-----------------------------------------------------------------------------
                                  9.98   data required time
                                 -7.34   data arrival time
-----------------------------------------------------------------------------
                                  2.64   slack (MET)


Startpoint: _436_ (rising edge-triggered flip-flop clocked by clk')
Endpoint: _440_ (rising edge-triggered flip-flop clocked by clk)
Path Group: clk
Path Type: max

Fanout     Cap    Slew   Delay    Time   Description
-----------------------------------------------------------------------------
                          5.00    5.00   clock clk' (rise edge)
                          0.00    5.00   clock source latency
                  0.02    0.01    5.01 v clk (in)
     1    0.01                           clk (net)
                  0.02    0.00    5.01 v clkbuf_0_clk/A (sky130_fd_sc_hd__clkbuf_16)
                  0.06    0.16    5.18 v clkbuf_0_clk/X (sky130_fd_sc_hd__clkbuf_16)
     8    0.06                           clknet_0_clk (net)
                  0.06    0.00    5.18 v clkbuf_3_5__f_clk/A (sky130_fd_sc_hd__clkbuf_16)
                  0.04    0.17    5.34 v clkbuf_3_5__f_clk/X (sky130_fd_sc_hd__clkbuf_16)
    10    0.03                           clknet_3_5__leaf_clk (net)
                  0.04    0.00    5.34 v _234__1/A (sky130_fd_sc_hd__inv_2)
                  0.02    0.04    5.38 ^ _234__1/Y (sky130_fd_sc_hd__inv_2)
     1    0.00                           net33 (net)
                  0.02    0.00    5.38 ^ _436_/CLK (sky130_fd_sc_hd__dfxtp_1)
                  0.11    0.36    5.74 ^ _436_/Q (sky130_fd_sc_hd__dfxtp_1)
     2    0.01                           dut.rst_n (net)
                  0.11    0.00    5.74 ^ fanout9/A (sky130_fd_sc_hd__clkbuf_4)
                  0.11    0.21    5.96 ^ fanout9/X (sky130_fd_sc_hd__clkbuf_4)
    10    0.03                           net9 (net)
                  0.11    0.00    5.96 ^ _228_/B_N (sky130_fd_sc_hd__or2b_1)
                  0.08    0.29    6.24 v _228_/X (sky130_fd_sc_hd__or2b_1)
     3    0.01                           _074_ (net)
                  0.08    0.00    6.24 v _241_/D1 (sky130_fd_sc_hd__a2111o_2)
                  0.11    0.44    6.68 v _241_/X (sky130_fd_sc_hd__a2111o_2)
     5    0.02                           _084_ (net)
                  0.11    0.00    6.68 v _242_/A (sky130_fd_sc_hd__clkbuf_4)
                  0.09    0.23    6.92 v _242_/X (sky130_fd_sc_hd__clkbuf_4)
    10    0.04                           _085_ (net)
                  0.10    0.00    6.92 v _252_/S (sky130_fd_sc_hd__mux2_1)
                  0.05    0.33    7.25 v _252_/X (sky130_fd_sc_hd__mux2_1)
     1    0.00                           _092_ (net)
                  0.05    0.00    7.25 v _253_/A (sky130_fd_sc_hd__clkbuf_1)
                  0.02    0.09    7.34 v _253_/X (sky130_fd_sc_hd__clkbuf_1)
     1    0.00                           _006_ (net)
                  0.02    0.00    7.34 v _440_/D (sky130_fd_sc_hd__dfxtp_1)
                                  7.34   data arrival time

                         10.00   10.00   clock clk (rise edge)
                          0.00   10.00   clock source latency
                  0.04    0.03   10.03 ^ clk (in)
     1    0.01                           clk (net)
                  0.04    0.00   10.03 ^ clkbuf_0_clk/A (sky130_fd_sc_hd__clkbuf_16)
                  0.08    0.15   10.18 ^ clkbuf_0_clk/X (sky130_fd_sc_hd__clkbuf_16)
     8    0.06                           clknet_0_clk (net)
                  0.08    0.00   10.18 ^ clkbuf_3_3__f_clk/A (sky130_fd_sc_hd__clkbuf_16)
                  0.05    0.14   10.32 ^ clkbuf_3_3__f_clk/X (sky130_fd_sc_hd__clkbuf_16)
    10    0.03                           clknet_3_3__leaf_clk (net)
                  0.05    0.00   10.32 ^ _440_/CLK (sky130_fd_sc_hd__dfxtp_1)
                         -0.25   10.07   clock uncertainty
                          0.02   10.08   clock reconvergence pessimism
                         -0.10    9.99   library setup time
                                  9.99   data required time
-----------------------------------------------------------------------------
                                  9.99   data required time
                                 -7.34   data arrival time
-----------------------------------------------------------------------------
                                  2.64   slack (MET)


Startpoint: _436_ (rising edge-triggered flip-flop clocked by clk')
Endpoint: _447_ (rising edge-triggered flip-flop clocked by clk)
Path Group: clk
Path Type: max

Fanout     Cap    Slew   Delay    Time   Description
-----------------------------------------------------------------------------
                          5.00    5.00   clock clk' (rise edge)
                          0.00    5.00   clock source latency
                  0.02    0.01    5.01 v clk (in)
     1    0.01                           clk (net)
                  0.02    0.00    5.01 v clkbuf_0_clk/A (sky130_fd_sc_hd__clkbuf_16)
                  0.06    0.16    5.18 v clkbuf_0_clk/X (sky130_fd_sc_hd__clkbuf_16)
     8    0.06                           clknet_0_clk (net)
                  0.06    0.00    5.18 v clkbuf_3_5__f_clk/A (sky130_fd_sc_hd__clkbuf_16)
                  0.04    0.17    5.34 v clkbuf_3_5__f_clk/X (sky130_fd_sc_hd__clkbuf_16)
    10    0.03                           clknet_3_5__leaf_clk (net)
                  0.04    0.00    5.34 v _234__1/A (sky130_fd_sc_hd__inv_2)
                  0.02    0.04    5.38 ^ _234__1/Y (sky130_fd_sc_hd__inv_2)
     1    0.00                           net33 (net)
                  0.02    0.00    5.38 ^ _436_/CLK (sky130_fd_sc_hd__dfxtp_1)
                  0.11    0.36    5.74 ^ _436_/Q (sky130_fd_sc_hd__dfxtp_1)
     2    0.01                           dut.rst_n (net)
                  0.11    0.00    5.74 ^ fanout9/A (sky130_fd_sc_hd__clkbuf_4)
                  0.11    0.21    5.96 ^ fanout9/X (sky130_fd_sc_hd__clkbuf_4)
    10    0.03                           net9 (net)
                  0.11    0.00    5.96 ^ _228_/B_N (sky130_fd_sc_hd__or2b_1)
                  0.08    0.29    6.24 v _228_/X (sky130_fd_sc_hd__or2b_1)
     3    0.01                           _074_ (net)
                  0.08    0.00    6.24 v _241_/D1 (sky130_fd_sc_hd__a2111o_2)
                  0.11    0.44    6.68 v _241_/X (sky130_fd_sc_hd__a2111o_2)
     5    0.02                           _084_ (net)
                  0.11    0.00    6.68 v _274_/A (sky130_fd_sc_hd__clkbuf_4)
                  0.08    0.22    6.90 v _274_/X (sky130_fd_sc_hd__clkbuf_4)
    10    0.03                           _107_ (net)
                  0.08    0.00    6.90 v _275_/S (sky130_fd_sc_hd__mux2_1)
                  0.06    0.33    7.23 v _275_/X (sky130_fd_sc_hd__mux2_1)
     1    0.00                           _108_ (net)
                  0.06    0.00    7.23 v _276_/A (sky130_fd_sc_hd__clkbuf_1)
                  0.03    0.10    7.33 v _276_/X (sky130_fd_sc_hd__clkbuf_1)
     1    0.00                           _013_ (net)
                  0.03    0.00    7.33 v _447_/D (sky130_fd_sc_hd__dfxtp_1)
                                  7.33   data arrival time

                         10.00   10.00   clock clk (rise edge)
                          0.00   10.00   clock source latency
                  0.04    0.03   10.03 ^ clk (in)
     1    0.01                           clk (net)
                  0.04    0.00   10.03 ^ clkbuf_0_clk/A (sky130_fd_sc_hd__clkbuf_16)
                  0.08    0.15   10.18 ^ clkbuf_0_clk/X (sky130_fd_sc_hd__clkbuf_16)
     8    0.06                           clknet_0_clk (net)
                  0.08    0.00   10.18 ^ clkbuf_3_0__f_clk/A (sky130_fd_sc_hd__clkbuf_16)
                  0.05    0.14   10.32 ^ clkbuf_3_0__f_clk/X (sky130_fd_sc_hd__clkbuf_16)
    10    0.03                           clknet_3_0__leaf_clk (net)
                  0.05    0.00   10.32 ^ _447_/CLK (sky130_fd_sc_hd__dfxtp_1)
                         -0.25   10.07   clock uncertainty
                          0.02   10.09   clock reconvergence pessimism
                         -0.10    9.98   library setup time
                                  9.98   data required time
-----------------------------------------------------------------------------
                                  9.98   data required time
                                 -7.33   data arrival time
-----------------------------------------------------------------------------
                                  2.65   slack (MET)


Startpoint: _436_ (rising edge-triggered flip-flop clocked by clk')
Endpoint: _455_ (rising edge-triggered flip-flop clocked by clk)
Path Group: clk
Path Type: max

Fanout     Cap    Slew   Delay    Time   Description
-----------------------------------------------------------------------------
                          5.00    5.00   clock clk' (rise edge)
                          0.00    5.00   clock source latency
                  0.02    0.01    5.01 v clk (in)
     1    0.01                           clk (net)
                  0.02    0.00    5.01 v clkbuf_0_clk/A (sky130_fd_sc_hd__clkbuf_16)
                  0.06    0.16    5.18 v clkbuf_0_clk/X (sky130_fd_sc_hd__clkbuf_16)
     8    0.06                           clknet_0_clk (net)
                  0.06    0.00    5.18 v clkbuf_3_5__f_clk/A (sky130_fd_sc_hd__clkbuf_16)
                  0.04    0.17    5.34 v clkbuf_3_5__f_clk/X (sky130_fd_sc_hd__clkbuf_16)
    10    0.03                           clknet_3_5__leaf_clk (net)
                  0.04    0.00    5.34 v _234__1/A (sky130_fd_sc_hd__inv_2)
                  0.02    0.04    5.38 ^ _234__1/Y (sky130_fd_sc_hd__inv_2)
     1    0.00                           net33 (net)
                  0.02    0.00    5.38 ^ _436_/CLK (sky130_fd_sc_hd__dfxtp_1)
                  0.11    0.36    5.74 ^ _436_/Q (sky130_fd_sc_hd__dfxtp_1)
     2    0.01                           dut.rst_n (net)
                  0.11    0.00    5.74 ^ fanout9/A (sky130_fd_sc_hd__clkbuf_4)
                  0.11    0.21    5.96 ^ fanout9/X (sky130_fd_sc_hd__clkbuf_4)
    10    0.03                           net9 (net)
                  0.11    0.00    5.96 ^ _228_/B_N (sky130_fd_sc_hd__or2b_1)
                  0.08    0.29    6.24 v _228_/X (sky130_fd_sc_hd__or2b_1)
     3    0.01                           _074_ (net)
                  0.08    0.00    6.24 v _241_/D1 (sky130_fd_sc_hd__a2111o_2)
                  0.11    0.44    6.68 v _241_/X (sky130_fd_sc_hd__a2111o_2)
     5    0.02                           _084_ (net)
                  0.11    0.00    6.68 v _274_/A (sky130_fd_sc_hd__clkbuf_4)
                  0.08    0.22    6.90 v _274_/X (sky130_fd_sc_hd__clkbuf_4)
    10    0.03                           _107_ (net)
                  0.08    0.00    6.90 v _300_/S (sky130_fd_sc_hd__mux2_1)
                  0.05    0.33    7.23 v _300_/X (sky130_fd_sc_hd__mux2_1)
     1    0.00                           _125_ (net)
                  0.05    0.00    7.23 v _301_/A (sky130_fd_sc_hd__clkbuf_1)
                  0.03    0.09    7.32 v _301_/X (sky130_fd_sc_hd__clkbuf_1)
     1    0.00                           _021_ (net)
                  0.03    0.00    7.32 v _455_/D (sky130_fd_sc_hd__dfxtp_1)
                                  7.32   data arrival time

                         10.00   10.00   clock clk (rise edge)
                          0.00   10.00   clock source latency
                  0.04    0.03   10.03 ^ clk (in)
     1    0.01                           clk (net)
                  0.04    0.00   10.03 ^ clkbuf_0_clk/A (sky130_fd_sc_hd__clkbuf_16)
                  0.08    0.15   10.18 ^ clkbuf_0_clk/X (sky130_fd_sc_hd__clkbuf_16)
     8    0.06                           clknet_0_clk (net)
                  0.08    0.00   10.18 ^ clkbuf_3_1__f_clk/A (sky130_fd_sc_hd__clkbuf_16)
                  0.05    0.13   10.31 ^ clkbuf_3_1__f_clk/X (sky130_fd_sc_hd__clkbuf_16)
    12    0.02                           clknet_3_1__leaf_clk (net)
                  0.05    0.00   10.31 ^ _455_/CLK (sky130_fd_sc_hd__dfxtp_1)
                         -0.25   10.06   clock uncertainty
                          0.02   10.08   clock reconvergence pessimism
                         -0.10    9.98   library setup time
                                  9.98   data required time
-----------------------------------------------------------------------------
                                  9.98   data required time
                                 -7.32   data arrival time
-----------------------------------------------------------------------------
                                  2.65   slack (MET)


Startpoint: _436_ (rising edge-triggered flip-flop clocked by clk')
Endpoint: _449_ (rising edge-triggered flip-flop clocked by clk)
Path Group: clk
Path Type: max

Fanout     Cap    Slew   Delay    Time   Description
-----------------------------------------------------------------------------
                          5.00    5.00   clock clk' (rise edge)
                          0.00    5.00   clock source latency
                  0.02    0.01    5.01 v clk (in)
     1    0.01                           clk (net)
                  0.02    0.00    5.01 v clkbuf_0_clk/A (sky130_fd_sc_hd__clkbuf_16)
                  0.06    0.16    5.18 v clkbuf_0_clk/X (sky130_fd_sc_hd__clkbuf_16)
     8    0.06                           clknet_0_clk (net)
                  0.06    0.00    5.18 v clkbuf_3_5__f_clk/A (sky130_fd_sc_hd__clkbuf_16)
                  0.04    0.17    5.34 v clkbuf_3_5__f_clk/X (sky130_fd_sc_hd__clkbuf_16)
    10    0.03                           clknet_3_5__leaf_clk (net)
                  0.04    0.00    5.34 v _234__1/A (sky130_fd_sc_hd__inv_2)
                  0.02    0.04    5.38 ^ _234__1/Y (sky130_fd_sc_hd__inv_2)
     1    0.00                           net33 (net)
                  0.02    0.00    5.38 ^ _436_/CLK (sky130_fd_sc_hd__dfxtp_1)
                  0.11    0.36    5.74 ^ _436_/Q (sky130_fd_sc_hd__dfxtp_1)
     2    0.01                           dut.rst_n (net)
                  0.11    0.00    5.74 ^ fanout9/A (sky130_fd_sc_hd__clkbuf_4)
                  0.11    0.21    5.96 ^ fanout9/X (sky130_fd_sc_hd__clkbuf_4)
    10    0.03                           net9 (net)
                  0.11    0.00    5.96 ^ _228_/B_N (sky130_fd_sc_hd__or2b_1)
                  0.08    0.29    6.24 v _228_/X (sky130_fd_sc_hd__or2b_1)
     3    0.01                           _074_ (net)
                  0.08    0.00    6.24 v _241_/D1 (sky130_fd_sc_hd__a2111o_2)
                  0.11    0.44    6.68 v _241_/X (sky130_fd_sc_hd__a2111o_2)
     5    0.02                           _084_ (net)
                  0.11    0.00    6.68 v _274_/A (sky130_fd_sc_hd__clkbuf_4)
                  0.08    0.22    6.90 v _274_/X (sky130_fd_sc_hd__clkbuf_4)
    10    0.03                           _107_ (net)
                  0.08    0.00    6.90 v _281_/S (sky130_fd_sc_hd__mux2_1)
                  0.06    0.33    7.23 v _281_/X (sky130_fd_sc_hd__mux2_1)
     1    0.00                           _112_ (net)
                  0.06    0.00    7.23 v _282_/A (sky130_fd_sc_hd__clkbuf_1)
                  0.03    0.10    7.33 v _282_/X (sky130_fd_sc_hd__clkbuf_1)
     1    0.00                           _015_ (net)
                  0.03    0.00    7.33 v _449_/D (sky130_fd_sc_hd__dfxtp_1)
                                  7.33   data arrival time

                         10.00   10.00   clock clk (rise edge)
                          0.00   10.00   clock source latency
                  0.04    0.03   10.03 ^ clk (in)
     1    0.01                           clk (net)
                  0.04    0.00   10.03 ^ clkbuf_0_clk/A (sky130_fd_sc_hd__clkbuf_16)
                  0.08    0.15   10.18 ^ clkbuf_0_clk/X (sky130_fd_sc_hd__clkbuf_16)
     8    0.06                           clknet_0_clk (net)
                  0.08    0.00   10.18 ^ clkbuf_3_0__f_clk/A (sky130_fd_sc_hd__clkbuf_16)
                  0.05    0.14   10.32 ^ clkbuf_3_0__f_clk/X (sky130_fd_sc_hd__clkbuf_16)
    10    0.03                           clknet_3_0__leaf_clk (net)
                  0.05    0.00   10.32 ^ _449_/CLK (sky130_fd_sc_hd__dfxtp_1)
                         -0.25   10.07   clock uncertainty
                          0.02   10.09   clock reconvergence pessimism
                         -0.10    9.98   library setup time
                                  9.98   data required time
-----------------------------------------------------------------------------
                                  9.98   data required time
                                 -7.33   data arrival time
-----------------------------------------------------------------------------
                                  2.66   slack (MET)


Startpoint: _436_ (rising edge-triggered flip-flop clocked by clk')
Endpoint: _454_ (rising edge-triggered flip-flop clocked by clk)
Path Group: clk
Path Type: max

Fanout     Cap    Slew   Delay    Time   Description
-----------------------------------------------------------------------------
                          5.00    5.00   clock clk' (rise edge)
                          0.00    5.00   clock source latency
                  0.02    0.01    5.01 v clk (in)
     1    0.01                           clk (net)
                  0.02    0.00    5.01 v clkbuf_0_clk/A (sky130_fd_sc_hd__clkbuf_16)
                  0.06    0.16    5.18 v clkbuf_0_clk/X (sky130_fd_sc_hd__clkbuf_16)
     8    0.06                           clknet_0_clk (net)
                  0.06    0.00    5.18 v clkbuf_3_5__f_clk/A (sky130_fd_sc_hd__clkbuf_16)
                  0.04    0.17    5.34 v clkbuf_3_5__f_clk/X (sky130_fd_sc_hd__clkbuf_16)
    10    0.03                           clknet_3_5__leaf_clk (net)
                  0.04    0.00    5.34 v _234__1/A (sky130_fd_sc_hd__inv_2)
                  0.02    0.04    5.38 ^ _234__1/Y (sky130_fd_sc_hd__inv_2)
     1    0.00                           net33 (net)
                  0.02    0.00    5.38 ^ _436_/CLK (sky130_fd_sc_hd__dfxtp_1)
                  0.11    0.36    5.74 ^ _436_/Q (sky130_fd_sc_hd__dfxtp_1)
     2    0.01                           dut.rst_n (net)
                  0.11    0.00    5.74 ^ fanout9/A (sky130_fd_sc_hd__clkbuf_4)
                  0.11    0.21    5.96 ^ fanout9/X (sky130_fd_sc_hd__clkbuf_4)
    10    0.03                           net9 (net)
                  0.11    0.00    5.96 ^ _228_/B_N (sky130_fd_sc_hd__or2b_1)
                  0.08    0.29    6.24 v _228_/X (sky130_fd_sc_hd__or2b_1)
     3    0.01                           _074_ (net)
                  0.08    0.00    6.24 v _241_/D1 (sky130_fd_sc_hd__a2111o_2)
                  0.11    0.44    6.68 v _241_/X (sky130_fd_sc_hd__a2111o_2)
     5    0.02                           _084_ (net)
                  0.11    0.00    6.68 v _274_/A (sky130_fd_sc_hd__clkbuf_4)
                  0.08    0.22    6.90 v _274_/X (sky130_fd_sc_hd__clkbuf_4)
    10    0.03                           _107_ (net)
                  0.08    0.00    6.90 v _296_/S (sky130_fd_sc_hd__mux2_1)
                  0.05    0.33    7.23 v _296_/X (sky130_fd_sc_hd__mux2_1)
     1    0.00                           _122_ (net)
                  0.05    0.00    7.23 v _297_/A (sky130_fd_sc_hd__clkbuf_1)
                  0.03    0.10    7.33 v _297_/X (sky130_fd_sc_hd__clkbuf_1)
     1    0.00                           _020_ (net)
                  0.03    0.00    7.33 v _454_/D (sky130_fd_sc_hd__dfxtp_1)
                                  7.33   data arrival time

                         10.00   10.00   clock clk (rise edge)
                          0.00   10.00   clock source latency
                  0.04    0.03   10.03 ^ clk (in)
     1    0.01                           clk (net)
                  0.04    0.00   10.03 ^ clkbuf_0_clk/A (sky130_fd_sc_hd__clkbuf_16)
                  0.08    0.15   10.18 ^ clkbuf_0_clk/X (sky130_fd_sc_hd__clkbuf_16)
     8    0.06                           clknet_0_clk (net)
                  0.08    0.00   10.18 ^ clkbuf_3_0__f_clk/A (sky130_fd_sc_hd__clkbuf_16)
                  0.05    0.14   10.32 ^ clkbuf_3_0__f_clk/X (sky130_fd_sc_hd__clkbuf_16)
    10    0.03                           clknet_3_0__leaf_clk (net)
                  0.05    0.00   10.32 ^ _454_/CLK (sky130_fd_sc_hd__dfxtp_1)
                         -0.25   10.07   clock uncertainty
                          0.02   10.09   clock reconvergence pessimism
                         -0.10    9.98   library setup time
                                  9.98   data required time
-----------------------------------------------------------------------------
                                  9.98   data required time
                                 -7.33   data arrival time
-----------------------------------------------------------------------------
                                  2.66   slack (MET)


Startpoint: _436_ (rising edge-triggered flip-flop clocked by clk')
Endpoint: _453_ (rising edge-triggered flip-flop clocked by clk)
Path Group: clk
Path Type: max

Fanout     Cap    Slew   Delay    Time   Description
-----------------------------------------------------------------------------
                          5.00    5.00   clock clk' (rise edge)
                          0.00    5.00   clock source latency
                  0.02    0.01    5.01 v clk (in)
     1    0.01                           clk (net)
                  0.02    0.00    5.01 v clkbuf_0_clk/A (sky130_fd_sc_hd__clkbuf_16)
                  0.06    0.16    5.18 v clkbuf_0_clk/X (sky130_fd_sc_hd__clkbuf_16)
     8    0.06                           clknet_0_clk (net)
                  0.06    0.00    5.18 v clkbuf_3_5__f_clk/A (sky130_fd_sc_hd__clkbuf_16)
                  0.04    0.17    5.34 v clkbuf_3_5__f_clk/X (sky130_fd_sc_hd__clkbuf_16)
    10    0.03                           clknet_3_5__leaf_clk (net)
                  0.04    0.00    5.34 v _234__1/A (sky130_fd_sc_hd__inv_2)
                  0.02    0.04    5.38 ^ _234__1/Y (sky130_fd_sc_hd__inv_2)
     1    0.00                           net33 (net)
                  0.02    0.00    5.38 ^ _436_/CLK (sky130_fd_sc_hd__dfxtp_1)
                  0.11    0.36    5.74 ^ _436_/Q (sky130_fd_sc_hd__dfxtp_1)
     2    0.01                           dut.rst_n (net)
                  0.11    0.00    5.74 ^ fanout9/A (sky130_fd_sc_hd__clkbuf_4)
                  0.11    0.21    5.96 ^ fanout9/X (sky130_fd_sc_hd__clkbuf_4)
    10    0.03                           net9 (net)
                  0.11    0.00    5.96 ^ _228_/B_N (sky130_fd_sc_hd__or2b_1)
                  0.08    0.29    6.24 v _228_/X (sky130_fd_sc_hd__or2b_1)
     3    0.01                           _074_ (net)
                  0.08    0.00    6.24 v _241_/D1 (sky130_fd_sc_hd__a2111o_2)
                  0.11    0.44    6.68 v _241_/X (sky130_fd_sc_hd__a2111o_2)
     5    0.02                           _084_ (net)
                  0.11    0.00    6.68 v _274_/A (sky130_fd_sc_hd__clkbuf_4)
                  0.08    0.22    6.90 v _274_/X (sky130_fd_sc_hd__clkbuf_4)
    10    0.03                           _107_ (net)
                  0.08    0.00    6.90 v _293_/S (sky130_fd_sc_hd__mux2_1)
                  0.05    0.33    7.23 v _293_/X (sky130_fd_sc_hd__mux2_1)
     1    0.00                           _120_ (net)
                  0.05    0.00    7.23 v _294_/A (sky130_fd_sc_hd__clkbuf_1)
                  0.03    0.10    7.33 v _294_/X (sky130_fd_sc_hd__clkbuf_1)
     1    0.00                           _019_ (net)
                  0.03    0.00    7.33 v _453_/D (sky130_fd_sc_hd__dfxtp_1)
                                  7.33   data arrival time

                         10.00   10.00   clock clk (rise edge)
                          0.00   10.00   clock source latency
                  0.04    0.03   10.03 ^ clk (in)
     1    0.01                           clk (net)
                  0.04    0.00   10.03 ^ clkbuf_0_clk/A (sky130_fd_sc_hd__clkbuf_16)
                  0.08    0.15   10.18 ^ clkbuf_0_clk/X (sky130_fd_sc_hd__clkbuf_16)
     8    0.06                           clknet_0_clk (net)
                  0.08    0.00   10.18 ^ clkbuf_3_0__f_clk/A (sky130_fd_sc_hd__clkbuf_16)
                  0.05    0.14   10.32 ^ clkbuf_3_0__f_clk/X (sky130_fd_sc_hd__clkbuf_16)
    10    0.03                           clknet_3_0__leaf_clk (net)
                  0.05    0.00   10.32 ^ _453_/CLK (sky130_fd_sc_hd__dfxtp_1)
                         -0.25   10.07   clock uncertainty
                          0.02   10.09   clock reconvergence pessimism
                         -0.10    9.98   library setup time
                                  9.98   data required time
-----------------------------------------------------------------------------
                                  9.98   data required time
                                 -7.33   data arrival time
-----------------------------------------------------------------------------
                                  2.66   slack (MET)


Startpoint: _436_ (rising edge-triggered flip-flop clocked by clk')
Endpoint: _448_ (rising edge-triggered flip-flop clocked by clk)
Path Group: clk
Path Type: max

Fanout     Cap    Slew   Delay    Time   Description
-----------------------------------------------------------------------------
                          5.00    5.00   clock clk' (rise edge)
                          0.00    5.00   clock source latency
                  0.02    0.01    5.01 v clk (in)
     1    0.01                           clk (net)
                  0.02    0.00    5.01 v clkbuf_0_clk/A (sky130_fd_sc_hd__clkbuf_16)
                  0.06    0.16    5.18 v clkbuf_0_clk/X (sky130_fd_sc_hd__clkbuf_16)
     8    0.06                           clknet_0_clk (net)
                  0.06    0.00    5.18 v clkbuf_3_5__f_clk/A (sky130_fd_sc_hd__clkbuf_16)
                  0.04    0.17    5.34 v clkbuf_3_5__f_clk/X (sky130_fd_sc_hd__clkbuf_16)
    10    0.03                           clknet_3_5__leaf_clk (net)
                  0.04    0.00    5.34 v _234__1/A (sky130_fd_sc_hd__inv_2)
                  0.02    0.04    5.38 ^ _234__1/Y (sky130_fd_sc_hd__inv_2)
     1    0.00                           net33 (net)
                  0.02    0.00    5.38 ^ _436_/CLK (sky130_fd_sc_hd__dfxtp_1)
                  0.11    0.36    5.74 ^ _436_/Q (sky130_fd_sc_hd__dfxtp_1)
     2    0.01                           dut.rst_n (net)
                  0.11    0.00    5.74 ^ fanout9/A (sky130_fd_sc_hd__clkbuf_4)
                  0.11    0.21    5.96 ^ fanout9/X (sky130_fd_sc_hd__clkbuf_4)
    10    0.03                           net9 (net)
                  0.11    0.00    5.96 ^ _228_/B_N (sky130_fd_sc_hd__or2b_1)
                  0.08    0.29    6.24 v _228_/X (sky130_fd_sc_hd__or2b_1)
     3    0.01                           _074_ (net)
                  0.08    0.00    6.24 v _241_/D1 (sky130_fd_sc_hd__a2111o_2)
                  0.11    0.44    6.68 v _241_/X (sky130_fd_sc_hd__a2111o_2)
     5    0.02                           _084_ (net)
                  0.11    0.00    6.68 v _274_/A (sky130_fd_sc_hd__clkbuf_4)
                  0.08    0.22    6.90 v _274_/X (sky130_fd_sc_hd__clkbuf_4)
    10    0.03                           _107_ (net)
                  0.08    0.00    6.90 v _278_/S (sky130_fd_sc_hd__mux2_1)
                  0.05    0.33    7.23 v _278_/X (sky130_fd_sc_hd__mux2_1)
     1    0.00                           _110_ (net)
                  0.05    0.00    7.23 v _279_/A (sky130_fd_sc_hd__clkbuf_1)
                  0.02    0.09    7.32 v _279_/X (sky130_fd_sc_hd__clkbuf_1)
     1    0.00                           _014_ (net)
                  0.02    0.00    7.32 v _448_/D (sky130_fd_sc_hd__dfxtp_1)
                                  7.32   data arrival time

                         10.00   10.00   clock clk (rise edge)
                          0.00   10.00   clock source latency
                  0.04    0.03   10.03 ^ clk (in)
     1    0.01                           clk (net)
                  0.04    0.00   10.03 ^ clkbuf_0_clk/A (sky130_fd_sc_hd__clkbuf_16)
                  0.08    0.15   10.18 ^ clkbuf_0_clk/X (sky130_fd_sc_hd__clkbuf_16)
     8    0.06                           clknet_0_clk (net)
                  0.08    0.00   10.18 ^ clkbuf_3_0__f_clk/A (sky130_fd_sc_hd__clkbuf_16)
                  0.05    0.14   10.32 ^ clkbuf_3_0__f_clk/X (sky130_fd_sc_hd__clkbuf_16)
    10    0.03                           clknet_3_0__leaf_clk (net)
                  0.05    0.00   10.32 ^ _448_/CLK (sky130_fd_sc_hd__dfxtp_1)
                         -0.25   10.07   clock uncertainty
                          0.02   10.09   clock reconvergence pessimism
                         -0.10    9.99   library setup time
                                  9.99   data required time
-----------------------------------------------------------------------------
                                  9.99   data required time
                                 -7.32   data arrival time
-----------------------------------------------------------------------------
                                  2.66   slack (MET)


Startpoint: _436_ (rising edge-triggered flip-flop clocked by clk')
Endpoint: _450_ (rising edge-triggered flip-flop clocked by clk)
Path Group: clk
Path Type: max

Fanout     Cap    Slew   Delay    Time   Description
-----------------------------------------------------------------------------
                          5.00    5.00   clock clk' (rise edge)
                          0.00    5.00   clock source latency
                  0.02    0.01    5.01 v clk (in)
     1    0.01                           clk (net)
                  0.02    0.00    5.01 v clkbuf_0_clk/A (sky130_fd_sc_hd__clkbuf_16)
                  0.06    0.16    5.18 v clkbuf_0_clk/X (sky130_fd_sc_hd__clkbuf_16)
     8    0.06                           clknet_0_clk (net)
                  0.06    0.00    5.18 v clkbuf_3_5__f_clk/A (sky130_fd_sc_hd__clkbuf_16)
                  0.04    0.17    5.34 v clkbuf_3_5__f_clk/X (sky130_fd_sc_hd__clkbuf_16)
    10    0.03                           clknet_3_5__leaf_clk (net)
                  0.04    0.00    5.34 v _234__1/A (sky130_fd_sc_hd__inv_2)
                  0.02    0.04    5.38 ^ _234__1/Y (sky130_fd_sc_hd__inv_2)
     1    0.00                           net33 (net)
                  0.02    0.00    5.38 ^ _436_/CLK (sky130_fd_sc_hd__dfxtp_1)
                  0.11    0.36    5.74 ^ _436_/Q (sky130_fd_sc_hd__dfxtp_1)
     2    0.01                           dut.rst_n (net)
                  0.11    0.00    5.74 ^ fanout9/A (sky130_fd_sc_hd__clkbuf_4)
                  0.11    0.21    5.96 ^ fanout9/X (sky130_fd_sc_hd__clkbuf_4)
    10    0.03                           net9 (net)
                  0.11    0.00    5.96 ^ _228_/B_N (sky130_fd_sc_hd__or2b_1)
                  0.08    0.29    6.24 v _228_/X (sky130_fd_sc_hd__or2b_1)
     3    0.01                           _074_ (net)
                  0.08    0.00    6.24 v _241_/D1 (sky130_fd_sc_hd__a2111o_2)
                  0.11    0.44    6.68 v _241_/X (sky130_fd_sc_hd__a2111o_2)
     5    0.02                           _084_ (net)
                  0.11    0.00    6.68 v _274_/A (sky130_fd_sc_hd__clkbuf_4)
                  0.08    0.22    6.90 v _274_/X (sky130_fd_sc_hd__clkbuf_4)
    10    0.03                           _107_ (net)
                  0.08    0.00    6.90 v _284_/S (sky130_fd_sc_hd__mux2_1)
                  0.05    0.33    7.23 v _284_/X (sky130_fd_sc_hd__mux2_1)
     1    0.00                           _114_ (net)
                  0.05    0.00    7.23 v _285_/A (sky130_fd_sc_hd__clkbuf_1)
                  0.02    0.09    7.32 v _285_/X (sky130_fd_sc_hd__clkbuf_1)
     1    0.00                           _016_ (net)
                  0.02    0.00    7.32 v _450_/D (sky130_fd_sc_hd__dfxtp_1)
                                  7.32   data arrival time

                         10.00   10.00   clock clk (rise edge)
                          0.00   10.00   clock source latency
                  0.04    0.03   10.03 ^ clk (in)
     1    0.01                           clk (net)
                  0.04    0.00   10.03 ^ clkbuf_0_clk/A (sky130_fd_sc_hd__clkbuf_16)
                  0.08    0.15   10.18 ^ clkbuf_0_clk/X (sky130_fd_sc_hd__clkbuf_16)
     8    0.06                           clknet_0_clk (net)
                  0.08    0.00   10.18 ^ clkbuf_3_0__f_clk/A (sky130_fd_sc_hd__clkbuf_16)
                  0.05    0.14   10.32 ^ clkbuf_3_0__f_clk/X (sky130_fd_sc_hd__clkbuf_16)
    10    0.03                           clknet_3_0__leaf_clk (net)
                  0.05    0.00   10.32 ^ _450_/CLK (sky130_fd_sc_hd__dfxtp_1)
                         -0.25   10.07   clock uncertainty
                          0.02   10.09   clock reconvergence pessimism
                         -0.10    9.99   library setup time
                                  9.99   data required time
-----------------------------------------------------------------------------
                                  9.99   data required time
                                 -7.32   data arrival time
-----------------------------------------------------------------------------
                                  2.66   slack (MET)


Startpoint: _436_ (rising edge-triggered flip-flop clocked by clk')
Endpoint: _452_ (rising edge-triggered flip-flop clocked by clk)
Path Group: clk
Path Type: max

Fanout     Cap    Slew   Delay    Time   Description
-----------------------------------------------------------------------------
                          5.00    5.00   clock clk' (rise edge)
                          0.00    5.00   clock source latency
                  0.02    0.01    5.01 v clk (in)
     1    0.01                           clk (net)
                  0.02    0.00    5.01 v clkbuf_0_clk/A (sky130_fd_sc_hd__clkbuf_16)
                  0.06    0.16    5.18 v clkbuf_0_clk/X (sky130_fd_sc_hd__clkbuf_16)
     8    0.06                           clknet_0_clk (net)
                  0.06    0.00    5.18 v clkbuf_3_5__f_clk/A (sky130_fd_sc_hd__clkbuf_16)
                  0.04    0.17    5.34 v clkbuf_3_5__f_clk/X (sky130_fd_sc_hd__clkbuf_16)
    10    0.03                           clknet_3_5__leaf_clk (net)
                  0.04    0.00    5.34 v _234__1/A (sky130_fd_sc_hd__inv_2)
                  0.02    0.04    5.38 ^ _234__1/Y (sky130_fd_sc_hd__inv_2)
     1    0.00                           net33 (net)
                  0.02    0.00    5.38 ^ _436_/CLK (sky130_fd_sc_hd__dfxtp_1)
                  0.11    0.36    5.74 ^ _436_/Q (sky130_fd_sc_hd__dfxtp_1)
     2    0.01                           dut.rst_n (net)
                  0.11    0.00    5.74 ^ fanout9/A (sky130_fd_sc_hd__clkbuf_4)
                  0.11    0.21    5.96 ^ fanout9/X (sky130_fd_sc_hd__clkbuf_4)
    10    0.03                           net9 (net)
                  0.11    0.00    5.96 ^ _228_/B_N (sky130_fd_sc_hd__or2b_1)
                  0.08    0.29    6.24 v _228_/X (sky130_fd_sc_hd__or2b_1)
     3    0.01                           _074_ (net)
                  0.08    0.00    6.24 v _241_/D1 (sky130_fd_sc_hd__a2111o_2)
                  0.11    0.44    6.68 v _241_/X (sky130_fd_sc_hd__a2111o_2)
     5    0.02                           _084_ (net)
                  0.11    0.00    6.68 v _274_/A (sky130_fd_sc_hd__clkbuf_4)
                  0.08    0.22    6.90 v _274_/X (sky130_fd_sc_hd__clkbuf_4)
    10    0.03                           _107_ (net)
                  0.08    0.00    6.90 v _290_/S (sky130_fd_sc_hd__mux2_1)
                  0.05    0.33    7.23 v _290_/X (sky130_fd_sc_hd__mux2_1)
     1    0.00                           _118_ (net)
                  0.05    0.00    7.23 v _291_/A (sky130_fd_sc_hd__clkbuf_1)
                  0.02    0.09    7.32 v _291_/X (sky130_fd_sc_hd__clkbuf_1)
     1    0.00                           _018_ (net)
                  0.02    0.00    7.32 v _452_/D (sky130_fd_sc_hd__dfxtp_1)
                                  7.32   data arrival time

                         10.00   10.00   clock clk (rise edge)
                          0.00   10.00   clock source latency
                  0.04    0.03   10.03 ^ clk (in)
     1    0.01                           clk (net)
                  0.04    0.00   10.03 ^ clkbuf_0_clk/A (sky130_fd_sc_hd__clkbuf_16)
                  0.08    0.15   10.18 ^ clkbuf_0_clk/X (sky130_fd_sc_hd__clkbuf_16)
     8    0.06                           clknet_0_clk (net)
                  0.08    0.00   10.18 ^ clkbuf_3_0__f_clk/A (sky130_fd_sc_hd__clkbuf_16)
                  0.05    0.14   10.32 ^ clkbuf_3_0__f_clk/X (sky130_fd_sc_hd__clkbuf_16)
    10    0.03                           clknet_3_0__leaf_clk (net)
                  0.05    0.00   10.32 ^ _452_/CLK (sky130_fd_sc_hd__dfxtp_1)
                         -0.25   10.07   clock uncertainty
                          0.02   10.09   clock reconvergence pessimism
                         -0.10    9.99   library setup time
                                  9.99   data required time
-----------------------------------------------------------------------------
                                  9.99   data required time
                                 -7.32   data arrival time
-----------------------------------------------------------------------------
                                  2.67   slack (MET)


Startpoint: _436_ (rising edge-triggered flip-flop clocked by clk')
Endpoint: _451_ (rising edge-triggered flip-flop clocked by clk)
Path Group: clk
Path Type: max

Fanout     Cap    Slew   Delay    Time   Description
-----------------------------------------------------------------------------
                          5.00    5.00   clock clk' (rise edge)
                          0.00    5.00   clock source latency
                  0.02    0.01    5.01 v clk (in)
     1    0.01                           clk (net)
                  0.02    0.00    5.01 v clkbuf_0_clk/A (sky130_fd_sc_hd__clkbuf_16)
                  0.06    0.16    5.18 v clkbuf_0_clk/X (sky130_fd_sc_hd__clkbuf_16)
     8    0.06                           clknet_0_clk (net)
                  0.06    0.00    5.18 v clkbuf_3_5__f_clk/A (sky130_fd_sc_hd__clkbuf_16)
                  0.04    0.17    5.34 v clkbuf_3_5__f_clk/X (sky130_fd_sc_hd__clkbuf_16)
    10    0.03                           clknet_3_5__leaf_clk (net)
                  0.04    0.00    5.34 v _234__1/A (sky130_fd_sc_hd__inv_2)
                  0.02    0.04    5.38 ^ _234__1/Y (sky130_fd_sc_hd__inv_2)
     1    0.00                           net33 (net)
                  0.02    0.00    5.38 ^ _436_/CLK (sky130_fd_sc_hd__dfxtp_1)
                  0.11    0.36    5.74 ^ _436_/Q (sky130_fd_sc_hd__dfxtp_1)
     2    0.01                           dut.rst_n (net)
                  0.11    0.00    5.74 ^ fanout9/A (sky130_fd_sc_hd__clkbuf_4)
                  0.11    0.21    5.96 ^ fanout9/X (sky130_fd_sc_hd__clkbuf_4)
    10    0.03                           net9 (net)
                  0.11    0.00    5.96 ^ _228_/B_N (sky130_fd_sc_hd__or2b_1)
                  0.08    0.29    6.24 v _228_/X (sky130_fd_sc_hd__or2b_1)
     3    0.01                           _074_ (net)
                  0.08    0.00    6.24 v _241_/D1 (sky130_fd_sc_hd__a2111o_2)
                  0.11    0.44    6.68 v _241_/X (sky130_fd_sc_hd__a2111o_2)
     5    0.02                           _084_ (net)
                  0.11    0.00    6.68 v _274_/A (sky130_fd_sc_hd__clkbuf_4)
                  0.08    0.22    6.90 v _274_/X (sky130_fd_sc_hd__clkbuf_4)
    10    0.03                           _107_ (net)
                  0.08    0.00    6.90 v _287_/S (sky130_fd_sc_hd__mux2_1)
                  0.05    0.33    7.23 v _287_/X (sky130_fd_sc_hd__mux2_1)
     1    0.00                           _116_ (net)
                  0.05    0.00    7.23 v _288_/A (sky130_fd_sc_hd__clkbuf_1)
                  0.02    0.09    7.32 v _288_/X (sky130_fd_sc_hd__clkbuf_1)
     1    0.00                           _017_ (net)
                  0.02    0.00    7.32 v _451_/D (sky130_fd_sc_hd__dfxtp_1)
                                  7.32   data arrival time

                         10.00   10.00   clock clk (rise edge)
                          0.00   10.00   clock source latency
                  0.04    0.03   10.03 ^ clk (in)
     1    0.01                           clk (net)
                  0.04    0.00   10.03 ^ clkbuf_0_clk/A (sky130_fd_sc_hd__clkbuf_16)
                  0.08    0.15   10.18 ^ clkbuf_0_clk/X (sky130_fd_sc_hd__clkbuf_16)
     8    0.06                           clknet_0_clk (net)
                  0.08    0.00   10.18 ^ clkbuf_3_0__f_clk/A (sky130_fd_sc_hd__clkbuf_16)
                  0.05    0.14   10.32 ^ clkbuf_3_0__f_clk/X (sky130_fd_sc_hd__clkbuf_16)
    10    0.03                           clknet_3_0__leaf_clk (net)
                  0.05    0.00   10.32 ^ _451_/CLK (sky130_fd_sc_hd__dfxtp_1)
                         -0.25   10.07   clock uncertainty
                          0.02   10.09   clock reconvergence pessimism
                         -0.10    9.99   library setup time
                                  9.99   data required time
-----------------------------------------------------------------------------
                                  9.99   data required time
                                 -7.32   data arrival time
-----------------------------------------------------------------------------
                                  2.67   slack (MET)


Startpoint: _436_ (rising edge-triggered flip-flop clocked by clk')
Endpoint: _489_ (rising edge-triggered flip-flop clocked by clk)
Path Group: clk
Path Type: max

Fanout     Cap    Slew   Delay    Time   Description
-----------------------------------------------------------------------------
                          5.00    5.00   clock clk' (rise edge)
                          0.00    5.00   clock source latency
                  0.02    0.01    5.01 v clk (in)
     1    0.01                           clk (net)
                  0.02    0.00    5.01 v clkbuf_0_clk/A (sky130_fd_sc_hd__clkbuf_16)
                  0.06    0.16    5.18 v clkbuf_0_clk/X (sky130_fd_sc_hd__clkbuf_16)
     8    0.06                           clknet_0_clk (net)
                  0.06    0.00    5.18 v clkbuf_3_5__f_clk/A (sky130_fd_sc_hd__clkbuf_16)
                  0.04    0.17    5.34 v clkbuf_3_5__f_clk/X (sky130_fd_sc_hd__clkbuf_16)
    10    0.03                           clknet_3_5__leaf_clk (net)
                  0.04    0.00    5.34 v _234__1/A (sky130_fd_sc_hd__inv_2)
                  0.02    0.04    5.38 ^ _234__1/Y (sky130_fd_sc_hd__inv_2)
     1    0.00                           net33 (net)
                  0.02    0.00    5.38 ^ _436_/CLK (sky130_fd_sc_hd__dfxtp_1)
                  0.11    0.36    5.74 ^ _436_/Q (sky130_fd_sc_hd__dfxtp_1)
     2    0.01                           dut.rst_n (net)
                  0.11    0.00    5.74 ^ fanout9/A (sky130_fd_sc_hd__clkbuf_4)
                  0.11    0.21    5.96 ^ fanout9/X (sky130_fd_sc_hd__clkbuf_4)
    10    0.03                           net9 (net)
                  0.11    0.00    5.96 ^ _371_/B (sky130_fd_sc_hd__and2b_1)
                  0.14    0.21    6.17 ^ _371_/X (sky130_fd_sc_hd__and2b_1)
     4    0.01                           _176_ (net)
                  0.14    0.00    6.17 ^ _373_/A (sky130_fd_sc_hd__nand2_2)
                  0.08    0.10    6.27 v _373_/Y (sky130_fd_sc_hd__nand2_2)
     4    0.01                           _178_ (net)
                  0.08    0.00    6.27 v _380_/S (sky130_fd_sc_hd__mux2_1)
                  0.05    0.33    6.60 v _380_/X (sky130_fd_sc_hd__mux2_1)
     1    0.00                           _182_ (net)
                  0.05    0.00    6.60 v hold41/A (sky130_fd_sc_hd__dlygate4sd3_1)
                  0.06    0.59    7.19 v hold41/X (sky130_fd_sc_hd__dlygate4sd3_1)
     1    0.00                           net74 (net)
                  0.06    0.00    7.19 v _381_/A (sky130_fd_sc_hd__clkbuf_1)
                  0.03    0.10    7.29 v _381_/X (sky130_fd_sc_hd__clkbuf_1)
     1    0.00                           _044_ (net)
                  0.03    0.00    7.29 v _489_/D (sky130_fd_sc_hd__dfxtp_1)
                                  7.29   data arrival time

                         10.00   10.00   clock clk (rise edge)
                          0.00   10.00   clock source latency
                  0.04    0.03   10.03 ^ clk (in)
     1    0.01                           clk (net)
                  0.04    0.00   10.03 ^ clkbuf_0_clk/A (sky130_fd_sc_hd__clkbuf_16)
                  0.08    0.15   10.18 ^ clkbuf_0_clk/X (sky130_fd_sc_hd__clkbuf_16)
     8    0.06                           clknet_0_clk (net)
                  0.08    0.00   10.18 ^ clkbuf_3_4__f_clk/A (sky130_fd_sc_hd__clkbuf_16)
                  0.04    0.13   10.30 ^ clkbuf_3_4__f_clk/X (sky130_fd_sc_hd__clkbuf_16)
     8    0.02                           clknet_3_4__leaf_clk (net)
                  0.04    0.00   10.30 ^ _489_/CLK (sky130_fd_sc_hd__dfxtp_1)
                         -0.25   10.05   clock uncertainty
                          0.02   10.07   clock reconvergence pessimism
                         -0.10    9.97   library setup time
                                  9.97   data required time
-----------------------------------------------------------------------------
                                  9.97   data required time
                                 -7.29   data arrival time
-----------------------------------------------------------------------------
                                  2.68   slack (MET)


Startpoint: _436_ (rising edge-triggered flip-flop clocked by clk')
Endpoint: _475_ (rising edge-triggered flip-flop clocked by clk)
Path Group: clk
Path Type: max

Fanout     Cap    Slew   Delay    Time   Description
-----------------------------------------------------------------------------
                          5.00    5.00   clock clk' (rise edge)
                          0.00    5.00   clock source latency
                  0.02    0.01    5.01 v clk (in)
     1    0.01                           clk (net)
                  0.02    0.00    5.01 v clkbuf_0_clk/A (sky130_fd_sc_hd__clkbuf_16)
                  0.06    0.16    5.18 v clkbuf_0_clk/X (sky130_fd_sc_hd__clkbuf_16)
     8    0.06                           clknet_0_clk (net)
                  0.06    0.00    5.18 v clkbuf_3_5__f_clk/A (sky130_fd_sc_hd__clkbuf_16)
                  0.04    0.17    5.34 v clkbuf_3_5__f_clk/X (sky130_fd_sc_hd__clkbuf_16)
    10    0.03                           clknet_3_5__leaf_clk (net)
                  0.04    0.00    5.34 v _234__1/A (sky130_fd_sc_hd__inv_2)
                  0.02    0.04    5.38 ^ _234__1/Y (sky130_fd_sc_hd__inv_2)
     1    0.00                           net33 (net)
                  0.02    0.00    5.38 ^ _436_/CLK (sky130_fd_sc_hd__dfxtp_1)
                  0.11    0.36    5.74 ^ _436_/Q (sky130_fd_sc_hd__dfxtp_1)
     2    0.01                           dut.rst_n (net)
                  0.11    0.00    5.74 ^ fanout9/A (sky130_fd_sc_hd__clkbuf_4)
                  0.11    0.21    5.96 ^ fanout9/X (sky130_fd_sc_hd__clkbuf_4)
    10    0.03                           net9 (net)
                  0.11    0.00    5.96 ^ _228_/B_N (sky130_fd_sc_hd__or2b_1)
                  0.08    0.29    6.24 v _228_/X (sky130_fd_sc_hd__or2b_1)
     3    0.01                           _074_ (net)
                  0.08    0.00    6.24 v _241_/D1 (sky130_fd_sc_hd__a2111o_2)
                  0.11    0.44    6.68 v _241_/X (sky130_fd_sc_hd__a2111o_2)
     5    0.02                           _084_ (net)
                  0.11    0.00    6.68 v _366_/S (sky130_fd_sc_hd__mux2_1)
                  0.06    0.35    7.03 v _366_/X (sky130_fd_sc_hd__mux2_1)
     1    0.00                           _173_ (net)
                  0.06    0.00    7.03 v _367_/A (sky130_fd_sc_hd__clkbuf_1)
                  0.02    0.10    7.13 v _367_/X (sky130_fd_sc_hd__clkbuf_1)
     1    0.00                           _039_ (net)
                  0.02    0.00    7.13 v _475_/D (sky130_fd_sc_hd__dfxtp_1)
                                  7.13   data arrival time

                         10.00   10.00   clock clk (rise edge)
                          0.00   10.00   clock source latency
                  0.04    0.03   10.03 ^ clk (in)
     1    0.01                           clk (net)
                  0.04    0.00   10.03 ^ clkbuf_0_clk/A (sky130_fd_sc_hd__clkbuf_16)
                  0.08    0.15   10.18 ^ clkbuf_0_clk/X (sky130_fd_sc_hd__clkbuf_16)
     8    0.06                           clknet_0_clk (net)
                  0.08    0.00   10.18 ^ clkbuf_3_4__f_clk/A (sky130_fd_sc_hd__clkbuf_16)
                  0.04    0.13   10.30 ^ clkbuf_3_4__f_clk/X (sky130_fd_sc_hd__clkbuf_16)
     8    0.02                           clknet_3_4__leaf_clk (net)
                  0.04    0.00   10.30 ^ _475_/CLK (sky130_fd_sc_hd__dfxtp_1)
                         -0.25   10.05   clock uncertainty
                          0.02   10.07   clock reconvergence pessimism
                         -0.10    9.97   library setup time
                                  9.97   data required time
-----------------------------------------------------------------------------
                                  9.97   data required time
                                 -7.13   data arrival time
-----------------------------------------------------------------------------
                                  2.84   slack (MET)


Startpoint: _436_ (rising edge-triggered flip-flop clocked by clk')
Endpoint: _476_ (rising edge-triggered flip-flop clocked by clk)
Path Group: clk
Path Type: max

Fanout     Cap    Slew   Delay    Time   Description
-----------------------------------------------------------------------------
                          5.00    5.00   clock clk' (rise edge)
                          0.00    5.00   clock source latency
                  0.02    0.01    5.01 v clk (in)
     1    0.01                           clk (net)
                  0.02    0.00    5.01 v clkbuf_0_clk/A (sky130_fd_sc_hd__clkbuf_16)
                  0.06    0.16    5.18 v clkbuf_0_clk/X (sky130_fd_sc_hd__clkbuf_16)
     8    0.06                           clknet_0_clk (net)
                  0.06    0.00    5.18 v clkbuf_3_5__f_clk/A (sky130_fd_sc_hd__clkbuf_16)
                  0.04    0.17    5.34 v clkbuf_3_5__f_clk/X (sky130_fd_sc_hd__clkbuf_16)
    10    0.03                           clknet_3_5__leaf_clk (net)
                  0.04    0.00    5.34 v _234__1/A (sky130_fd_sc_hd__inv_2)
                  0.02    0.04    5.38 ^ _234__1/Y (sky130_fd_sc_hd__inv_2)
     1    0.00                           net33 (net)
                  0.02    0.00    5.38 ^ _436_/CLK (sky130_fd_sc_hd__dfxtp_1)
                  0.11    0.36    5.74 ^ _436_/Q (sky130_fd_sc_hd__dfxtp_1)
     2    0.01                           dut.rst_n (net)
                  0.11    0.00    5.74 ^ fanout9/A (sky130_fd_sc_hd__clkbuf_4)
                  0.11    0.21    5.96 ^ fanout9/X (sky130_fd_sc_hd__clkbuf_4)
    10    0.03                           net9 (net)
                  0.11    0.00    5.96 ^ _228_/B_N (sky130_fd_sc_hd__or2b_1)
                  0.08    0.29    6.24 v _228_/X (sky130_fd_sc_hd__or2b_1)
     3    0.01                           _074_ (net)
                  0.08    0.00    6.24 v _241_/D1 (sky130_fd_sc_hd__a2111o_2)
                  0.11    0.44    6.68 v _241_/X (sky130_fd_sc_hd__a2111o_2)
     5    0.02                           _084_ (net)
                  0.11    0.00    6.68 v _369_/S (sky130_fd_sc_hd__mux2_1)
                  0.06    0.34    7.02 v _369_/X (sky130_fd_sc_hd__mux2_1)
     1    0.00                           _175_ (net)
                  0.06    0.00    7.02 v _370_/A (sky130_fd_sc_hd__clkbuf_1)
                  0.03    0.10    7.12 v _370_/X (sky130_fd_sc_hd__clkbuf_1)
     1    0.00                           _040_ (net)
                  0.03    0.00    7.12 v _476_/D (sky130_fd_sc_hd__dfxtp_1)
                                  7.12   data arrival time

                         10.00   10.00   clock clk (rise edge)
                          0.00   10.00   clock source latency
                  0.04    0.03   10.03 ^ clk (in)
     1    0.01                           clk (net)
                  0.04    0.00   10.03 ^ clkbuf_0_clk/A (sky130_fd_sc_hd__clkbuf_16)
                  0.08    0.15   10.18 ^ clkbuf_0_clk/X (sky130_fd_sc_hd__clkbuf_16)
     8    0.06                           clknet_0_clk (net)
                  0.08    0.00   10.18 ^ clkbuf_3_1__f_clk/A (sky130_fd_sc_hd__clkbuf_16)
                  0.05    0.13   10.31 ^ clkbuf_3_1__f_clk/X (sky130_fd_sc_hd__clkbuf_16)
    12    0.02                           clknet_3_1__leaf_clk (net)
                  0.05    0.00   10.31 ^ _476_/CLK (sky130_fd_sc_hd__dfxtp_1)
                         -0.25   10.06   clock uncertainty
                          0.02   10.08   clock reconvergence pessimism
                         -0.10    9.98   library setup time
                                  9.98   data required time
-----------------------------------------------------------------------------
                                  9.98   data required time
                                 -7.12   data arrival time
-----------------------------------------------------------------------------
                                  2.85   slack (MET)


Startpoint: rst_n (input port clocked by clk)
Endpoint: _436_ (rising edge-triggered flip-flop clocked by clk')
Path Group: clk
Path Type: max

Fanout     Cap    Slew   Delay    Time   Description
-----------------------------------------------------------------------------
                          0.00    0.00   clock clk (rise edge)
                          0.00    0.00   clock network delay (propagated)
                          2.00    2.00 v input external delay
                  0.01    0.01    2.01 v rst_n (in)
     1    0.00                           rst_n (net)
                  0.01    0.00    2.01 v input1/A (sky130_fd_sc_hd__clkbuf_1)
                  0.03    0.08    2.09 v input1/X (sky130_fd_sc_hd__clkbuf_1)
     1    0.00                           net1 (net)
                  0.03    0.00    2.09 v _436_/D (sky130_fd_sc_hd__dfxtp_1)
                                  2.09   data arrival time

                          5.00    5.00   clock clk' (rise edge)
                          0.00    5.00   clock source latency
                  0.02    0.01    5.01 v clk (in)
     1    0.01                           clk (net)
                  0.02    0.00    5.01 v clkbuf_0_clk/A (sky130_fd_sc_hd__clkbuf_16)
                  0.06    0.15    5.16 v clkbuf_0_clk/X (sky130_fd_sc_hd__clkbuf_16)
     8    0.06                           clknet_0_clk (net)
                  0.06    0.00    5.16 v clkbuf_3_5__f_clk/A (sky130_fd_sc_hd__clkbuf_16)
                  0.04    0.15    5.31 v clkbuf_3_5__f_clk/X (sky130_fd_sc_hd__clkbuf_16)
    10    0.03                           clknet_3_5__leaf_clk (net)
                  0.04    0.00    5.31 v _234__1/A (sky130_fd_sc_hd__inv_2)
                  0.02    0.04    5.35 ^ _234__1/Y (sky130_fd_sc_hd__inv_2)
     1    0.00                           net33 (net)
                  0.02    0.00    5.35 ^ _436_/CLK (sky130_fd_sc_hd__dfxtp_1)
                         -0.25    5.10   clock uncertainty
                          0.00    5.10   clock reconvergence pessimism
                         -0.11    4.99   library setup time
                                  4.99   data required time
-----------------------------------------------------------------------------
                                  4.99   data required time
                                 -2.09   data arrival time
-----------------------------------------------------------------------------
                                  2.90   slack (MET)


Startpoint: _436_ (rising edge-triggered flip-flop clocked by clk')
Endpoint: _505_ (rising edge-triggered flip-flop clocked by clk)
Path Group: clk
Path Type: max

Fanout     Cap    Slew   Delay    Time   Description
-----------------------------------------------------------------------------
                          5.00    5.00   clock clk' (rise edge)
                          0.00    5.00   clock source latency
                  0.02    0.01    5.01 v clk (in)
     1    0.01                           clk (net)
                  0.02    0.00    5.01 v clkbuf_0_clk/A (sky130_fd_sc_hd__clkbuf_16)
                  0.06    0.16    5.18 v clkbuf_0_clk/X (sky130_fd_sc_hd__clkbuf_16)
     8    0.06                           clknet_0_clk (net)
                  0.06    0.00    5.18 v clkbuf_3_5__f_clk/A (sky130_fd_sc_hd__clkbuf_16)
                  0.04    0.17    5.34 v clkbuf_3_5__f_clk/X (sky130_fd_sc_hd__clkbuf_16)
    10    0.03                           clknet_3_5__leaf_clk (net)
                  0.04    0.00    5.34 v _234__1/A (sky130_fd_sc_hd__inv_2)
                  0.02    0.04    5.38 ^ _234__1/Y (sky130_fd_sc_hd__inv_2)
     1    0.00                           net33 (net)
                  0.02    0.00    5.38 ^ _436_/CLK (sky130_fd_sc_hd__dfxtp_1)
                  0.11    0.36    5.74 ^ _436_/Q (sky130_fd_sc_hd__dfxtp_1)
     2    0.01                           dut.rst_n (net)
                  0.11    0.00    5.74 ^ fanout9/A (sky130_fd_sc_hd__clkbuf_4)
                  0.11    0.21    5.96 ^ fanout9/X (sky130_fd_sc_hd__clkbuf_4)
    10    0.03                           net9 (net)
                  0.11    0.00    5.96 ^ _371_/B (sky130_fd_sc_hd__and2b_1)
                  0.14    0.21    6.17 ^ _371_/X (sky130_fd_sc_hd__and2b_1)
     4    0.01                           _176_ (net)
                  0.14    0.00    6.17 ^ _417_/B (sky130_fd_sc_hd__and4_2)
                  0.14    0.33    6.50 ^ _417_/X (sky130_fd_sc_hd__and4_2)
     6    0.02                           _208_ (net)
                  0.14    0.00    6.50 ^ _428_/S (sky130_fd_sc_hd__mux2_1)
                  0.06    0.35    6.85 v _428_/X (sky130_fd_sc_hd__mux2_1)
     1    0.00                           _214_ (net)
                  0.06    0.00    6.85 v _429_/A (sky130_fd_sc_hd__clkbuf_1)
                  0.03    0.10    6.95 v _429_/X (sky130_fd_sc_hd__clkbuf_1)
     1    0.00                           _060_ (net)
                  0.03    0.00    6.95 v _505_/D (sky130_fd_sc_hd__dfxtp_1)
                                  6.95   data arrival time

                         10.00   10.00   clock clk (rise edge)
                          0.00   10.00   clock source latency
                  0.04    0.03   10.03 ^ clk (in)
     1    0.01                           clk (net)
                  0.04    0.00   10.03 ^ clkbuf_0_clk/A (sky130_fd_sc_hd__clkbuf_16)
                  0.08    0.15   10.18 ^ clkbuf_0_clk/X (sky130_fd_sc_hd__clkbuf_16)
     8    0.06                           clknet_0_clk (net)
                  0.08    0.00   10.18 ^ clkbuf_3_7__f_clk/A (sky130_fd_sc_hd__clkbuf_16)
                  0.04    0.13   10.31 ^ clkbuf_3_7__f_clk/X (sky130_fd_sc_hd__clkbuf_16)
     7    0.02                           clknet_3_7__leaf_clk (net)
                  0.04    0.00   10.31 ^ _505_/CLK (sky130_fd_sc_hd__dfxtp_1)
                         -0.25   10.06   clock uncertainty
                          0.02   10.08   clock reconvergence pessimism
                         -0.10    9.97   library setup time
                                  9.97   data required time
-----------------------------------------------------------------------------
                                  9.97   data required time
                                 -6.95   data arrival time
-----------------------------------------------------------------------------
                                  3.02   slack (MET)


Startpoint: _436_ (rising edge-triggered flip-flop clocked by clk')
Endpoint: _504_ (rising edge-triggered flip-flop clocked by clk)
Path Group: clk
Path Type: max

Fanout     Cap    Slew   Delay    Time   Description
-----------------------------------------------------------------------------
                          5.00    5.00   clock clk' (rise edge)
                          0.00    5.00   clock source latency
                  0.02    0.01    5.01 v clk (in)
     1    0.01                           clk (net)
                  0.02    0.00    5.01 v clkbuf_0_clk/A (sky130_fd_sc_hd__clkbuf_16)
                  0.06    0.16    5.18 v clkbuf_0_clk/X (sky130_fd_sc_hd__clkbuf_16)
     8    0.06                           clknet_0_clk (net)
                  0.06    0.00    5.18 v clkbuf_3_5__f_clk/A (sky130_fd_sc_hd__clkbuf_16)
                  0.04    0.17    5.34 v clkbuf_3_5__f_clk/X (sky130_fd_sc_hd__clkbuf_16)
    10    0.03                           clknet_3_5__leaf_clk (net)
                  0.04    0.00    5.34 v _234__1/A (sky130_fd_sc_hd__inv_2)
                  0.02    0.04    5.38 ^ _234__1/Y (sky130_fd_sc_hd__inv_2)
     1    0.00                           net33 (net)
                  0.02    0.00    5.38 ^ _436_/CLK (sky130_fd_sc_hd__dfxtp_1)
                  0.11    0.36    5.74 ^ _436_/Q (sky130_fd_sc_hd__dfxtp_1)
     2    0.01                           dut.rst_n (net)
                  0.11    0.00    5.74 ^ fanout9/A (sky130_fd_sc_hd__clkbuf_4)
                  0.11    0.21    5.96 ^ fanout9/X (sky130_fd_sc_hd__clkbuf_4)
    10    0.03                           net9 (net)
                  0.11    0.00    5.96 ^ _371_/B (sky130_fd_sc_hd__and2b_1)
                  0.14    0.21    6.17 ^ _371_/X (sky130_fd_sc_hd__and2b_1)
     4    0.01                           _176_ (net)
                  0.14    0.00    6.17 ^ _417_/B (sky130_fd_sc_hd__and4_2)
                  0.14    0.33    6.50 ^ _417_/X (sky130_fd_sc_hd__and4_2)
     6    0.02                           _208_ (net)
                  0.14    0.00    6.50 ^ _426_/S (sky130_fd_sc_hd__mux2_1)
                  0.06    0.36    6.85 v _426_/X (sky130_fd_sc_hd__mux2_1)
     1    0.00                           _213_ (net)
                  0.06    0.00    6.85 v _427_/A (sky130_fd_sc_hd__clkbuf_1)
                  0.03    0.10    6.95 v _427_/X (sky130_fd_sc_hd__clkbuf_1)
     1    0.00                           _059_ (net)
                  0.03    0.00    6.95 v _504_/D (sky130_fd_sc_hd__dfxtp_1)
                                  6.95   data arrival time

                         10.00   10.00   clock clk (rise edge)
                          0.00   10.00   clock source latency
                  0.04    0.03   10.03 ^ clk (in)
     1    0.01                           clk (net)
                  0.04    0.00   10.03 ^ clkbuf_0_clk/A (sky130_fd_sc_hd__clkbuf_16)
                  0.08    0.15   10.18 ^ clkbuf_0_clk/X (sky130_fd_sc_hd__clkbuf_16)
     8    0.06                           clknet_0_clk (net)
                  0.08    0.00   10.18 ^ clkbuf_3_7__f_clk/A (sky130_fd_sc_hd__clkbuf_16)
                  0.04    0.13   10.31 ^ clkbuf_3_7__f_clk/X (sky130_fd_sc_hd__clkbuf_16)
     7    0.02                           clknet_3_7__leaf_clk (net)
                  0.04    0.00   10.31 ^ _504_/CLK (sky130_fd_sc_hd__dfxtp_1)
                         -0.25   10.06   clock uncertainty
                          0.02   10.08   clock reconvergence pessimism
                         -0.10    9.97   library setup time
                                  9.97   data required time
-----------------------------------------------------------------------------
                                  9.97   data required time
                                 -6.95   data arrival time
-----------------------------------------------------------------------------
                                  3.02   slack (MET)


Startpoint: _436_ (rising edge-triggered flip-flop clocked by clk')
Endpoint: _502_ (rising edge-triggered flip-flop clocked by clk)
Path Group: clk
Path Type: max

Fanout     Cap    Slew   Delay    Time   Description
-----------------------------------------------------------------------------
                          5.00    5.00   clock clk' (rise edge)
                          0.00    5.00   clock source latency
                  0.02    0.01    5.01 v clk (in)
     1    0.01                           clk (net)
                  0.02    0.00    5.01 v clkbuf_0_clk/A (sky130_fd_sc_hd__clkbuf_16)
                  0.06    0.16    5.18 v clkbuf_0_clk/X (sky130_fd_sc_hd__clkbuf_16)
     8    0.06                           clknet_0_clk (net)
                  0.06    0.00    5.18 v clkbuf_3_5__f_clk/A (sky130_fd_sc_hd__clkbuf_16)
                  0.04    0.17    5.34 v clkbuf_3_5__f_clk/X (sky130_fd_sc_hd__clkbuf_16)
    10    0.03                           clknet_3_5__leaf_clk (net)
                  0.04    0.00    5.34 v _234__1/A (sky130_fd_sc_hd__inv_2)
                  0.02    0.04    5.38 ^ _234__1/Y (sky130_fd_sc_hd__inv_2)
     1    0.00                           net33 (net)
                  0.02    0.00    5.38 ^ _436_/CLK (sky130_fd_sc_hd__dfxtp_1)
                  0.11    0.36    5.74 ^ _436_/Q (sky130_fd_sc_hd__dfxtp_1)
     2    0.01                           dut.rst_n (net)
                  0.11    0.00    5.74 ^ fanout9/A (sky130_fd_sc_hd__clkbuf_4)
                  0.11    0.21    5.96 ^ fanout9/X (sky130_fd_sc_hd__clkbuf_4)
    10    0.03                           net9 (net)
                  0.11    0.00    5.96 ^ _371_/B (sky130_fd_sc_hd__and2b_1)
                  0.14    0.21    6.17 ^ _371_/X (sky130_fd_sc_hd__and2b_1)
     4    0.01                           _176_ (net)
                  0.14    0.00    6.17 ^ _417_/B (sky130_fd_sc_hd__and4_2)
                  0.14    0.33    6.50 ^ _417_/X (sky130_fd_sc_hd__and4_2)
     6    0.02                           _208_ (net)
                  0.14    0.00    6.50 ^ _422_/S (sky130_fd_sc_hd__mux2_1)
                  0.06    0.35    6.85 v _422_/X (sky130_fd_sc_hd__mux2_1)
     1    0.00                           _211_ (net)
                  0.06    0.00    6.85 v _423_/A (sky130_fd_sc_hd__clkbuf_1)
                  0.03    0.10    6.95 v _423_/X (sky130_fd_sc_hd__clkbuf_1)
     1    0.00                           _057_ (net)
                  0.03    0.00    6.95 v _502_/D (sky130_fd_sc_hd__dfxtp_2)
                                  6.95   data arrival time

                         10.00   10.00   clock clk (rise edge)
                          0.00   10.00   clock source latency
                  0.04    0.03   10.03 ^ clk (in)
     1    0.01                           clk (net)
                  0.04    0.00   10.03 ^ clkbuf_0_clk/A (sky130_fd_sc_hd__clkbuf_16)
                  0.08    0.15   10.18 ^ clkbuf_0_clk/X (sky130_fd_sc_hd__clkbuf_16)
     8    0.06                           clknet_0_clk (net)
                  0.08    0.00   10.18 ^ clkbuf_3_7__f_clk/A (sky130_fd_sc_hd__clkbuf_16)
                  0.04    0.13   10.31 ^ clkbuf_3_7__f_clk/X (sky130_fd_sc_hd__clkbuf_16)
     7    0.02                           clknet_3_7__leaf_clk (net)
                  0.04    0.00   10.31 ^ _502_/CLK (sky130_fd_sc_hd__dfxtp_2)
                         -0.25   10.06   clock uncertainty
                          0.02   10.08   clock reconvergence pessimism
                         -0.10    9.97   library setup time
                                  9.97   data required time
-----------------------------------------------------------------------------
                                  9.97   data required time
                                 -6.95   data arrival time
-----------------------------------------------------------------------------
                                  3.03   slack (MET)


Startpoint: _436_ (rising edge-triggered flip-flop clocked by clk')
Endpoint: _503_ (rising edge-triggered flip-flop clocked by clk)
Path Group: clk
Path Type: max

Fanout     Cap    Slew   Delay    Time   Description
-----------------------------------------------------------------------------
                          5.00    5.00   clock clk' (rise edge)
                          0.00    5.00   clock source latency
                  0.02    0.01    5.01 v clk (in)
     1    0.01                           clk (net)
                  0.02    0.00    5.01 v clkbuf_0_clk/A (sky130_fd_sc_hd__clkbuf_16)
                  0.06    0.16    5.18 v clkbuf_0_clk/X (sky130_fd_sc_hd__clkbuf_16)
     8    0.06                           clknet_0_clk (net)
                  0.06    0.00    5.18 v clkbuf_3_5__f_clk/A (sky130_fd_sc_hd__clkbuf_16)
                  0.04    0.17    5.34 v clkbuf_3_5__f_clk/X (sky130_fd_sc_hd__clkbuf_16)
    10    0.03                           clknet_3_5__leaf_clk (net)
                  0.04    0.00    5.34 v _234__1/A (sky130_fd_sc_hd__inv_2)
                  0.02    0.04    5.38 ^ _234__1/Y (sky130_fd_sc_hd__inv_2)
     1    0.00                           net33 (net)
                  0.02    0.00    5.38 ^ _436_/CLK (sky130_fd_sc_hd__dfxtp_1)
                  0.11    0.36    5.74 ^ _436_/Q (sky130_fd_sc_hd__dfxtp_1)
     2    0.01                           dut.rst_n (net)
                  0.11    0.00    5.74 ^ fanout9/A (sky130_fd_sc_hd__clkbuf_4)
                  0.11    0.21    5.96 ^ fanout9/X (sky130_fd_sc_hd__clkbuf_4)
    10    0.03                           net9 (net)
                  0.11    0.00    5.96 ^ _371_/B (sky130_fd_sc_hd__and2b_1)
                  0.14    0.21    6.17 ^ _371_/X (sky130_fd_sc_hd__and2b_1)
     4    0.01                           _176_ (net)
                  0.14    0.00    6.17 ^ _417_/B (sky130_fd_sc_hd__and4_2)
                  0.14    0.33    6.50 ^ _417_/X (sky130_fd_sc_hd__and4_2)
     6    0.02                           _208_ (net)
                  0.14    0.00    6.50 ^ _424_/S (sky130_fd_sc_hd__mux2_1)
                  0.06    0.35    6.85 v _424_/X (sky130_fd_sc_hd__mux2_1)
     1    0.00                           _212_ (net)
                  0.06    0.00    6.85 v _425_/A (sky130_fd_sc_hd__clkbuf_1)
                  0.03    0.10    6.95 v _425_/X (sky130_fd_sc_hd__clkbuf_1)
     1    0.00                           _058_ (net)
                  0.03    0.00    6.95 v _503_/D (sky130_fd_sc_hd__dfxtp_1)
                                  6.95   data arrival time

                         10.00   10.00   clock clk (rise edge)
                          0.00   10.00   clock source latency
                  0.04    0.03   10.03 ^ clk (in)
     1    0.01                           clk (net)
                  0.04    0.00   10.03 ^ clkbuf_0_clk/A (sky130_fd_sc_hd__clkbuf_16)
                  0.08    0.15   10.18 ^ clkbuf_0_clk/X (sky130_fd_sc_hd__clkbuf_16)
     8    0.06                           clknet_0_clk (net)
                  0.08    0.00   10.18 ^ clkbuf_3_7__f_clk/A (sky130_fd_sc_hd__clkbuf_16)
                  0.04    0.13   10.31 ^ clkbuf_3_7__f_clk/X (sky130_fd_sc_hd__clkbuf_16)
     7    0.02                           clknet_3_7__leaf_clk (net)
                  0.04    0.00   10.31 ^ _503_/CLK (sky130_fd_sc_hd__dfxtp_1)
                         -0.25   10.06   clock uncertainty
                          0.02   10.08   clock reconvergence pessimism
                         -0.10    9.97   library setup time
                                  9.97   data required time
-----------------------------------------------------------------------------
                                  9.97   data required time
                                 -6.95   data arrival time
-----------------------------------------------------------------------------
                                  3.03   slack (MET)


Startpoint: _436_ (rising edge-triggered flip-flop clocked by clk')
Endpoint: _500_ (rising edge-triggered flip-flop clocked by clk)
Path Group: clk
Path Type: max

Fanout     Cap    Slew   Delay    Time   Description
-----------------------------------------------------------------------------
                          5.00    5.00   clock clk' (rise edge)
                          0.00    5.00   clock source latency
                  0.02    0.01    5.01 v clk (in)
     1    0.01                           clk (net)
                  0.02    0.00    5.01 v clkbuf_0_clk/A (sky130_fd_sc_hd__clkbuf_16)
                  0.06    0.16    5.18 v clkbuf_0_clk/X (sky130_fd_sc_hd__clkbuf_16)
     8    0.06                           clknet_0_clk (net)
                  0.06    0.00    5.18 v clkbuf_3_5__f_clk/A (sky130_fd_sc_hd__clkbuf_16)
                  0.04    0.17    5.34 v clkbuf_3_5__f_clk/X (sky130_fd_sc_hd__clkbuf_16)
    10    0.03                           clknet_3_5__leaf_clk (net)
                  0.04    0.00    5.34 v _234__1/A (sky130_fd_sc_hd__inv_2)
                  0.02    0.04    5.38 ^ _234__1/Y (sky130_fd_sc_hd__inv_2)
     1    0.00                           net33 (net)
                  0.02    0.00    5.38 ^ _436_/CLK (sky130_fd_sc_hd__dfxtp_1)
                  0.11    0.36    5.74 ^ _436_/Q (sky130_fd_sc_hd__dfxtp_1)
     2    0.01                           dut.rst_n (net)
                  0.11    0.00    5.74 ^ fanout9/A (sky130_fd_sc_hd__clkbuf_4)
                  0.11    0.21    5.96 ^ fanout9/X (sky130_fd_sc_hd__clkbuf_4)
    10    0.03                           net9 (net)
                  0.11    0.00    5.96 ^ _371_/B (sky130_fd_sc_hd__and2b_1)
                  0.14    0.21    6.17 ^ _371_/X (sky130_fd_sc_hd__and2b_1)
     4    0.01                           _176_ (net)
                  0.14    0.00    6.17 ^ _417_/B (sky130_fd_sc_hd__and4_2)
                  0.14    0.33    6.50 ^ _417_/X (sky130_fd_sc_hd__and4_2)
     6    0.02                           _208_ (net)
                  0.14    0.00    6.50 ^ _418_/S (sky130_fd_sc_hd__mux2_1)
                  0.06    0.35    6.85 v _418_/X (sky130_fd_sc_hd__mux2_1)
     1    0.00                           _209_ (net)
                  0.06    0.00    6.85 v _419_/A (sky130_fd_sc_hd__clkbuf_1)
                  0.03    0.10    6.95 v _419_/X (sky130_fd_sc_hd__clkbuf_1)
     1    0.00                           _055_ (net)
                  0.03    0.00    6.95 v _500_/D (sky130_fd_sc_hd__dfxtp_1)
                                  6.95   data arrival time

                         10.00   10.00   clock clk (rise edge)
                          0.00   10.00   clock source latency
                  0.04    0.03   10.03 ^ clk (in)
     1    0.01                           clk (net)
                  0.04    0.00   10.03 ^ clkbuf_0_clk/A (sky130_fd_sc_hd__clkbuf_16)
                  0.08    0.15   10.18 ^ clkbuf_0_clk/X (sky130_fd_sc_hd__clkbuf_16)
     8    0.06                           clknet_0_clk (net)
                  0.08    0.00   10.18 ^ clkbuf_3_6__f_clk/A (sky130_fd_sc_hd__clkbuf_16)
                  0.05    0.14   10.31 ^ clkbuf_3_6__f_clk/X (sky130_fd_sc_hd__clkbuf_16)
     8    0.03                           clknet_3_6__leaf_clk (net)
                  0.05    0.00   10.31 ^ _500_/CLK (sky130_fd_sc_hd__dfxtp_1)
                         -0.25   10.06   clock uncertainty
                          0.02   10.08   clock reconvergence pessimism
                         -0.10    9.98   library setup time
                                  9.98   data required time
-----------------------------------------------------------------------------
                                  9.98   data required time
                                 -6.95   data arrival time
-----------------------------------------------------------------------------
                                  3.03   slack (MET)


Startpoint: _436_ (rising edge-triggered flip-flop clocked by clk')
Endpoint: _501_ (rising edge-triggered flip-flop clocked by clk)
Path Group: clk
Path Type: max

Fanout     Cap    Slew   Delay    Time   Description
-----------------------------------------------------------------------------
                          5.00    5.00   clock clk' (rise edge)
                          0.00    5.00   clock source latency
                  0.02    0.01    5.01 v clk (in)
     1    0.01                           clk (net)
                  0.02    0.00    5.01 v clkbuf_0_clk/A (sky130_fd_sc_hd__clkbuf_16)
                  0.06    0.16    5.18 v clkbuf_0_clk/X (sky130_fd_sc_hd__clkbuf_16)
     8    0.06                           clknet_0_clk (net)
                  0.06    0.00    5.18 v clkbuf_3_5__f_clk/A (sky130_fd_sc_hd__clkbuf_16)
                  0.04    0.17    5.34 v clkbuf_3_5__f_clk/X (sky130_fd_sc_hd__clkbuf_16)
    10    0.03                           clknet_3_5__leaf_clk (net)
                  0.04    0.00    5.34 v _234__1/A (sky130_fd_sc_hd__inv_2)
                  0.02    0.04    5.38 ^ _234__1/Y (sky130_fd_sc_hd__inv_2)
     1    0.00                           net33 (net)
                  0.02    0.00    5.38 ^ _436_/CLK (sky130_fd_sc_hd__dfxtp_1)
                  0.11    0.36    5.74 ^ _436_/Q (sky130_fd_sc_hd__dfxtp_1)
     2    0.01                           dut.rst_n (net)
                  0.11    0.00    5.74 ^ fanout9/A (sky130_fd_sc_hd__clkbuf_4)
                  0.11    0.21    5.96 ^ fanout9/X (sky130_fd_sc_hd__clkbuf_4)
    10    0.03                           net9 (net)
                  0.11    0.00    5.96 ^ _371_/B (sky130_fd_sc_hd__and2b_1)
                  0.14    0.21    6.17 ^ _371_/X (sky130_fd_sc_hd__and2b_1)
     4    0.01                           _176_ (net)
                  0.14    0.00    6.17 ^ _417_/B (sky130_fd_sc_hd__and4_2)
                  0.14    0.33    6.50 ^ _417_/X (sky130_fd_sc_hd__and4_2)
     6    0.02                           _208_ (net)
                  0.14    0.00    6.50 ^ _420_/S (sky130_fd_sc_hd__mux2_1)
                  0.05    0.34    6.84 v _420_/X (sky130_fd_sc_hd__mux2_1)
     1    0.00                           _210_ (net)
                  0.05    0.00    6.84 v _421_/A (sky130_fd_sc_hd__clkbuf_1)
                  0.03    0.09    6.94 v _421_/X (sky130_fd_sc_hd__clkbuf_1)
     1    0.00                           _056_ (net)
                  0.03    0.00    6.94 v _501_/D (sky130_fd_sc_hd__dfxtp_1)
                                  6.94   data arrival time

                         10.00   10.00   clock clk (rise edge)
                          0.00   10.00   clock source latency
                  0.04    0.03   10.03 ^ clk (in)
     1    0.01                           clk (net)
                  0.04    0.00   10.03 ^ clkbuf_0_clk/A (sky130_fd_sc_hd__clkbuf_16)
                  0.08    0.15   10.18 ^ clkbuf_0_clk/X (sky130_fd_sc_hd__clkbuf_16)
     8    0.06                           clknet_0_clk (net)
                  0.08    0.00   10.18 ^ clkbuf_3_6__f_clk/A (sky130_fd_sc_hd__clkbuf_16)
                  0.05    0.14   10.31 ^ clkbuf_3_6__f_clk/X (sky130_fd_sc_hd__clkbuf_16)
     8    0.03                           clknet_3_6__leaf_clk (net)
                  0.05    0.00   10.31 ^ _501_/CLK (sky130_fd_sc_hd__dfxtp_1)
                         -0.25   10.06   clock uncertainty
                          0.02   10.08   clock reconvergence pessimism
                         -0.10    9.98   library setup time
                                  9.98   data required time
-----------------------------------------------------------------------------
                                  9.98   data required time
                                 -6.94   data arrival time
-----------------------------------------------------------------------------
                                  3.04   slack (MET)


Startpoint: _436_ (rising edge-triggered flip-flop clocked by clk')
Endpoint: _488_ (rising edge-triggered flip-flop clocked by clk)
Path Group: clk
Path Type: max

Fanout     Cap    Slew   Delay    Time   Description
-----------------------------------------------------------------------------
                          5.00    5.00   clock clk' (rise edge)
                          0.00    5.00   clock source latency
                  0.02    0.01    5.01 v clk (in)
     1    0.01                           clk (net)
                  0.02    0.00    5.01 v clkbuf_0_clk/A (sky130_fd_sc_hd__clkbuf_16)
                  0.06    0.16    5.18 v clkbuf_0_clk/X (sky130_fd_sc_hd__clkbuf_16)
     8    0.06                           clknet_0_clk (net)
                  0.06    0.00    5.18 v clkbuf_3_5__f_clk/A (sky130_fd_sc_hd__clkbuf_16)
                  0.04    0.17    5.34 v clkbuf_3_5__f_clk/X (sky130_fd_sc_hd__clkbuf_16)
    10    0.03                           clknet_3_5__leaf_clk (net)
                  0.04    0.00    5.34 v _234__1/A (sky130_fd_sc_hd__inv_2)
                  0.02    0.04    5.38 ^ _234__1/Y (sky130_fd_sc_hd__inv_2)
     1    0.00                           net33 (net)
                  0.02    0.00    5.38 ^ _436_/CLK (sky130_fd_sc_hd__dfxtp_1)
                  0.11    0.36    5.74 ^ _436_/Q (sky130_fd_sc_hd__dfxtp_1)
     2    0.01                           dut.rst_n (net)
                  0.11    0.00    5.74 ^ fanout9/A (sky130_fd_sc_hd__clkbuf_4)
                  0.11    0.21    5.96 ^ fanout9/X (sky130_fd_sc_hd__clkbuf_4)
    10    0.03                           net9 (net)
                  0.11    0.00    5.96 ^ _371_/B (sky130_fd_sc_hd__and2b_1)
                  0.14    0.21    6.17 ^ _371_/X (sky130_fd_sc_hd__and2b_1)
     4    0.01                           _176_ (net)
                  0.14    0.00    6.17 ^ _373_/A (sky130_fd_sc_hd__nand2_2)
                  0.08    0.10    6.27 v _373_/Y (sky130_fd_sc_hd__nand2_2)
     4    0.01                           _178_ (net)
                  0.08    0.00    6.27 v _378_/S (sky130_fd_sc_hd__mux2_1)
                  0.06    0.33    6.61 v _378_/X (sky130_fd_sc_hd__mux2_1)
     1    0.00                           _181_ (net)
                  0.06    0.00    6.61 v _379_/A (sky130_fd_sc_hd__clkbuf_1)
                  0.03    0.10    6.71 v _379_/X (sky130_fd_sc_hd__clkbuf_1)
     1    0.00                           _043_ (net)
                  0.03    0.00    6.71 v _488_/D (sky130_fd_sc_hd__dfxtp_1)
                                  6.71   data arrival time

                         10.00   10.00   clock clk (rise edge)
                          0.00   10.00   clock source latency
                  0.04    0.03   10.03 ^ clk (in)
     1    0.01                           clk (net)
                  0.04    0.00   10.03 ^ clkbuf_0_clk/A (sky130_fd_sc_hd__clkbuf_16)
                  0.08    0.15   10.18 ^ clkbuf_0_clk/X (sky130_fd_sc_hd__clkbuf_16)
     8    0.06                           clknet_0_clk (net)
                  0.08    0.00   10.18 ^ clkbuf_3_4__f_clk/A (sky130_fd_sc_hd__clkbuf_16)
                  0.04    0.13   10.30 ^ clkbuf_3_4__f_clk/X (sky130_fd_sc_hd__clkbuf_16)
     8    0.02                           clknet_3_4__leaf_clk (net)
                  0.04    0.00   10.30 ^ _488_/CLK (sky130_fd_sc_hd__dfxtp_1)
                         -0.25   10.05   clock uncertainty
                          0.02   10.07   clock reconvergence pessimism
                         -0.11    9.97   library setup time
                                  9.97   data required time
-----------------------------------------------------------------------------
                                  9.97   data required time
                                 -6.71   data arrival time
-----------------------------------------------------------------------------
                                  3.26   slack (MET)


Startpoint: _436_ (rising edge-triggered flip-flop clocked by clk')
Endpoint: _487_ (rising edge-triggered flip-flop clocked by clk)
Path Group: clk
Path Type: max

Fanout     Cap    Slew   Delay    Time   Description
-----------------------------------------------------------------------------
                          5.00    5.00   clock clk' (rise edge)
                          0.00    5.00   clock source latency
                  0.02    0.01    5.01 v clk (in)
     1    0.01                           clk (net)
                  0.02    0.00    5.01 v clkbuf_0_clk/A (sky130_fd_sc_hd__clkbuf_16)
                  0.06    0.16    5.18 v clkbuf_0_clk/X (sky130_fd_sc_hd__clkbuf_16)
     8    0.06                           clknet_0_clk (net)
                  0.06    0.00    5.18 v clkbuf_3_5__f_clk/A (sky130_fd_sc_hd__clkbuf_16)
                  0.04    0.17    5.34 v clkbuf_3_5__f_clk/X (sky130_fd_sc_hd__clkbuf_16)
    10    0.03                           clknet_3_5__leaf_clk (net)
                  0.04    0.00    5.34 v _234__1/A (sky130_fd_sc_hd__inv_2)
                  0.02    0.04    5.38 ^ _234__1/Y (sky130_fd_sc_hd__inv_2)
     1    0.00                           net33 (net)
                  0.02    0.00    5.38 ^ _436_/CLK (sky130_fd_sc_hd__dfxtp_1)
                  0.11    0.36    5.74 ^ _436_/Q (sky130_fd_sc_hd__dfxtp_1)
     2    0.01                           dut.rst_n (net)
                  0.11    0.00    5.74 ^ fanout9/A (sky130_fd_sc_hd__clkbuf_4)
                  0.11    0.21    5.96 ^ fanout9/X (sky130_fd_sc_hd__clkbuf_4)
    10    0.03                           net9 (net)
                  0.11    0.00    5.96 ^ _371_/B (sky130_fd_sc_hd__and2b_1)
                  0.14    0.21    6.17 ^ _371_/X (sky130_fd_sc_hd__and2b_1)
     4    0.01                           _176_ (net)
                  0.14    0.00    6.17 ^ _373_/A (sky130_fd_sc_hd__nand2_2)
                  0.08    0.10    6.27 v _373_/Y (sky130_fd_sc_hd__nand2_2)
     4    0.01                           _178_ (net)
                  0.08    0.00    6.27 v _376_/S (sky130_fd_sc_hd__mux2_1)
                  0.05    0.33    6.60 v _376_/X (sky130_fd_sc_hd__mux2_1)
     1    0.00                           _180_ (net)
                  0.05    0.00    6.60 v _377_/A (sky130_fd_sc_hd__clkbuf_1)
                  0.03    0.10    6.70 v _377_/X (sky130_fd_sc_hd__clkbuf_1)
     1    0.00                           _042_ (net)
                  0.03    0.00    6.70 v _487_/D (sky130_fd_sc_hd__dfxtp_1)
                                  6.70   data arrival time

                         10.00   10.00   clock clk (rise edge)
                          0.00   10.00   clock source latency
                  0.04    0.03   10.03 ^ clk (in)
     1    0.01                           clk (net)
                  0.04    0.00   10.03 ^ clkbuf_0_clk/A (sky130_fd_sc_hd__clkbuf_16)
                  0.08    0.15   10.18 ^ clkbuf_0_clk/X (sky130_fd_sc_hd__clkbuf_16)
     8    0.06                           clknet_0_clk (net)
                  0.08    0.00   10.18 ^ clkbuf_3_4__f_clk/A (sky130_fd_sc_hd__clkbuf_16)
                  0.04    0.13   10.30 ^ clkbuf_3_4__f_clk/X (sky130_fd_sc_hd__clkbuf_16)
     8    0.02                           clknet_3_4__leaf_clk (net)
                  0.04    0.00   10.30 ^ _487_/CLK (sky130_fd_sc_hd__dfxtp_1)
                         -0.25   10.05   clock uncertainty
                          0.02   10.07   clock reconvergence pessimism
                         -0.10    9.97   library setup time
                                  9.97   data required time
-----------------------------------------------------------------------------
                                  9.97   data required time
                                 -6.70   data arrival time
-----------------------------------------------------------------------------
                                  3.27   slack (MET)


Startpoint: _436_ (rising edge-triggered flip-flop clocked by clk')
Endpoint: _486_ (rising edge-triggered flip-flop clocked by clk)
Path Group: clk
Path Type: max

Fanout     Cap    Slew   Delay    Time   Description
-----------------------------------------------------------------------------
                          5.00    5.00   clock clk' (rise edge)
                          0.00    5.00   clock source latency
                  0.02    0.01    5.01 v clk (in)
     1    0.01                           clk (net)
                  0.02    0.00    5.01 v clkbuf_0_clk/A (sky130_fd_sc_hd__clkbuf_16)
                  0.06    0.16    5.18 v clkbuf_0_clk/X (sky130_fd_sc_hd__clkbuf_16)
     8    0.06                           clknet_0_clk (net)
                  0.06    0.00    5.18 v clkbuf_3_5__f_clk/A (sky130_fd_sc_hd__clkbuf_16)
                  0.04    0.17    5.34 v clkbuf_3_5__f_clk/X (sky130_fd_sc_hd__clkbuf_16)
    10    0.03                           clknet_3_5__leaf_clk (net)
                  0.04    0.00    5.34 v _234__1/A (sky130_fd_sc_hd__inv_2)
                  0.02    0.04    5.38 ^ _234__1/Y (sky130_fd_sc_hd__inv_2)
     1    0.00                           net33 (net)
                  0.02    0.00    5.38 ^ _436_/CLK (sky130_fd_sc_hd__dfxtp_1)
                  0.11    0.36    5.74 ^ _436_/Q (sky130_fd_sc_hd__dfxtp_1)
     2    0.01                           dut.rst_n (net)
                  0.11    0.00    5.74 ^ fanout9/A (sky130_fd_sc_hd__clkbuf_4)
                  0.11    0.21    5.96 ^ fanout9/X (sky130_fd_sc_hd__clkbuf_4)
    10    0.03                           net9 (net)
                  0.11    0.00    5.96 ^ _371_/B (sky130_fd_sc_hd__and2b_1)
                  0.14    0.21    6.17 ^ _371_/X (sky130_fd_sc_hd__and2b_1)
     4    0.01                           _176_ (net)
                  0.14    0.00    6.17 ^ _373_/A (sky130_fd_sc_hd__nand2_2)
                  0.08    0.10    6.27 v _373_/Y (sky130_fd_sc_hd__nand2_2)
     4    0.01                           _178_ (net)
                  0.08    0.00    6.27 v _374_/S (sky130_fd_sc_hd__mux2_1)
                  0.06    0.33    6.61 v _374_/X (sky130_fd_sc_hd__mux2_1)
     1    0.00                           _179_ (net)
                  0.06    0.00    6.61 v _375_/A (sky130_fd_sc_hd__clkbuf_1)
                  0.02    0.09    6.70 v _375_/X (sky130_fd_sc_hd__clkbuf_1)
     1    0.00                           _041_ (net)
                  0.02    0.00    6.70 v _486_/D (sky130_fd_sc_hd__dfxtp_1)
                                  6.70   data arrival time

                         10.00   10.00   clock clk (rise edge)
                          0.00   10.00   clock source latency
                  0.04    0.03   10.03 ^ clk (in)
     1    0.01                           clk (net)
                  0.04    0.00   10.03 ^ clkbuf_0_clk/A (sky130_fd_sc_hd__clkbuf_16)
                  0.08    0.15   10.18 ^ clkbuf_0_clk/X (sky130_fd_sc_hd__clkbuf_16)
     8    0.06                           clknet_0_clk (net)
                  0.08    0.00   10.18 ^ clkbuf_3_7__f_clk/A (sky130_fd_sc_hd__clkbuf_16)
                  0.04    0.13   10.31 ^ clkbuf_3_7__f_clk/X (sky130_fd_sc_hd__clkbuf_16)
     7    0.02                           clknet_3_7__leaf_clk (net)
                  0.04    0.00   10.31 ^ _486_/CLK (sky130_fd_sc_hd__dfxtp_1)
                         -0.25   10.06   clock uncertainty
                          0.02   10.08   clock reconvergence pessimism
                         -0.10    9.98   library setup time
                                  9.98   data required time
-----------------------------------------------------------------------------
                                  9.98   data required time
                                 -6.70   data arrival time
-----------------------------------------------------------------------------
                                  3.28   slack (MET)


Startpoint: _436_ (rising edge-triggered flip-flop clocked by clk')
Endpoint: _493_ (rising edge-triggered flip-flop clocked by clk)
Path Group: clk
Path Type: max

Fanout     Cap    Slew   Delay    Time   Description
-----------------------------------------------------------------------------
                          5.00    5.00   clock clk' (rise edge)
                          0.00    5.00   clock source latency
                  0.02    0.01    5.01 v clk (in)
     1    0.01                           clk (net)
                  0.02    0.00    5.01 v clkbuf_0_clk/A (sky130_fd_sc_hd__clkbuf_16)
                  0.06    0.16    5.18 v clkbuf_0_clk/X (sky130_fd_sc_hd__clkbuf_16)
     8    0.06                           clknet_0_clk (net)
                  0.06    0.00    5.18 v clkbuf_3_5__f_clk/A (sky130_fd_sc_hd__clkbuf_16)
                  0.04    0.17    5.34 v clkbuf_3_5__f_clk/X (sky130_fd_sc_hd__clkbuf_16)
    10    0.03                           clknet_3_5__leaf_clk (net)
                  0.04    0.00    5.34 v _234__1/A (sky130_fd_sc_hd__inv_2)
                  0.02    0.04    5.38 ^ _234__1/Y (sky130_fd_sc_hd__inv_2)
     1    0.00                           net33 (net)
                  0.02    0.00    5.38 ^ _436_/CLK (sky130_fd_sc_hd__dfxtp_1)
                  0.11    0.36    5.74 ^ _436_/Q (sky130_fd_sc_hd__dfxtp_1)
     2    0.01                           dut.rst_n (net)
                  0.11    0.00    5.74 ^ fanout9/A (sky130_fd_sc_hd__clkbuf_4)
                  0.11    0.21    5.96 ^ fanout9/X (sky130_fd_sc_hd__clkbuf_4)
    10    0.03                           net9 (net)
                  0.11    0.00    5.96 ^ _371_/B (sky130_fd_sc_hd__and2b_1)
                  0.14    0.21    6.17 ^ _371_/X (sky130_fd_sc_hd__and2b_1)
     4    0.01                           _176_ (net)
                  0.14    0.00    6.17 ^ _385_/A (sky130_fd_sc_hd__buf_2)
                  0.10    0.19    6.36 ^ _385_/X (sky130_fd_sc_hd__buf_2)
    10    0.02                           _186_ (net)
                  0.10    0.00    6.36 ^ _397_/A (sky130_fd_sc_hd__and3_1)
                  0.06    0.17    6.53 ^ _397_/X (sky130_fd_sc_hd__and3_1)
     1    0.00                           _195_ (net)
                  0.06    0.00    6.53 ^ _398_/A (sky130_fd_sc_hd__clkbuf_1)
                  0.05    0.10    6.63 ^ _398_/X (sky130_fd_sc_hd__clkbuf_1)
     1    0.00                           _048_ (net)
                  0.05    0.00    6.63 ^ _493_/D (sky130_fd_sc_hd__dfxtp_1)
                                  6.63   data arrival time

                         10.00   10.00   clock clk (rise edge)
                          0.00   10.00   clock source latency
                  0.04    0.03   10.03 ^ clk (in)
     1    0.01                           clk (net)
                  0.04    0.00   10.03 ^ clkbuf_0_clk/A (sky130_fd_sc_hd__clkbuf_16)
                  0.08    0.15   10.18 ^ clkbuf_0_clk/X (sky130_fd_sc_hd__clkbuf_16)
     8    0.06                           clknet_0_clk (net)
                  0.08    0.00   10.18 ^ clkbuf_3_3__f_clk/A (sky130_fd_sc_hd__clkbuf_16)
                  0.05    0.14   10.32 ^ clkbuf_3_3__f_clk/X (sky130_fd_sc_hd__clkbuf_16)
    10    0.03                           clknet_3_3__leaf_clk (net)
                  0.05    0.00   10.32 ^ _493_/CLK (sky130_fd_sc_hd__dfxtp_1)
                         -0.25   10.07   clock uncertainty
                          0.02   10.08   clock reconvergence pessimism
                         -0.06   10.03   library setup time
                                 10.03   data required time
-----------------------------------------------------------------------------
                                 10.03   data required time
                                 -6.63   data arrival time
-----------------------------------------------------------------------------
                                  3.40   slack (MET)


Startpoint: _436_ (rising edge-triggered flip-flop clocked by clk')
Endpoint: _492_ (rising edge-triggered flip-flop clocked by clk)
Path Group: clk
Path Type: max

Fanout     Cap    Slew   Delay    Time   Description
-----------------------------------------------------------------------------
                          5.00    5.00   clock clk' (rise edge)
                          0.00    5.00   clock source latency
                  0.02    0.01    5.01 v clk (in)
     1    0.01                           clk (net)
                  0.02    0.00    5.01 v clkbuf_0_clk/A (sky130_fd_sc_hd__clkbuf_16)
                  0.06    0.16    5.18 v clkbuf_0_clk/X (sky130_fd_sc_hd__clkbuf_16)
     8    0.06                           clknet_0_clk (net)
                  0.06    0.00    5.18 v clkbuf_3_5__f_clk/A (sky130_fd_sc_hd__clkbuf_16)
                  0.04    0.17    5.34 v clkbuf_3_5__f_clk/X (sky130_fd_sc_hd__clkbuf_16)
    10    0.03                           clknet_3_5__leaf_clk (net)
                  0.04    0.00    5.34 v _234__1/A (sky130_fd_sc_hd__inv_2)
                  0.02    0.04    5.38 ^ _234__1/Y (sky130_fd_sc_hd__inv_2)
     1    0.00                           net33 (net)
                  0.02    0.00    5.38 ^ _436_/CLK (sky130_fd_sc_hd__dfxtp_1)
                  0.11    0.36    5.74 ^ _436_/Q (sky130_fd_sc_hd__dfxtp_1)
     2    0.01                           dut.rst_n (net)
                  0.11    0.00    5.74 ^ fanout9/A (sky130_fd_sc_hd__clkbuf_4)
                  0.11    0.21    5.96 ^ fanout9/X (sky130_fd_sc_hd__clkbuf_4)
    10    0.03                           net9 (net)
                  0.11    0.00    5.96 ^ _371_/B (sky130_fd_sc_hd__and2b_1)
                  0.14    0.21    6.17 ^ _371_/X (sky130_fd_sc_hd__and2b_1)
     4    0.01                           _176_ (net)
                  0.14    0.00    6.17 ^ _385_/A (sky130_fd_sc_hd__buf_2)
                  0.10    0.19    6.36 ^ _385_/X (sky130_fd_sc_hd__buf_2)
    10    0.02                           _186_ (net)
                  0.10    0.00    6.36 ^ _393_/A (sky130_fd_sc_hd__and3_1)
                  0.05    0.16    6.53 ^ _393_/X (sky130_fd_sc_hd__and3_1)
     1    0.00                           _192_ (net)
                  0.05    0.00    6.53 ^ _394_/A (sky130_fd_sc_hd__clkbuf_1)
                  0.05    0.09    6.62 ^ _394_/X (sky130_fd_sc_hd__clkbuf_1)
     1    0.00                           _047_ (net)
                  0.05    0.00    6.62 ^ _492_/D (sky130_fd_sc_hd__dfxtp_1)
                                  6.62   data arrival time

                         10.00   10.00   clock clk (rise edge)
                          0.00   10.00   clock source latency
                  0.04    0.03   10.03 ^ clk (in)
     1    0.01                           clk (net)
                  0.04    0.00   10.03 ^ clkbuf_0_clk/A (sky130_fd_sc_hd__clkbuf_16)
                  0.08    0.15   10.18 ^ clkbuf_0_clk/X (sky130_fd_sc_hd__clkbuf_16)
     8    0.06                           clknet_0_clk (net)
                  0.08    0.00   10.18 ^ clkbuf_3_6__f_clk/A (sky130_fd_sc_hd__clkbuf_16)
                  0.05    0.14   10.31 ^ clkbuf_3_6__f_clk/X (sky130_fd_sc_hd__clkbuf_16)
     8    0.03                           clknet_3_6__leaf_clk (net)
                  0.05    0.00   10.31 ^ _492_/CLK (sky130_fd_sc_hd__dfxtp_1)
                         -0.25   10.06   clock uncertainty
                          0.02   10.08   clock reconvergence pessimism
                         -0.05   10.03   library setup time
                                 10.03   data required time
-----------------------------------------------------------------------------
                                 10.03   data required time
                                 -6.62   data arrival time
-----------------------------------------------------------------------------
                                  3.41   slack (MET)


Startpoint: _436_ (rising edge-triggered flip-flop clocked by clk')
Endpoint: _483_ (rising edge-triggered flip-flop clocked by clk)
Path Group: clk
Path Type: max

Fanout     Cap    Slew   Delay    Time   Description
-----------------------------------------------------------------------------
                          5.00    5.00   clock clk' (rise edge)
                          0.00    5.00   clock source latency
                  0.02    0.01    5.01 v clk (in)
     1    0.01                           clk (net)
                  0.02    0.00    5.01 v clkbuf_0_clk/A (sky130_fd_sc_hd__clkbuf_16)
                  0.06    0.16    5.18 v clkbuf_0_clk/X (sky130_fd_sc_hd__clkbuf_16)
     8    0.06                           clknet_0_clk (net)
                  0.06    0.00    5.18 v clkbuf_3_5__f_clk/A (sky130_fd_sc_hd__clkbuf_16)
                  0.04    0.17    5.34 v clkbuf_3_5__f_clk/X (sky130_fd_sc_hd__clkbuf_16)
    10    0.03                           clknet_3_5__leaf_clk (net)
                  0.04    0.00    5.34 v _234__1/A (sky130_fd_sc_hd__inv_2)
                  0.02    0.04    5.38 ^ _234__1/Y (sky130_fd_sc_hd__inv_2)
     1    0.00                           net33 (net)
                  0.02    0.00    5.38 ^ _436_/CLK (sky130_fd_sc_hd__dfxtp_1)
                  0.11    0.36    5.74 ^ _436_/Q (sky130_fd_sc_hd__dfxtp_1)
     2    0.01                           dut.rst_n (net)
                  0.11    0.00    5.74 ^ fanout9/A (sky130_fd_sc_hd__clkbuf_4)
                  0.11    0.21    5.96 ^ fanout9/X (sky130_fd_sc_hd__clkbuf_4)
    10    0.03                           net9 (net)
                  0.11    0.00    5.96 ^ _228_/B_N (sky130_fd_sc_hd__or2b_1)
                  0.08    0.29    6.24 v _228_/X (sky130_fd_sc_hd__or2b_1)
     3    0.01                           _074_ (net)
                  0.08    0.00    6.24 v _233_/D1 (sky130_fd_sc_hd__a2111o_1)
                  0.06    0.31    6.55 v _233_/X (sky130_fd_sc_hd__a2111o_1)
     1    0.00                           _000_ (net)
                  0.06    0.00    6.55 v _483_/D (sky130_fd_sc_hd__dfxtp_1)
                                  6.55   data arrival time

                         10.00   10.00   clock clk (rise edge)
                          0.00   10.00   clock source latency
                  0.04    0.03   10.03 ^ clk (in)
     1    0.01                           clk (net)
                  0.04    0.00   10.03 ^ clkbuf_0_clk/A (sky130_fd_sc_hd__clkbuf_16)
                  0.08    0.15   10.18 ^ clkbuf_0_clk/X (sky130_fd_sc_hd__clkbuf_16)
     8    0.06                           clknet_0_clk (net)
                  0.08    0.00   10.18 ^ clkbuf_3_6__f_clk/A (sky130_fd_sc_hd__clkbuf_16)
                  0.05    0.14   10.31 ^ clkbuf_3_6__f_clk/X (sky130_fd_sc_hd__clkbuf_16)
     8    0.03                           clknet_3_6__leaf_clk (net)
                  0.05    0.00   10.31 ^ _483_/CLK (sky130_fd_sc_hd__dfxtp_1)
                         -0.25   10.06   clock uncertainty
                          0.02   10.08   clock reconvergence pessimism
                         -0.12    9.96   library setup time
                                  9.96   data required time
-----------------------------------------------------------------------------
                                  9.96   data required time
                                 -6.55   data arrival time
-----------------------------------------------------------------------------
                                  3.41   slack (MET)


Startpoint: _436_ (rising edge-triggered flip-flop clocked by clk')
Endpoint: _491_ (rising edge-triggered flip-flop clocked by clk)
Path Group: clk
Path Type: max

Fanout     Cap    Slew   Delay    Time   Description
-----------------------------------------------------------------------------
                          5.00    5.00   clock clk' (rise edge)
                          0.00    5.00   clock source latency
                  0.02    0.01    5.01 v clk (in)
     1    0.01                           clk (net)
                  0.02    0.00    5.01 v clkbuf_0_clk/A (sky130_fd_sc_hd__clkbuf_16)
                  0.06    0.16    5.18 v clkbuf_0_clk/X (sky130_fd_sc_hd__clkbuf_16)
     8    0.06                           clknet_0_clk (net)
                  0.06    0.00    5.18 v clkbuf_3_5__f_clk/A (sky130_fd_sc_hd__clkbuf_16)
                  0.04    0.17    5.34 v clkbuf_3_5__f_clk/X (sky130_fd_sc_hd__clkbuf_16)
    10    0.03                           clknet_3_5__leaf_clk (net)
                  0.04    0.00    5.34 v _234__1/A (sky130_fd_sc_hd__inv_2)
                  0.02    0.04    5.38 ^ _234__1/Y (sky130_fd_sc_hd__inv_2)
     1    0.00                           net33 (net)
                  0.02    0.00    5.38 ^ _436_/CLK (sky130_fd_sc_hd__dfxtp_1)
                  0.11    0.36    5.74 ^ _436_/Q (sky130_fd_sc_hd__dfxtp_1)
     2    0.01                           dut.rst_n (net)
                  0.11    0.00    5.74 ^ fanout9/A (sky130_fd_sc_hd__clkbuf_4)
                  0.11    0.21    5.96 ^ fanout9/X (sky130_fd_sc_hd__clkbuf_4)
    10    0.03                           net9 (net)
                  0.11    0.00    5.96 ^ _371_/B (sky130_fd_sc_hd__and2b_1)
                  0.14    0.21    6.17 ^ _371_/X (sky130_fd_sc_hd__and2b_1)
     4    0.01                           _176_ (net)
                  0.14    0.00    6.17 ^ _385_/A (sky130_fd_sc_hd__buf_2)
                  0.10    0.19    6.36 ^ _385_/X (sky130_fd_sc_hd__buf_2)
    10    0.02                           _186_ (net)
                  0.10    0.00    6.36 ^ _388_/A (sky130_fd_sc_hd__and2_1)
                  0.05    0.14    6.51 ^ _388_/X (sky130_fd_sc_hd__and2_1)
     1    0.00                           _188_ (net)
                  0.05    0.00    6.51 ^ _389_/A (sky130_fd_sc_hd__clkbuf_1)
                  0.05    0.09    6.60 ^ _389_/X (sky130_fd_sc_hd__clkbuf_1)
     1    0.00                           _046_ (net)
                  0.05    0.00    6.60 ^ _491_/D (sky130_fd_sc_hd__dfxtp_2)
                                  6.60   data arrival time

                         10.00   10.00   clock clk (rise edge)
                          0.00   10.00   clock source latency
                  0.04    0.03   10.03 ^ clk (in)
     1    0.01                           clk (net)
                  0.04    0.00   10.03 ^ clkbuf_0_clk/A (sky130_fd_sc_hd__clkbuf_16)
                  0.08    0.15   10.18 ^ clkbuf_0_clk/X (sky130_fd_sc_hd__clkbuf_16)
     8    0.06                           clknet_0_clk (net)
                  0.08    0.00   10.18 ^ clkbuf_3_6__f_clk/A (sky130_fd_sc_hd__clkbuf_16)
                  0.05    0.14   10.31 ^ clkbuf_3_6__f_clk/X (sky130_fd_sc_hd__clkbuf_16)
     8    0.03                           clknet_3_6__leaf_clk (net)
                  0.05    0.00   10.31 ^ _491_/CLK (sky130_fd_sc_hd__dfxtp_2)
                         -0.25   10.06   clock uncertainty
                          0.02   10.08   clock reconvergence pessimism
                         -0.06   10.02   library setup time
                                 10.02   data required time
-----------------------------------------------------------------------------
                                 10.02   data required time
                                 -6.60   data arrival time
-----------------------------------------------------------------------------
                                  3.43   slack (MET)


Startpoint: _436_ (rising edge-triggered flip-flop clocked by clk')
Endpoint: _495_ (rising edge-triggered flip-flop clocked by clk)
Path Group: clk
Path Type: max

Fanout     Cap    Slew   Delay    Time   Description
-----------------------------------------------------------------------------
                          5.00    5.00   clock clk' (rise edge)
                          0.00    5.00   clock source latency
                  0.02    0.01    5.01 v clk (in)
     1    0.01                           clk (net)
                  0.02    0.00    5.01 v clkbuf_0_clk/A (sky130_fd_sc_hd__clkbuf_16)
                  0.06    0.16    5.18 v clkbuf_0_clk/X (sky130_fd_sc_hd__clkbuf_16)
     8    0.06                           clknet_0_clk (net)
                  0.06    0.00    5.18 v clkbuf_3_5__f_clk/A (sky130_fd_sc_hd__clkbuf_16)
                  0.04    0.17    5.34 v clkbuf_3_5__f_clk/X (sky130_fd_sc_hd__clkbuf_16)
    10    0.03                           clknet_3_5__leaf_clk (net)
                  0.04    0.00    5.34 v _234__1/A (sky130_fd_sc_hd__inv_2)
                  0.02    0.04    5.38 ^ _234__1/Y (sky130_fd_sc_hd__inv_2)
     1    0.00                           net33 (net)
                  0.02    0.00    5.38 ^ _436_/CLK (sky130_fd_sc_hd__dfxtp_1)
                  0.11    0.36    5.74 ^ _436_/Q (sky130_fd_sc_hd__dfxtp_1)
     2    0.01                           dut.rst_n (net)
                  0.11    0.00    5.74 ^ fanout9/A (sky130_fd_sc_hd__clkbuf_4)
                  0.11    0.21    5.96 ^ fanout9/X (sky130_fd_sc_hd__clkbuf_4)
    10    0.03                           net9 (net)
                  0.11    0.00    5.96 ^ _371_/B (sky130_fd_sc_hd__and2b_1)
                  0.14    0.21    6.17 ^ _371_/X (sky130_fd_sc_hd__and2b_1)
     4    0.01                           _176_ (net)
                  0.14    0.00    6.17 ^ _385_/A (sky130_fd_sc_hd__buf_2)
                  0.10    0.19    6.36 ^ _385_/X (sky130_fd_sc_hd__buf_2)
    10    0.02                           _186_ (net)
                  0.10    0.00    6.36 ^ _404_/A (sky130_fd_sc_hd__and2_1)
                  0.05    0.14    6.51 ^ _404_/X (sky130_fd_sc_hd__and2_1)
     1    0.00                           _200_ (net)
                  0.05    0.00    6.51 ^ _405_/A (sky130_fd_sc_hd__clkbuf_1)
                  0.04    0.09    6.59 ^ _405_/X (sky130_fd_sc_hd__clkbuf_1)
     1    0.00                           _050_ (net)
                  0.04    0.00    6.59 ^ _495_/D (sky130_fd_sc_hd__dfxtp_1)
                                  6.59   data arrival time

                         10.00   10.00   clock clk (rise edge)
                          0.00   10.00   clock source latency
                  0.04    0.03   10.03 ^ clk (in)
     1    0.01                           clk (net)
                  0.04    0.00   10.03 ^ clkbuf_0_clk/A (sky130_fd_sc_hd__clkbuf_16)
                  0.08    0.15   10.18 ^ clkbuf_0_clk/X (sky130_fd_sc_hd__clkbuf_16)
     8    0.06                           clknet_0_clk (net)
                  0.08    0.00   10.18 ^ clkbuf_3_3__f_clk/A (sky130_fd_sc_hd__clkbuf_16)
                  0.05    0.14   10.32 ^ clkbuf_3_3__f_clk/X (sky130_fd_sc_hd__clkbuf_16)
    10    0.03                           clknet_3_3__leaf_clk (net)
                  0.05    0.00   10.32 ^ _495_/CLK (sky130_fd_sc_hd__dfxtp_1)
                         -0.25   10.07   clock uncertainty
                          0.02   10.08   clock reconvergence pessimism
                         -0.05   10.03   library setup time
                                 10.03   data required time
-----------------------------------------------------------------------------
                                 10.03   data required time
                                 -6.59   data arrival time
-----------------------------------------------------------------------------
                                  3.44   slack (MET)


Startpoint: _436_ (rising edge-triggered flip-flop clocked by clk')
Endpoint: _496_ (rising edge-triggered flip-flop clocked by clk)
Path Group: clk
Path Type: max

Fanout     Cap    Slew   Delay    Time   Description
-----------------------------------------------------------------------------
                          5.00    5.00   clock clk' (rise edge)
                          0.00    5.00   clock source latency
                  0.02    0.01    5.01 v clk (in)
     1    0.01                           clk (net)
                  0.02    0.00    5.01 v clkbuf_0_clk/A (sky130_fd_sc_hd__clkbuf_16)
                  0.06    0.16    5.18 v clkbuf_0_clk/X (sky130_fd_sc_hd__clkbuf_16)
     8    0.06                           clknet_0_clk (net)
                  0.06    0.00    5.18 v clkbuf_3_5__f_clk/A (sky130_fd_sc_hd__clkbuf_16)
                  0.04    0.17    5.34 v clkbuf_3_5__f_clk/X (sky130_fd_sc_hd__clkbuf_16)
    10    0.03                           clknet_3_5__leaf_clk (net)
                  0.04    0.00    5.34 v _234__1/A (sky130_fd_sc_hd__inv_2)
                  0.02    0.04    5.38 ^ _234__1/Y (sky130_fd_sc_hd__inv_2)
     1    0.00                           net33 (net)
                  0.02    0.00    5.38 ^ _436_/CLK (sky130_fd_sc_hd__dfxtp_1)
                  0.11    0.36    5.74 ^ _436_/Q (sky130_fd_sc_hd__dfxtp_1)
     2    0.01                           dut.rst_n (net)
                  0.11    0.00    5.74 ^ fanout9/A (sky130_fd_sc_hd__clkbuf_4)
                  0.11    0.21    5.96 ^ fanout9/X (sky130_fd_sc_hd__clkbuf_4)
    10    0.03                           net9 (net)
                  0.11    0.00    5.96 ^ _371_/B (sky130_fd_sc_hd__and2b_1)
                  0.14    0.21    6.17 ^ _371_/X (sky130_fd_sc_hd__and2b_1)
     4    0.01                           _176_ (net)
                  0.14    0.00    6.17 ^ _385_/A (sky130_fd_sc_hd__buf_2)
                  0.10    0.19    6.36 ^ _385_/X (sky130_fd_sc_hd__buf_2)
    10    0.02                           _186_ (net)
                  0.10    0.00    6.36 ^ _409_/A (sky130_fd_sc_hd__and2_1)
                  0.04    0.13    6.50 ^ _409_/X (sky130_fd_sc_hd__and2_1)
     1    0.00                           _204_ (net)
                  0.04    0.00    6.50 ^ _410_/A (sky130_fd_sc_hd__clkbuf_1)
                  0.04    0.08    6.58 ^ _410_/X (sky130_fd_sc_hd__clkbuf_1)
     1    0.00                           _051_ (net)
                  0.04    0.00    6.58 ^ _496_/D (sky130_fd_sc_hd__dfxtp_1)
                                  6.58   data arrival time

                         10.00   10.00   clock clk (rise edge)
                          0.00   10.00   clock source latency
                  0.04    0.03   10.03 ^ clk (in)
     1    0.01                           clk (net)
                  0.04    0.00   10.03 ^ clkbuf_0_clk/A (sky130_fd_sc_hd__clkbuf_16)
                  0.08    0.15   10.18 ^ clkbuf_0_clk/X (sky130_fd_sc_hd__clkbuf_16)
     8    0.06                           clknet_0_clk (net)
                  0.08    0.00   10.18 ^ clkbuf_3_7__f_clk/A (sky130_fd_sc_hd__clkbuf_16)
                  0.04    0.13   10.31 ^ clkbuf_3_7__f_clk/X (sky130_fd_sc_hd__clkbuf_16)
     7    0.02                           clknet_3_7__leaf_clk (net)
                  0.04    0.00   10.31 ^ _496_/CLK (sky130_fd_sc_hd__dfxtp_1)
                         -0.25   10.06   clock uncertainty
                          0.02   10.08   clock reconvergence pessimism
                         -0.05   10.02   library setup time
                                 10.02   data required time
-----------------------------------------------------------------------------
                                 10.02   data required time
                                 -6.58   data arrival time
-----------------------------------------------------------------------------
                                  3.45   slack (MET)


Startpoint: _436_ (rising edge-triggered flip-flop clocked by clk')
Endpoint: _507_ (rising edge-triggered flip-flop clocked by clk)
Path Group: clk
Path Type: max

Fanout     Cap    Slew   Delay    Time   Description
-----------------------------------------------------------------------------
                          5.00    5.00   clock clk' (rise edge)
                          0.00    5.00   clock source latency
                  0.02    0.01    5.01 v clk (in)
     1    0.01                           clk (net)
                  0.02    0.00    5.01 v clkbuf_0_clk/A (sky130_fd_sc_hd__clkbuf_16)
                  0.06    0.16    5.18 v clkbuf_0_clk/X (sky130_fd_sc_hd__clkbuf_16)
     8    0.06                           clknet_0_clk (net)
                  0.06    0.00    5.18 v clkbuf_3_5__f_clk/A (sky130_fd_sc_hd__clkbuf_16)
                  0.04    0.17    5.34 v clkbuf_3_5__f_clk/X (sky130_fd_sc_hd__clkbuf_16)
    10    0.03                           clknet_3_5__leaf_clk (net)
                  0.04    0.00    5.34 v _234__1/A (sky130_fd_sc_hd__inv_2)
                  0.02    0.04    5.38 ^ _234__1/Y (sky130_fd_sc_hd__inv_2)
     1    0.00                           net33 (net)
                  0.02    0.00    5.38 ^ _436_/CLK (sky130_fd_sc_hd__dfxtp_1)
                  0.11    0.36    5.74 ^ _436_/Q (sky130_fd_sc_hd__dfxtp_1)
     2    0.01                           dut.rst_n (net)
                  0.11    0.00    5.74 ^ fanout9/A (sky130_fd_sc_hd__clkbuf_4)
                  0.11    0.21    5.96 ^ fanout9/X (sky130_fd_sc_hd__clkbuf_4)
    10    0.03                           net9 (net)
                  0.11    0.00    5.96 ^ _371_/B (sky130_fd_sc_hd__and2b_1)
                  0.14    0.21    6.17 ^ _371_/X (sky130_fd_sc_hd__and2b_1)
     4    0.01                           _176_ (net)
                  0.14    0.00    6.17 ^ _385_/A (sky130_fd_sc_hd__buf_2)
                  0.10    0.19    6.36 ^ _385_/X (sky130_fd_sc_hd__buf_2)
    10    0.02                           _186_ (net)
                  0.10    0.00    6.36 ^ _433_/C1 (sky130_fd_sc_hd__o311a_1)
                  0.05    0.17    6.54 ^ _433_/X (sky130_fd_sc_hd__o311a_1)
     1    0.00                           _062_ (net)
                  0.05    0.00    6.54 ^ _507_/D (sky130_fd_sc_hd__dfxtp_1)
                                  6.54   data arrival time

                         10.00   10.00   clock clk (rise edge)
                          0.00   10.00   clock source latency
                  0.04    0.03   10.03 ^ clk (in)
     1    0.01                           clk (net)
                  0.04    0.00   10.03 ^ clkbuf_0_clk/A (sky130_fd_sc_hd__clkbuf_16)
                  0.08    0.15   10.18 ^ clkbuf_0_clk/X (sky130_fd_sc_hd__clkbuf_16)
     8    0.06                           clknet_0_clk (net)
                  0.08    0.00   10.18 ^ clkbuf_3_1__f_clk/A (sky130_fd_sc_hd__clkbuf_16)
                  0.05    0.13   10.31 ^ clkbuf_3_1__f_clk/X (sky130_fd_sc_hd__clkbuf_16)
    12    0.02                           clknet_3_1__leaf_clk (net)
                  0.05    0.00   10.31 ^ _507_/CLK (sky130_fd_sc_hd__dfxtp_1)
                         -0.25   10.06   clock uncertainty
                          0.02   10.08   clock reconvergence pessimism
                         -0.06   10.02   library setup time
                                 10.02   data required time
-----------------------------------------------------------------------------
                                 10.02   data required time
                                 -6.54   data arrival time
-----------------------------------------------------------------------------
                                  3.49   slack (MET)


Startpoint: _436_ (rising edge-triggered flip-flop clocked by clk')
Endpoint: _490_ (rising edge-triggered flip-flop clocked by clk)
Path Group: clk
Path Type: max

Fanout     Cap    Slew   Delay    Time   Description
-----------------------------------------------------------------------------
                          5.00    5.00   clock clk' (rise edge)
                          0.00    5.00   clock source latency
                  0.02    0.01    5.01 v clk (in)
     1    0.01                           clk (net)
                  0.02    0.00    5.01 v clkbuf_0_clk/A (sky130_fd_sc_hd__clkbuf_16)
                  0.06    0.16    5.18 v clkbuf_0_clk/X (sky130_fd_sc_hd__clkbuf_16)
     8    0.06                           clknet_0_clk (net)
                  0.06    0.00    5.18 v clkbuf_3_5__f_clk/A (sky130_fd_sc_hd__clkbuf_16)
                  0.04    0.17    5.34 v clkbuf_3_5__f_clk/X (sky130_fd_sc_hd__clkbuf_16)
    10    0.03                           clknet_3_5__leaf_clk (net)
                  0.04    0.00    5.34 v _234__1/A (sky130_fd_sc_hd__inv_2)
                  0.02    0.04    5.38 ^ _234__1/Y (sky130_fd_sc_hd__inv_2)
     1    0.00                           net33 (net)
                  0.02    0.00    5.38 ^ _436_/CLK (sky130_fd_sc_hd__dfxtp_1)
                  0.11    0.36    5.74 ^ _436_/Q (sky130_fd_sc_hd__dfxtp_1)
     2    0.01                           dut.rst_n (net)
                  0.11    0.00    5.74 ^ fanout9/A (sky130_fd_sc_hd__clkbuf_4)
                  0.11    0.21    5.96 ^ fanout9/X (sky130_fd_sc_hd__clkbuf_4)
    10    0.03                           net9 (net)
                  0.11    0.00    5.96 ^ _371_/B (sky130_fd_sc_hd__and2b_1)
                  0.14    0.21    6.17 ^ _371_/X (sky130_fd_sc_hd__and2b_1)
     4    0.01                           _176_ (net)
                  0.14    0.00    6.17 ^ _385_/A (sky130_fd_sc_hd__buf_2)
                  0.10    0.19    6.36 ^ _385_/X (sky130_fd_sc_hd__buf_2)
    10    0.02                           _186_ (net)
                  0.10    0.00    6.36 ^ _386_/C1 (sky130_fd_sc_hd__o211a_1)
                  0.04    0.15    6.51 ^ _386_/X (sky130_fd_sc_hd__o211a_1)
     1    0.00                           _045_ (net)
                  0.04    0.00    6.51 ^ _490_/D (sky130_fd_sc_hd__dfxtp_1)
                                  6.51   data arrival time

                         10.00   10.00   clock clk (rise edge)
                          0.00   10.00   clock source latency
                  0.04    0.03   10.03 ^ clk (in)
     1    0.01                           clk (net)
                  0.04    0.00   10.03 ^ clkbuf_0_clk/A (sky130_fd_sc_hd__clkbuf_16)
                  0.08    0.15   10.18 ^ clkbuf_0_clk/X (sky130_fd_sc_hd__clkbuf_16)
     8    0.06                           clknet_0_clk (net)
                  0.08    0.00   10.18 ^ clkbuf_3_6__f_clk/A (sky130_fd_sc_hd__clkbuf_16)
                  0.05    0.14   10.31 ^ clkbuf_3_6__f_clk/X (sky130_fd_sc_hd__clkbuf_16)
     8    0.03                           clknet_3_6__leaf_clk (net)
                  0.05    0.00   10.31 ^ _490_/CLK (sky130_fd_sc_hd__dfxtp_1)
                         -0.25   10.06   clock uncertainty
                          0.02   10.08   clock reconvergence pessimism
                         -0.05   10.03   library setup time
                                 10.03   data required time
-----------------------------------------------------------------------------
                                 10.03   data required time
                                 -6.51   data arrival time
-----------------------------------------------------------------------------
                                  3.52   slack (MET)


Startpoint: _436_ (rising edge-triggered flip-flop clocked by clk')
Endpoint: _499_ (rising edge-triggered flip-flop clocked by clk)
Path Group: clk
Path Type: max

Fanout     Cap    Slew   Delay    Time   Description
-----------------------------------------------------------------------------
                          5.00    5.00   clock clk' (rise edge)
                          0.00    5.00   clock source latency
                  0.02    0.01    5.01 v clk (in)
     1    0.01                           clk (net)
                  0.02    0.00    5.01 v clkbuf_0_clk/A (sky130_fd_sc_hd__clkbuf_16)
                  0.06    0.16    5.18 v clkbuf_0_clk/X (sky130_fd_sc_hd__clkbuf_16)
     8    0.06                           clknet_0_clk (net)
                  0.06    0.00    5.18 v clkbuf_3_5__f_clk/A (sky130_fd_sc_hd__clkbuf_16)
                  0.04    0.17    5.34 v clkbuf_3_5__f_clk/X (sky130_fd_sc_hd__clkbuf_16)
    10    0.03                           clknet_3_5__leaf_clk (net)
                  0.04    0.00    5.34 v _234__1/A (sky130_fd_sc_hd__inv_2)
                  0.02    0.04    5.38 ^ _234__1/Y (sky130_fd_sc_hd__inv_2)
     1    0.00                           net33 (net)
                  0.02    0.00    5.38 ^ _436_/CLK (sky130_fd_sc_hd__dfxtp_1)
                  0.11    0.36    5.74 ^ _436_/Q (sky130_fd_sc_hd__dfxtp_1)
     2    0.01                           dut.rst_n (net)
                  0.11    0.00    5.74 ^ fanout9/A (sky130_fd_sc_hd__clkbuf_4)
                  0.11    0.21    5.96 ^ fanout9/X (sky130_fd_sc_hd__clkbuf_4)
    10    0.03                           net9 (net)
                  0.11    0.00    5.96 ^ _371_/B (sky130_fd_sc_hd__and2b_1)
                  0.14    0.21    6.17 ^ _371_/X (sky130_fd_sc_hd__and2b_1)
     4    0.01                           _176_ (net)
                  0.14    0.00    6.17 ^ _385_/A (sky130_fd_sc_hd__buf_2)
                  0.10    0.19    6.36 ^ _385_/X (sky130_fd_sc_hd__buf_2)
    10    0.02                           _186_ (net)
                  0.10    0.00    6.36 ^ _416_/B1 (sky130_fd_sc_hd__o21a_1)
                  0.05    0.14    6.50 ^ _416_/X (sky130_fd_sc_hd__o21a_1)
     1    0.00                           _054_ (net)
                  0.05    0.00    6.50 ^ _499_/D (sky130_fd_sc_hd__dfxtp_1)
                                  6.50   data arrival time

                         10.00   10.00   clock clk (rise edge)
                          0.00   10.00   clock source latency
                  0.04    0.03   10.03 ^ clk (in)
     1    0.01                           clk (net)
                  0.04    0.00   10.03 ^ clkbuf_0_clk/A (sky130_fd_sc_hd__clkbuf_16)
                  0.08    0.15   10.18 ^ clkbuf_0_clk/X (sky130_fd_sc_hd__clkbuf_16)
     8    0.06                           clknet_0_clk (net)
                  0.08    0.00   10.18 ^ clkbuf_3_1__f_clk/A (sky130_fd_sc_hd__clkbuf_16)
                  0.05    0.13   10.31 ^ clkbuf_3_1__f_clk/X (sky130_fd_sc_hd__clkbuf_16)
    12    0.02                           clknet_3_1__leaf_clk (net)
                  0.05    0.00   10.31 ^ _499_/CLK (sky130_fd_sc_hd__dfxtp_1)
                         -0.25   10.06   clock uncertainty
                          0.02   10.08   clock reconvergence pessimism
                         -0.05   10.02   library setup time
                                 10.02   data required time
-----------------------------------------------------------------------------
                                 10.02   data required time
                                 -6.50   data arrival time
-----------------------------------------------------------------------------
                                  3.52   slack (MET)


Startpoint: _436_ (rising edge-triggered flip-flop clocked by clk')
Endpoint: _497_ (rising edge-triggered flip-flop clocked by clk)
Path Group: clk
Path Type: max

Fanout     Cap    Slew   Delay    Time   Description
-----------------------------------------------------------------------------
                          5.00    5.00   clock clk' (rise edge)
                          0.00    5.00   clock source latency
                  0.02    0.01    5.01 v clk (in)
     1    0.01                           clk (net)
                  0.02    0.00    5.01 v clkbuf_0_clk/A (sky130_fd_sc_hd__clkbuf_16)
                  0.06    0.16    5.18 v clkbuf_0_clk/X (sky130_fd_sc_hd__clkbuf_16)
     8    0.06                           clknet_0_clk (net)
                  0.06    0.00    5.18 v clkbuf_3_5__f_clk/A (sky130_fd_sc_hd__clkbuf_16)
                  0.04    0.17    5.34 v clkbuf_3_5__f_clk/X (sky130_fd_sc_hd__clkbuf_16)
    10    0.03                           clknet_3_5__leaf_clk (net)
                  0.04    0.00    5.34 v _234__1/A (sky130_fd_sc_hd__inv_2)
                  0.02    0.04    5.38 ^ _234__1/Y (sky130_fd_sc_hd__inv_2)
     1    0.00                           net33 (net)
                  0.02    0.00    5.38 ^ _436_/CLK (sky130_fd_sc_hd__dfxtp_1)
                  0.11    0.36    5.74 ^ _436_/Q (sky130_fd_sc_hd__dfxtp_1)
     2    0.01                           dut.rst_n (net)
                  0.11    0.00    5.74 ^ fanout9/A (sky130_fd_sc_hd__clkbuf_4)
                  0.11    0.21    5.96 ^ fanout9/X (sky130_fd_sc_hd__clkbuf_4)
    10    0.03                           net9 (net)
                  0.11    0.00    5.96 ^ _371_/B (sky130_fd_sc_hd__and2b_1)
                  0.14    0.21    6.17 ^ _371_/X (sky130_fd_sc_hd__and2b_1)
     4    0.01                           _176_ (net)
                  0.14    0.00    6.17 ^ _385_/A (sky130_fd_sc_hd__buf_2)
                  0.10    0.19    6.36 ^ _385_/X (sky130_fd_sc_hd__buf_2)
    10    0.02                           _186_ (net)
                  0.10    0.00    6.36 ^ _411_/B1 (sky130_fd_sc_hd__o21a_1)
                  0.04    0.13    6.49 ^ _411_/X (sky130_fd_sc_hd__o21a_1)
     1    0.00                           _052_ (net)
                  0.04    0.00    6.49 ^ _497_/D (sky130_fd_sc_hd__dfxtp_1)
                                  6.49   data arrival time

                         10.00   10.00   clock clk (rise edge)
                          0.00   10.00   clock source latency
                  0.04    0.03   10.03 ^ clk (in)
     1    0.01                           clk (net)
                  0.04    0.00   10.03 ^ clkbuf_0_clk/A (sky130_fd_sc_hd__clkbuf_16)
                  0.08    0.15   10.18 ^ clkbuf_0_clk/X (sky130_fd_sc_hd__clkbuf_16)
     8    0.06                           clknet_0_clk (net)
                  0.08    0.00   10.18 ^ clkbuf_3_4__f_clk/A (sky130_fd_sc_hd__clkbuf_16)
                  0.04    0.13   10.30 ^ clkbuf_3_4__f_clk/X (sky130_fd_sc_hd__clkbuf_16)
     8    0.02                           clknet_3_4__leaf_clk (net)
                  0.04    0.00   10.30 ^ _497_/CLK (sky130_fd_sc_hd__dfxtp_1)
                         -0.25   10.05   clock uncertainty
                          0.02   10.07   clock reconvergence pessimism
                         -0.05   10.02   library setup time
                                 10.02   data required time
-----------------------------------------------------------------------------
                                 10.02   data required time
                                 -6.49   data arrival time
-----------------------------------------------------------------------------
                                  3.53   slack (MET)


Startpoint: _436_ (rising edge-triggered flip-flop clocked by clk')
Endpoint: _498_ (rising edge-triggered flip-flop clocked by clk)
Path Group: clk
Path Type: max

Fanout     Cap    Slew   Delay    Time   Description
-----------------------------------------------------------------------------
                          5.00    5.00   clock clk' (rise edge)
                          0.00    5.00   clock source latency
                  0.02    0.01    5.01 v clk (in)
     1    0.01                           clk (net)
                  0.02    0.00    5.01 v clkbuf_0_clk/A (sky130_fd_sc_hd__clkbuf_16)
                  0.06    0.16    5.18 v clkbuf_0_clk/X (sky130_fd_sc_hd__clkbuf_16)
     8    0.06                           clknet_0_clk (net)
                  0.06    0.00    5.18 v clkbuf_3_5__f_clk/A (sky130_fd_sc_hd__clkbuf_16)
                  0.04    0.17    5.34 v clkbuf_3_5__f_clk/X (sky130_fd_sc_hd__clkbuf_16)
    10    0.03                           clknet_3_5__leaf_clk (net)
                  0.04    0.00    5.34 v _234__1/A (sky130_fd_sc_hd__inv_2)
                  0.02    0.04    5.38 ^ _234__1/Y (sky130_fd_sc_hd__inv_2)
     1    0.00                           net33 (net)
                  0.02    0.00    5.38 ^ _436_/CLK (sky130_fd_sc_hd__dfxtp_1)
                  0.11    0.36    5.74 ^ _436_/Q (sky130_fd_sc_hd__dfxtp_1)
     2    0.01                           dut.rst_n (net)
                  0.11    0.00    5.74 ^ fanout9/A (sky130_fd_sc_hd__clkbuf_4)
                  0.11    0.21    5.96 ^ fanout9/X (sky130_fd_sc_hd__clkbuf_4)
    10    0.03                           net9 (net)
                  0.11    0.00    5.96 ^ _371_/B (sky130_fd_sc_hd__and2b_1)
                  0.14    0.21    6.17 ^ _371_/X (sky130_fd_sc_hd__and2b_1)
     4    0.01                           _176_ (net)
                  0.14    0.00    6.17 ^ _385_/A (sky130_fd_sc_hd__buf_2)
                  0.10    0.19    6.36 ^ _385_/X (sky130_fd_sc_hd__buf_2)
    10    0.02                           _186_ (net)
                  0.10    0.00    6.36 ^ _413_/B1 (sky130_fd_sc_hd__o21a_1)
                  0.04    0.13    6.50 ^ _413_/X (sky130_fd_sc_hd__o21a_1)
     1    0.00                           _053_ (net)
                  0.04    0.00    6.50 ^ _498_/D (sky130_fd_sc_hd__dfxtp_1)
                                  6.50   data arrival time

                         10.00   10.00   clock clk (rise edge)
                          0.00   10.00   clock source latency
                  0.04    0.03   10.03 ^ clk (in)
     1    0.01                           clk (net)
                  0.04    0.00   10.03 ^ clkbuf_0_clk/A (sky130_fd_sc_hd__clkbuf_16)
                  0.08    0.15   10.18 ^ clkbuf_0_clk/X (sky130_fd_sc_hd__clkbuf_16)
     8    0.06                           clknet_0_clk (net)
                  0.08    0.00   10.18 ^ clkbuf_3_3__f_clk/A (sky130_fd_sc_hd__clkbuf_16)
                  0.05    0.14   10.32 ^ clkbuf_3_3__f_clk/X (sky130_fd_sc_hd__clkbuf_16)
    10    0.03                           clknet_3_3__leaf_clk (net)
                  0.05    0.00   10.32 ^ _498_/CLK (sky130_fd_sc_hd__dfxtp_1)
                         -0.25   10.07   clock uncertainty
                          0.02   10.08   clock reconvergence pessimism
                         -0.05   10.03   library setup time
                                 10.03   data required time
-----------------------------------------------------------------------------
                                 10.03   data required time
                                 -6.50   data arrival time
-----------------------------------------------------------------------------
                                  3.54   slack (MET)


Startpoint: _436_ (rising edge-triggered flip-flop clocked by clk')
Endpoint: _494_ (rising edge-triggered flip-flop clocked by clk)
Path Group: clk
Path Type: max

Fanout     Cap    Slew   Delay    Time   Description
-----------------------------------------------------------------------------
                          5.00    5.00   clock clk' (rise edge)
                          0.00    5.00   clock source latency
                  0.02    0.01    5.01 v clk (in)
     1    0.01                           clk (net)
                  0.02    0.00    5.01 v clkbuf_0_clk/A (sky130_fd_sc_hd__clkbuf_16)
                  0.06    0.16    5.18 v clkbuf_0_clk/X (sky130_fd_sc_hd__clkbuf_16)
     8    0.06                           clknet_0_clk (net)
                  0.06    0.00    5.18 v clkbuf_3_5__f_clk/A (sky130_fd_sc_hd__clkbuf_16)
                  0.04    0.17    5.34 v clkbuf_3_5__f_clk/X (sky130_fd_sc_hd__clkbuf_16)
    10    0.03                           clknet_3_5__leaf_clk (net)
                  0.04    0.00    5.34 v _234__1/A (sky130_fd_sc_hd__inv_2)
                  0.02    0.04    5.38 ^ _234__1/Y (sky130_fd_sc_hd__inv_2)
     1    0.00                           net33 (net)
                  0.02    0.00    5.38 ^ _436_/CLK (sky130_fd_sc_hd__dfxtp_1)
                  0.11    0.36    5.74 ^ _436_/Q (sky130_fd_sc_hd__dfxtp_1)
     2    0.01                           dut.rst_n (net)
                  0.11    0.00    5.74 ^ fanout9/A (sky130_fd_sc_hd__clkbuf_4)
                  0.11    0.21    5.96 ^ fanout9/X (sky130_fd_sc_hd__clkbuf_4)
    10    0.03                           net9 (net)
                  0.11    0.00    5.96 ^ _371_/B (sky130_fd_sc_hd__and2b_1)
                  0.14    0.21    6.17 ^ _371_/X (sky130_fd_sc_hd__and2b_1)
     4    0.01                           _176_ (net)
                  0.14    0.00    6.17 ^ _401_/A (sky130_fd_sc_hd__and3_1)
                  0.06    0.18    6.35 ^ _401_/X (sky130_fd_sc_hd__and3_1)
     1    0.00                           _198_ (net)
                  0.06    0.00    6.35 ^ _402_/A (sky130_fd_sc_hd__clkbuf_1)
                  0.04    0.08    6.43 ^ _402_/X (sky130_fd_sc_hd__clkbuf_1)
     1    0.00                           _049_ (net)
                  0.04    0.00    6.43 ^ _494_/D (sky130_fd_sc_hd__dfxtp_1)
                                  6.43   data arrival time

                         10.00   10.00   clock clk (rise edge)
                          0.00   10.00   clock source latency
                  0.04    0.03   10.03 ^ clk (in)
     1    0.01                           clk (net)
                  0.04    0.00   10.03 ^ clkbuf_0_clk/A (sky130_fd_sc_hd__clkbuf_16)
                  0.08    0.15   10.18 ^ clkbuf_0_clk/X (sky130_fd_sc_hd__clkbuf_16)
     8    0.06                           clknet_0_clk (net)
                  0.08    0.00   10.18 ^ clkbuf_3_3__f_clk/A (sky130_fd_sc_hd__clkbuf_16)
                  0.05    0.14   10.32 ^ clkbuf_3_3__f_clk/X (sky130_fd_sc_hd__clkbuf_16)
    10    0.03                           clknet_3_3__leaf_clk (net)
                  0.05    0.00   10.32 ^ _494_/CLK (sky130_fd_sc_hd__dfxtp_1)
                         -0.25   10.07   clock uncertainty
                          0.02   10.08   clock reconvergence pessimism
                         -0.05   10.03   library setup time
                                 10.03   data required time
-----------------------------------------------------------------------------
                                 10.03   data required time
                                 -6.43   data arrival time
-----------------------------------------------------------------------------
                                  3.60   slack (MET)


Startpoint: _436_ (rising edge-triggered flip-flop clocked by clk')
Endpoint: _484_ (rising edge-triggered flip-flop clocked by clk)
Path Group: clk
Path Type: max

Fanout     Cap    Slew   Delay    Time   Description
-----------------------------------------------------------------------------
                          5.00    5.00   clock clk' (rise edge)
                          0.00    5.00   clock source latency
                  0.02    0.01    5.01 v clk (in)
     1    0.01                           clk (net)
                  0.02    0.00    5.01 v clkbuf_0_clk/A (sky130_fd_sc_hd__clkbuf_16)
                  0.06    0.16    5.18 v clkbuf_0_clk/X (sky130_fd_sc_hd__clkbuf_16)
     8    0.06                           clknet_0_clk (net)
                  0.06    0.00    5.18 v clkbuf_3_5__f_clk/A (sky130_fd_sc_hd__clkbuf_16)
                  0.04    0.17    5.34 v clkbuf_3_5__f_clk/X (sky130_fd_sc_hd__clkbuf_16)
    10    0.03                           clknet_3_5__leaf_clk (net)
                  0.04    0.00    5.34 v _234__1/A (sky130_fd_sc_hd__inv_2)
                  0.02    0.04    5.38 ^ _234__1/Y (sky130_fd_sc_hd__inv_2)
     1    0.00                           net33 (net)
                  0.02    0.00    5.38 ^ _436_/CLK (sky130_fd_sc_hd__dfxtp_1)
                  0.11    0.36    5.74 ^ _436_/Q (sky130_fd_sc_hd__dfxtp_1)
     2    0.01                           dut.rst_n (net)
                  0.11    0.00    5.74 ^ fanout9/A (sky130_fd_sc_hd__clkbuf_4)
                  0.11    0.21    5.96 ^ fanout9/X (sky130_fd_sc_hd__clkbuf_4)
    10    0.03                           net9 (net)
                  0.11    0.00    5.96 ^ _228_/B_N (sky130_fd_sc_hd__or2b_1)
                  0.08    0.29    6.24 v _228_/X (sky130_fd_sc_hd__or2b_1)
     3    0.01                           _074_ (net)
                  0.08    0.00    6.24 v _229_/B1 (sky130_fd_sc_hd__a21oi_1)
                  0.11    0.13    6.38 ^ _229_/Y (sky130_fd_sc_hd__a21oi_1)
     1    0.00                           _001_ (net)
                  0.11    0.00    6.38 ^ _484_/D (sky130_fd_sc_hd__dfxtp_1)
                                  6.38   data arrival time

                         10.00   10.00   clock clk (rise edge)
                          0.00   10.00   clock source latency
                  0.04    0.03   10.03 ^ clk (in)
     1    0.01                           clk (net)
                  0.04    0.00   10.03 ^ clkbuf_0_clk/A (sky130_fd_sc_hd__clkbuf_16)
                  0.08    0.15   10.18 ^ clkbuf_0_clk/X (sky130_fd_sc_hd__clkbuf_16)
     8    0.06                           clknet_0_clk (net)
                  0.08    0.00   10.18 ^ clkbuf_3_3__f_clk/A (sky130_fd_sc_hd__clkbuf_16)
                  0.05    0.14   10.32 ^ clkbuf_3_3__f_clk/X (sky130_fd_sc_hd__clkbuf_16)
    10    0.03                           clknet_3_3__leaf_clk (net)
                  0.05    0.00   10.32 ^ _484_/CLK (sky130_fd_sc_hd__dfxtp_1)
                         -0.25   10.07   clock uncertainty
                          0.02   10.08   clock reconvergence pessimism
                         -0.07   10.02   library setup time
                                 10.02   data required time
-----------------------------------------------------------------------------
                                 10.02   data required time
                                 -6.38   data arrival time
-----------------------------------------------------------------------------
                                  3.64   slack (MET)


Startpoint: _436_ (rising edge-triggered flip-flop clocked by clk')
Endpoint: _465_ (recovery check against rising-edge clock clk)
Path Group: asynchronous
Path Type: max

Fanout     Cap    Slew   Delay    Time   Description
-----------------------------------------------------------------------------
                          5.00    5.00   clock clk' (rise edge)
                          0.00    5.00   clock source latency
                  0.02    0.01    5.01 v clk (in)
     1    0.01                           clk (net)
                  0.02    0.00    5.01 v clkbuf_0_clk/A (sky130_fd_sc_hd__clkbuf_16)
                  0.06    0.16    5.18 v clkbuf_0_clk/X (sky130_fd_sc_hd__clkbuf_16)
     8    0.06                           clknet_0_clk (net)
                  0.06    0.00    5.18 v clkbuf_3_5__f_clk/A (sky130_fd_sc_hd__clkbuf_16)
                  0.04    0.17    5.34 v clkbuf_3_5__f_clk/X (sky130_fd_sc_hd__clkbuf_16)
    10    0.03                           clknet_3_5__leaf_clk (net)
                  0.04    0.00    5.34 v _234__1/A (sky130_fd_sc_hd__inv_2)
                  0.02    0.04    5.38 ^ _234__1/Y (sky130_fd_sc_hd__inv_2)
     1    0.00                           net33 (net)
                  0.02    0.00    5.38 ^ _436_/CLK (sky130_fd_sc_hd__dfxtp_1)
                  0.11    0.36    5.74 ^ _436_/Q (sky130_fd_sc_hd__dfxtp_1)
     2    0.01                           dut.rst_n (net)
                  0.11    0.00    5.74 ^ fanout9/A (sky130_fd_sc_hd__clkbuf_4)
                  0.11    0.21    5.96 ^ fanout9/X (sky130_fd_sc_hd__clkbuf_4)
    10    0.03                           net9 (net)
                  0.11    0.00    5.96 ^ _465_/RESET_B (sky130_fd_sc_hd__dfrtp_2)
                                  5.96   data arrival time

                         10.00   10.00   clock clk (rise edge)
                          0.00   10.00   clock source latency
                  0.04    0.03   10.03 ^ clk (in)
     1    0.01                           clk (net)
                  0.04    0.00   10.03 ^ clkbuf_0_clk/A (sky130_fd_sc_hd__clkbuf_16)
                  0.08    0.15   10.18 ^ clkbuf_0_clk/X (sky130_fd_sc_hd__clkbuf_16)
     8    0.06                           clknet_0_clk (net)
                  0.08    0.00   10.18 ^ clkbuf_3_4__f_clk/A (sky130_fd_sc_hd__clkbuf_16)
                  0.04    0.13   10.30 ^ clkbuf_3_4__f_clk/X (sky130_fd_sc_hd__clkbuf_16)
     8    0.02                           clknet_3_4__leaf_clk (net)
                  0.04    0.00   10.30 ^ _465_/CLK (sky130_fd_sc_hd__dfrtp_2)
                         -0.25   10.05   clock uncertainty
                          0.02   10.07   clock reconvergence pessimism
                          0.20   10.27   library recovery time
                                 10.27   data required time
-----------------------------------------------------------------------------
                                 10.27   data required time
                                 -5.96   data arrival time
-----------------------------------------------------------------------------
                                  4.31   slack (MET)


Startpoint: _436_ (rising edge-triggered flip-flop clocked by clk')
Endpoint: _467_ (recovery check against rising-edge clock clk)
Path Group: asynchronous
Path Type: max

Fanout     Cap    Slew   Delay    Time   Description
-----------------------------------------------------------------------------
                          5.00    5.00   clock clk' (rise edge)
                          0.00    5.00   clock source latency
                  0.02    0.01    5.01 v clk (in)
     1    0.01                           clk (net)
                  0.02    0.00    5.01 v clkbuf_0_clk/A (sky130_fd_sc_hd__clkbuf_16)
                  0.06    0.16    5.18 v clkbuf_0_clk/X (sky130_fd_sc_hd__clkbuf_16)
     8    0.06                           clknet_0_clk (net)
                  0.06    0.00    5.18 v clkbuf_3_5__f_clk/A (sky130_fd_sc_hd__clkbuf_16)
                  0.04    0.17    5.34 v clkbuf_3_5__f_clk/X (sky130_fd_sc_hd__clkbuf_16)
    10    0.03                           clknet_3_5__leaf_clk (net)
                  0.04    0.00    5.34 v _234__1/A (sky130_fd_sc_hd__inv_2)
                  0.02    0.04    5.38 ^ _234__1/Y (sky130_fd_sc_hd__inv_2)
     1    0.00                           net33 (net)
                  0.02    0.00    5.38 ^ _436_/CLK (sky130_fd_sc_hd__dfxtp_1)
                  0.11    0.36    5.74 ^ _436_/Q (sky130_fd_sc_hd__dfxtp_1)
     2    0.01                           dut.rst_n (net)
                  0.11    0.00    5.74 ^ fanout9/A (sky130_fd_sc_hd__clkbuf_4)
                  0.11    0.21    5.96 ^ fanout9/X (sky130_fd_sc_hd__clkbuf_4)
    10    0.03                           net9 (net)
                  0.11    0.00    5.96 ^ _467_/RESET_B (sky130_fd_sc_hd__dfrtp_1)
                                  5.96   data arrival time

                         10.00   10.00   clock clk (rise edge)
                          0.00   10.00   clock source latency
                  0.04    0.03   10.03 ^ clk (in)
     1    0.01                           clk (net)
                  0.04    0.00   10.03 ^ clkbuf_0_clk/A (sky130_fd_sc_hd__clkbuf_16)
                  0.08    0.15   10.18 ^ clkbuf_0_clk/X (sky130_fd_sc_hd__clkbuf_16)
     8    0.06                           clknet_0_clk (net)
                  0.08    0.00   10.18 ^ clkbuf_3_5__f_clk/A (sky130_fd_sc_hd__clkbuf_16)
                  0.05    0.14   10.32 ^ clkbuf_3_5__f_clk/X (sky130_fd_sc_hd__clkbuf_16)
    10    0.03                           clknet_3_5__leaf_clk (net)
                  0.05    0.00   10.32 ^ _467_/CLK (sky130_fd_sc_hd__dfrtp_1)
                         -0.25   10.07   clock uncertainty
                          0.03   10.10   clock reconvergence pessimism
                          0.22   10.32   library recovery time
                                 10.32   data required time
-----------------------------------------------------------------------------
                                 10.32   data required time
                                 -5.96   data arrival time
-----------------------------------------------------------------------------
                                  4.36   slack (MET)


Startpoint: _436_ (rising edge-triggered flip-flop clocked by clk')
Endpoint: _463_ (recovery check against rising-edge clock clk)
Path Group: asynchronous
Path Type: max

Fanout     Cap    Slew   Delay    Time   Description
-----------------------------------------------------------------------------
                          5.00    5.00   clock clk' (rise edge)
                          0.00    5.00   clock source latency
                  0.02    0.01    5.01 v clk (in)
     1    0.01                           clk (net)
                  0.02    0.00    5.01 v clkbuf_0_clk/A (sky130_fd_sc_hd__clkbuf_16)
                  0.06    0.16    5.18 v clkbuf_0_clk/X (sky130_fd_sc_hd__clkbuf_16)
     8    0.06                           clknet_0_clk (net)
                  0.06    0.00    5.18 v clkbuf_3_5__f_clk/A (sky130_fd_sc_hd__clkbuf_16)
                  0.04    0.17    5.34 v clkbuf_3_5__f_clk/X (sky130_fd_sc_hd__clkbuf_16)
    10    0.03                           clknet_3_5__leaf_clk (net)
                  0.04    0.00    5.34 v _234__1/A (sky130_fd_sc_hd__inv_2)
                  0.02    0.04    5.38 ^ _234__1/Y (sky130_fd_sc_hd__inv_2)
     1    0.00                           net33 (net)
                  0.02    0.00    5.38 ^ _436_/CLK (sky130_fd_sc_hd__dfxtp_1)
                  0.11    0.36    5.74 ^ _436_/Q (sky130_fd_sc_hd__dfxtp_1)
     2    0.01                           dut.rst_n (net)
                  0.11    0.00    5.74 ^ fanout9/A (sky130_fd_sc_hd__clkbuf_4)
                  0.11    0.21    5.96 ^ fanout9/X (sky130_fd_sc_hd__clkbuf_4)
    10    0.03                           net9 (net)
                  0.11    0.00    5.96 ^ _463_/RESET_B (sky130_fd_sc_hd__dfrtp_1)
                                  5.96   data arrival time

                         10.00   10.00   clock clk (rise edge)
                          0.00   10.00   clock source latency
                  0.04    0.03   10.03 ^ clk (in)
     1    0.01                           clk (net)
                  0.04    0.00   10.03 ^ clkbuf_0_clk/A (sky130_fd_sc_hd__clkbuf_16)
                  0.08    0.15   10.18 ^ clkbuf_0_clk/X (sky130_fd_sc_hd__clkbuf_16)
     8    0.06                           clknet_0_clk (net)
                  0.08    0.00   10.18 ^ clkbuf_3_5__f_clk/A (sky130_fd_sc_hd__clkbuf_16)
                  0.05    0.14   10.32 ^ clkbuf_3_5__f_clk/X (sky130_fd_sc_hd__clkbuf_16)
    10    0.03                           clknet_3_5__leaf_clk (net)
                  0.05    0.00   10.32 ^ _463_/CLK (sky130_fd_sc_hd__dfrtp_1)
                         -0.25   10.07   clock uncertainty
                          0.03   10.10   clock reconvergence pessimism
                          0.22   10.32   library recovery time
                                 10.32   data required time
-----------------------------------------------------------------------------
                                 10.32   data required time
                                 -5.96   data arrival time
-----------------------------------------------------------------------------
                                  4.36   slack (MET)


Startpoint: _436_ (rising edge-triggered flip-flop clocked by clk')
Endpoint: _506_ (recovery check against rising-edge clock clk)
Path Group: asynchronous
Path Type: max

Fanout     Cap    Slew   Delay    Time   Description
-----------------------------------------------------------------------------
                          5.00    5.00   clock clk' (rise edge)
                          0.00    5.00   clock source latency
                  0.02    0.01    5.01 v clk (in)
     1    0.01                           clk (net)
                  0.02    0.00    5.01 v clkbuf_0_clk/A (sky130_fd_sc_hd__clkbuf_16)
                  0.06    0.16    5.18 v clkbuf_0_clk/X (sky130_fd_sc_hd__clkbuf_16)
     8    0.06                           clknet_0_clk (net)
                  0.06    0.00    5.18 v clkbuf_3_5__f_clk/A (sky130_fd_sc_hd__clkbuf_16)
                  0.04    0.17    5.34 v clkbuf_3_5__f_clk/X (sky130_fd_sc_hd__clkbuf_16)
    10    0.03                           clknet_3_5__leaf_clk (net)
                  0.04    0.00    5.34 v _234__1/A (sky130_fd_sc_hd__inv_2)
                  0.02    0.04    5.38 ^ _234__1/Y (sky130_fd_sc_hd__inv_2)
     1    0.00                           net33 (net)
                  0.02    0.00    5.38 ^ _436_/CLK (sky130_fd_sc_hd__dfxtp_1)
                  0.11    0.36    5.74 ^ _436_/Q (sky130_fd_sc_hd__dfxtp_1)
     2    0.01                           dut.rst_n (net)
                  0.11    0.00    5.74 ^ fanout9/A (sky130_fd_sc_hd__clkbuf_4)
                  0.11    0.21    5.96 ^ fanout9/X (sky130_fd_sc_hd__clkbuf_4)
    10    0.03                           net9 (net)
                  0.11    0.00    5.96 ^ _506_/RESET_B (sky130_fd_sc_hd__dfrtp_1)
                                  5.96   data arrival time

                         10.00   10.00   clock clk (rise edge)
                          0.00   10.00   clock source latency
                  0.04    0.03   10.03 ^ clk (in)
     1    0.01                           clk (net)
                  0.04    0.00   10.03 ^ clkbuf_0_clk/A (sky130_fd_sc_hd__clkbuf_16)
                  0.08    0.15   10.18 ^ clkbuf_0_clk/X (sky130_fd_sc_hd__clkbuf_16)
     8    0.06                           clknet_0_clk (net)
                  0.08    0.00   10.18 ^ clkbuf_3_5__f_clk/A (sky130_fd_sc_hd__clkbuf_16)
                  0.05    0.14   10.32 ^ clkbuf_3_5__f_clk/X (sky130_fd_sc_hd__clkbuf_16)
    10    0.03                           clknet_3_5__leaf_clk (net)
                  0.05    0.00   10.32 ^ _506_/CLK (sky130_fd_sc_hd__dfrtp_1)
                         -0.25   10.07   clock uncertainty
                          0.03   10.10   clock reconvergence pessimism
                          0.22   10.32   library recovery time
                                 10.32   data required time
-----------------------------------------------------------------------------
                                 10.32   data required time
                                 -5.96   data arrival time
-----------------------------------------------------------------------------
                                  4.36   slack (MET)


Startpoint: _436_ (rising edge-triggered flip-flop clocked by clk')
Endpoint: _461_ (recovery check against rising-edge clock clk)
Path Group: asynchronous
Path Type: max

Fanout     Cap    Slew   Delay    Time   Description
-----------------------------------------------------------------------------
                          5.00    5.00   clock clk' (rise edge)
                          0.00    5.00   clock source latency
                  0.02    0.01    5.01 v clk (in)
     1    0.01                           clk (net)
                  0.02    0.00    5.01 v clkbuf_0_clk/A (sky130_fd_sc_hd__clkbuf_16)
                  0.06    0.16    5.18 v clkbuf_0_clk/X (sky130_fd_sc_hd__clkbuf_16)
     8    0.06                           clknet_0_clk (net)
                  0.06    0.00    5.18 v clkbuf_3_5__f_clk/A (sky130_fd_sc_hd__clkbuf_16)
                  0.04    0.17    5.34 v clkbuf_3_5__f_clk/X (sky130_fd_sc_hd__clkbuf_16)
    10    0.03                           clknet_3_5__leaf_clk (net)
                  0.04    0.00    5.34 v _234__1/A (sky130_fd_sc_hd__inv_2)
                  0.02    0.04    5.38 ^ _234__1/Y (sky130_fd_sc_hd__inv_2)
     1    0.00                           net33 (net)
                  0.02    0.00    5.38 ^ _436_/CLK (sky130_fd_sc_hd__dfxtp_1)
                  0.11    0.36    5.74 ^ _436_/Q (sky130_fd_sc_hd__dfxtp_1)
     2    0.01                           dut.rst_n (net)
                  0.11    0.00    5.74 ^ fanout9/A (sky130_fd_sc_hd__clkbuf_4)
                  0.11    0.21    5.96 ^ fanout9/X (sky130_fd_sc_hd__clkbuf_4)
    10    0.03                           net9 (net)
                  0.11    0.00    5.96 ^ _461_/RESET_B (sky130_fd_sc_hd__dfrtp_1)
                                  5.96   data arrival time

                         10.00   10.00   clock clk (rise edge)
                          0.00   10.00   clock source latency
                  0.04    0.03   10.03 ^ clk (in)
     1    0.01                           clk (net)
                  0.04    0.00   10.03 ^ clkbuf_0_clk/A (sky130_fd_sc_hd__clkbuf_16)
                  0.08    0.15   10.18 ^ clkbuf_0_clk/X (sky130_fd_sc_hd__clkbuf_16)
     8    0.06                           clknet_0_clk (net)
                  0.08    0.00   10.18 ^ clkbuf_3_5__f_clk/A (sky130_fd_sc_hd__clkbuf_16)
                  0.05    0.14   10.32 ^ clkbuf_3_5__f_clk/X (sky130_fd_sc_hd__clkbuf_16)
    10    0.03                           clknet_3_5__leaf_clk (net)
                  0.05    0.00   10.32 ^ _461_/CLK (sky130_fd_sc_hd__dfrtp_1)
                         -0.25   10.07   clock uncertainty
                          0.03   10.10   clock reconvergence pessimism
                          0.22   10.32   library recovery time
                                 10.32   data required time
-----------------------------------------------------------------------------
                                 10.32   data required time
                                 -5.96   data arrival time
-----------------------------------------------------------------------------
                                  4.36   slack (MET)


Startpoint: _436_ (rising edge-triggered flip-flop clocked by clk')
Endpoint: _464_ (recovery check against rising-edge clock clk)
Path Group: asynchronous
Path Type: max

Fanout     Cap    Slew   Delay    Time   Description
-----------------------------------------------------------------------------
                          5.00    5.00   clock clk' (rise edge)
                          0.00    5.00   clock source latency
                  0.02    0.01    5.01 v clk (in)
     1    0.01                           clk (net)
                  0.02    0.00    5.01 v clkbuf_0_clk/A (sky130_fd_sc_hd__clkbuf_16)
                  0.06    0.16    5.18 v clkbuf_0_clk/X (sky130_fd_sc_hd__clkbuf_16)
     8    0.06                           clknet_0_clk (net)
                  0.06    0.00    5.18 v clkbuf_3_5__f_clk/A (sky130_fd_sc_hd__clkbuf_16)
                  0.04    0.17    5.34 v clkbuf_3_5__f_clk/X (sky130_fd_sc_hd__clkbuf_16)
    10    0.03                           clknet_3_5__leaf_clk (net)
                  0.04    0.00    5.34 v _234__1/A (sky130_fd_sc_hd__inv_2)
                  0.02    0.04    5.38 ^ _234__1/Y (sky130_fd_sc_hd__inv_2)
     1    0.00                           net33 (net)
                  0.02    0.00    5.38 ^ _436_/CLK (sky130_fd_sc_hd__dfxtp_1)
                  0.11    0.36    5.74 ^ _436_/Q (sky130_fd_sc_hd__dfxtp_1)
     2    0.01                           dut.rst_n (net)
                  0.11    0.00    5.74 ^ fanout9/A (sky130_fd_sc_hd__clkbuf_4)
                  0.11    0.21    5.96 ^ fanout9/X (sky130_fd_sc_hd__clkbuf_4)
    10    0.03                           net9 (net)
                  0.11    0.00    5.96 ^ _464_/RESET_B (sky130_fd_sc_hd__dfrtp_1)
                                  5.96   data arrival time

                         10.00   10.00   clock clk (rise edge)
                          0.00   10.00   clock source latency
                  0.04    0.03   10.03 ^ clk (in)
     1    0.01                           clk (net)
                  0.04    0.00   10.03 ^ clkbuf_0_clk/A (sky130_fd_sc_hd__clkbuf_16)
                  0.08    0.15   10.18 ^ clkbuf_0_clk/X (sky130_fd_sc_hd__clkbuf_16)
     8    0.06                           clknet_0_clk (net)
                  0.08    0.00   10.18 ^ clkbuf_3_5__f_clk/A (sky130_fd_sc_hd__clkbuf_16)
                  0.05    0.14   10.32 ^ clkbuf_3_5__f_clk/X (sky130_fd_sc_hd__clkbuf_16)
    10    0.03                           clknet_3_5__leaf_clk (net)
                  0.05    0.00   10.32 ^ _464_/CLK (sky130_fd_sc_hd__dfrtp_1)
                         -0.25   10.07   clock uncertainty
                          0.03   10.10   clock reconvergence pessimism
                          0.22   10.32   library recovery time
                                 10.32   data required time
-----------------------------------------------------------------------------
                                 10.32   data required time
                                 -5.96   data arrival time
-----------------------------------------------------------------------------
                                  4.36   slack (MET)


Startpoint: _436_ (rising edge-triggered flip-flop clocked by clk')
Endpoint: _468_ (recovery check against rising-edge clock clk)
Path Group: asynchronous
Path Type: max

Fanout     Cap    Slew   Delay    Time   Description
-----------------------------------------------------------------------------
                          5.00    5.00   clock clk' (rise edge)
                          0.00    5.00   clock source latency
                  0.02    0.01    5.01 v clk (in)
     1    0.01                           clk (net)
                  0.02    0.00    5.01 v clkbuf_0_clk/A (sky130_fd_sc_hd__clkbuf_16)
                  0.06    0.16    5.18 v clkbuf_0_clk/X (sky130_fd_sc_hd__clkbuf_16)
     8    0.06                           clknet_0_clk (net)
                  0.06    0.00    5.18 v clkbuf_3_5__f_clk/A (sky130_fd_sc_hd__clkbuf_16)
                  0.04    0.17    5.34 v clkbuf_3_5__f_clk/X (sky130_fd_sc_hd__clkbuf_16)
    10    0.03                           clknet_3_5__leaf_clk (net)
                  0.04    0.00    5.34 v _234__1/A (sky130_fd_sc_hd__inv_2)
                  0.02    0.04    5.38 ^ _234__1/Y (sky130_fd_sc_hd__inv_2)
     1    0.00                           net33 (net)
                  0.02    0.00    5.38 ^ _436_/CLK (sky130_fd_sc_hd__dfxtp_1)
                  0.11    0.36    5.74 ^ _436_/Q (sky130_fd_sc_hd__dfxtp_1)
     2    0.01                           dut.rst_n (net)
                  0.11    0.00    5.74 ^ fanout9/A (sky130_fd_sc_hd__clkbuf_4)
                  0.11    0.21    5.96 ^ fanout9/X (sky130_fd_sc_hd__clkbuf_4)
    10    0.03                           net9 (net)
                  0.11    0.00    5.96 ^ _468_/RESET_B (sky130_fd_sc_hd__dfrtp_1)
                                  5.96   data arrival time

                         10.00   10.00   clock clk (rise edge)
                          0.00   10.00   clock source latency
                  0.04    0.03   10.03 ^ clk (in)
     1    0.01                           clk (net)
                  0.04    0.00   10.03 ^ clkbuf_0_clk/A (sky130_fd_sc_hd__clkbuf_16)
                  0.08    0.15   10.18 ^ clkbuf_0_clk/X (sky130_fd_sc_hd__clkbuf_16)
     8    0.06                           clknet_0_clk (net)
                  0.08    0.00   10.18 ^ clkbuf_3_5__f_clk/A (sky130_fd_sc_hd__clkbuf_16)
                  0.05    0.14   10.32 ^ clkbuf_3_5__f_clk/X (sky130_fd_sc_hd__clkbuf_16)
    10    0.03                           clknet_3_5__leaf_clk (net)
                  0.05    0.00   10.32 ^ _468_/CLK (sky130_fd_sc_hd__dfrtp_1)
                         -0.25   10.07   clock uncertainty
                          0.03   10.10   clock reconvergence pessimism
                          0.22   10.32   library recovery time
                                 10.32   data required time
-----------------------------------------------------------------------------
                                 10.32   data required time
                                 -5.96   data arrival time
-----------------------------------------------------------------------------
                                  4.36   slack (MET)


Startpoint: _436_ (rising edge-triggered flip-flop clocked by clk')
Endpoint: _462_ (recovery check against rising-edge clock clk)
Path Group: asynchronous
Path Type: max

Fanout     Cap    Slew   Delay    Time   Description
-----------------------------------------------------------------------------
                          5.00    5.00   clock clk' (rise edge)
                          0.00    5.00   clock source latency
                  0.02    0.01    5.01 v clk (in)
     1    0.01                           clk (net)
                  0.02    0.00    5.01 v clkbuf_0_clk/A (sky130_fd_sc_hd__clkbuf_16)
                  0.06    0.16    5.18 v clkbuf_0_clk/X (sky130_fd_sc_hd__clkbuf_16)
     8    0.06                           clknet_0_clk (net)
                  0.06    0.00    5.18 v clkbuf_3_5__f_clk/A (sky130_fd_sc_hd__clkbuf_16)
                  0.04    0.17    5.34 v clkbuf_3_5__f_clk/X (sky130_fd_sc_hd__clkbuf_16)
    10    0.03                           clknet_3_5__leaf_clk (net)
                  0.04    0.00    5.34 v _234__1/A (sky130_fd_sc_hd__inv_2)
                  0.02    0.04    5.38 ^ _234__1/Y (sky130_fd_sc_hd__inv_2)
     1    0.00                           net33 (net)
                  0.02    0.00    5.38 ^ _436_/CLK (sky130_fd_sc_hd__dfxtp_1)
                  0.11    0.36    5.74 ^ _436_/Q (sky130_fd_sc_hd__dfxtp_1)
     2    0.01                           dut.rst_n (net)
                  0.11    0.00    5.74 ^ fanout9/A (sky130_fd_sc_hd__clkbuf_4)
                  0.11    0.21    5.96 ^ fanout9/X (sky130_fd_sc_hd__clkbuf_4)
    10    0.03                           net9 (net)
                  0.11    0.00    5.96 ^ _462_/RESET_B (sky130_fd_sc_hd__dfrtp_1)
                                  5.96   data arrival time

                         10.00   10.00   clock clk (rise edge)
                          0.00   10.00   clock source latency
                  0.04    0.03   10.03 ^ clk (in)
     1    0.01                           clk (net)
                  0.04    0.00   10.03 ^ clkbuf_0_clk/A (sky130_fd_sc_hd__clkbuf_16)
                  0.08    0.15   10.18 ^ clkbuf_0_clk/X (sky130_fd_sc_hd__clkbuf_16)
     8    0.06                           clknet_0_clk (net)
                  0.08    0.00   10.18 ^ clkbuf_3_5__f_clk/A (sky130_fd_sc_hd__clkbuf_16)
                  0.05    0.14   10.32 ^ clkbuf_3_5__f_clk/X (sky130_fd_sc_hd__clkbuf_16)
    10    0.03                           clknet_3_5__leaf_clk (net)
                  0.05    0.00   10.32 ^ _462_/CLK (sky130_fd_sc_hd__dfrtp_1)
                         -0.25   10.07   clock uncertainty
                          0.03   10.10   clock reconvergence pessimism
                          0.22   10.32   library recovery time
                                 10.32   data required time
-----------------------------------------------------------------------------
                                 10.32   data required time
                                 -5.96   data arrival time
-----------------------------------------------------------------------------
                                  4.36   slack (MET)


Startpoint: _436_ (rising edge-triggered flip-flop clocked by clk')
Endpoint: _466_ (recovery check against rising-edge clock clk)
Path Group: asynchronous
Path Type: max

Fanout     Cap    Slew   Delay    Time   Description
-----------------------------------------------------------------------------
                          5.00    5.00   clock clk' (rise edge)
                          0.00    5.00   clock source latency
                  0.02    0.01    5.01 v clk (in)
     1    0.01                           clk (net)
                  0.02    0.00    5.01 v clkbuf_0_clk/A (sky130_fd_sc_hd__clkbuf_16)
                  0.06    0.16    5.18 v clkbuf_0_clk/X (sky130_fd_sc_hd__clkbuf_16)
     8    0.06                           clknet_0_clk (net)
                  0.06    0.00    5.18 v clkbuf_3_5__f_clk/A (sky130_fd_sc_hd__clkbuf_16)
                  0.04    0.17    5.34 v clkbuf_3_5__f_clk/X (sky130_fd_sc_hd__clkbuf_16)
    10    0.03                           clknet_3_5__leaf_clk (net)
                  0.04    0.00    5.34 v _234__1/A (sky130_fd_sc_hd__inv_2)
                  0.02    0.04    5.38 ^ _234__1/Y (sky130_fd_sc_hd__inv_2)
     1    0.00                           net33 (net)
                  0.02    0.00    5.38 ^ _436_/CLK (sky130_fd_sc_hd__dfxtp_1)
                  0.11    0.36    5.74 ^ _436_/Q (sky130_fd_sc_hd__dfxtp_1)
     2    0.01                           dut.rst_n (net)
                  0.11    0.00    5.74 ^ _466_/RESET_B (sky130_fd_sc_hd__dfrtp_1)
                                  5.74   data arrival time

                         10.00   10.00   clock clk (rise edge)
                          0.00   10.00   clock source latency
                  0.04    0.03   10.03 ^ clk (in)
     1    0.01                           clk (net)
                  0.04    0.00   10.03 ^ clkbuf_0_clk/A (sky130_fd_sc_hd__clkbuf_16)
                  0.08    0.15   10.18 ^ clkbuf_0_clk/X (sky130_fd_sc_hd__clkbuf_16)
     8    0.06                           clknet_0_clk (net)
                  0.08    0.00   10.18 ^ clkbuf_3_7__f_clk/A (sky130_fd_sc_hd__clkbuf_16)
                  0.04    0.13   10.31 ^ clkbuf_3_7__f_clk/X (sky130_fd_sc_hd__clkbuf_16)
     7    0.02                           clknet_3_7__leaf_clk (net)
                  0.04    0.00   10.31 ^ _466_/CLK (sky130_fd_sc_hd__dfrtp_1)
                         -0.25   10.06   clock uncertainty
                          0.02   10.08   clock reconvergence pessimism
                          0.21   10.29   library recovery time
                                 10.29   data required time
-----------------------------------------------------------------------------
                                 10.29   data required time
                                 -5.74   data arrival time
-----------------------------------------------------------------------------
                                  4.55   slack (MET)


Startpoint: _507_ (rising edge-triggered flip-flop clocked by clk)
Endpoint: uio_out[3] (output port clocked by clk)
Path Group: clk
Path Type: max

Fanout     Cap    Slew   Delay    Time   Description
-----------------------------------------------------------------------------
                          0.00    0.00   clock clk (rise edge)
                          0.00    0.00   clock source latency
                  0.04    0.03    0.03 ^ clk (in)
     1    0.01                           clk (net)
                  0.04    0.00    0.03 ^ clkbuf_0_clk/A (sky130_fd_sc_hd__clkbuf_16)
                  0.08    0.17    0.20 ^ clkbuf_0_clk/X (sky130_fd_sc_hd__clkbuf_16)
     8    0.06                           clknet_0_clk (net)
                  0.08    0.00    0.20 ^ clkbuf_3_1__f_clk/A (sky130_fd_sc_hd__clkbuf_16)
                  0.05    0.15    0.34 ^ clkbuf_3_1__f_clk/X (sky130_fd_sc_hd__clkbuf_16)
    12    0.02                           clknet_3_1__leaf_clk (net)
                  0.05    0.00    0.34 ^ _507_/CLK (sky130_fd_sc_hd__dfxtp_1)
                  0.12    0.38    0.72 ^ _507_/Q (sky130_fd_sc_hd__dfxtp_1)
     2    0.01                           net8 (net)
                  0.12    0.00    0.72 ^ output8/A (sky130_fd_sc_hd__clkbuf_4)
                  0.11    0.22    0.95 ^ output8/X (sky130_fd_sc_hd__clkbuf_4)
     1    0.03                           uio_out[3] (net)
                  0.11    0.00    0.95 ^ uio_out[3] (out)
                                  0.95   data arrival time

                         10.00   10.00   clock clk (rise edge)
                          0.00   10.00   clock network delay (propagated)
                         -0.25    9.75   clock uncertainty
                          0.00    9.75   clock reconvergence pessimism
                         -2.00    7.75   output external delay
                                  7.75   data required time
-----------------------------------------------------------------------------
                                  7.75   data required time
                                 -0.95   data arrival time
-----------------------------------------------------------------------------
                                  6.80   slack (MET)


Startpoint: _506_ (rising edge-triggered flip-flop clocked by clk)
Endpoint: uio_out[0] (output port clocked by clk)
Path Group: clk
Path Type: max

Fanout     Cap    Slew   Delay    Time   Description
-----------------------------------------------------------------------------
                          0.00    0.00   clock clk (rise edge)
                          0.00    0.00   clock source latency
                  0.04    0.03    0.03 ^ clk (in)
     1    0.01                           clk (net)
                  0.04    0.00    0.03 ^ clkbuf_0_clk/A (sky130_fd_sc_hd__clkbuf_16)
                  0.08    0.17    0.20 ^ clkbuf_0_clk/X (sky130_fd_sc_hd__clkbuf_16)
     8    0.06                           clknet_0_clk (net)
                  0.08    0.00    0.20 ^ clkbuf_3_5__f_clk/A (sky130_fd_sc_hd__clkbuf_16)
                  0.05    0.16    0.35 ^ clkbuf_3_5__f_clk/X (sky130_fd_sc_hd__clkbuf_16)
    10    0.03                           clknet_3_5__leaf_clk (net)
                  0.05    0.00    0.35 ^ _506_/CLK (sky130_fd_sc_hd__dfrtp_1)
                  0.06    0.40    0.75 v _506_/Q (sky130_fd_sc_hd__dfrtp_1)
     3    0.01                           net6 (net)
                  0.06    0.00    0.75 v output6/A (sky130_fd_sc_hd__clkbuf_4)
                  0.08    0.20    0.95 v output6/X (sky130_fd_sc_hd__clkbuf_4)
     1    0.03                           uio_out[0] (net)
                  0.08    0.00    0.95 v uio_out[0] (out)
                                  0.95   data arrival time

                         10.00   10.00   clock clk (rise edge)
                          0.00   10.00   clock network delay (propagated)
                         -0.25    9.75   clock uncertainty
                          0.00    9.75   clock reconvergence pessimism
                         -2.00    7.75   output external delay
                                  7.75   data required time
-----------------------------------------------------------------------------
                                  7.75   data required time
                                 -0.95   data arrival time
-----------------------------------------------------------------------------
                                  6.80   slack (MET)


Startpoint: _498_ (rising edge-triggered flip-flop clocked by clk)
Endpoint: uio_out[1] (output port clocked by clk)
Path Group: clk
Path Type: max

Fanout     Cap    Slew   Delay    Time   Description
-----------------------------------------------------------------------------
                          0.00    0.00   clock clk (rise edge)
                          0.00    0.00   clock source latency
                  0.04    0.03    0.03 ^ clk (in)
     1    0.01                           clk (net)
                  0.04    0.00    0.03 ^ clkbuf_0_clk/A (sky130_fd_sc_hd__clkbuf_16)
                  0.08    0.17    0.20 ^ clkbuf_0_clk/X (sky130_fd_sc_hd__clkbuf_16)
     8    0.06                           clknet_0_clk (net)
                  0.08    0.00    0.20 ^ clkbuf_3_3__f_clk/A (sky130_fd_sc_hd__clkbuf_16)
                  0.05    0.16    0.35 ^ clkbuf_3_3__f_clk/X (sky130_fd_sc_hd__clkbuf_16)
    10    0.03                           clknet_3_3__leaf_clk (net)
                  0.05    0.00    0.35 ^ _498_/CLK (sky130_fd_sc_hd__dfxtp_1)
                  0.09    0.36    0.71 ^ _498_/Q (sky130_fd_sc_hd__dfxtp_1)
     2    0.01                           net7 (net)
                  0.09    0.00    0.71 ^ output7/A (sky130_fd_sc_hd__clkbuf_4)
                  0.11    0.21    0.93 ^ output7/X (sky130_fd_sc_hd__clkbuf_4)
     1    0.04                           uio_out[1] (net)
                  0.11    0.00    0.93 ^ uio_out[1] (out)
                                  0.93   data arrival time

                         10.00   10.00   clock clk (rise edge)
                          0.00   10.00   clock network delay (propagated)
                         -0.25    9.75   clock uncertainty
                          0.00    9.75   clock reconvergence pessimism
                         -2.00    7.75   output external delay
                                  7.75   data required time
-----------------------------------------------------------------------------
                                  7.75   data required time
                                 -0.93   data arrival time
-----------------------------------------------------------------------------
                                  6.82   slack (MET)


Startpoint: _502_ (rising edge-triggered flip-flop clocked by clk)
Endpoint: _467_ (rising edge-triggered flip-flop clocked by clk)
Path Group: clk
Path Type: max

Fanout     Cap    Slew   Delay    Time   Description
-----------------------------------------------------------------------------
                          0.00    0.00   clock clk (rise edge)
                          0.00    0.00   clock source latency
                  0.04    0.03    0.03 ^ clk (in)
     1    0.01                           clk (net)
                  0.04    0.00    0.03 ^ clkbuf_0_clk/A (sky130_fd_sc_hd__clkbuf_16)
                  0.08    0.17    0.20 ^ clkbuf_0_clk/X (sky130_fd_sc_hd__clkbuf_16)
     8    0.06                           clknet_0_clk (net)
                  0.08    0.00    0.20 ^ clkbuf_3_7__f_clk/A (sky130_fd_sc_hd__clkbuf_16)
                  0.04    0.15    0.34 ^ clkbuf_3_7__f_clk/X (sky130_fd_sc_hd__clkbuf_16)
     7    0.02                           clknet_3_7__leaf_clk (net)
                  0.04    0.00    0.34 ^ _502_/CLK (sky130_fd_sc_hd__dfxtp_2)
                  0.05    0.35    0.69 v _502_/Q (sky130_fd_sc_hd__dfxtp_2)
     7    0.02                           dut.address[2] (net)
                  0.05    0.00    0.69 v _328_/A (sky130_fd_sc_hd__nor4_1)
                  0.36    0.40    1.09 ^ _328_/Y (sky130_fd_sc_hd__nor4_1)
     2    0.01                           _143_ (net)
                  0.36    0.00    1.09 ^ max_cap10/A (sky130_fd_sc_hd__buf_1)
                  0.09    0.17    1.26 ^ max_cap10/X (sky130_fd_sc_hd__buf_1)
     2    0.01                           net10 (net)
                  0.09    0.00    1.26 ^ _329_/C (sky130_fd_sc_hd__and3_1)
                  0.14    0.24    1.51 ^ _329_/X (sky130_fd_sc_hd__and3_1)
     3    0.01                           _144_ (net)
                  0.14    0.00    1.51 ^ _332_/S (sky130_fd_sc_hd__mux2_1)
                  0.05    0.34    1.85 v _332_/X (sky130_fd_sc_hd__mux2_1)
     1    0.00                           _146_ (net)
                  0.05    0.00    1.85 v hold48/A (sky130_fd_sc_hd__dlygate4sd3_1)
                  0.05    0.58    2.42 v hold48/X (sky130_fd_sc_hd__dlygate4sd3_1)
     1    0.00                           net81 (net)
                  0.05    0.00    2.42 v _333_/A (sky130_fd_sc_hd__clkbuf_1)
                  0.03    0.10    2.53 v _333_/X (sky130_fd_sc_hd__clkbuf_1)
     1    0.00                           _032_ (net)
                  0.03    0.00    2.53 v _467_/D (sky130_fd_sc_hd__dfrtp_1)
                                  2.53   data arrival time

                         10.00   10.00   clock clk (rise edge)
                          0.00   10.00   clock source latency
                  0.04    0.03   10.03 ^ clk (in)
     1    0.01                           clk (net)
                  0.04    0.00   10.03 ^ clkbuf_0_clk/A (sky130_fd_sc_hd__clkbuf_16)
                  0.08    0.15   10.18 ^ clkbuf_0_clk/X (sky130_fd_sc_hd__clkbuf_16)
     8    0.06                           clknet_0_clk (net)
                  0.08    0.00   10.18 ^ clkbuf_3_5__f_clk/A (sky130_fd_sc_hd__clkbuf_16)
                  0.05    0.14   10.32 ^ clkbuf_3_5__f_clk/X (sky130_fd_sc_hd__clkbuf_16)
    10    0.03                           clknet_3_5__leaf_clk (net)
                  0.05    0.00   10.32 ^ _467_/CLK (sky130_fd_sc_hd__dfrtp_1)
                         -0.25   10.07   clock uncertainty
                          0.02   10.09   clock reconvergence pessimism
                         -0.11    9.98   library setup time
                                  9.98   data required time
-----------------------------------------------------------------------------
                                  9.98   data required time
                                 -2.53   data arrival time
-----------------------------------------------------------------------------
                                  7.45   slack (MET)


Startpoint: _502_ (rising edge-triggered flip-flop clocked by clk)
Endpoint: _506_ (rising edge-triggered flip-flop clocked by clk)
Path Group: clk
Path Type: max

Fanout     Cap    Slew   Delay    Time   Description
-----------------------------------------------------------------------------
                          0.00    0.00   clock clk (rise edge)
                          0.00    0.00   clock source latency
                  0.04    0.03    0.03 ^ clk (in)
     1    0.01                           clk (net)
                  0.04    0.00    0.03 ^ clkbuf_0_clk/A (sky130_fd_sc_hd__clkbuf_16)
                  0.08    0.17    0.20 ^ clkbuf_0_clk/X (sky130_fd_sc_hd__clkbuf_16)
     8    0.06                           clknet_0_clk (net)
                  0.08    0.00    0.20 ^ clkbuf_3_7__f_clk/A (sky130_fd_sc_hd__clkbuf_16)
                  0.04    0.15    0.34 ^ clkbuf_3_7__f_clk/X (sky130_fd_sc_hd__clkbuf_16)
     7    0.02                           clknet_3_7__leaf_clk (net)
                  0.04    0.00    0.34 ^ _502_/CLK (sky130_fd_sc_hd__dfxtp_2)
                  0.05    0.35    0.69 v _502_/Q (sky130_fd_sc_hd__dfxtp_2)
     7    0.02                           dut.address[2] (net)
                  0.05    0.00    0.69 v _328_/A (sky130_fd_sc_hd__nor4_1)
                  0.36    0.40    1.09 ^ _328_/Y (sky130_fd_sc_hd__nor4_1)
     2    0.01                           _143_ (net)
                  0.36    0.00    1.09 ^ max_cap10/A (sky130_fd_sc_hd__buf_1)
                  0.09    0.17    1.26 ^ max_cap10/X (sky130_fd_sc_hd__buf_1)
     2    0.01                           net10 (net)
                  0.09    0.00    1.26 ^ _329_/C (sky130_fd_sc_hd__and3_1)
                  0.14    0.24    1.51 ^ _329_/X (sky130_fd_sc_hd__and3_1)
     3    0.01                           _144_ (net)
                  0.14    0.00    1.51 ^ _430_/B (sky130_fd_sc_hd__nand2_1)
                  0.05    0.08    1.58 v _430_/Y (sky130_fd_sc_hd__nand2_1)
     1    0.00                           _215_ (net)
                  0.05    0.00    1.58 v _431_/A2 (sky130_fd_sc_hd__a21o_1)
                  0.03    0.17    1.76 v _431_/X (sky130_fd_sc_hd__a21o_1)
     1    0.00                           _061_ (net)
                  0.03    0.00    1.76 v hold10/A (sky130_fd_sc_hd__dlygate4sd3_1)
                  0.05    0.57    2.32 v hold10/X (sky130_fd_sc_hd__dlygate4sd3_1)
     1    0.00                           net43 (net)
                  0.05    0.00    2.32 v _506_/D (sky130_fd_sc_hd__dfrtp_1)
                                  2.32   data arrival time

                         10.00   10.00   clock clk (rise edge)
                          0.00   10.00   clock source latency
                  0.04    0.03   10.03 ^ clk (in)
     1    0.01                           clk (net)
                  0.04    0.00   10.03 ^ clkbuf_0_clk/A (sky130_fd_sc_hd__clkbuf_16)
                  0.08    0.15   10.18 ^ clkbuf_0_clk/X (sky130_fd_sc_hd__clkbuf_16)
     8    0.06                           clknet_0_clk (net)
                  0.08    0.00   10.18 ^ clkbuf_3_5__f_clk/A (sky130_fd_sc_hd__clkbuf_16)
                  0.05    0.14   10.32 ^ clkbuf_3_5__f_clk/X (sky130_fd_sc_hd__clkbuf_16)
    10    0.03                           clknet_3_5__leaf_clk (net)
                  0.05    0.00   10.32 ^ _506_/CLK (sky130_fd_sc_hd__dfrtp_1)
                         -0.25   10.07   clock uncertainty
                          0.02   10.09   clock reconvergence pessimism
                         -0.12    9.97   library setup time
                                  9.97   data required time
-----------------------------------------------------------------------------
                                  9.97   data required time
                                 -2.32   data arrival time
-----------------------------------------------------------------------------
                                  7.65   slack (MET)


Startpoint: uio_in[4] (input port clocked by clk)
Endpoint: _478_ (rising edge-triggered flip-flop clocked by clk)
Path Group: clk
Path Type: max

Fanout     Cap    Slew   Delay    Time   Description
-----------------------------------------------------------------------------
                          0.00    0.00   clock clk (rise edge)
                          0.00    0.00   clock network delay (propagated)
                          2.00    2.00 v input external delay
                  0.01    0.00    2.00 v uio_in[4] (in)
     1    0.00                           uio_in[4] (net)
                  0.01    0.00    2.00 v input3/A (sky130_fd_sc_hd__clkbuf_1)
                  0.03    0.08    2.08 v input3/X (sky130_fd_sc_hd__clkbuf_1)
     1    0.00                           net3 (net)
                  0.03    0.00    2.08 v _478_/D (sky130_fd_sc_hd__dfxtp_1)
                                  2.08   data arrival time

                         10.00   10.00   clock clk (rise edge)
                          0.00   10.00   clock source latency
                  0.04    0.03   10.03 ^ clk (in)
     1    0.01                           clk (net)
                  0.04    0.00   10.03 ^ clkbuf_0_clk/A (sky130_fd_sc_hd__clkbuf_16)
                  0.08    0.15   10.18 ^ clkbuf_0_clk/X (sky130_fd_sc_hd__clkbuf_16)
     8    0.06                           clknet_0_clk (net)
                  0.08    0.00   10.18 ^ clkbuf_3_2__f_clk/A (sky130_fd_sc_hd__clkbuf_16)
                  0.04    0.13   10.31 ^ clkbuf_3_2__f_clk/X (sky130_fd_sc_hd__clkbuf_16)
     9    0.02                           clknet_3_2__leaf_clk (net)
                  0.04    0.00   10.31 ^ _478_/CLK (sky130_fd_sc_hd__dfxtp_1)
                         -0.25   10.06   clock uncertainty
                          0.00   10.06   clock reconvergence pessimism
                         -0.10    9.95   library setup time
                                  9.95   data required time
-----------------------------------------------------------------------------
                                  9.95   data required time
                                 -2.08   data arrival time
-----------------------------------------------------------------------------
                                  7.87   slack (MET)


Startpoint: uio_in[5] (input port clocked by clk)
Endpoint: _480_ (rising edge-triggered flip-flop clocked by clk)
Path Group: clk
Path Type: max

Fanout     Cap    Slew   Delay    Time   Description
-----------------------------------------------------------------------------
                          0.00    0.00   clock clk (rise edge)
                          0.00    0.00   clock network delay (propagated)
                          2.00    2.00 v input external delay
                  0.01    0.01    2.01 v uio_in[5] (in)
     1    0.00                           uio_in[5] (net)
                  0.01    0.00    2.01 v input4/A (sky130_fd_sc_hd__clkbuf_1)
                  0.03    0.08    2.09 v input4/X (sky130_fd_sc_hd__clkbuf_1)
     1    0.00                           net4 (net)
                  0.03    0.00    2.09 v _480_/D (sky130_fd_sc_hd__dfxtp_1)
                                  2.09   data arrival time

                         10.00   10.00   clock clk (rise edge)
                          0.00   10.00   clock source latency
                  0.04    0.03   10.03 ^ clk (in)
     1    0.01                           clk (net)
                  0.04    0.00   10.03 ^ clkbuf_0_clk/A (sky130_fd_sc_hd__clkbuf_16)
                  0.08    0.15   10.18 ^ clkbuf_0_clk/X (sky130_fd_sc_hd__clkbuf_16)
     8    0.06                           clknet_0_clk (net)
                  0.08    0.00   10.18 ^ clkbuf_3_0__f_clk/A (sky130_fd_sc_hd__clkbuf_16)
                  0.05    0.14   10.32 ^ clkbuf_3_0__f_clk/X (sky130_fd_sc_hd__clkbuf_16)
    10    0.03                           clknet_3_0__leaf_clk (net)
                  0.05    0.00   10.32 ^ _480_/CLK (sky130_fd_sc_hd__dfxtp_1)
                         -0.25   10.07   clock uncertainty
                          0.00   10.07   clock reconvergence pessimism
                         -0.10    9.97   library setup time
                                  9.97   data required time
-----------------------------------------------------------------------------
                                  9.97   data required time
                                 -2.09   data arrival time
-----------------------------------------------------------------------------
                                  7.88   slack (MET)


Startpoint: ui_in[0] (input port clocked by clk)
Endpoint: _435_ (rising edge-triggered flip-flop clocked by clk)
Path Group: clk
Path Type: max

Fanout     Cap    Slew   Delay    Time   Description
-----------------------------------------------------------------------------
                          0.00    0.00   clock clk (rise edge)
                          0.00    0.00   clock network delay (propagated)
                          2.00    2.00 v input external delay
                  0.01    0.00    2.00 v ui_in[0] (in)
     1    0.00                           ui_in[0] (net)
                  0.01    0.00    2.00 v input2/A (sky130_fd_sc_hd__clkbuf_1)
                  0.03    0.08    2.08 v input2/X (sky130_fd_sc_hd__clkbuf_1)
     1    0.00                           net2 (net)
                  0.03    0.00    2.08 v _435_/D (sky130_fd_sc_hd__dfxtp_1)
                                  2.08   data arrival time

                         10.00   10.00   clock clk (rise edge)
                          0.00   10.00   clock source latency
                  0.04    0.03   10.03 ^ clk (in)
     1    0.01                           clk (net)
                  0.04    0.00   10.03 ^ clkbuf_0_clk/A (sky130_fd_sc_hd__clkbuf_16)
                  0.08    0.15   10.18 ^ clkbuf_0_clk/X (sky130_fd_sc_hd__clkbuf_16)
     8    0.06                           clknet_0_clk (net)
                  0.08    0.00   10.18 ^ clkbuf_3_5__f_clk/A (sky130_fd_sc_hd__clkbuf_16)
                  0.05    0.14   10.32 ^ clkbuf_3_5__f_clk/X (sky130_fd_sc_hd__clkbuf_16)
    10    0.03                           clknet_3_5__leaf_clk (net)
                  0.05    0.00   10.32 ^ _435_/CLK (sky130_fd_sc_hd__dfxtp_1)
                         -0.25   10.07   clock uncertainty
                          0.00   10.07   clock reconvergence pessimism
                         -0.10    9.97   library setup time
                                  9.97   data required time
-----------------------------------------------------------------------------
                                  9.97   data required time
                                 -2.08   data arrival time
-----------------------------------------------------------------------------
                                  7.89   slack (MET)


Startpoint: uio_in[6] (input port clocked by clk)
Endpoint: _482_ (rising edge-triggered flip-flop clocked by clk)
Path Group: clk
Path Type: max

Fanout     Cap    Slew   Delay    Time   Description
-----------------------------------------------------------------------------
                          0.00    0.00   clock clk (rise edge)
                          0.00    0.00   clock network delay (propagated)
                          2.00    2.00 v input external delay
                  0.01    0.00    2.00 v uio_in[6] (in)
     1    0.00                           uio_in[6] (net)
                  0.01    0.00    2.00 v input5/A (sky130_fd_sc_hd__clkbuf_1)
                  0.02    0.07    2.08 v input5/X (sky130_fd_sc_hd__clkbuf_1)
     1    0.00                           net5 (net)
                  0.02    0.00    2.08 v _482_/D (sky130_fd_sc_hd__dfxtp_1)
                                  2.08   data arrival time

                         10.00   10.00   clock clk (rise edge)
                          0.00   10.00   clock source latency
                  0.04    0.03   10.03 ^ clk (in)
     1    0.01                           clk (net)
                  0.04    0.00   10.03 ^ clkbuf_0_clk/A (sky130_fd_sc_hd__clkbuf_16)
                  0.08    0.15   10.18 ^ clkbuf_0_clk/X (sky130_fd_sc_hd__clkbuf_16)
     8    0.06                           clknet_0_clk (net)
                  0.08    0.00   10.18 ^ clkbuf_3_6__f_clk/A (sky130_fd_sc_hd__clkbuf_16)
                  0.05    0.14   10.31 ^ clkbuf_3_6__f_clk/X (sky130_fd_sc_hd__clkbuf_16)
     8    0.03                           clknet_3_6__leaf_clk (net)
                  0.05    0.00   10.31 ^ _482_/CLK (sky130_fd_sc_hd__dfxtp_1)
                         -0.25   10.06   clock uncertainty
                          0.00   10.06   clock reconvergence pessimism
                         -0.10    9.96   library setup time
                                  9.96   data required time
-----------------------------------------------------------------------------
                                  9.96   data required time
                                 -2.08   data arrival time
-----------------------------------------------------------------------------
                                  7.89   slack (MET)


Startpoint: _502_ (rising edge-triggered flip-flop clocked by clk)
Endpoint: _466_ (rising edge-triggered flip-flop clocked by clk)
Path Group: clk
Path Type: max

Fanout     Cap    Slew   Delay    Time   Description
-----------------------------------------------------------------------------
                          0.00    0.00   clock clk (rise edge)
                          0.00    0.00   clock source latency
                  0.04    0.03    0.03 ^ clk (in)
     1    0.01                           clk (net)
                  0.04    0.00    0.03 ^ clkbuf_0_clk/A (sky130_fd_sc_hd__clkbuf_16)
                  0.08    0.17    0.20 ^ clkbuf_0_clk/X (sky130_fd_sc_hd__clkbuf_16)
     8    0.06                           clknet_0_clk (net)
                  0.08    0.00    0.20 ^ clkbuf_3_7__f_clk/A (sky130_fd_sc_hd__clkbuf_16)
                  0.04    0.15    0.34 ^ clkbuf_3_7__f_clk/X (sky130_fd_sc_hd__clkbuf_16)
     7    0.02                           clknet_3_7__leaf_clk (net)
                  0.04    0.00    0.34 ^ _502_/CLK (sky130_fd_sc_hd__dfxtp_2)
                  0.05    0.35    0.69 v _502_/Q (sky130_fd_sc_hd__dfxtp_2)
     7    0.02                           dut.address[2] (net)
                  0.05    0.00    0.69 v _328_/A (sky130_fd_sc_hd__nor4_1)
                  0.36    0.40    1.09 ^ _328_/Y (sky130_fd_sc_hd__nor4_1)
     2    0.01                           _143_ (net)
                  0.36    0.00    1.09 ^ max_cap10/A (sky130_fd_sc_hd__buf_1)
                  0.09    0.17    1.26 ^ max_cap10/X (sky130_fd_sc_hd__buf_1)
     2    0.01                           net10 (net)
                  0.09    0.00    1.26 ^ _329_/C (sky130_fd_sc_hd__and3_1)
                  0.14    0.24    1.51 ^ _329_/X (sky130_fd_sc_hd__and3_1)
     3    0.01                           _144_ (net)
                  0.14    0.00    1.51 ^ _330_/S (sky130_fd_sc_hd__mux2_1)
                  0.06    0.36    1.86 v _330_/X (sky130_fd_sc_hd__mux2_1)
     1    0.00                           _145_ (net)
                  0.06    0.00    1.86 v _331_/A (sky130_fd_sc_hd__clkbuf_1)
                  0.03    0.10    1.96 v _331_/X (sky130_fd_sc_hd__clkbuf_1)
     1    0.00                           _031_ (net)
                  0.03    0.00    1.96 v _466_/D (sky130_fd_sc_hd__dfrtp_1)
                                  1.96   data arrival time

                         10.00   10.00   clock clk (rise edge)
                          0.00   10.00   clock source latency
                  0.04    0.03   10.03 ^ clk (in)
     1    0.01                           clk (net)
                  0.04    0.00   10.03 ^ clkbuf_0_clk/A (sky130_fd_sc_hd__clkbuf_16)
                  0.08    0.15   10.18 ^ clkbuf_0_clk/X (sky130_fd_sc_hd__clkbuf_16)
     8    0.06                           clknet_0_clk (net)
                  0.08    0.00   10.18 ^ clkbuf_3_7__f_clk/A (sky130_fd_sc_hd__clkbuf_16)
                  0.04    0.13   10.31 ^ clkbuf_3_7__f_clk/X (sky130_fd_sc_hd__clkbuf_16)
     7    0.02                           clknet_3_7__leaf_clk (net)
                  0.04    0.00   10.31 ^ _466_/CLK (sky130_fd_sc_hd__dfrtp_1)
                         -0.25   10.06   clock uncertainty
                          0.03   10.09   clock reconvergence pessimism
                         -0.11    9.99   library setup time
                                  9.99   data required time
-----------------------------------------------------------------------------
                                  9.99   data required time
                                 -1.96   data arrival time
-----------------------------------------------------------------------------
                                  8.02   slack (MET)


Startpoint: _502_ (rising edge-triggered flip-flop clocked by clk)
Endpoint: _465_ (rising edge-triggered flip-flop clocked by clk)
Path Group: clk
Path Type: max

Fanout     Cap    Slew   Delay    Time   Description
-----------------------------------------------------------------------------
                          0.00    0.00   clock clk (rise edge)
                          0.00    0.00   clock source latency
                  0.04    0.03    0.03 ^ clk (in)
     1    0.01                           clk (net)
                  0.04    0.00    0.03 ^ clkbuf_0_clk/A (sky130_fd_sc_hd__clkbuf_16)
                  0.08    0.17    0.20 ^ clkbuf_0_clk/X (sky130_fd_sc_hd__clkbuf_16)
     8    0.06                           clknet_0_clk (net)
                  0.08    0.00    0.20 ^ clkbuf_3_7__f_clk/A (sky130_fd_sc_hd__clkbuf_16)
                  0.04    0.15    0.34 ^ clkbuf_3_7__f_clk/X (sky130_fd_sc_hd__clkbuf_16)
     7    0.02                           clknet_3_7__leaf_clk (net)
                  0.04    0.00    0.34 ^ _502_/CLK (sky130_fd_sc_hd__dfxtp_2)
                  0.05    0.35    0.69 v _502_/Q (sky130_fd_sc_hd__dfxtp_2)
     7    0.02                           dut.address[2] (net)
                  0.05    0.00    0.69 v _318_/A (sky130_fd_sc_hd__nor4b_2)
                  0.34    0.40    1.10 ^ _318_/Y (sky130_fd_sc_hd__nor4b_2)
     3    0.01                           _137_ (net)
                  0.34    0.00    1.10 ^ _319_/C (sky130_fd_sc_hd__and3_2)
                  0.10    0.29    1.39 ^ _319_/X (sky130_fd_sc_hd__and3_2)
     4    0.01                           _138_ (net)
                  0.10    0.00    1.39 ^ _326_/S (sky130_fd_sc_hd__mux2_1)
                  0.06    0.34    1.73 v _326_/X (sky130_fd_sc_hd__mux2_1)
     1    0.00                           _142_ (net)
                  0.06    0.00    1.73 v _327_/A (sky130_fd_sc_hd__clkbuf_1)
                  0.03    0.10    1.84 v _327_/X (sky130_fd_sc_hd__clkbuf_1)
     1    0.00                           _030_ (net)
                  0.03    0.00    1.84 v _465_/D (sky130_fd_sc_hd__dfrtp_2)
                                  1.84   data arrival time

                         10.00   10.00   clock clk (rise edge)
                          0.00   10.00   clock source latency
                  0.04    0.03   10.03 ^ clk (in)
     1    0.01                           clk (net)
                  0.04    0.00   10.03 ^ clkbuf_0_clk/A (sky130_fd_sc_hd__clkbuf_16)
                  0.08    0.15   10.18 ^ clkbuf_0_clk/X (sky130_fd_sc_hd__clkbuf_16)
     8    0.06                           clknet_0_clk (net)
                  0.08    0.00   10.18 ^ clkbuf_3_4__f_clk/A (sky130_fd_sc_hd__clkbuf_16)
                  0.04    0.13   10.30 ^ clkbuf_3_4__f_clk/X (sky130_fd_sc_hd__clkbuf_16)
     8    0.02                           clknet_3_4__leaf_clk (net)
                  0.04    0.00   10.30 ^ _465_/CLK (sky130_fd_sc_hd__dfrtp_2)
                         -0.25   10.05   clock uncertainty
                          0.02   10.07   clock reconvergence pessimism
                         -0.11    9.96   library setup time
                                  9.96   data required time
-----------------------------------------------------------------------------
                                  9.96   data required time
                                 -1.84   data arrival time
-----------------------------------------------------------------------------
                                  8.12   slack (MET)


Startpoint: _502_ (rising edge-triggered flip-flop clocked by clk)
Endpoint: _463_ (rising edge-triggered flip-flop clocked by clk)
Path Group: clk
Path Type: max

Fanout     Cap    Slew   Delay    Time   Description
-----------------------------------------------------------------------------
                          0.00    0.00   clock clk (rise edge)
                          0.00    0.00   clock source latency
                  0.04    0.03    0.03 ^ clk (in)
     1    0.01                           clk (net)
                  0.04    0.00    0.03 ^ clkbuf_0_clk/A (sky130_fd_sc_hd__clkbuf_16)
                  0.08    0.17    0.20 ^ clkbuf_0_clk/X (sky130_fd_sc_hd__clkbuf_16)
     8    0.06                           clknet_0_clk (net)
                  0.08    0.00    0.20 ^ clkbuf_3_7__f_clk/A (sky130_fd_sc_hd__clkbuf_16)
                  0.04    0.15    0.34 ^ clkbuf_3_7__f_clk/X (sky130_fd_sc_hd__clkbuf_16)
     7    0.02                           clknet_3_7__leaf_clk (net)
                  0.04    0.00    0.34 ^ _502_/CLK (sky130_fd_sc_hd__dfxtp_2)
                  0.05    0.35    0.69 v _502_/Q (sky130_fd_sc_hd__dfxtp_2)
     7    0.02                           dut.address[2] (net)
                  0.05    0.00    0.69 v _318_/A (sky130_fd_sc_hd__nor4b_2)
                  0.34    0.40    1.10 ^ _318_/Y (sky130_fd_sc_hd__nor4b_2)
     3    0.01                           _137_ (net)
                  0.34    0.00    1.10 ^ _319_/C (sky130_fd_sc_hd__and3_2)
                  0.10    0.29    1.39 ^ _319_/X (sky130_fd_sc_hd__and3_2)
     4    0.01                           _138_ (net)
                  0.10    0.00    1.39 ^ _322_/S (sky130_fd_sc_hd__mux2_1)
                  0.06    0.34    1.73 v _322_/X (sky130_fd_sc_hd__mux2_1)
     1    0.00                           _140_ (net)
                  0.06    0.00    1.73 v _323_/A (sky130_fd_sc_hd__clkbuf_1)
                  0.03    0.10    1.83 v _323_/X (sky130_fd_sc_hd__clkbuf_1)
     1    0.00                           _028_ (net)
                  0.03    0.00    1.84 v _463_/D (sky130_fd_sc_hd__dfrtp_1)
                                  1.84   data arrival time

                         10.00   10.00   clock clk (rise edge)
                          0.00   10.00   clock source latency
                  0.04    0.03   10.03 ^ clk (in)
     1    0.01                           clk (net)
                  0.04    0.00   10.03 ^ clkbuf_0_clk/A (sky130_fd_sc_hd__clkbuf_16)
                  0.08    0.15   10.18 ^ clkbuf_0_clk/X (sky130_fd_sc_hd__clkbuf_16)
     8    0.06                           clknet_0_clk (net)
                  0.08    0.00   10.18 ^ clkbuf_3_5__f_clk/A (sky130_fd_sc_hd__clkbuf_16)
                  0.05    0.14   10.32 ^ clkbuf_3_5__f_clk/X (sky130_fd_sc_hd__clkbuf_16)
    10    0.03                           clknet_3_5__leaf_clk (net)
                  0.05    0.00   10.32 ^ _463_/CLK (sky130_fd_sc_hd__dfrtp_1)
                         -0.25   10.07   clock uncertainty
                          0.02   10.09   clock reconvergence pessimism
                         -0.11    9.98   library setup time
                                  9.98   data required time
-----------------------------------------------------------------------------
                                  9.98   data required time
                                 -1.84   data arrival time
-----------------------------------------------------------------------------
                                  8.15   slack (MET)


Startpoint: _502_ (rising edge-triggered flip-flop clocked by clk)
Endpoint: _462_ (rising edge-triggered flip-flop clocked by clk)
Path Group: clk
Path Type: max

Fanout     Cap    Slew   Delay    Time   Description
-----------------------------------------------------------------------------
                          0.00    0.00   clock clk (rise edge)
                          0.00    0.00   clock source latency
                  0.04    0.03    0.03 ^ clk (in)
     1    0.01                           clk (net)
                  0.04    0.00    0.03 ^ clkbuf_0_clk/A (sky130_fd_sc_hd__clkbuf_16)
                  0.08    0.17    0.20 ^ clkbuf_0_clk/X (sky130_fd_sc_hd__clkbuf_16)
     8    0.06                           clknet_0_clk (net)
                  0.08    0.00    0.20 ^ clkbuf_3_7__f_clk/A (sky130_fd_sc_hd__clkbuf_16)
                  0.04    0.15    0.34 ^ clkbuf_3_7__f_clk/X (sky130_fd_sc_hd__clkbuf_16)
     7    0.02                           clknet_3_7__leaf_clk (net)
                  0.04    0.00    0.34 ^ _502_/CLK (sky130_fd_sc_hd__dfxtp_2)
                  0.05    0.35    0.69 v _502_/Q (sky130_fd_sc_hd__dfxtp_2)
     7    0.02                           dut.address[2] (net)
                  0.05    0.00    0.69 v _318_/A (sky130_fd_sc_hd__nor4b_2)
                  0.34    0.40    1.10 ^ _318_/Y (sky130_fd_sc_hd__nor4b_2)
     3    0.01                           _137_ (net)
                  0.34    0.00    1.10 ^ _319_/C (sky130_fd_sc_hd__and3_2)
                  0.10    0.29    1.39 ^ _319_/X (sky130_fd_sc_hd__and3_2)
     4    0.01                           _138_ (net)
                  0.10    0.00    1.39 ^ _320_/S (sky130_fd_sc_hd__mux2_1)
                  0.06    0.34    1.73 v _320_/X (sky130_fd_sc_hd__mux2_1)
     1    0.00                           _139_ (net)
                  0.06    0.00    1.73 v _321_/A (sky130_fd_sc_hd__clkbuf_1)
                  0.03    0.10    1.84 v _321_/X (sky130_fd_sc_hd__clkbuf_1)
     1    0.00                           _027_ (net)
                  0.03    0.00    1.84 v _462_/D (sky130_fd_sc_hd__dfrtp_1)
                                  1.84   data arrival time

                         10.00   10.00   clock clk (rise edge)
                          0.00   10.00   clock source latency
                  0.04    0.03   10.03 ^ clk (in)
     1    0.01                           clk (net)
                  0.04    0.00   10.03 ^ clkbuf_0_clk/A (sky130_fd_sc_hd__clkbuf_16)
                  0.08    0.15   10.18 ^ clkbuf_0_clk/X (sky130_fd_sc_hd__clkbuf_16)
     8    0.06                           clknet_0_clk (net)
                  0.08    0.00   10.18 ^ clkbuf_3_5__f_clk/A (sky130_fd_sc_hd__clkbuf_16)
                  0.05    0.14   10.32 ^ clkbuf_3_5__f_clk/X (sky130_fd_sc_hd__clkbuf_16)
    10    0.03                           clknet_3_5__leaf_clk (net)
                  0.05    0.00   10.32 ^ _462_/CLK (sky130_fd_sc_hd__dfrtp_1)
                         -0.25   10.07   clock uncertainty
                          0.02   10.09   clock reconvergence pessimism
                         -0.11    9.98   library setup time
                                  9.98   data required time
-----------------------------------------------------------------------------
                                  9.98   data required time
                                 -1.84   data arrival time
-----------------------------------------------------------------------------
                                  8.15   slack (MET)


Startpoint: _502_ (rising edge-triggered flip-flop clocked by clk)
Endpoint: _464_ (rising edge-triggered flip-flop clocked by clk)
Path Group: clk
Path Type: max

Fanout     Cap    Slew   Delay    Time   Description
-----------------------------------------------------------------------------
                          0.00    0.00   clock clk (rise edge)
                          0.00    0.00   clock source latency
                  0.04    0.03    0.03 ^ clk (in)
     1    0.01                           clk (net)
                  0.04    0.00    0.03 ^ clkbuf_0_clk/A (sky130_fd_sc_hd__clkbuf_16)
                  0.08    0.17    0.20 ^ clkbuf_0_clk/X (sky130_fd_sc_hd__clkbuf_16)
     8    0.06                           clknet_0_clk (net)
                  0.08    0.00    0.20 ^ clkbuf_3_7__f_clk/A (sky130_fd_sc_hd__clkbuf_16)
                  0.04    0.15    0.34 ^ clkbuf_3_7__f_clk/X (sky130_fd_sc_hd__clkbuf_16)
     7    0.02                           clknet_3_7__leaf_clk (net)
                  0.04    0.00    0.34 ^ _502_/CLK (sky130_fd_sc_hd__dfxtp_2)
                  0.05    0.35    0.69 v _502_/Q (sky130_fd_sc_hd__dfxtp_2)
     7    0.02                           dut.address[2] (net)
                  0.05    0.00    0.69 v _318_/A (sky130_fd_sc_hd__nor4b_2)
                  0.34    0.40    1.10 ^ _318_/Y (sky130_fd_sc_hd__nor4b_2)
     3    0.01                           _137_ (net)
                  0.34    0.00    1.10 ^ _319_/C (sky130_fd_sc_hd__and3_2)
                  0.10    0.29    1.39 ^ _319_/X (sky130_fd_sc_hd__and3_2)
     4    0.01                           _138_ (net)
                  0.10    0.00    1.39 ^ _324_/S (sky130_fd_sc_hd__mux2_1)
                  0.05    0.33    1.72 v _324_/X (sky130_fd_sc_hd__mux2_1)
     1    0.00                           _141_ (net)
                  0.05    0.00    1.72 v _325_/A (sky130_fd_sc_hd__clkbuf_1)
                  0.03    0.10    1.82 v _325_/X (sky130_fd_sc_hd__clkbuf_1)
     1    0.00                           _029_ (net)
                  0.03    0.00    1.82 v _464_/D (sky130_fd_sc_hd__dfrtp_1)
                                  1.82   data arrival time

                         10.00   10.00   clock clk (rise edge)
                          0.00   10.00   clock source latency
                  0.04    0.03   10.03 ^ clk (in)
     1    0.01                           clk (net)
                  0.04    0.00   10.03 ^ clkbuf_0_clk/A (sky130_fd_sc_hd__clkbuf_16)
                  0.08    0.15   10.18 ^ clkbuf_0_clk/X (sky130_fd_sc_hd__clkbuf_16)
     8    0.06                           clknet_0_clk (net)
                  0.08    0.00   10.18 ^ clkbuf_3_5__f_clk/A (sky130_fd_sc_hd__clkbuf_16)
                  0.05    0.14   10.32 ^ clkbuf_3_5__f_clk/X (sky130_fd_sc_hd__clkbuf_16)
    10    0.03                           clknet_3_5__leaf_clk (net)
                  0.05    0.00   10.32 ^ _464_/CLK (sky130_fd_sc_hd__dfrtp_1)
                         -0.25   10.07   clock uncertainty
                          0.02   10.09   clock reconvergence pessimism
                         -0.11    9.98   library setup time
                                  9.98   data required time
-----------------------------------------------------------------------------
                                  9.98   data required time
                                 -1.82   data arrival time
-----------------------------------------------------------------------------
                                  8.16   slack (MET)


Startpoint: _461_ (rising edge-triggered flip-flop clocked by clk)
Endpoint: _468_ (rising edge-triggered flip-flop clocked by clk)
Path Group: clk
Path Type: max

Fanout     Cap    Slew   Delay    Time   Description
-----------------------------------------------------------------------------
                          0.00    0.00   clock clk (rise edge)
                          0.00    0.00   clock source latency
                  0.04    0.03    0.03 ^ clk (in)
     1    0.01                           clk (net)
                  0.04    0.00    0.03 ^ clkbuf_0_clk/A (sky130_fd_sc_hd__clkbuf_16)
                  0.08    0.17    0.20 ^ clkbuf_0_clk/X (sky130_fd_sc_hd__clkbuf_16)
     8    0.06                           clknet_0_clk (net)
                  0.08    0.00    0.20 ^ clkbuf_3_5__f_clk/A (sky130_fd_sc_hd__clkbuf_16)
                  0.05    0.16    0.35 ^ clkbuf_3_5__f_clk/X (sky130_fd_sc_hd__clkbuf_16)
    10    0.03                           clknet_3_5__leaf_clk (net)
                  0.05    0.00    0.35 ^ _461_/CLK (sky130_fd_sc_hd__dfrtp_1)
                  0.04    0.37    0.73 v _461_/Q (sky130_fd_sc_hd__dfrtp_1)
     1    0.00                           dut.loop_s1 (net)
                  0.04    0.00    0.73 v hold6/A (sky130_fd_sc_hd__dlygate4sd3_1)
                  0.06    0.58    1.30 v hold6/X (sky130_fd_sc_hd__dlygate4sd3_1)
     1    0.00                           net39 (net)
                  0.06    0.00    1.30 v _468_/D (sky130_fd_sc_hd__dfrtp_1)
                                  1.30   data arrival time

                         10.00   10.00   clock clk (rise edge)
                          0.00   10.00   clock source latency
                  0.04    0.03   10.03 ^ clk (in)
     1    0.01                           clk (net)
                  0.04    0.00   10.03 ^ clkbuf_0_clk/A (sky130_fd_sc_hd__clkbuf_16)
                  0.08    0.15   10.18 ^ clkbuf_0_clk/X (sky130_fd_sc_hd__clkbuf_16)
     8    0.06                           clknet_0_clk (net)
                  0.08    0.00   10.18 ^ clkbuf_3_5__f_clk/A (sky130_fd_sc_hd__clkbuf_16)
                  0.05    0.14   10.32 ^ clkbuf_3_5__f_clk/X (sky130_fd_sc_hd__clkbuf_16)
    10    0.03                           clknet_3_5__leaf_clk (net)
                  0.05    0.00   10.32 ^ _468_/CLK (sky130_fd_sc_hd__dfrtp_1)
                         -0.25   10.07   clock uncertainty
                          0.03   10.10   clock reconvergence pessimism
                         -0.12    9.99   library setup time
                                  9.99   data required time
-----------------------------------------------------------------------------
                                  9.99   data required time
                                 -1.30   data arrival time
-----------------------------------------------------------------------------
                                  8.68   slack (MET)


Startpoint: _479_ (rising edge-triggered flip-flop clocked by clk)
Endpoint: _485_ (rising edge-triggered flip-flop clocked by clk)
Path Group: clk
Path Type: max

Fanout     Cap    Slew   Delay    Time   Description
-----------------------------------------------------------------------------
                          0.00    0.00   clock clk (rise edge)
                          0.00    0.00   clock source latency
                  0.04    0.03    0.03 ^ clk (in)
     1    0.01                           clk (net)
                  0.04    0.00    0.03 ^ clkbuf_0_clk/A (sky130_fd_sc_hd__clkbuf_16)
                  0.08    0.17    0.20 ^ clkbuf_0_clk/X (sky130_fd_sc_hd__clkbuf_16)
     8    0.06                           clknet_0_clk (net)
                  0.08    0.00    0.20 ^ clkbuf_3_3__f_clk/A (sky130_fd_sc_hd__clkbuf_16)
                  0.05    0.16    0.35 ^ clkbuf_3_3__f_clk/X (sky130_fd_sc_hd__clkbuf_16)
    10    0.03                           clknet_3_3__leaf_clk (net)
                  0.05    0.00    0.35 ^ _479_/CLK (sky130_fd_sc_hd__dfxtp_1)
                  0.05    0.34    0.69 v _479_/Q (sky130_fd_sc_hd__dfxtp_1)
     4    0.01                           i_spi_reg.spi_clk (net)
                  0.05    0.00    0.69 v hold7/A (sky130_fd_sc_hd__dlygate4sd3_1)
                  0.06    0.58    1.27 v hold7/X (sky130_fd_sc_hd__dlygate4sd3_1)
     1    0.00                           net40 (net)
                  0.06    0.00    1.27 v _485_/D (sky130_fd_sc_hd__dfxtp_1)
                                  1.27   data arrival time

                         10.00   10.00   clock clk (rise edge)
                          0.00   10.00   clock source latency
                  0.04    0.03   10.03 ^ clk (in)
     1    0.01                           clk (net)
                  0.04    0.00   10.03 ^ clkbuf_0_clk/A (sky130_fd_sc_hd__clkbuf_16)
                  0.08    0.15   10.18 ^ clkbuf_0_clk/X (sky130_fd_sc_hd__clkbuf_16)
     8    0.06                           clknet_0_clk (net)
                  0.08    0.00   10.18 ^ clkbuf_3_3__f_clk/A (sky130_fd_sc_hd__clkbuf_16)
                  0.05    0.14   10.32 ^ clkbuf_3_3__f_clk/X (sky130_fd_sc_hd__clkbuf_16)
    10    0.03                           clknet_3_3__leaf_clk (net)
                  0.05    0.00   10.32 ^ _485_/CLK (sky130_fd_sc_hd__dfxtp_1)
                         -0.25   10.07   clock uncertainty
                          0.03   10.10   clock reconvergence pessimism
                         -0.11    9.99   library setup time
                                  9.99   data required time
-----------------------------------------------------------------------------
                                  9.99   data required time
                                 -1.27   data arrival time
-----------------------------------------------------------------------------
                                  8.72   slack (MET)


Startpoint: _480_ (rising edge-triggered flip-flop clocked by clk)
Endpoint: _479_ (rising edge-triggered flip-flop clocked by clk)
Path Group: clk
Path Type: max

Fanout     Cap    Slew   Delay    Time   Description
-----------------------------------------------------------------------------
                          0.00    0.00   clock clk (rise edge)
                          0.00    0.00   clock source latency
                  0.04    0.03    0.03 ^ clk (in)
     1    0.01                           clk (net)
                  0.04    0.00    0.03 ^ clkbuf_0_clk/A (sky130_fd_sc_hd__clkbuf_16)
                  0.08    0.17    0.20 ^ clkbuf_0_clk/X (sky130_fd_sc_hd__clkbuf_16)
     8    0.06                           clknet_0_clk (net)
                  0.08    0.00    0.20 ^ clkbuf_3_0__f_clk/A (sky130_fd_sc_hd__clkbuf_16)
                  0.05    0.16    0.35 ^ clkbuf_3_0__f_clk/X (sky130_fd_sc_hd__clkbuf_16)
    10    0.03                           clknet_3_0__leaf_clk (net)
                  0.05    0.00    0.35 ^ _480_/CLK (sky130_fd_sc_hd__dfxtp_1)
                  0.03    0.31    0.66 v _480_/Q (sky130_fd_sc_hd__dfxtp_1)
     1    0.00                           synchronizer_spi_clk_inst.sync_regs[0] (net)
                  0.03    0.00    0.66 v hold4/A (sky130_fd_sc_hd__dlygate4sd3_1)
                  0.06    0.58    1.24 v hold4/X (sky130_fd_sc_hd__dlygate4sd3_1)
     1    0.00                           net37 (net)
                  0.06    0.00    1.24 v _479_/D (sky130_fd_sc_hd__dfxtp_1)
                                  1.24   data arrival time

                         10.00   10.00   clock clk (rise edge)
                          0.00   10.00   clock source latency
                  0.04    0.03   10.03 ^ clk (in)
     1    0.01                           clk (net)
                  0.04    0.00   10.03 ^ clkbuf_0_clk/A (sky130_fd_sc_hd__clkbuf_16)
                  0.08    0.15   10.18 ^ clkbuf_0_clk/X (sky130_fd_sc_hd__clkbuf_16)
     8    0.06                           clknet_0_clk (net)
                  0.08    0.00   10.18 ^ clkbuf_3_3__f_clk/A (sky130_fd_sc_hd__clkbuf_16)
                  0.05    0.14   10.32 ^ clkbuf_3_3__f_clk/X (sky130_fd_sc_hd__clkbuf_16)
    10    0.03                           clknet_3_3__leaf_clk (net)
                  0.05    0.00   10.32 ^ _479_/CLK (sky130_fd_sc_hd__dfxtp_1)
                         -0.25   10.07   clock uncertainty
                          0.02   10.09   clock reconvergence pessimism
                         -0.12    9.97   library setup time
                                  9.97   data required time
-----------------------------------------------------------------------------
                                  9.97   data required time
                                 -1.24   data arrival time
-----------------------------------------------------------------------------
                                  8.73   slack (MET)


Startpoint: _478_ (rising edge-triggered flip-flop clocked by clk)
Endpoint: _477_ (rising edge-triggered flip-flop clocked by clk)
Path Group: clk
Path Type: max

Fanout     Cap    Slew   Delay    Time   Description
-----------------------------------------------------------------------------
                          0.00    0.00   clock clk (rise edge)
                          0.00    0.00   clock source latency
                  0.04    0.03    0.03 ^ clk (in)
     1    0.01                           clk (net)
                  0.04    0.00    0.03 ^ clkbuf_0_clk/A (sky130_fd_sc_hd__clkbuf_16)
                  0.08    0.17    0.20 ^ clkbuf_0_clk/X (sky130_fd_sc_hd__clkbuf_16)
     8    0.06                           clknet_0_clk (net)
                  0.08    0.00    0.20 ^ clkbuf_3_2__f_clk/A (sky130_fd_sc_hd__clkbuf_16)
                  0.04    0.14    0.34 ^ clkbuf_3_2__f_clk/X (sky130_fd_sc_hd__clkbuf_16)
     9    0.02                           clknet_3_2__leaf_clk (net)
                  0.04    0.00    0.34 ^ _478_/CLK (sky130_fd_sc_hd__dfxtp_1)
                  0.03    0.31    0.64 v _478_/Q (sky130_fd_sc_hd__dfxtp_1)
     1    0.00                           synchronizer_spi_cs_n_inst.sync_regs[0] (net)
                  0.03    0.00    0.64 v hold3/A (sky130_fd_sc_hd__dlygate4sd3_1)
                  0.06    0.58    1.22 v hold3/X (sky130_fd_sc_hd__dlygate4sd3_1)
     1    0.00                           net36 (net)
                  0.06    0.00    1.22 v _477_/D (sky130_fd_sc_hd__dfxtp_1)
                                  1.22   data arrival time

                         10.00   10.00   clock clk (rise edge)
                          0.00   10.00   clock source latency
                  0.04    0.03   10.03 ^ clk (in)
     1    0.01                           clk (net)
                  0.04    0.00   10.03 ^ clkbuf_0_clk/A (sky130_fd_sc_hd__clkbuf_16)
                  0.08    0.15   10.18 ^ clkbuf_0_clk/X (sky130_fd_sc_hd__clkbuf_16)
     8    0.06                           clknet_0_clk (net)
                  0.08    0.00   10.18 ^ clkbuf_3_3__f_clk/A (sky130_fd_sc_hd__clkbuf_16)
                  0.05    0.14   10.32 ^ clkbuf_3_3__f_clk/X (sky130_fd_sc_hd__clkbuf_16)
    10    0.03                           clknet_3_3__leaf_clk (net)
                  0.05    0.00   10.32 ^ _477_/CLK (sky130_fd_sc_hd__dfxtp_1)
                         -0.25   10.07   clock uncertainty
                          0.02   10.09   clock reconvergence pessimism
                         -0.12    9.97   library setup time
                                  9.97   data required time
-----------------------------------------------------------------------------
                                  9.97   data required time
                                 -1.22   data arrival time
-----------------------------------------------------------------------------
                                  8.75   slack (MET)


Startpoint: _435_ (rising edge-triggered flip-flop clocked by clk)
Endpoint: _434_ (rising edge-triggered flip-flop clocked by clk)
Path Group: clk
Path Type: max

Fanout     Cap    Slew   Delay    Time   Description
-----------------------------------------------------------------------------
                          0.00    0.00   clock clk (rise edge)
                          0.00    0.00   clock source latency
                  0.04    0.03    0.03 ^ clk (in)
     1    0.01                           clk (net)
                  0.04    0.00    0.03 ^ clkbuf_0_clk/A (sky130_fd_sc_hd__clkbuf_16)
                  0.08    0.17    0.20 ^ clkbuf_0_clk/X (sky130_fd_sc_hd__clkbuf_16)
     8    0.06                           clknet_0_clk (net)
                  0.08    0.00    0.20 ^ clkbuf_3_5__f_clk/A (sky130_fd_sc_hd__clkbuf_16)
                  0.05    0.16    0.35 ^ clkbuf_3_5__f_clk/X (sky130_fd_sc_hd__clkbuf_16)
    10    0.03                           clknet_3_5__leaf_clk (net)
                  0.05    0.00    0.35 ^ _435_/CLK (sky130_fd_sc_hd__dfxtp_1)
                  0.02    0.30    0.66 v _435_/Q (sky130_fd_sc_hd__dfxtp_1)
     1    0.00                           synchronizer_ui_in_inst.sync_regs[0][0] (net)
                  0.02    0.00    0.66 v hold2/A (sky130_fd_sc_hd__dlygate4sd3_1)
                  0.06    0.57    1.23 v hold2/X (sky130_fd_sc_hd__dlygate4sd3_1)
     1    0.00                           net35 (net)
                  0.06    0.00    1.23 v _434_/D (sky130_fd_sc_hd__dfxtp_1)
                                  1.23   data arrival time

                         10.00   10.00   clock clk (rise edge)
                          0.00   10.00   clock source latency
                  0.04    0.03   10.03 ^ clk (in)
     1    0.01                           clk (net)
                  0.04    0.00   10.03 ^ clkbuf_0_clk/A (sky130_fd_sc_hd__clkbuf_16)
                  0.08    0.15   10.18 ^ clkbuf_0_clk/X (sky130_fd_sc_hd__clkbuf_16)
     8    0.06                           clknet_0_clk (net)
                  0.08    0.00   10.18 ^ clkbuf_3_5__f_clk/A (sky130_fd_sc_hd__clkbuf_16)
                  0.05    0.14   10.32 ^ clkbuf_3_5__f_clk/X (sky130_fd_sc_hd__clkbuf_16)
    10    0.03                           clknet_3_5__leaf_clk (net)
                  0.05    0.00   10.32 ^ _434_/CLK (sky130_fd_sc_hd__dfxtp_1)
                         -0.25   10.07   clock uncertainty
                          0.03   10.10   clock reconvergence pessimism
                         -0.11    9.99   library setup time
                                  9.99   data required time
-----------------------------------------------------------------------------
                                  9.99   data required time
                                 -1.23   data arrival time
-----------------------------------------------------------------------------
                                  8.76   slack (MET)


Startpoint: _434_ (rising edge-triggered flip-flop clocked by clk)
Endpoint: _461_ (rising edge-triggered flip-flop clocked by clk)
Path Group: clk
Path Type: max

Fanout     Cap    Slew   Delay    Time   Description
-----------------------------------------------------------------------------
                          0.00    0.00   clock clk (rise edge)
                          0.00    0.00   clock source latency
                  0.04    0.03    0.03 ^ clk (in)
     1    0.01                           clk (net)
                  0.04    0.00    0.03 ^ clkbuf_0_clk/A (sky130_fd_sc_hd__clkbuf_16)
                  0.08    0.17    0.20 ^ clkbuf_0_clk/X (sky130_fd_sc_hd__clkbuf_16)
     8    0.06                           clknet_0_clk (net)
                  0.08    0.00    0.20 ^ clkbuf_3_5__f_clk/A (sky130_fd_sc_hd__clkbuf_16)
                  0.05    0.16    0.35 ^ clkbuf_3_5__f_clk/X (sky130_fd_sc_hd__clkbuf_16)
    10    0.03                           clknet_3_5__leaf_clk (net)
                  0.05    0.00    0.35 ^ _434_/CLK (sky130_fd_sc_hd__dfxtp_1)
                  0.03    0.31    0.66 v _434_/Q (sky130_fd_sc_hd__dfxtp_1)
     1    0.00                           ui_in_sync (net)
                  0.03    0.00    0.66 v hold5/A (sky130_fd_sc_hd__dlygate4sd3_1)
                  0.05    0.56    1.23 v hold5/X (sky130_fd_sc_hd__dlygate4sd3_1)
     1    0.00                           net38 (net)
                  0.05    0.00    1.23 v _461_/D (sky130_fd_sc_hd__dfrtp_1)
                                  1.23   data arrival time

                         10.00   10.00   clock clk (rise edge)
                          0.00   10.00   clock source latency
                  0.04    0.03   10.03 ^ clk (in)
     1    0.01                           clk (net)
                  0.04    0.00   10.03 ^ clkbuf_0_clk/A (sky130_fd_sc_hd__clkbuf_16)
                  0.08    0.15   10.18 ^ clkbuf_0_clk/X (sky130_fd_sc_hd__clkbuf_16)
     8    0.06                           clknet_0_clk (net)
                  0.08    0.00   10.18 ^ clkbuf_3_5__f_clk/A (sky130_fd_sc_hd__clkbuf_16)
                  0.05    0.14   10.32 ^ clkbuf_3_5__f_clk/X (sky130_fd_sc_hd__clkbuf_16)
    10    0.03                           clknet_3_5__leaf_clk (net)
                  0.05    0.00   10.32 ^ _461_/CLK (sky130_fd_sc_hd__dfrtp_1)
                         -0.25   10.07   clock uncertainty
                          0.03   10.10   clock reconvergence pessimism
                         -0.12    9.99   library setup time
                                  9.99   data required time
-----------------------------------------------------------------------------
                                  9.99   data required time
                                 -1.23   data arrival time
-----------------------------------------------------------------------------
                                  8.76   slack (MET)


Startpoint: _482_ (rising edge-triggered flip-flop clocked by clk)
Endpoint: _481_ (rising edge-triggered flip-flop clocked by clk)
Path Group: clk
Path Type: max

Fanout     Cap    Slew   Delay    Time   Description
-----------------------------------------------------------------------------
                          0.00    0.00   clock clk (rise edge)
                          0.00    0.00   clock source latency
                  0.04    0.03    0.03 ^ clk (in)
     1    0.01                           clk (net)
                  0.04    0.00    0.03 ^ clkbuf_0_clk/A (sky130_fd_sc_hd__clkbuf_16)
                  0.08    0.17    0.20 ^ clkbuf_0_clk/X (sky130_fd_sc_hd__clkbuf_16)
     8    0.06                           clknet_0_clk (net)
                  0.08    0.00    0.20 ^ clkbuf_3_6__f_clk/A (sky130_fd_sc_hd__clkbuf_16)
                  0.05    0.15    0.35 ^ clkbuf_3_6__f_clk/X (sky130_fd_sc_hd__clkbuf_16)
     8    0.03                           clknet_3_6__leaf_clk (net)
                  0.05    0.00    0.35 ^ _482_/CLK (sky130_fd_sc_hd__dfxtp_1)
                  0.02    0.30    0.65 v _482_/Q (sky130_fd_sc_hd__dfxtp_1)
     1    0.00                           synchronizer_spi_mosi_inst.sync_regs[0] (net)
                  0.02    0.00    0.65 v hold1/A (sky130_fd_sc_hd__dlygate4sd3_1)
                  0.05    0.56    1.21 v hold1/X (sky130_fd_sc_hd__dlygate4sd3_1)
     1    0.00                           net34 (net)
                  0.05    0.00    1.21 v _481_/D (sky130_fd_sc_hd__dfxtp_1)
                                  1.21   data arrival time

                         10.00   10.00   clock clk (rise edge)
                          0.00   10.00   clock source latency
                  0.04    0.03   10.03 ^ clk (in)
     1    0.01                           clk (net)
                  0.04    0.00   10.03 ^ clkbuf_0_clk/A (sky130_fd_sc_hd__clkbuf_16)
                  0.08    0.15   10.18 ^ clkbuf_0_clk/X (sky130_fd_sc_hd__clkbuf_16)
     8    0.06                           clknet_0_clk (net)
                  0.08    0.00   10.18 ^ clkbuf_3_6__f_clk/A (sky130_fd_sc_hd__clkbuf_16)
                  0.05    0.14   10.31 ^ clkbuf_3_6__f_clk/X (sky130_fd_sc_hd__clkbuf_16)
     8    0.03                           clknet_3_6__leaf_clk (net)
                  0.05    0.00   10.31 ^ _481_/CLK (sky130_fd_sc_hd__dfxtp_1)
                         -0.25   10.06   clock uncertainty
                          0.03   10.10   clock reconvergence pessimism
                         -0.11    9.99   library setup time
                                  9.99   data required time
-----------------------------------------------------------------------------
                                  9.99   data required time
                                 -1.21   data arrival time
-----------------------------------------------------------------------------
                                  8.77   slack (MET)



