
===========================================================================
report_checks -path_delay min (Hold)
============================================================================
======================= Typical Corner ===================================

Startpoint: _481_ (rising edge-triggered flip-flop clocked by clk)
Endpoint: _486_ (rising edge-triggered flip-flop clocked by clk)
Path Group: clk
Path Type: min

Fanout     Cap    Slew   Delay    Time   Description
-----------------------------------------------------------------------------
                          0.00    0.00   clock clk (rise edge)
                          0.00    0.00   clock source latency
                  0.04    0.03    0.03 ^ clk (in)
     1    0.01                           clk (net)
                  0.04    0.00    0.03 ^ clkbuf_0_clk/A (sky130_fd_sc_hd__clkbuf_16)
                  0.08    0.15    0.18 ^ clkbuf_0_clk/X (sky130_fd_sc_hd__clkbuf_16)
     8    0.06                           clknet_0_clk (net)
                  0.08    0.00    0.18 ^ clkbuf_3_6__f_clk/A (sky130_fd_sc_hd__clkbuf_16)
                  0.05    0.14    0.31 ^ clkbuf_3_6__f_clk/X (sky130_fd_sc_hd__clkbuf_16)
     8    0.03                           clknet_3_6__leaf_clk (net)
                  0.05    0.00    0.31 ^ _481_/CLK (sky130_fd_sc_hd__dfxtp_1)
                  0.08    0.32    0.63 ^ _481_/Q (sky130_fd_sc_hd__dfxtp_1)
     4    0.01                           i_spi_reg.spi_mosi (net)
                  0.08    0.00    0.63 ^ _374_/A0 (sky130_fd_sc_hd__mux2_1)
                  0.05    0.13    0.76 ^ _374_/X (sky130_fd_sc_hd__mux2_1)
     1    0.00                           _179_ (net)
                  0.05    0.00    0.76 ^ _375_/A (sky130_fd_sc_hd__clkbuf_1)
                  0.04    0.07    0.83 ^ _375_/X (sky130_fd_sc_hd__clkbuf_1)
     1    0.00                           _041_ (net)
                  0.04    0.00    0.83 ^ _486_/D (sky130_fd_sc_hd__dfxtp_1)
                                  0.83   data arrival time

                          0.00    0.00   clock clk (rise edge)
                          0.00    0.00   clock source latency
                  0.04    0.03    0.03 ^ clk (in)
     1    0.01                           clk (net)
                  0.04    0.00    0.03 ^ clkbuf_0_clk/A (sky130_fd_sc_hd__clkbuf_16)
                  0.08    0.17    0.20 ^ clkbuf_0_clk/X (sky130_fd_sc_hd__clkbuf_16)
     8    0.06                           clknet_0_clk (net)
                  0.08    0.00    0.20 ^ clkbuf_3_7__f_clk/A (sky130_fd_sc_hd__clkbuf_16)
                  0.04    0.15    0.34 ^ clkbuf_3_7__f_clk/X (sky130_fd_sc_hd__clkbuf_16)
     7    0.02                           clknet_3_7__leaf_clk (net)
                  0.04    0.00    0.34 ^ _486_/CLK (sky130_fd_sc_hd__dfxtp_1)
                          0.25    0.59   clock uncertainty
                         -0.02    0.57   clock reconvergence pessimism
                         -0.03    0.54   library hold time
                                  0.54   data required time
-----------------------------------------------------------------------------
                                  0.54   data required time
                                 -0.83   data arrival time
-----------------------------------------------------------------------------
                                  0.28   slack (MET)


Startpoint: _481_ (rising edge-triggered flip-flop clocked by clk)
Endpoint: _500_ (rising edge-triggered flip-flop clocked by clk)
Path Group: clk
Path Type: min

Fanout     Cap    Slew   Delay    Time   Description
-----------------------------------------------------------------------------
                          0.00    0.00   clock clk (rise edge)
                          0.00    0.00   clock source latency
                  0.04    0.03    0.03 ^ clk (in)
     1    0.01                           clk (net)
                  0.04    0.00    0.03 ^ clkbuf_0_clk/A (sky130_fd_sc_hd__clkbuf_16)
                  0.08    0.15    0.18 ^ clkbuf_0_clk/X (sky130_fd_sc_hd__clkbuf_16)
     8    0.06                           clknet_0_clk (net)
                  0.08    0.00    0.18 ^ clkbuf_3_6__f_clk/A (sky130_fd_sc_hd__clkbuf_16)
                  0.05    0.14    0.31 ^ clkbuf_3_6__f_clk/X (sky130_fd_sc_hd__clkbuf_16)
     8    0.03                           clknet_3_6__leaf_clk (net)
                  0.05    0.00    0.31 ^ _481_/CLK (sky130_fd_sc_hd__dfxtp_1)
                  0.08    0.32    0.63 ^ _481_/Q (sky130_fd_sc_hd__dfxtp_1)
     4    0.01                           i_spi_reg.spi_mosi (net)
                  0.08    0.00    0.63 ^ _418_/A1 (sky130_fd_sc_hd__mux2_1)
                  0.04    0.13    0.76 ^ _418_/X (sky130_fd_sc_hd__mux2_1)
     1    0.00                           _209_ (net)
                  0.04    0.00    0.76 ^ _419_/A (sky130_fd_sc_hd__clkbuf_1)
                  0.04    0.08    0.83 ^ _419_/X (sky130_fd_sc_hd__clkbuf_1)
     1    0.00                           _055_ (net)
                  0.04    0.00    0.83 ^ _500_/D (sky130_fd_sc_hd__dfxtp_1)
                                  0.83   data arrival time

                          0.00    0.00   clock clk (rise edge)
                          0.00    0.00   clock source latency
                  0.04    0.03    0.03 ^ clk (in)
     1    0.01                           clk (net)
                  0.04    0.00    0.03 ^ clkbuf_0_clk/A (sky130_fd_sc_hd__clkbuf_16)
                  0.08    0.17    0.20 ^ clkbuf_0_clk/X (sky130_fd_sc_hd__clkbuf_16)
     8    0.06                           clknet_0_clk (net)
                  0.08    0.00    0.20 ^ clkbuf_3_6__f_clk/A (sky130_fd_sc_hd__clkbuf_16)
                  0.05    0.15    0.35 ^ clkbuf_3_6__f_clk/X (sky130_fd_sc_hd__clkbuf_16)
     8    0.03                           clknet_3_6__leaf_clk (net)
                  0.05    0.00    0.35 ^ _500_/CLK (sky130_fd_sc_hd__dfxtp_1)
                          0.25    0.60   clock uncertainty
                         -0.03    0.56   clock reconvergence pessimism
                         -0.03    0.53   library hold time
                                  0.53   data required time
-----------------------------------------------------------------------------
                                  0.53   data required time
                                 -0.83   data arrival time
-----------------------------------------------------------------------------
                                  0.30   slack (MET)


Startpoint: _502_ (rising edge-triggered flip-flop clocked by clk)
Endpoint: _502_ (rising edge-triggered flip-flop clocked by clk)
Path Group: clk
Path Type: min

Fanout     Cap    Slew   Delay    Time   Description
-----------------------------------------------------------------------------
                          0.00    0.00   clock clk (rise edge)
                          0.00    0.00   clock source latency
                  0.04    0.03    0.03 ^ clk (in)
     1    0.01                           clk (net)
                  0.04    0.00    0.03 ^ clkbuf_0_clk/A (sky130_fd_sc_hd__clkbuf_16)
                  0.08    0.15    0.18 ^ clkbuf_0_clk/X (sky130_fd_sc_hd__clkbuf_16)
     8    0.06                           clknet_0_clk (net)
                  0.08    0.00    0.18 ^ clkbuf_3_7__f_clk/A (sky130_fd_sc_hd__clkbuf_16)
                  0.04    0.13    0.31 ^ clkbuf_3_7__f_clk/X (sky130_fd_sc_hd__clkbuf_16)
     7    0.02                           clknet_3_7__leaf_clk (net)
                  0.04    0.00    0.31 ^ _502_/CLK (sky130_fd_sc_hd__dfxtp_2)
                  0.09    0.34    0.65 ^ _502_/Q (sky130_fd_sc_hd__dfxtp_2)
     7    0.02                           dut.address[2] (net)
                  0.09    0.00    0.65 ^ _422_/A0 (sky130_fd_sc_hd__mux2_1)
                  0.05    0.13    0.77 ^ _422_/X (sky130_fd_sc_hd__mux2_1)
     1    0.00                           _211_ (net)
                  0.05    0.00    0.78 ^ _423_/A (sky130_fd_sc_hd__clkbuf_1)
                  0.04    0.08    0.85 ^ _423_/X (sky130_fd_sc_hd__clkbuf_1)
     1    0.00                           _057_ (net)
                  0.04    0.00    0.85 ^ _502_/D (sky130_fd_sc_hd__dfxtp_2)
                                  0.85   data arrival time

                          0.00    0.00   clock clk (rise edge)
                          0.00    0.00   clock source latency
                  0.04    0.03    0.03 ^ clk (in)
     1    0.01                           clk (net)
                  0.04    0.00    0.03 ^ clkbuf_0_clk/A (sky130_fd_sc_hd__clkbuf_16)
                  0.08    0.17    0.20 ^ clkbuf_0_clk/X (sky130_fd_sc_hd__clkbuf_16)
     8    0.06                           clknet_0_clk (net)
                  0.08    0.00    0.20 ^ clkbuf_3_7__f_clk/A (sky130_fd_sc_hd__clkbuf_16)
                  0.04    0.15    0.34 ^ clkbuf_3_7__f_clk/X (sky130_fd_sc_hd__clkbuf_16)
     7    0.02                           clknet_3_7__leaf_clk (net)
                  0.04    0.00    0.34 ^ _502_/CLK (sky130_fd_sc_hd__dfxtp_2)
                          0.25    0.59   clock uncertainty
                         -0.03    0.56   clock reconvergence pessimism
                         -0.03    0.53   library hold time
                                  0.53   data required time
-----------------------------------------------------------------------------
                                  0.53   data required time
                                 -0.85   data arrival time
-----------------------------------------------------------------------------
                                  0.32   slack (MET)


Startpoint: _502_ (rising edge-triggered flip-flop clocked by clk)
Endpoint: _503_ (rising edge-triggered flip-flop clocked by clk)
Path Group: clk
Path Type: min

Fanout     Cap    Slew   Delay    Time   Description
-----------------------------------------------------------------------------
                          0.00    0.00   clock clk (rise edge)
                          0.00    0.00   clock source latency
                  0.04    0.03    0.03 ^ clk (in)
     1    0.01                           clk (net)
                  0.04    0.00    0.03 ^ clkbuf_0_clk/A (sky130_fd_sc_hd__clkbuf_16)
                  0.08    0.15    0.18 ^ clkbuf_0_clk/X (sky130_fd_sc_hd__clkbuf_16)
     8    0.06                           clknet_0_clk (net)
                  0.08    0.00    0.18 ^ clkbuf_3_7__f_clk/A (sky130_fd_sc_hd__clkbuf_16)
                  0.04    0.13    0.31 ^ clkbuf_3_7__f_clk/X (sky130_fd_sc_hd__clkbuf_16)
     7    0.02                           clknet_3_7__leaf_clk (net)
                  0.04    0.00    0.31 ^ _502_/CLK (sky130_fd_sc_hd__dfxtp_2)
                  0.09    0.34    0.65 ^ _502_/Q (sky130_fd_sc_hd__dfxtp_2)
     7    0.02                           dut.address[2] (net)
                  0.09    0.00    0.65 ^ _424_/A1 (sky130_fd_sc_hd__mux2_1)
                  0.04    0.13    0.78 ^ _424_/X (sky130_fd_sc_hd__mux2_1)
     1    0.00                           _212_ (net)
                  0.04    0.00    0.78 ^ _425_/A (sky130_fd_sc_hd__clkbuf_1)
                  0.05    0.08    0.85 ^ _425_/X (sky130_fd_sc_hd__clkbuf_1)
     1    0.00                           _058_ (net)
                  0.05    0.00    0.85 ^ _503_/D (sky130_fd_sc_hd__dfxtp_1)
                                  0.85   data arrival time

                          0.00    0.00   clock clk (rise edge)
                          0.00    0.00   clock source latency
                  0.04    0.03    0.03 ^ clk (in)
     1    0.01                           clk (net)
                  0.04    0.00    0.03 ^ clkbuf_0_clk/A (sky130_fd_sc_hd__clkbuf_16)
                  0.08    0.17    0.20 ^ clkbuf_0_clk/X (sky130_fd_sc_hd__clkbuf_16)
     8    0.06                           clknet_0_clk (net)
                  0.08    0.00    0.20 ^ clkbuf_3_7__f_clk/A (sky130_fd_sc_hd__clkbuf_16)
                  0.04    0.15    0.34 ^ clkbuf_3_7__f_clk/X (sky130_fd_sc_hd__clkbuf_16)
     7    0.02                           clknet_3_7__leaf_clk (net)
                  0.04    0.00    0.34 ^ _503_/CLK (sky130_fd_sc_hd__dfxtp_1)
                          0.25    0.59   clock uncertainty
                         -0.03    0.56   clock reconvergence pessimism
                         -0.03    0.53   library hold time
                                  0.53   data required time
-----------------------------------------------------------------------------
                                  0.53   data required time
                                 -0.85   data arrival time
-----------------------------------------------------------------------------
                                  0.33   slack (MET)


Startpoint: _463_ (rising edge-triggered flip-flop clocked by clk)
Endpoint: _463_ (rising edge-triggered flip-flop clocked by clk)
Path Group: clk
Path Type: min

Fanout     Cap    Slew   Delay    Time   Description
-----------------------------------------------------------------------------
                          0.00    0.00   clock clk (rise edge)
                          0.00    0.00   clock source latency
                  0.04    0.03    0.03 ^ clk (in)
     1    0.01                           clk (net)
                  0.04    0.00    0.03 ^ clkbuf_0_clk/A (sky130_fd_sc_hd__clkbuf_16)
                  0.08    0.15    0.18 ^ clkbuf_0_clk/X (sky130_fd_sc_hd__clkbuf_16)
     8    0.06                           clknet_0_clk (net)
                  0.08    0.00    0.18 ^ clkbuf_3_5__f_clk/A (sky130_fd_sc_hd__clkbuf_16)
                  0.05    0.14    0.32 ^ clkbuf_3_5__f_clk/X (sky130_fd_sc_hd__clkbuf_16)
    10    0.03                           clknet_3_5__leaf_clk (net)
                  0.05    0.00    0.32 ^ _463_/CLK (sky130_fd_sc_hd__dfrtp_1)
                  0.09    0.34    0.66 ^ _463_/Q (sky130_fd_sc_hd__dfrtp_1)
     3    0.01                           dut.wifi_count_reg[1] (net)
                  0.09    0.00    0.66 ^ _322_/A0 (sky130_fd_sc_hd__mux2_1)
                  0.04    0.13    0.79 ^ _322_/X (sky130_fd_sc_hd__mux2_1)
     1    0.00                           _140_ (net)
                  0.04    0.00    0.79 ^ _323_/A (sky130_fd_sc_hd__clkbuf_1)
                  0.05    0.08    0.87 ^ _323_/X (sky130_fd_sc_hd__clkbuf_1)
     1    0.00                           _028_ (net)
                  0.05    0.00    0.87 ^ _463_/D (sky130_fd_sc_hd__dfrtp_1)
                                  0.87   data arrival time

                          0.00    0.00   clock clk (rise edge)
                          0.00    0.00   clock source latency
                  0.04    0.03    0.03 ^ clk (in)
     1    0.01                           clk (net)
                  0.04    0.00    0.03 ^ clkbuf_0_clk/A (sky130_fd_sc_hd__clkbuf_16)
                  0.08    0.17    0.20 ^ clkbuf_0_clk/X (sky130_fd_sc_hd__clkbuf_16)
     8    0.06                           clknet_0_clk (net)
                  0.08    0.00    0.20 ^ clkbuf_3_5__f_clk/A (sky130_fd_sc_hd__clkbuf_16)
                  0.05    0.16    0.35 ^ clkbuf_3_5__f_clk/X (sky130_fd_sc_hd__clkbuf_16)
    10    0.03                           clknet_3_5__leaf_clk (net)
                  0.05    0.00    0.35 ^ _463_/CLK (sky130_fd_sc_hd__dfrtp_1)
                          0.25    0.60   clock uncertainty
                         -0.03    0.57   clock reconvergence pessimism
                         -0.04    0.53   library hold time
                                  0.53   data required time
-----------------------------------------------------------------------------
                                  0.53   data required time
                                 -0.87   data arrival time
-----------------------------------------------------------------------------
                                  0.34   slack (MET)


Startpoint: _466_ (rising edge-triggered flip-flop clocked by clk)
Endpoint: _466_ (rising edge-triggered flip-flop clocked by clk)
Path Group: clk
Path Type: min

Fanout     Cap    Slew   Delay    Time   Description
-----------------------------------------------------------------------------
                          0.00    0.00   clock clk (rise edge)
                          0.00    0.00   clock source latency
                  0.04    0.03    0.03 ^ clk (in)
     1    0.01                           clk (net)
                  0.04    0.00    0.03 ^ clkbuf_0_clk/A (sky130_fd_sc_hd__clkbuf_16)
                  0.08    0.15    0.18 ^ clkbuf_0_clk/X (sky130_fd_sc_hd__clkbuf_16)
     8    0.06                           clknet_0_clk (net)
                  0.08    0.00    0.18 ^ clkbuf_3_7__f_clk/A (sky130_fd_sc_hd__clkbuf_16)
                  0.04    0.13    0.31 ^ clkbuf_3_7__f_clk/X (sky130_fd_sc_hd__clkbuf_16)
     7    0.02                           clknet_3_7__leaf_clk (net)
                  0.04    0.00    0.31 ^ _466_/CLK (sky130_fd_sc_hd__dfrtp_1)
                  0.09    0.34    0.65 ^ _466_/Q (sky130_fd_sc_hd__dfrtp_1)
     4    0.01                           dut.ctrl_enable (net)
                  0.09    0.00    0.65 ^ _330_/A0 (sky130_fd_sc_hd__mux2_1)
                  0.05    0.13    0.78 ^ _330_/X (sky130_fd_sc_hd__mux2_1)
     1    0.00                           _145_ (net)
                  0.05    0.00    0.78 ^ _331_/A (sky130_fd_sc_hd__clkbuf_1)
                  0.05    0.08    0.86 ^ _331_/X (sky130_fd_sc_hd__clkbuf_1)
     1    0.00                           _031_ (net)
                  0.05    0.00    0.86 ^ _466_/D (sky130_fd_sc_hd__dfrtp_1)
                                  0.86   data arrival time

                          0.00    0.00   clock clk (rise edge)
                          0.00    0.00   clock source latency
                  0.04    0.03    0.03 ^ clk (in)
     1    0.01                           clk (net)
                  0.04    0.00    0.03 ^ clkbuf_0_clk/A (sky130_fd_sc_hd__clkbuf_16)
                  0.08    0.17    0.20 ^ clkbuf_0_clk/X (sky130_fd_sc_hd__clkbuf_16)
     8    0.06                           clknet_0_clk (net)
                  0.08    0.00    0.20 ^ clkbuf_3_7__f_clk/A (sky130_fd_sc_hd__clkbuf_16)
                  0.04    0.15    0.34 ^ clkbuf_3_7__f_clk/X (sky130_fd_sc_hd__clkbuf_16)
     7    0.02                           clknet_3_7__leaf_clk (net)
                  0.04    0.00    0.34 ^ _466_/CLK (sky130_fd_sc_hd__dfrtp_1)
                          0.25    0.59   clock uncertainty
                         -0.03    0.56   clock reconvergence pessimism
                         -0.04    0.52   library hold time
                                  0.52   data required time
-----------------------------------------------------------------------------
                                  0.52   data required time
                                 -0.86   data arrival time
-----------------------------------------------------------------------------
                                  0.34   slack (MET)


Startpoint: _462_ (rising edge-triggered flip-flop clocked by clk)
Endpoint: _462_ (rising edge-triggered flip-flop clocked by clk)
Path Group: clk
Path Type: min

Fanout     Cap    Slew   Delay    Time   Description
-----------------------------------------------------------------------------
                          0.00    0.00   clock clk (rise edge)
                          0.00    0.00   clock source latency
                  0.04    0.03    0.03 ^ clk (in)
     1    0.01                           clk (net)
                  0.04    0.00    0.03 ^ clkbuf_0_clk/A (sky130_fd_sc_hd__clkbuf_16)
                  0.08    0.15    0.18 ^ clkbuf_0_clk/X (sky130_fd_sc_hd__clkbuf_16)
     8    0.06                           clknet_0_clk (net)
                  0.08    0.00    0.18 ^ clkbuf_3_5__f_clk/A (sky130_fd_sc_hd__clkbuf_16)
                  0.05    0.14    0.32 ^ clkbuf_3_5__f_clk/X (sky130_fd_sc_hd__clkbuf_16)
    10    0.03                           clknet_3_5__leaf_clk (net)
                  0.05    0.00    0.32 ^ _462_/CLK (sky130_fd_sc_hd__dfrtp_1)
                  0.10    0.34    0.66 ^ _462_/Q (sky130_fd_sc_hd__dfrtp_1)
     3    0.01                           dut.wifi_count_reg[0] (net)
                  0.10    0.00    0.66 ^ _320_/A0 (sky130_fd_sc_hd__mux2_1)
                  0.05    0.13    0.79 ^ _320_/X (sky130_fd_sc_hd__mux2_1)
     1    0.00                           _139_ (net)
                  0.05    0.00    0.79 ^ _321_/A (sky130_fd_sc_hd__clkbuf_1)
                  0.05    0.08    0.87 ^ _321_/X (sky130_fd_sc_hd__clkbuf_1)
     1    0.00                           _027_ (net)
                  0.05    0.00    0.87 ^ _462_/D (sky130_fd_sc_hd__dfrtp_1)
                                  0.87   data arrival time

                          0.00    0.00   clock clk (rise edge)
                          0.00    0.00   clock source latency
                  0.04    0.03    0.03 ^ clk (in)
     1    0.01                           clk (net)
                  0.04    0.00    0.03 ^ clkbuf_0_clk/A (sky130_fd_sc_hd__clkbuf_16)
                  0.08    0.17    0.20 ^ clkbuf_0_clk/X (sky130_fd_sc_hd__clkbuf_16)
     8    0.06                           clknet_0_clk (net)
                  0.08    0.00    0.20 ^ clkbuf_3_5__f_clk/A (sky130_fd_sc_hd__clkbuf_16)
                  0.05    0.16    0.35 ^ clkbuf_3_5__f_clk/X (sky130_fd_sc_hd__clkbuf_16)
    10    0.03                           clknet_3_5__leaf_clk (net)
                  0.05    0.00    0.35 ^ _462_/CLK (sky130_fd_sc_hd__dfrtp_1)
                          0.25    0.60   clock uncertainty
                         -0.03    0.57   clock reconvergence pessimism
                         -0.03    0.53   library hold time
                                  0.53   data required time
-----------------------------------------------------------------------------
                                  0.53   data required time
                                 -0.87   data arrival time
-----------------------------------------------------------------------------
                                  0.34   slack (MET)


Startpoint: _490_ (rising edge-triggered flip-flop clocked by clk)
Endpoint: _490_ (rising edge-triggered flip-flop clocked by clk)
Path Group: clk
Path Type: min

Fanout     Cap    Slew   Delay    Time   Description
-----------------------------------------------------------------------------
                          0.00    0.00   clock clk (rise edge)
                          0.00    0.00   clock source latency
                  0.04    0.03    0.03 ^ clk (in)
     1    0.01                           clk (net)
                  0.04    0.00    0.03 ^ clkbuf_0_clk/A (sky130_fd_sc_hd__clkbuf_16)
                  0.08    0.15    0.18 ^ clkbuf_0_clk/X (sky130_fd_sc_hd__clkbuf_16)
     8    0.06                           clknet_0_clk (net)
                  0.08    0.00    0.18 ^ clkbuf_3_6__f_clk/A (sky130_fd_sc_hd__clkbuf_16)
                  0.05    0.14    0.31 ^ clkbuf_3_6__f_clk/X (sky130_fd_sc_hd__clkbuf_16)
     8    0.03                           clknet_3_6__leaf_clk (net)
                  0.05    0.00    0.31 ^ _490_/CLK (sky130_fd_sc_hd__dfxtp_1)
                  0.20    0.39    0.71 ^ _490_/Q (sky130_fd_sc_hd__dfxtp_1)
     7    0.02                           i_spi_reg.bit_cnt[0] (net)
                  0.20    0.00    0.71 ^ _386_/A1 (sky130_fd_sc_hd__o211a_1)
                  0.04    0.17    0.88 ^ _386_/X (sky130_fd_sc_hd__o211a_1)
     1    0.00                           _045_ (net)
                  0.04    0.00    0.88 ^ _490_/D (sky130_fd_sc_hd__dfxtp_1)
                                  0.88   data arrival time

                          0.00    0.00   clock clk (rise edge)
                          0.00    0.00   clock source latency
                  0.04    0.03    0.03 ^ clk (in)
     1    0.01                           clk (net)
                  0.04    0.00    0.03 ^ clkbuf_0_clk/A (sky130_fd_sc_hd__clkbuf_16)
                  0.08    0.17    0.20 ^ clkbuf_0_clk/X (sky130_fd_sc_hd__clkbuf_16)
     8    0.06                           clknet_0_clk (net)
                  0.08    0.00    0.20 ^ clkbuf_3_6__f_clk/A (sky130_fd_sc_hd__clkbuf_16)
                  0.05    0.15    0.35 ^ clkbuf_3_6__f_clk/X (sky130_fd_sc_hd__clkbuf_16)
     8    0.03                           clknet_3_6__leaf_clk (net)
                  0.05    0.00    0.35 ^ _490_/CLK (sky130_fd_sc_hd__dfxtp_1)
                          0.25    0.60   clock uncertainty
                         -0.03    0.56   clock reconvergence pessimism
                         -0.03    0.54   library hold time
                                  0.54   data required time
-----------------------------------------------------------------------------
                                  0.54   data required time
                                 -0.88   data arrival time
-----------------------------------------------------------------------------
                                  0.34   slack (MET)


Startpoint: _505_ (rising edge-triggered flip-flop clocked by clk)
Endpoint: _505_ (rising edge-triggered flip-flop clocked by clk)
Path Group: clk
Path Type: min

Fanout     Cap    Slew   Delay    Time   Description
-----------------------------------------------------------------------------
                          0.00    0.00   clock clk (rise edge)
                          0.00    0.00   clock source latency
                  0.04    0.03    0.03 ^ clk (in)
     1    0.01                           clk (net)
                  0.04    0.00    0.03 ^ clkbuf_0_clk/A (sky130_fd_sc_hd__clkbuf_16)
                  0.08    0.15    0.18 ^ clkbuf_0_clk/X (sky130_fd_sc_hd__clkbuf_16)
     8    0.06                           clknet_0_clk (net)
                  0.08    0.00    0.18 ^ clkbuf_3_7__f_clk/A (sky130_fd_sc_hd__clkbuf_16)
                  0.04    0.13    0.31 ^ clkbuf_3_7__f_clk/X (sky130_fd_sc_hd__clkbuf_16)
     7    0.02                           clknet_3_7__leaf_clk (net)
                  0.04    0.00    0.31 ^ _505_/CLK (sky130_fd_sc_hd__dfxtp_1)
                  0.13    0.35    0.66 ^ _505_/Q (sky130_fd_sc_hd__dfxtp_1)
     5    0.01                           dut.address[5] (net)
                  0.13    0.00    0.66 ^ _428_/A0 (sky130_fd_sc_hd__mux2_1)
                  0.05    0.14    0.80 ^ _428_/X (sky130_fd_sc_hd__mux2_1)
     1    0.00                           _214_ (net)
                  0.05    0.00    0.80 ^ _429_/A (sky130_fd_sc_hd__clkbuf_1)
                  0.05    0.08    0.88 ^ _429_/X (sky130_fd_sc_hd__clkbuf_1)
     1    0.00                           _060_ (net)
                  0.05    0.00    0.88 ^ _505_/D (sky130_fd_sc_hd__dfxtp_1)
                                  0.88   data arrival time

                          0.00    0.00   clock clk (rise edge)
                          0.00    0.00   clock source latency
                  0.04    0.03    0.03 ^ clk (in)
     1    0.01                           clk (net)
                  0.04    0.00    0.03 ^ clkbuf_0_clk/A (sky130_fd_sc_hd__clkbuf_16)
                  0.08    0.17    0.20 ^ clkbuf_0_clk/X (sky130_fd_sc_hd__clkbuf_16)
     8    0.06                           clknet_0_clk (net)
                  0.08    0.00    0.20 ^ clkbuf_3_7__f_clk/A (sky130_fd_sc_hd__clkbuf_16)
                  0.04    0.15    0.34 ^ clkbuf_3_7__f_clk/X (sky130_fd_sc_hd__clkbuf_16)
     7    0.02                           clknet_3_7__leaf_clk (net)
                  0.04    0.00    0.34 ^ _505_/CLK (sky130_fd_sc_hd__dfxtp_1)
                          0.25    0.59   clock uncertainty
                         -0.03    0.56   clock reconvergence pessimism
                         -0.03    0.53   library hold time
                                  0.53   data required time
-----------------------------------------------------------------------------
                                  0.53   data required time
                                 -0.88   data arrival time
-----------------------------------------------------------------------------
                                  0.35   slack (MET)


Startpoint: _503_ (rising edge-triggered flip-flop clocked by clk)
Endpoint: _504_ (rising edge-triggered flip-flop clocked by clk)
Path Group: clk
Path Type: min

Fanout     Cap    Slew   Delay    Time   Description
-----------------------------------------------------------------------------
                          0.00    0.00   clock clk (rise edge)
                          0.00    0.00   clock source latency
                  0.04    0.03    0.03 ^ clk (in)
     1    0.01                           clk (net)
                  0.04    0.00    0.03 ^ clkbuf_0_clk/A (sky130_fd_sc_hd__clkbuf_16)
                  0.08    0.15    0.18 ^ clkbuf_0_clk/X (sky130_fd_sc_hd__clkbuf_16)
     8    0.06                           clknet_0_clk (net)
                  0.08    0.00    0.18 ^ clkbuf_3_7__f_clk/A (sky130_fd_sc_hd__clkbuf_16)
                  0.04    0.13    0.31 ^ clkbuf_3_7__f_clk/X (sky130_fd_sc_hd__clkbuf_16)
     7    0.02                           clknet_3_7__leaf_clk (net)
                  0.04    0.00    0.31 ^ _503_/CLK (sky130_fd_sc_hd__dfxtp_1)
                  0.13    0.35    0.66 ^ _503_/Q (sky130_fd_sc_hd__dfxtp_1)
     7    0.01                           dut.address[3] (net)
                  0.13    0.00    0.66 ^ _426_/A1 (sky130_fd_sc_hd__mux2_1)
                  0.05    0.15    0.80 ^ _426_/X (sky130_fd_sc_hd__mux2_1)
     1    0.00                           _213_ (net)
                  0.05    0.00    0.80 ^ _427_/A (sky130_fd_sc_hd__clkbuf_1)
                  0.04    0.08    0.88 ^ _427_/X (sky130_fd_sc_hd__clkbuf_1)
     1    0.00                           _059_ (net)
                  0.04    0.00    0.88 ^ _504_/D (sky130_fd_sc_hd__dfxtp_1)
                                  0.88   data arrival time

                          0.00    0.00   clock clk (rise edge)
                          0.00    0.00   clock source latency
                  0.04    0.03    0.03 ^ clk (in)
     1    0.01                           clk (net)
                  0.04    0.00    0.03 ^ clkbuf_0_clk/A (sky130_fd_sc_hd__clkbuf_16)
                  0.08    0.17    0.20 ^ clkbuf_0_clk/X (sky130_fd_sc_hd__clkbuf_16)
     8    0.06                           clknet_0_clk (net)
                  0.08    0.00    0.20 ^ clkbuf_3_7__f_clk/A (sky130_fd_sc_hd__clkbuf_16)
                  0.04    0.15    0.34 ^ clkbuf_3_7__f_clk/X (sky130_fd_sc_hd__clkbuf_16)
     7    0.02                           clknet_3_7__leaf_clk (net)
                  0.04    0.00    0.34 ^ _504_/CLK (sky130_fd_sc_hd__dfxtp_1)
                          0.25    0.59   clock uncertainty
                         -0.03    0.56   clock reconvergence pessimism
                         -0.03    0.53   library hold time
                                  0.53   data required time
-----------------------------------------------------------------------------
                                  0.53   data required time
                                 -0.88   data arrival time
-----------------------------------------------------------------------------
                                  0.35   slack (MET)


Startpoint: _439_ (rising edge-triggered flip-flop clocked by clk)
Endpoint: _440_ (rising edge-triggered flip-flop clocked by clk)
Path Group: clk
Path Type: min

Fanout     Cap    Slew   Delay    Time   Description
-----------------------------------------------------------------------------
                          0.00    0.00   clock clk (rise edge)
                          0.00    0.00   clock source latency
                  0.04    0.03    0.03 ^ clk (in)
     1    0.01                           clk (net)
                  0.04    0.00    0.03 ^ clkbuf_0_clk/A (sky130_fd_sc_hd__clkbuf_16)
                  0.08    0.15    0.18 ^ clkbuf_0_clk/X (sky130_fd_sc_hd__clkbuf_16)
     8    0.06                           clknet_0_clk (net)
                  0.08    0.00    0.18 ^ clkbuf_3_2__f_clk/A (sky130_fd_sc_hd__clkbuf_16)
                  0.04    0.13    0.31 ^ clkbuf_3_2__f_clk/X (sky130_fd_sc_hd__clkbuf_16)
     9    0.02                           clknet_3_2__leaf_clk (net)
                  0.04    0.00    0.31 ^ _439_/CLK (sky130_fd_sc_hd__dfxtp_1)
                  0.07    0.30    0.61 ^ _439_/Q (sky130_fd_sc_hd__dfxtp_1)
     2    0.01                           i_spi_reg.shift_reg[10] (net)
                  0.07    0.00    0.61 ^ _251_/B (sky130_fd_sc_hd__and2_1)
                  0.05    0.12    0.73 ^ _251_/X (sky130_fd_sc_hd__and2_1)
     1    0.00                           _091_ (net)
                  0.05    0.00    0.73 ^ _252_/A0 (sky130_fd_sc_hd__mux2_1)
                  0.04    0.11    0.84 ^ _252_/X (sky130_fd_sc_hd__mux2_1)
     1    0.00                           _092_ (net)
                  0.04    0.00    0.84 ^ _253_/A (sky130_fd_sc_hd__clkbuf_1)
                  0.04    0.07    0.90 ^ _253_/X (sky130_fd_sc_hd__clkbuf_1)
     1    0.00                           _006_ (net)
                  0.04    0.00    0.90 ^ _440_/D (sky130_fd_sc_hd__dfxtp_1)
                                  0.90   data arrival time

                          0.00    0.00   clock clk (rise edge)
                          0.00    0.00   clock source latency
                  0.04    0.03    0.03 ^ clk (in)
     1    0.01                           clk (net)
                  0.04    0.00    0.03 ^ clkbuf_0_clk/A (sky130_fd_sc_hd__clkbuf_16)
                  0.08    0.17    0.20 ^ clkbuf_0_clk/X (sky130_fd_sc_hd__clkbuf_16)
     8    0.06                           clknet_0_clk (net)
                  0.08    0.00    0.20 ^ clkbuf_3_3__f_clk/A (sky130_fd_sc_hd__clkbuf_16)
                  0.05    0.16    0.35 ^ clkbuf_3_3__f_clk/X (sky130_fd_sc_hd__clkbuf_16)
    10    0.03                           clknet_3_3__leaf_clk (net)
                  0.05    0.00    0.35 ^ _440_/CLK (sky130_fd_sc_hd__dfxtp_1)
                          0.25    0.60   clock uncertainty
                         -0.02    0.58   clock reconvergence pessimism
                         -0.03    0.55   library hold time
                                  0.55   data required time
-----------------------------------------------------------------------------
                                  0.55   data required time
                                 -0.90   data arrival time
-----------------------------------------------------------------------------
                                  0.35   slack (MET)


Startpoint: _469_ (rising edge-triggered flip-flop clocked by clk)
Endpoint: _470_ (rising edge-triggered flip-flop clocked by clk)
Path Group: clk
Path Type: min

Fanout     Cap    Slew   Delay    Time   Description
-----------------------------------------------------------------------------
                          0.00    0.00   clock clk (rise edge)
                          0.00    0.00   clock source latency
                  0.04    0.03    0.03 ^ clk (in)
     1    0.01                           clk (net)
                  0.04    0.00    0.03 ^ clkbuf_0_clk/A (sky130_fd_sc_hd__clkbuf_16)
                  0.08    0.15    0.18 ^ clkbuf_0_clk/X (sky130_fd_sc_hd__clkbuf_16)
     8    0.06                           clknet_0_clk (net)
                  0.08    0.00    0.18 ^ clkbuf_3_4__f_clk/A (sky130_fd_sc_hd__clkbuf_16)
                  0.04    0.13    0.30 ^ clkbuf_3_4__f_clk/X (sky130_fd_sc_hd__clkbuf_16)
     8    0.02                           clknet_3_4__leaf_clk (net)
                  0.04    0.00    0.30 ^ _469_/CLK (sky130_fd_sc_hd__dfxtp_1)
                  0.06    0.30    0.60 ^ _469_/Q (sky130_fd_sc_hd__dfxtp_1)
     2    0.01                           i_spi_reg.shift_reg[4] (net)
                  0.06    0.00    0.60 ^ _337_/B (sky130_fd_sc_hd__and2_1)
                  0.04    0.11    0.71 ^ _337_/X (sky130_fd_sc_hd__and2_1)
     1    0.00                           _149_ (net)
                  0.04    0.00    0.71 ^ _338_/A0 (sky130_fd_sc_hd__mux2_1)
                  0.04    0.11    0.82 ^ _338_/X (sky130_fd_sc_hd__mux2_1)
     1    0.00                           _150_ (net)
                  0.04    0.00    0.82 ^ _339_/A (sky130_fd_sc_hd__clkbuf_1)
                  0.05    0.08    0.90 ^ _339_/X (sky130_fd_sc_hd__clkbuf_1)
     1    0.00                           _034_ (net)
                  0.05    0.00    0.90 ^ _470_/D (sky130_fd_sc_hd__dfxtp_1)
                                  0.90   data arrival time

                          0.00    0.00   clock clk (rise edge)
                          0.00    0.00   clock source latency
                  0.04    0.03    0.03 ^ clk (in)
     1    0.01                           clk (net)
                  0.04    0.00    0.03 ^ clkbuf_0_clk/A (sky130_fd_sc_hd__clkbuf_16)
                  0.08    0.17    0.20 ^ clkbuf_0_clk/X (sky130_fd_sc_hd__clkbuf_16)
     8    0.06                           clknet_0_clk (net)
                  0.08    0.00    0.20 ^ clkbuf_3_1__f_clk/A (sky130_fd_sc_hd__clkbuf_16)
                  0.05    0.15    0.34 ^ clkbuf_3_1__f_clk/X (sky130_fd_sc_hd__clkbuf_16)
    12    0.02                           clknet_3_1__leaf_clk (net)
                  0.05    0.00    0.34 ^ _470_/CLK (sky130_fd_sc_hd__dfxtp_1)
                          0.25    0.59   clock uncertainty
                         -0.02    0.58   clock reconvergence pessimism
                         -0.03    0.54   library hold time
                                  0.54   data required time
-----------------------------------------------------------------------------
                                  0.54   data required time
                                 -0.90   data arrival time
-----------------------------------------------------------------------------
                                  0.35   slack (MET)


Startpoint: _476_ (rising edge-triggered flip-flop clocked by clk)
Endpoint: _469_ (rising edge-triggered flip-flop clocked by clk)
Path Group: clk
Path Type: min

Fanout     Cap    Slew   Delay    Time   Description
-----------------------------------------------------------------------------
                          0.00    0.00   clock clk (rise edge)
                          0.00    0.00   clock source latency
                  0.04    0.03    0.03 ^ clk (in)
     1    0.01                           clk (net)
                  0.04    0.00    0.03 ^ clkbuf_0_clk/A (sky130_fd_sc_hd__clkbuf_16)
                  0.08    0.15    0.18 ^ clkbuf_0_clk/X (sky130_fd_sc_hd__clkbuf_16)
     8    0.06                           clknet_0_clk (net)
                  0.08    0.00    0.18 ^ clkbuf_3_1__f_clk/A (sky130_fd_sc_hd__clkbuf_16)
                  0.05    0.13    0.31 ^ clkbuf_3_1__f_clk/X (sky130_fd_sc_hd__clkbuf_16)
    12    0.02                           clknet_3_1__leaf_clk (net)
                  0.05    0.00    0.31 ^ _476_/CLK (sky130_fd_sc_hd__dfxtp_1)
                  0.05    0.29    0.60 ^ _476_/Q (sky130_fd_sc_hd__dfxtp_1)
     2    0.00                           i_spi_reg.shift_reg[3] (net)
                  0.05    0.00    0.60 ^ _334_/B (sky130_fd_sc_hd__and2_1)
                  0.04    0.11    0.71 ^ _334_/X (sky130_fd_sc_hd__and2_1)
     1    0.00                           _147_ (net)
                  0.04    0.00    0.71 ^ _335_/A0 (sky130_fd_sc_hd__mux2_1)
                  0.04    0.11    0.82 ^ _335_/X (sky130_fd_sc_hd__mux2_1)
     1    0.00                           _148_ (net)
                  0.04    0.00    0.82 ^ _336_/A (sky130_fd_sc_hd__clkbuf_1)
                  0.05    0.08    0.89 ^ _336_/X (sky130_fd_sc_hd__clkbuf_1)
     1    0.00                           _033_ (net)
                  0.05    0.00    0.89 ^ _469_/D (sky130_fd_sc_hd__dfxtp_1)
                                  0.89   data arrival time

                          0.00    0.00   clock clk (rise edge)
                          0.00    0.00   clock source latency
                  0.04    0.03    0.03 ^ clk (in)
     1    0.01                           clk (net)
                  0.04    0.00    0.03 ^ clkbuf_0_clk/A (sky130_fd_sc_hd__clkbuf_16)
                  0.08    0.17    0.20 ^ clkbuf_0_clk/X (sky130_fd_sc_hd__clkbuf_16)
     8    0.06                           clknet_0_clk (net)
                  0.08    0.00    0.20 ^ clkbuf_3_4__f_clk/A (sky130_fd_sc_hd__clkbuf_16)
                  0.04    0.14    0.34 ^ clkbuf_3_4__f_clk/X (sky130_fd_sc_hd__clkbuf_16)
     8    0.02                           clknet_3_4__leaf_clk (net)
                  0.04    0.00    0.34 ^ _469_/CLK (sky130_fd_sc_hd__dfxtp_1)
                          0.25    0.59   clock uncertainty
                         -0.02    0.57   clock reconvergence pessimism
                         -0.03    0.54   library hold time
                                  0.54   data required time
-----------------------------------------------------------------------------
                                  0.54   data required time
                                 -0.89   data arrival time
-----------------------------------------------------------------------------
                                  0.36   slack (MET)


Startpoint: _446_ (rising edge-triggered flip-flop clocked by clk)
Endpoint: _447_ (rising edge-triggered flip-flop clocked by clk)
Path Group: clk
Path Type: min

Fanout     Cap    Slew   Delay    Time   Description
-----------------------------------------------------------------------------
                          0.00    0.00   clock clk (rise edge)
                          0.00    0.00   clock source latency
                  0.04    0.03    0.03 ^ clk (in)
     1    0.01                           clk (net)
                  0.04    0.00    0.03 ^ clkbuf_0_clk/A (sky130_fd_sc_hd__clkbuf_16)
                  0.08    0.15    0.18 ^ clkbuf_0_clk/X (sky130_fd_sc_hd__clkbuf_16)
     8    0.06                           clknet_0_clk (net)
                  0.08    0.00    0.18 ^ clkbuf_3_2__f_clk/A (sky130_fd_sc_hd__clkbuf_16)
                  0.04    0.13    0.31 ^ clkbuf_3_2__f_clk/X (sky130_fd_sc_hd__clkbuf_16)
     9    0.02                           clknet_3_2__leaf_clk (net)
                  0.04    0.00    0.31 ^ _446_/CLK (sky130_fd_sc_hd__dfxtp_1)
                  0.06    0.30    0.60 ^ _446_/Q (sky130_fd_sc_hd__dfxtp_1)
     2    0.00                           i_spi_reg.shift_reg[17] (net)
                  0.06    0.00    0.60 ^ _273_/B (sky130_fd_sc_hd__and2_1)
                  0.05    0.11    0.72 ^ _273_/X (sky130_fd_sc_hd__and2_1)
     1    0.00                           _106_ (net)
                  0.05    0.00    0.72 ^ _275_/A0 (sky130_fd_sc_hd__mux2_1)
                  0.04    0.11    0.83 ^ _275_/X (sky130_fd_sc_hd__mux2_1)
     1    0.00                           _108_ (net)
                  0.04    0.00    0.83 ^ _276_/A (sky130_fd_sc_hd__clkbuf_1)
                  0.05    0.08    0.91 ^ _276_/X (sky130_fd_sc_hd__clkbuf_1)
     1    0.00                           _013_ (net)
                  0.05    0.00    0.91 ^ _447_/D (sky130_fd_sc_hd__dfxtp_1)
                                  0.91   data arrival time

                          0.00    0.00   clock clk (rise edge)
                          0.00    0.00   clock source latency
                  0.04    0.03    0.03 ^ clk (in)
     1    0.01                           clk (net)
                  0.04    0.00    0.03 ^ clkbuf_0_clk/A (sky130_fd_sc_hd__clkbuf_16)
                  0.08    0.17    0.20 ^ clkbuf_0_clk/X (sky130_fd_sc_hd__clkbuf_16)
     8    0.06                           clknet_0_clk (net)
                  0.08    0.00    0.20 ^ clkbuf_3_0__f_clk/A (sky130_fd_sc_hd__clkbuf_16)
                  0.05    0.16    0.35 ^ clkbuf_3_0__f_clk/X (sky130_fd_sc_hd__clkbuf_16)
    10    0.03                           clknet_3_0__leaf_clk (net)
                  0.05    0.00    0.35 ^ _447_/CLK (sky130_fd_sc_hd__dfxtp_1)
                          0.25    0.60   clock uncertainty
                         -0.02    0.58   clock reconvergence pessimism
                         -0.03    0.55   library hold time
                                  0.55   data required time
-----------------------------------------------------------------------------
                                  0.55   data required time
                                 -0.91   data arrival time
-----------------------------------------------------------------------------
                                  0.36   slack (MET)


Startpoint: _451_ (rising edge-triggered flip-flop clocked by clk)
Endpoint: _452_ (rising edge-triggered flip-flop clocked by clk)
Path Group: clk
Path Type: min

Fanout     Cap    Slew   Delay    Time   Description
-----------------------------------------------------------------------------
                          0.00    0.00   clock clk (rise edge)
                          0.00    0.00   clock source latency
                  0.04    0.03    0.03 ^ clk (in)
     1    0.01                           clk (net)
                  0.04    0.00    0.03 ^ clkbuf_0_clk/A (sky130_fd_sc_hd__clkbuf_16)
                  0.08    0.15    0.18 ^ clkbuf_0_clk/X (sky130_fd_sc_hd__clkbuf_16)
     8    0.06                           clknet_0_clk (net)
                  0.08    0.00    0.18 ^ clkbuf_3_0__f_clk/A (sky130_fd_sc_hd__clkbuf_16)
                  0.05    0.14    0.32 ^ clkbuf_3_0__f_clk/X (sky130_fd_sc_hd__clkbuf_16)
    10    0.03                           clknet_3_0__leaf_clk (net)
                  0.05    0.00    0.32 ^ _451_/CLK (sky130_fd_sc_hd__dfxtp_1)
                  0.06    0.30    0.62 ^ _451_/Q (sky130_fd_sc_hd__dfxtp_1)
     2    0.00                           i_spi_reg.shift_reg[22] (net)
                  0.06    0.00    0.62 ^ _289_/B (sky130_fd_sc_hd__and2_1)
                  0.04    0.11    0.73 ^ _289_/X (sky130_fd_sc_hd__and2_1)
     1    0.00                           _117_ (net)
                  0.04    0.00    0.73 ^ _290_/A0 (sky130_fd_sc_hd__mux2_1)
                  0.04    0.10    0.83 ^ _290_/X (sky130_fd_sc_hd__mux2_1)
     1    0.00                           _118_ (net)
                  0.04    0.00    0.83 ^ _291_/A (sky130_fd_sc_hd__clkbuf_1)
                  0.04    0.07    0.90 ^ _291_/X (sky130_fd_sc_hd__clkbuf_1)
     1    0.00                           _018_ (net)
                  0.04    0.00    0.90 ^ _452_/D (sky130_fd_sc_hd__dfxtp_1)
                                  0.90   data arrival time

                          0.00    0.00   clock clk (rise edge)
                          0.00    0.00   clock source latency
                  0.04    0.03    0.03 ^ clk (in)
     1    0.01                           clk (net)
                  0.04    0.00    0.03 ^ clkbuf_0_clk/A (sky130_fd_sc_hd__clkbuf_16)
                  0.08    0.17    0.20 ^ clkbuf_0_clk/X (sky130_fd_sc_hd__clkbuf_16)
     8    0.06                           clknet_0_clk (net)
                  0.08    0.00    0.20 ^ clkbuf_3_0__f_clk/A (sky130_fd_sc_hd__clkbuf_16)
                  0.05    0.16    0.35 ^ clkbuf_3_0__f_clk/X (sky130_fd_sc_hd__clkbuf_16)
    10    0.03                           clknet_3_0__leaf_clk (net)
                  0.05    0.00    0.35 ^ _452_/CLK (sky130_fd_sc_hd__dfxtp_1)
                          0.25    0.60   clock uncertainty
                         -0.03    0.57   clock reconvergence pessimism
                         -0.03    0.54   library hold time
                                  0.54   data required time
-----------------------------------------------------------------------------
                                  0.54   data required time
                                 -0.90   data arrival time
-----------------------------------------------------------------------------
                                  0.36   slack (MET)


Startpoint: _438_ (rising edge-triggered flip-flop clocked by clk)
Endpoint: _439_ (rising edge-triggered flip-flop clocked by clk)
Path Group: clk
Path Type: min

Fanout     Cap    Slew   Delay    Time   Description
-----------------------------------------------------------------------------
                          0.00    0.00   clock clk (rise edge)
                          0.00    0.00   clock source latency
                  0.04    0.03    0.03 ^ clk (in)
     1    0.01                           clk (net)
                  0.04    0.00    0.03 ^ clkbuf_0_clk/A (sky130_fd_sc_hd__clkbuf_16)
                  0.08    0.15    0.18 ^ clkbuf_0_clk/X (sky130_fd_sc_hd__clkbuf_16)
     8    0.06                           clknet_0_clk (net)
                  0.08    0.00    0.18 ^ clkbuf_3_2__f_clk/A (sky130_fd_sc_hd__clkbuf_16)
                  0.04    0.13    0.31 ^ clkbuf_3_2__f_clk/X (sky130_fd_sc_hd__clkbuf_16)
     9    0.02                           clknet_3_2__leaf_clk (net)
                  0.04    0.00    0.31 ^ _438_/CLK (sky130_fd_sc_hd__dfxtp_1)
                  0.05    0.29    0.60 ^ _438_/Q (sky130_fd_sc_hd__dfxtp_1)
     2    0.00                           i_spi_reg.shift_reg[9] (net)
                  0.05    0.00    0.60 ^ _248_/B (sky130_fd_sc_hd__and2_1)
                  0.04    0.11    0.71 ^ _248_/X (sky130_fd_sc_hd__and2_1)
     1    0.00                           _089_ (net)
                  0.04    0.00    0.71 ^ _249_/A0 (sky130_fd_sc_hd__mux2_1)
                  0.04    0.11    0.82 ^ _249_/X (sky130_fd_sc_hd__mux2_1)
     1    0.00                           _090_ (net)
                  0.04    0.00    0.82 ^ _250_/A (sky130_fd_sc_hd__clkbuf_1)
                  0.04    0.07    0.89 ^ _250_/X (sky130_fd_sc_hd__clkbuf_1)
     1    0.00                           _005_ (net)
                  0.04    0.00    0.89 ^ _439_/D (sky130_fd_sc_hd__dfxtp_1)
                                  0.89   data arrival time

                          0.00    0.00   clock clk (rise edge)
                          0.00    0.00   clock source latency
                  0.04    0.03    0.03 ^ clk (in)
     1    0.01                           clk (net)
                  0.04    0.00    0.03 ^ clkbuf_0_clk/A (sky130_fd_sc_hd__clkbuf_16)
                  0.08    0.17    0.20 ^ clkbuf_0_clk/X (sky130_fd_sc_hd__clkbuf_16)
     8    0.06                           clknet_0_clk (net)
                  0.08    0.00    0.20 ^ clkbuf_3_2__f_clk/A (sky130_fd_sc_hd__clkbuf_16)
                  0.04    0.14    0.34 ^ clkbuf_3_2__f_clk/X (sky130_fd_sc_hd__clkbuf_16)
     9    0.02                           clknet_3_2__leaf_clk (net)
                  0.04    0.00    0.34 ^ _439_/CLK (sky130_fd_sc_hd__dfxtp_1)
                          0.25    0.59   clock uncertainty
                         -0.03    0.56   clock reconvergence pessimism
                         -0.03    0.53   library hold time
                                  0.53   data required time
-----------------------------------------------------------------------------
                                  0.53   data required time
                                 -0.89   data arrival time
-----------------------------------------------------------------------------
                                  0.36   slack (MET)


Startpoint: _454_ (rising edge-triggered flip-flop clocked by clk)
Endpoint: _455_ (rising edge-triggered flip-flop clocked by clk)
Path Group: clk
Path Type: min

Fanout     Cap    Slew   Delay    Time   Description
-----------------------------------------------------------------------------
                          0.00    0.00   clock clk (rise edge)
                          0.00    0.00   clock source latency
                  0.04    0.03    0.03 ^ clk (in)
     1    0.01                           clk (net)
                  0.04    0.00    0.03 ^ clkbuf_0_clk/A (sky130_fd_sc_hd__clkbuf_16)
                  0.08    0.15    0.18 ^ clkbuf_0_clk/X (sky130_fd_sc_hd__clkbuf_16)
     8    0.06                           clknet_0_clk (net)
                  0.08    0.00    0.18 ^ clkbuf_3_0__f_clk/A (sky130_fd_sc_hd__clkbuf_16)
                  0.05    0.14    0.32 ^ clkbuf_3_0__f_clk/X (sky130_fd_sc_hd__clkbuf_16)
    10    0.03                           clknet_3_0__leaf_clk (net)
                  0.05    0.00    0.32 ^ _454_/CLK (sky130_fd_sc_hd__dfxtp_1)
                  0.06    0.30    0.62 ^ _454_/Q (sky130_fd_sc_hd__dfxtp_1)
     2    0.01                           i_spi_reg.shift_reg[25] (net)
                  0.06    0.00    0.62 ^ _299_/B (sky130_fd_sc_hd__and2_1)
                  0.04    0.11    0.73 ^ _299_/X (sky130_fd_sc_hd__and2_1)
     1    0.00                           _124_ (net)
                  0.04    0.00    0.73 ^ _300_/A0 (sky130_fd_sc_hd__mux2_1)
                  0.04    0.10    0.83 ^ _300_/X (sky130_fd_sc_hd__mux2_1)
     1    0.00                           _125_ (net)
                  0.04    0.00    0.83 ^ _301_/A (sky130_fd_sc_hd__clkbuf_1)
                  0.04    0.07    0.91 ^ _301_/X (sky130_fd_sc_hd__clkbuf_1)
     1    0.00                           _021_ (net)
                  0.04    0.00    0.91 ^ _455_/D (sky130_fd_sc_hd__dfxtp_1)
                                  0.91   data arrival time

                          0.00    0.00   clock clk (rise edge)
                          0.00    0.00   clock source latency
                  0.04    0.03    0.03 ^ clk (in)
     1    0.01                           clk (net)
                  0.04    0.00    0.03 ^ clkbuf_0_clk/A (sky130_fd_sc_hd__clkbuf_16)
                  0.08    0.17    0.20 ^ clkbuf_0_clk/X (sky130_fd_sc_hd__clkbuf_16)
     8    0.06                           clknet_0_clk (net)
                  0.08    0.00    0.20 ^ clkbuf_3_1__f_clk/A (sky130_fd_sc_hd__clkbuf_16)
                  0.05    0.15    0.34 ^ clkbuf_3_1__f_clk/X (sky130_fd_sc_hd__clkbuf_16)
    12    0.02                           clknet_3_1__leaf_clk (net)
                  0.05    0.00    0.34 ^ _455_/CLK (sky130_fd_sc_hd__dfxtp_1)
                          0.25    0.59   clock uncertainty
                         -0.02    0.58   clock reconvergence pessimism
                         -0.03    0.54   library hold time
                                  0.54   data required time
-----------------------------------------------------------------------------
                                  0.54   data required time
                                 -0.91   data arrival time
-----------------------------------------------------------------------------
                                  0.36   slack (MET)


Startpoint: _456_ (rising edge-triggered flip-flop clocked by clk)
Endpoint: _457_ (rising edge-triggered flip-flop clocked by clk)
Path Group: clk
Path Type: min

Fanout     Cap    Slew   Delay    Time   Description
-----------------------------------------------------------------------------
                          0.00    0.00   clock clk (rise edge)
                          0.00    0.00   clock source latency
                  0.04    0.03    0.03 ^ clk (in)
     1    0.01                           clk (net)
                  0.04    0.00    0.03 ^ clkbuf_0_clk/A (sky130_fd_sc_hd__clkbuf_16)
                  0.08    0.15    0.18 ^ clkbuf_0_clk/X (sky130_fd_sc_hd__clkbuf_16)
     8    0.06                           clknet_0_clk (net)
                  0.08    0.00    0.18 ^ clkbuf_3_1__f_clk/A (sky130_fd_sc_hd__clkbuf_16)
                  0.05    0.13    0.31 ^ clkbuf_3_1__f_clk/X (sky130_fd_sc_hd__clkbuf_16)
    12    0.02                           clknet_3_1__leaf_clk (net)
                  0.05    0.00    0.31 ^ _456_/CLK (sky130_fd_sc_hd__dfxtp_1)
                  0.06    0.30    0.61 ^ _456_/Q (sky130_fd_sc_hd__dfxtp_1)
     2    0.00                           i_spi_reg.shift_reg[27] (net)
                  0.06    0.00    0.61 ^ _305_/B (sky130_fd_sc_hd__and2_1)
                  0.04    0.11    0.72 ^ _305_/X (sky130_fd_sc_hd__and2_1)
     1    0.00                           _128_ (net)
                  0.04    0.00    0.72 ^ _307_/A0 (sky130_fd_sc_hd__mux2_1)
                  0.04    0.11    0.82 ^ _307_/X (sky130_fd_sc_hd__mux2_1)
     1    0.00                           _130_ (net)
                  0.04    0.00    0.82 ^ _308_/A (sky130_fd_sc_hd__clkbuf_1)
                  0.04    0.07    0.90 ^ _308_/X (sky130_fd_sc_hd__clkbuf_1)
     1    0.00                           _023_ (net)
                  0.04    0.00    0.90 ^ _457_/D (sky130_fd_sc_hd__dfxtp_1)
                                  0.90   data arrival time

                          0.00    0.00   clock clk (rise edge)
                          0.00    0.00   clock source latency
                  0.04    0.03    0.03 ^ clk (in)
     1    0.01                           clk (net)
                  0.04    0.00    0.03 ^ clkbuf_0_clk/A (sky130_fd_sc_hd__clkbuf_16)
                  0.08    0.17    0.20 ^ clkbuf_0_clk/X (sky130_fd_sc_hd__clkbuf_16)
     8    0.06                           clknet_0_clk (net)
                  0.08    0.00    0.20 ^ clkbuf_3_1__f_clk/A (sky130_fd_sc_hd__clkbuf_16)
                  0.05    0.15    0.34 ^ clkbuf_3_1__f_clk/X (sky130_fd_sc_hd__clkbuf_16)
    12    0.02                           clknet_3_1__leaf_clk (net)
                  0.05    0.00    0.34 ^ _457_/CLK (sky130_fd_sc_hd__dfxtp_1)
                          0.25    0.59   clock uncertainty
                         -0.03    0.56   clock reconvergence pessimism
                         -0.03    0.53   library hold time
                                  0.53   data required time
-----------------------------------------------------------------------------
                                  0.53   data required time
                                 -0.90   data arrival time
-----------------------------------------------------------------------------
                                  0.36   slack (MET)


Startpoint: _447_ (rising edge-triggered flip-flop clocked by clk)
Endpoint: _448_ (rising edge-triggered flip-flop clocked by clk)
Path Group: clk
Path Type: min

Fanout     Cap    Slew   Delay    Time   Description
-----------------------------------------------------------------------------
                          0.00    0.00   clock clk (rise edge)
                          0.00    0.00   clock source latency
                  0.04    0.03    0.03 ^ clk (in)
     1    0.01                           clk (net)
                  0.04    0.00    0.03 ^ clkbuf_0_clk/A (sky130_fd_sc_hd__clkbuf_16)
                  0.08    0.15    0.18 ^ clkbuf_0_clk/X (sky130_fd_sc_hd__clkbuf_16)
     8    0.06                           clknet_0_clk (net)
                  0.08    0.00    0.18 ^ clkbuf_3_0__f_clk/A (sky130_fd_sc_hd__clkbuf_16)
                  0.05    0.14    0.32 ^ clkbuf_3_0__f_clk/X (sky130_fd_sc_hd__clkbuf_16)
    10    0.03                           clknet_3_0__leaf_clk (net)
                  0.05    0.00    0.32 ^ _447_/CLK (sky130_fd_sc_hd__dfxtp_1)
                  0.06    0.30    0.62 ^ _447_/Q (sky130_fd_sc_hd__dfxtp_1)
     2    0.00                           i_spi_reg.shift_reg[18] (net)
                  0.06    0.00    0.62 ^ _277_/B (sky130_fd_sc_hd__and2_1)
                  0.04    0.11    0.72 ^ _277_/X (sky130_fd_sc_hd__and2_1)
     1    0.00                           _109_ (net)
                  0.04    0.00    0.72 ^ _278_/A0 (sky130_fd_sc_hd__mux2_1)
                  0.04    0.11    0.83 ^ _278_/X (sky130_fd_sc_hd__mux2_1)
     1    0.00                           _110_ (net)
                  0.04    0.00    0.83 ^ _279_/A (sky130_fd_sc_hd__clkbuf_1)
                  0.04    0.07    0.90 ^ _279_/X (sky130_fd_sc_hd__clkbuf_1)
     1    0.00                           _014_ (net)
                  0.04    0.00    0.90 ^ _448_/D (sky130_fd_sc_hd__dfxtp_1)
                                  0.90   data arrival time

                          0.00    0.00   clock clk (rise edge)
                          0.00    0.00   clock source latency
                  0.04    0.03    0.03 ^ clk (in)
     1    0.01                           clk (net)
                  0.04    0.00    0.03 ^ clkbuf_0_clk/A (sky130_fd_sc_hd__clkbuf_16)
                  0.08    0.17    0.20 ^ clkbuf_0_clk/X (sky130_fd_sc_hd__clkbuf_16)
     8    0.06                           clknet_0_clk (net)
                  0.08    0.00    0.20 ^ clkbuf_3_0__f_clk/A (sky130_fd_sc_hd__clkbuf_16)
                  0.05    0.16    0.35 ^ clkbuf_3_0__f_clk/X (sky130_fd_sc_hd__clkbuf_16)
    10    0.03                           clknet_3_0__leaf_clk (net)
                  0.05    0.00    0.35 ^ _448_/CLK (sky130_fd_sc_hd__dfxtp_1)
                          0.25    0.60   clock uncertainty
                         -0.03    0.57   clock reconvergence pessimism
                         -0.03    0.54   library hold time
                                  0.54   data required time
-----------------------------------------------------------------------------
                                  0.54   data required time
                                 -0.90   data arrival time
-----------------------------------------------------------------------------
                                  0.36   slack (MET)


Startpoint: _441_ (rising edge-triggered flip-flop clocked by clk)
Endpoint: _442_ (rising edge-triggered flip-flop clocked by clk)
Path Group: clk
Path Type: min

Fanout     Cap    Slew   Delay    Time   Description
-----------------------------------------------------------------------------
                          0.00    0.00   clock clk (rise edge)
                          0.00    0.00   clock source latency
                  0.04    0.03    0.03 ^ clk (in)
     1    0.01                           clk (net)
                  0.04    0.00    0.03 ^ clkbuf_0_clk/A (sky130_fd_sc_hd__clkbuf_16)
                  0.08    0.15    0.18 ^ clkbuf_0_clk/X (sky130_fd_sc_hd__clkbuf_16)
     8    0.06                           clknet_0_clk (net)
                  0.08    0.00    0.18 ^ clkbuf_3_3__f_clk/A (sky130_fd_sc_hd__clkbuf_16)
                  0.05    0.14    0.32 ^ clkbuf_3_3__f_clk/X (sky130_fd_sc_hd__clkbuf_16)
    10    0.03                           clknet_3_3__leaf_clk (net)
                  0.05    0.00    0.32 ^ _441_/CLK (sky130_fd_sc_hd__dfxtp_1)
                  0.06    0.30    0.62 ^ _441_/Q (sky130_fd_sc_hd__dfxtp_1)
     2    0.00                           i_spi_reg.shift_reg[12] (net)
                  0.06    0.00    0.62 ^ _257_/B (sky130_fd_sc_hd__and2_1)
                  0.05    0.11    0.73 ^ _257_/X (sky130_fd_sc_hd__and2_1)
     1    0.00                           _095_ (net)
                  0.05    0.00    0.73 ^ _258_/A0 (sky130_fd_sc_hd__mux2_1)
                  0.04    0.11    0.84 ^ _258_/X (sky130_fd_sc_hd__mux2_1)
     1    0.00                           _096_ (net)
                  0.04    0.00    0.84 ^ _259_/A (sky130_fd_sc_hd__clkbuf_1)
                  0.04    0.07    0.91 ^ _259_/X (sky130_fd_sc_hd__clkbuf_1)
     1    0.00                           _008_ (net)
                  0.04    0.00    0.91 ^ _442_/D (sky130_fd_sc_hd__dfxtp_1)
                                  0.91   data arrival time

                          0.00    0.00   clock clk (rise edge)
                          0.00    0.00   clock source latency
                  0.04    0.03    0.03 ^ clk (in)
     1    0.01                           clk (net)
                  0.04    0.00    0.03 ^ clkbuf_0_clk/A (sky130_fd_sc_hd__clkbuf_16)
                  0.08    0.17    0.20 ^ clkbuf_0_clk/X (sky130_fd_sc_hd__clkbuf_16)
     8    0.06                           clknet_0_clk (net)
                  0.08    0.00    0.20 ^ clkbuf_3_2__f_clk/A (sky130_fd_sc_hd__clkbuf_16)
                  0.04    0.14    0.34 ^ clkbuf_3_2__f_clk/X (sky130_fd_sc_hd__clkbuf_16)
     9    0.02                           clknet_3_2__leaf_clk (net)
                  0.04    0.00    0.34 ^ _442_/CLK (sky130_fd_sc_hd__dfxtp_1)
                          0.25    0.59   clock uncertainty
                         -0.02    0.57   clock reconvergence pessimism
                         -0.03    0.54   library hold time
                                  0.54   data required time
-----------------------------------------------------------------------------
                                  0.54   data required time
                                 -0.91   data arrival time
-----------------------------------------------------------------------------
                                  0.37   slack (MET)


Startpoint: _437_ (rising edge-triggered flip-flop clocked by clk)
Endpoint: _438_ (rising edge-triggered flip-flop clocked by clk)
Path Group: clk
Path Type: min

Fanout     Cap    Slew   Delay    Time   Description
-----------------------------------------------------------------------------
                          0.00    0.00   clock clk (rise edge)
                          0.00    0.00   clock source latency
                  0.04    0.03    0.03 ^ clk (in)
     1    0.01                           clk (net)
                  0.04    0.00    0.03 ^ clkbuf_0_clk/A (sky130_fd_sc_hd__clkbuf_16)
                  0.08    0.15    0.18 ^ clkbuf_0_clk/X (sky130_fd_sc_hd__clkbuf_16)
     8    0.06                           clknet_0_clk (net)
                  0.08    0.00    0.18 ^ clkbuf_3_2__f_clk/A (sky130_fd_sc_hd__clkbuf_16)
                  0.04    0.13    0.31 ^ clkbuf_3_2__f_clk/X (sky130_fd_sc_hd__clkbuf_16)
     9    0.02                           clknet_3_2__leaf_clk (net)
                  0.04    0.00    0.31 ^ _437_/CLK (sky130_fd_sc_hd__dfxtp_1)
                  0.05    0.29    0.60 ^ _437_/Q (sky130_fd_sc_hd__dfxtp_1)
     2    0.00                           i_spi_reg.shift_reg[8] (net)
                  0.05    0.00    0.60 ^ _245_/B (sky130_fd_sc_hd__and2_1)
                  0.05    0.11    0.71 ^ _245_/X (sky130_fd_sc_hd__and2_1)
     1    0.00                           _087_ (net)
                  0.05    0.00    0.71 ^ _246_/A0 (sky130_fd_sc_hd__mux2_1)
                  0.04    0.11    0.82 ^ _246_/X (sky130_fd_sc_hd__mux2_1)
     1    0.00                           _088_ (net)
                  0.04    0.00    0.82 ^ _247_/A (sky130_fd_sc_hd__clkbuf_1)
                  0.04    0.07    0.89 ^ _247_/X (sky130_fd_sc_hd__clkbuf_1)
     1    0.00                           _004_ (net)
                  0.04    0.00    0.89 ^ _438_/D (sky130_fd_sc_hd__dfxtp_1)
                                  0.89   data arrival time

                          0.00    0.00   clock clk (rise edge)
                          0.00    0.00   clock source latency
                  0.04    0.03    0.03 ^ clk (in)
     1    0.01                           clk (net)
                  0.04    0.00    0.03 ^ clkbuf_0_clk/A (sky130_fd_sc_hd__clkbuf_16)
                  0.08    0.17    0.20 ^ clkbuf_0_clk/X (sky130_fd_sc_hd__clkbuf_16)
     8    0.06                           clknet_0_clk (net)
                  0.08    0.00    0.20 ^ clkbuf_3_2__f_clk/A (sky130_fd_sc_hd__clkbuf_16)
                  0.04    0.14    0.34 ^ clkbuf_3_2__f_clk/X (sky130_fd_sc_hd__clkbuf_16)
     9    0.02                           clknet_3_2__leaf_clk (net)
                  0.04    0.00    0.34 ^ _438_/CLK (sky130_fd_sc_hd__dfxtp_1)
                          0.25    0.59   clock uncertainty
                         -0.03    0.56   clock reconvergence pessimism
                         -0.03    0.53   library hold time
                                  0.53   data required time
-----------------------------------------------------------------------------
                                  0.53   data required time
                                 -0.89   data arrival time
-----------------------------------------------------------------------------
                                  0.37   slack (MET)


Startpoint: _457_ (rising edge-triggered flip-flop clocked by clk)
Endpoint: _458_ (rising edge-triggered flip-flop clocked by clk)
Path Group: clk
Path Type: min

Fanout     Cap    Slew   Delay    Time   Description
-----------------------------------------------------------------------------
                          0.00    0.00   clock clk (rise edge)
                          0.00    0.00   clock source latency
                  0.04    0.03    0.03 ^ clk (in)
     1    0.01                           clk (net)
                  0.04    0.00    0.03 ^ clkbuf_0_clk/A (sky130_fd_sc_hd__clkbuf_16)
                  0.08    0.15    0.18 ^ clkbuf_0_clk/X (sky130_fd_sc_hd__clkbuf_16)
     8    0.06                           clknet_0_clk (net)
                  0.08    0.00    0.18 ^ clkbuf_3_1__f_clk/A (sky130_fd_sc_hd__clkbuf_16)
                  0.05    0.13    0.31 ^ clkbuf_3_1__f_clk/X (sky130_fd_sc_hd__clkbuf_16)
    12    0.02                           clknet_3_1__leaf_clk (net)
                  0.05    0.00    0.31 ^ _457_/CLK (sky130_fd_sc_hd__dfxtp_1)
                  0.06    0.30    0.61 ^ _457_/Q (sky130_fd_sc_hd__dfxtp_1)
     2    0.00                           i_spi_reg.shift_reg[28] (net)
                  0.06    0.00    0.61 ^ _309_/B (sky130_fd_sc_hd__and2_1)
                  0.05    0.11    0.72 ^ _309_/X (sky130_fd_sc_hd__and2_1)
     1    0.00                           _131_ (net)
                  0.05    0.00    0.72 ^ _310_/A0 (sky130_fd_sc_hd__mux2_1)
                  0.04    0.11    0.83 ^ _310_/X (sky130_fd_sc_hd__mux2_1)
     1    0.00                           _132_ (net)
                  0.04    0.00    0.83 ^ _311_/A (sky130_fd_sc_hd__clkbuf_1)
                  0.03    0.07    0.90 ^ _311_/X (sky130_fd_sc_hd__clkbuf_1)
     1    0.00                           _024_ (net)
                  0.03    0.00    0.90 ^ _458_/D (sky130_fd_sc_hd__dfxtp_1)
                                  0.90   data arrival time

                          0.00    0.00   clock clk (rise edge)
                          0.00    0.00   clock source latency
                  0.04    0.03    0.03 ^ clk (in)
     1    0.01                           clk (net)
                  0.04    0.00    0.03 ^ clkbuf_0_clk/A (sky130_fd_sc_hd__clkbuf_16)
                  0.08    0.17    0.20 ^ clkbuf_0_clk/X (sky130_fd_sc_hd__clkbuf_16)
     8    0.06                           clknet_0_clk (net)
                  0.08    0.00    0.20 ^ clkbuf_3_1__f_clk/A (sky130_fd_sc_hd__clkbuf_16)
                  0.05    0.15    0.34 ^ clkbuf_3_1__f_clk/X (sky130_fd_sc_hd__clkbuf_16)
    12    0.02                           clknet_3_1__leaf_clk (net)
                  0.05    0.00    0.34 ^ _458_/CLK (sky130_fd_sc_hd__dfxtp_1)
                          0.25    0.59   clock uncertainty
                         -0.03    0.56   clock reconvergence pessimism
                         -0.03    0.53   library hold time
                                  0.53   data required time
-----------------------------------------------------------------------------
                                  0.53   data required time
                                 -0.90   data arrival time
-----------------------------------------------------------------------------
                                  0.37   slack (MET)


Startpoint: _465_ (rising edge-triggered flip-flop clocked by clk)
Endpoint: _465_ (rising edge-triggered flip-flop clocked by clk)
Path Group: clk
Path Type: min

Fanout     Cap    Slew   Delay    Time   Description
-----------------------------------------------------------------------------
                          0.00    0.00   clock clk (rise edge)
                          0.00    0.00   clock source latency
                  0.04    0.03    0.03 ^ clk (in)
     1    0.01                           clk (net)
                  0.04    0.00    0.03 ^ clkbuf_0_clk/A (sky130_fd_sc_hd__clkbuf_16)
                  0.08    0.15    0.18 ^ clkbuf_0_clk/X (sky130_fd_sc_hd__clkbuf_16)
     8    0.06                           clknet_0_clk (net)
                  0.08    0.00    0.18 ^ clkbuf_3_4__f_clk/A (sky130_fd_sc_hd__clkbuf_16)
                  0.04    0.13    0.30 ^ clkbuf_3_4__f_clk/X (sky130_fd_sc_hd__clkbuf_16)
     8    0.02                           clknet_3_4__leaf_clk (net)
                  0.04    0.00    0.30 ^ _465_/CLK (sky130_fd_sc_hd__dfrtp_2)
                  0.09    0.37    0.67 ^ _465_/Q (sky130_fd_sc_hd__dfrtp_2)
     5    0.02                           dut.wifi_count_reg[3] (net)
                  0.09    0.00    0.67 ^ _326_/A0 (sky130_fd_sc_hd__mux2_1)
                  0.05    0.13    0.80 ^ _326_/X (sky130_fd_sc_hd__mux2_1)
     1    0.00                           _142_ (net)
                  0.05    0.00    0.80 ^ _327_/A (sky130_fd_sc_hd__clkbuf_1)
                  0.06    0.08    0.89 ^ _327_/X (sky130_fd_sc_hd__clkbuf_1)
     1    0.00                           _030_ (net)
                  0.06    0.00    0.89 ^ _465_/D (sky130_fd_sc_hd__dfrtp_2)
                                  0.89   data arrival time

                          0.00    0.00   clock clk (rise edge)
                          0.00    0.00   clock source latency
                  0.04    0.03    0.03 ^ clk (in)
     1    0.01                           clk (net)
                  0.04    0.00    0.03 ^ clkbuf_0_clk/A (sky130_fd_sc_hd__clkbuf_16)
                  0.08    0.17    0.20 ^ clkbuf_0_clk/X (sky130_fd_sc_hd__clkbuf_16)
     8    0.06                           clknet_0_clk (net)
                  0.08    0.00    0.20 ^ clkbuf_3_4__f_clk/A (sky130_fd_sc_hd__clkbuf_16)
                  0.04    0.14    0.34 ^ clkbuf_3_4__f_clk/X (sky130_fd_sc_hd__clkbuf_16)
     8    0.02                           clknet_3_4__leaf_clk (net)
                  0.04    0.00    0.34 ^ _465_/CLK (sky130_fd_sc_hd__dfrtp_2)
                          0.25    0.59   clock uncertainty
                         -0.03    0.55   clock reconvergence pessimism
                         -0.04    0.52   library hold time
                                  0.52   data required time
-----------------------------------------------------------------------------
                                  0.52   data required time
                                 -0.89   data arrival time
-----------------------------------------------------------------------------
                                  0.37   slack (MET)


Startpoint: _471_ (rising edge-triggered flip-flop clocked by clk)
Endpoint: _472_ (rising edge-triggered flip-flop clocked by clk)
Path Group: clk
Path Type: min

Fanout     Cap    Slew   Delay    Time   Description
-----------------------------------------------------------------------------
                          0.00    0.00   clock clk (rise edge)
                          0.00    0.00   clock source latency
                  0.04    0.03    0.03 ^ clk (in)
     1    0.01                           clk (net)
                  0.04    0.00    0.03 ^ clkbuf_0_clk/A (sky130_fd_sc_hd__clkbuf_16)
                  0.08    0.15    0.18 ^ clkbuf_0_clk/X (sky130_fd_sc_hd__clkbuf_16)
     8    0.06                           clknet_0_clk (net)
                  0.08    0.00    0.18 ^ clkbuf_3_1__f_clk/A (sky130_fd_sc_hd__clkbuf_16)
                  0.05    0.13    0.31 ^ clkbuf_3_1__f_clk/X (sky130_fd_sc_hd__clkbuf_16)
    12    0.02                           clknet_3_1__leaf_clk (net)
                  0.05    0.00    0.31 ^ _471_/CLK (sky130_fd_sc_hd__dfxtp_1)
                  0.06    0.30    0.61 ^ _471_/Q (sky130_fd_sc_hd__dfxtp_1)
     2    0.01                           i_spi_reg.shift_reg[6] (net)
                  0.06    0.00    0.61 ^ _343_/A (sky130_fd_sc_hd__and2_1)
                  0.05    0.11    0.73 ^ _343_/X (sky130_fd_sc_hd__and2_1)
     1    0.00                           _153_ (net)
                  0.05    0.00    0.73 ^ _344_/A0 (sky130_fd_sc_hd__mux2_1)
                  0.05    0.12    0.84 ^ _344_/X (sky130_fd_sc_hd__mux2_1)
     1    0.00                           _154_ (net)
                  0.05    0.00    0.84 ^ _345_/A (sky130_fd_sc_hd__clkbuf_1)
                  0.05    0.08    0.92 ^ _345_/X (sky130_fd_sc_hd__clkbuf_1)
     1    0.00                           _036_ (net)
                  0.05    0.00    0.92 ^ _472_/D (sky130_fd_sc_hd__dfxtp_1)
                                  0.92   data arrival time

                          0.00    0.00   clock clk (rise edge)
                          0.00    0.00   clock source latency
                  0.04    0.03    0.03 ^ clk (in)
     1    0.01                           clk (net)
                  0.04    0.00    0.03 ^ clkbuf_0_clk/A (sky130_fd_sc_hd__clkbuf_16)
                  0.08    0.17    0.20 ^ clkbuf_0_clk/X (sky130_fd_sc_hd__clkbuf_16)
     8    0.06                           clknet_0_clk (net)
                  0.08    0.00    0.20 ^ clkbuf_3_0__f_clk/A (sky130_fd_sc_hd__clkbuf_16)
                  0.05    0.16    0.35 ^ clkbuf_3_0__f_clk/X (sky130_fd_sc_hd__clkbuf_16)
    10    0.03                           clknet_3_0__leaf_clk (net)
                  0.05    0.00    0.35 ^ _472_/CLK (sky130_fd_sc_hd__dfxtp_1)
                          0.25    0.60   clock uncertainty
                         -0.02    0.58   clock reconvergence pessimism
                         -0.03    0.55   library hold time
                                  0.55   data required time
-----------------------------------------------------------------------------
                                  0.55   data required time
                                 -0.92   data arrival time
-----------------------------------------------------------------------------
                                  0.37   slack (MET)


Startpoint: _450_ (rising edge-triggered flip-flop clocked by clk)
Endpoint: _451_ (rising edge-triggered flip-flop clocked by clk)
Path Group: clk
Path Type: min

Fanout     Cap    Slew   Delay    Time   Description
-----------------------------------------------------------------------------
                          0.00    0.00   clock clk (rise edge)
                          0.00    0.00   clock source latency
                  0.04    0.03    0.03 ^ clk (in)
     1    0.01                           clk (net)
                  0.04    0.00    0.03 ^ clkbuf_0_clk/A (sky130_fd_sc_hd__clkbuf_16)
                  0.08    0.15    0.18 ^ clkbuf_0_clk/X (sky130_fd_sc_hd__clkbuf_16)
     8    0.06                           clknet_0_clk (net)
                  0.08    0.00    0.18 ^ clkbuf_3_0__f_clk/A (sky130_fd_sc_hd__clkbuf_16)
                  0.05    0.14    0.32 ^ clkbuf_3_0__f_clk/X (sky130_fd_sc_hd__clkbuf_16)
    10    0.03                           clknet_3_0__leaf_clk (net)
                  0.05    0.00    0.32 ^ _450_/CLK (sky130_fd_sc_hd__dfxtp_1)
                  0.06    0.30    0.62 ^ _450_/Q (sky130_fd_sc_hd__dfxtp_1)
     2    0.01                           i_spi_reg.shift_reg[21] (net)
                  0.06    0.00    0.62 ^ _286_/B (sky130_fd_sc_hd__and2_1)
                  0.05    0.11    0.73 ^ _286_/X (sky130_fd_sc_hd__and2_1)
     1    0.00                           _115_ (net)
                  0.05    0.00    0.73 ^ _287_/A0 (sky130_fd_sc_hd__mux2_1)
                  0.04    0.11    0.84 ^ _287_/X (sky130_fd_sc_hd__mux2_1)
     1    0.00                           _116_ (net)
                  0.04    0.00    0.84 ^ _288_/A (sky130_fd_sc_hd__clkbuf_1)
                  0.04    0.07    0.91 ^ _288_/X (sky130_fd_sc_hd__clkbuf_1)
     1    0.00                           _017_ (net)
                  0.04    0.00    0.91 ^ _451_/D (sky130_fd_sc_hd__dfxtp_1)
                                  0.91   data arrival time

                          0.00    0.00   clock clk (rise edge)
                          0.00    0.00   clock source latency
                  0.04    0.03    0.03 ^ clk (in)
     1    0.01                           clk (net)
                  0.04    0.00    0.03 ^ clkbuf_0_clk/A (sky130_fd_sc_hd__clkbuf_16)
                  0.08    0.17    0.20 ^ clkbuf_0_clk/X (sky130_fd_sc_hd__clkbuf_16)
     8    0.06                           clknet_0_clk (net)
                  0.08    0.00    0.20 ^ clkbuf_3_0__f_clk/A (sky130_fd_sc_hd__clkbuf_16)
                  0.05    0.16    0.35 ^ clkbuf_3_0__f_clk/X (sky130_fd_sc_hd__clkbuf_16)
    10    0.03                           clknet_3_0__leaf_clk (net)
                  0.05    0.00    0.35 ^ _451_/CLK (sky130_fd_sc_hd__dfxtp_1)
                          0.25    0.60   clock uncertainty
                         -0.03    0.57   clock reconvergence pessimism
                         -0.03    0.54   library hold time
                                  0.54   data required time
-----------------------------------------------------------------------------
                                  0.54   data required time
                                 -0.91   data arrival time
-----------------------------------------------------------------------------
                                  0.37   slack (MET)


Startpoint: _452_ (rising edge-triggered flip-flop clocked by clk)
Endpoint: _453_ (rising edge-triggered flip-flop clocked by clk)
Path Group: clk
Path Type: min

Fanout     Cap    Slew   Delay    Time   Description
-----------------------------------------------------------------------------
                          0.00    0.00   clock clk (rise edge)
                          0.00    0.00   clock source latency
                  0.04    0.03    0.03 ^ clk (in)
     1    0.01                           clk (net)
                  0.04    0.00    0.03 ^ clkbuf_0_clk/A (sky130_fd_sc_hd__clkbuf_16)
                  0.08    0.15    0.18 ^ clkbuf_0_clk/X (sky130_fd_sc_hd__clkbuf_16)
     8    0.06                           clknet_0_clk (net)
                  0.08    0.00    0.18 ^ clkbuf_3_0__f_clk/A (sky130_fd_sc_hd__clkbuf_16)
                  0.05    0.14    0.32 ^ clkbuf_3_0__f_clk/X (sky130_fd_sc_hd__clkbuf_16)
    10    0.03                           clknet_3_0__leaf_clk (net)
                  0.05    0.00    0.32 ^ _452_/CLK (sky130_fd_sc_hd__dfxtp_1)
                  0.06    0.30    0.62 ^ _452_/Q (sky130_fd_sc_hd__dfxtp_1)
     2    0.00                           i_spi_reg.shift_reg[23] (net)
                  0.06    0.00    0.62 ^ _292_/B (sky130_fd_sc_hd__and2_1)
                  0.04    0.11    0.73 ^ _292_/X (sky130_fd_sc_hd__and2_1)
     1    0.00                           _119_ (net)
                  0.04    0.00    0.73 ^ _293_/A0 (sky130_fd_sc_hd__mux2_1)
                  0.04    0.11    0.83 ^ _293_/X (sky130_fd_sc_hd__mux2_1)
     1    0.00                           _120_ (net)
                  0.04    0.00    0.83 ^ _294_/A (sky130_fd_sc_hd__clkbuf_1)
                  0.04    0.07    0.91 ^ _294_/X (sky130_fd_sc_hd__clkbuf_1)
     1    0.00                           _019_ (net)
                  0.04    0.00    0.91 ^ _453_/D (sky130_fd_sc_hd__dfxtp_1)
                                  0.91   data arrival time

                          0.00    0.00   clock clk (rise edge)
                          0.00    0.00   clock source latency
                  0.04    0.03    0.03 ^ clk (in)
     1    0.01                           clk (net)
                  0.04    0.00    0.03 ^ clkbuf_0_clk/A (sky130_fd_sc_hd__clkbuf_16)
                  0.08    0.17    0.20 ^ clkbuf_0_clk/X (sky130_fd_sc_hd__clkbuf_16)
     8    0.06                           clknet_0_clk (net)
                  0.08    0.00    0.20 ^ clkbuf_3_0__f_clk/A (sky130_fd_sc_hd__clkbuf_16)
                  0.05    0.16    0.35 ^ clkbuf_3_0__f_clk/X (sky130_fd_sc_hd__clkbuf_16)
    10    0.03                           clknet_3_0__leaf_clk (net)
                  0.05    0.00    0.35 ^ _453_/CLK (sky130_fd_sc_hd__dfxtp_1)
                          0.25    0.60   clock uncertainty
                         -0.03    0.57   clock reconvergence pessimism
                         -0.03    0.54   library hold time
                                  0.54   data required time
-----------------------------------------------------------------------------
                                  0.54   data required time
                                 -0.91   data arrival time
-----------------------------------------------------------------------------
                                  0.37   slack (MET)


Startpoint: _443_ (rising edge-triggered flip-flop clocked by clk)
Endpoint: _444_ (rising edge-triggered flip-flop clocked by clk)
Path Group: clk
Path Type: min

Fanout     Cap    Slew   Delay    Time   Description
-----------------------------------------------------------------------------
                          0.00    0.00   clock clk (rise edge)
                          0.00    0.00   clock source latency
                  0.04    0.03    0.03 ^ clk (in)
     1    0.01                           clk (net)
                  0.04    0.00    0.03 ^ clkbuf_0_clk/A (sky130_fd_sc_hd__clkbuf_16)
                  0.08    0.15    0.18 ^ clkbuf_0_clk/X (sky130_fd_sc_hd__clkbuf_16)
     8    0.06                           clknet_0_clk (net)
                  0.08    0.00    0.18 ^ clkbuf_3_2__f_clk/A (sky130_fd_sc_hd__clkbuf_16)
                  0.04    0.13    0.31 ^ clkbuf_3_2__f_clk/X (sky130_fd_sc_hd__clkbuf_16)
     9    0.02                           clknet_3_2__leaf_clk (net)
                  0.04    0.00    0.31 ^ _443_/CLK (sky130_fd_sc_hd__dfxtp_1)
                  0.05    0.29    0.60 ^ _443_/Q (sky130_fd_sc_hd__dfxtp_1)
     2    0.00                           i_spi_reg.shift_reg[14] (net)
                  0.05    0.00    0.60 ^ _263_/B (sky130_fd_sc_hd__and2_1)
                  0.05    0.11    0.71 ^ _263_/X (sky130_fd_sc_hd__and2_1)
     1    0.00                           _099_ (net)
                  0.05    0.00    0.71 ^ _264_/A0 (sky130_fd_sc_hd__mux2_1)
                  0.04    0.11    0.82 ^ _264_/X (sky130_fd_sc_hd__mux2_1)
     1    0.00                           _100_ (net)
                  0.04    0.00    0.82 ^ _265_/A (sky130_fd_sc_hd__clkbuf_1)
                  0.05    0.08    0.89 ^ _265_/X (sky130_fd_sc_hd__clkbuf_1)
     1    0.00                           _010_ (net)
                  0.05    0.00    0.89 ^ _444_/D (sky130_fd_sc_hd__dfxtp_1)
                                  0.89   data arrival time

                          0.00    0.00   clock clk (rise edge)
                          0.00    0.00   clock source latency
                  0.04    0.03    0.03 ^ clk (in)
     1    0.01                           clk (net)
                  0.04    0.00    0.03 ^ clkbuf_0_clk/A (sky130_fd_sc_hd__clkbuf_16)
                  0.08    0.17    0.20 ^ clkbuf_0_clk/X (sky130_fd_sc_hd__clkbuf_16)
     8    0.06                           clknet_0_clk (net)
                  0.08    0.00    0.20 ^ clkbuf_3_2__f_clk/A (sky130_fd_sc_hd__clkbuf_16)
                  0.04    0.14    0.34 ^ clkbuf_3_2__f_clk/X (sky130_fd_sc_hd__clkbuf_16)
     9    0.02                           clknet_3_2__leaf_clk (net)
                  0.04    0.00    0.34 ^ _444_/CLK (sky130_fd_sc_hd__dfxtp_1)
                          0.25    0.59   clock uncertainty
                         -0.03    0.56   clock reconvergence pessimism
                         -0.03    0.52   library hold time
                                  0.52   data required time
-----------------------------------------------------------------------------
                                  0.52   data required time
                                 -0.89   data arrival time
-----------------------------------------------------------------------------
                                  0.37   slack (MET)


Startpoint: _449_ (rising edge-triggered flip-flop clocked by clk)
Endpoint: _450_ (rising edge-triggered flip-flop clocked by clk)
Path Group: clk
Path Type: min

Fanout     Cap    Slew   Delay    Time   Description
-----------------------------------------------------------------------------
                          0.00    0.00   clock clk (rise edge)
                          0.00    0.00   clock source latency
                  0.04    0.03    0.03 ^ clk (in)
     1    0.01                           clk (net)
                  0.04    0.00    0.03 ^ clkbuf_0_clk/A (sky130_fd_sc_hd__clkbuf_16)
                  0.08    0.15    0.18 ^ clkbuf_0_clk/X (sky130_fd_sc_hd__clkbuf_16)
     8    0.06                           clknet_0_clk (net)
                  0.08    0.00    0.18 ^ clkbuf_3_0__f_clk/A (sky130_fd_sc_hd__clkbuf_16)
                  0.05    0.14    0.32 ^ clkbuf_3_0__f_clk/X (sky130_fd_sc_hd__clkbuf_16)
    10    0.03                           clknet_3_0__leaf_clk (net)
                  0.05    0.00    0.32 ^ _449_/CLK (sky130_fd_sc_hd__dfxtp_1)
                  0.06    0.30    0.62 ^ _449_/Q (sky130_fd_sc_hd__dfxtp_1)
     2    0.01                           i_spi_reg.shift_reg[20] (net)
                  0.06    0.00    0.62 ^ _283_/B (sky130_fd_sc_hd__and2_1)
                  0.05    0.11    0.74 ^ _283_/X (sky130_fd_sc_hd__and2_1)
     1    0.00                           _113_ (net)
                  0.05    0.00    0.74 ^ _284_/A0 (sky130_fd_sc_hd__mux2_1)
                  0.04    0.11    0.84 ^ _284_/X (sky130_fd_sc_hd__mux2_1)
     1    0.00                           _114_ (net)
                  0.04    0.00    0.84 ^ _285_/A (sky130_fd_sc_hd__clkbuf_1)
                  0.04    0.07    0.91 ^ _285_/X (sky130_fd_sc_hd__clkbuf_1)
     1    0.00                           _016_ (net)
                  0.04    0.00    0.91 ^ _450_/D (sky130_fd_sc_hd__dfxtp_1)
                                  0.91   data arrival time

                          0.00    0.00   clock clk (rise edge)
                          0.00    0.00   clock source latency
                  0.04    0.03    0.03 ^ clk (in)
     1    0.01                           clk (net)
                  0.04    0.00    0.03 ^ clkbuf_0_clk/A (sky130_fd_sc_hd__clkbuf_16)
                  0.08    0.17    0.20 ^ clkbuf_0_clk/X (sky130_fd_sc_hd__clkbuf_16)
     8    0.06                           clknet_0_clk (net)
                  0.08    0.00    0.20 ^ clkbuf_3_0__f_clk/A (sky130_fd_sc_hd__clkbuf_16)
                  0.05    0.16    0.35 ^ clkbuf_3_0__f_clk/X (sky130_fd_sc_hd__clkbuf_16)
    10    0.03                           clknet_3_0__leaf_clk (net)
                  0.05    0.00    0.35 ^ _450_/CLK (sky130_fd_sc_hd__dfxtp_1)
                          0.25    0.60   clock uncertainty
                         -0.03    0.57   clock reconvergence pessimism
                         -0.03    0.54   library hold time
                                  0.54   data required time
-----------------------------------------------------------------------------
                                  0.54   data required time
                                 -0.91   data arrival time
-----------------------------------------------------------------------------
                                  0.37   slack (MET)


Startpoint: _445_ (rising edge-triggered flip-flop clocked by clk)
Endpoint: _446_ (rising edge-triggered flip-flop clocked by clk)
Path Group: clk
Path Type: min

Fanout     Cap    Slew   Delay    Time   Description
-----------------------------------------------------------------------------
                          0.00    0.00   clock clk (rise edge)
                          0.00    0.00   clock source latency
                  0.04    0.03    0.03 ^ clk (in)
     1    0.01                           clk (net)
                  0.04    0.00    0.03 ^ clkbuf_0_clk/A (sky130_fd_sc_hd__clkbuf_16)
                  0.08    0.15    0.18 ^ clkbuf_0_clk/X (sky130_fd_sc_hd__clkbuf_16)
     8    0.06                           clknet_0_clk (net)
                  0.08    0.00    0.18 ^ clkbuf_3_2__f_clk/A (sky130_fd_sc_hd__clkbuf_16)
                  0.04    0.13    0.31 ^ clkbuf_3_2__f_clk/X (sky130_fd_sc_hd__clkbuf_16)
     9    0.02                           clknet_3_2__leaf_clk (net)
                  0.04    0.00    0.31 ^ _445_/CLK (sky130_fd_sc_hd__dfxtp_1)
                  0.06    0.29    0.60 ^ _445_/Q (sky130_fd_sc_hd__dfxtp_1)
     2    0.00                           i_spi_reg.shift_reg[16] (net)
                  0.06    0.00    0.60 ^ _270_/B (sky130_fd_sc_hd__and2_1)
                  0.05    0.12    0.72 ^ _270_/X (sky130_fd_sc_hd__and2_1)
     1    0.00                           _104_ (net)
                  0.05    0.00    0.72 ^ _271_/A0 (sky130_fd_sc_hd__mux2_1)
                  0.04    0.11    0.83 ^ _271_/X (sky130_fd_sc_hd__mux2_1)
     1    0.00                           _105_ (net)
                  0.04    0.00    0.83 ^ _272_/A (sky130_fd_sc_hd__clkbuf_1)
                  0.04    0.07    0.90 ^ _272_/X (sky130_fd_sc_hd__clkbuf_1)
     1    0.00                           _012_ (net)
                  0.04    0.00    0.90 ^ _446_/D (sky130_fd_sc_hd__dfxtp_1)
                                  0.90   data arrival time

                          0.00    0.00   clock clk (rise edge)
                          0.00    0.00   clock source latency
                  0.04    0.03    0.03 ^ clk (in)
     1    0.01                           clk (net)
                  0.04    0.00    0.03 ^ clkbuf_0_clk/A (sky130_fd_sc_hd__clkbuf_16)
                  0.08    0.17    0.20 ^ clkbuf_0_clk/X (sky130_fd_sc_hd__clkbuf_16)
     8    0.06                           clknet_0_clk (net)
                  0.08    0.00    0.20 ^ clkbuf_3_2__f_clk/A (sky130_fd_sc_hd__clkbuf_16)
                  0.04    0.14    0.34 ^ clkbuf_3_2__f_clk/X (sky130_fd_sc_hd__clkbuf_16)
     9    0.02                           clknet_3_2__leaf_clk (net)
                  0.04    0.00    0.34 ^ _446_/CLK (sky130_fd_sc_hd__dfxtp_1)
                          0.25    0.59   clock uncertainty
                         -0.03    0.56   clock reconvergence pessimism
                         -0.03    0.53   library hold time
                                  0.53   data required time
-----------------------------------------------------------------------------
                                  0.53   data required time
                                 -0.90   data arrival time
-----------------------------------------------------------------------------
                                  0.37   slack (MET)


Startpoint: _458_ (rising edge-triggered flip-flop clocked by clk)
Endpoint: _459_ (rising edge-triggered flip-flop clocked by clk)
Path Group: clk
Path Type: min

Fanout     Cap    Slew   Delay    Time   Description
-----------------------------------------------------------------------------
                          0.00    0.00   clock clk (rise edge)
                          0.00    0.00   clock source latency
                  0.04    0.03    0.03 ^ clk (in)
     1    0.01                           clk (net)
                  0.04    0.00    0.03 ^ clkbuf_0_clk/A (sky130_fd_sc_hd__clkbuf_16)
                  0.08    0.15    0.18 ^ clkbuf_0_clk/X (sky130_fd_sc_hd__clkbuf_16)
     8    0.06                           clknet_0_clk (net)
                  0.08    0.00    0.18 ^ clkbuf_3_1__f_clk/A (sky130_fd_sc_hd__clkbuf_16)
                  0.05    0.13    0.31 ^ clkbuf_3_1__f_clk/X (sky130_fd_sc_hd__clkbuf_16)
    12    0.02                           clknet_3_1__leaf_clk (net)
                  0.05    0.00    0.31 ^ _458_/CLK (sky130_fd_sc_hd__dfxtp_1)
                  0.06    0.30    0.61 ^ _458_/Q (sky130_fd_sc_hd__dfxtp_1)
     2    0.00                           i_spi_reg.shift_reg[29] (net)
                  0.06    0.00    0.61 ^ _312_/B (sky130_fd_sc_hd__and2_1)
                  0.05    0.11    0.72 ^ _312_/X (sky130_fd_sc_hd__and2_1)
     1    0.00                           _133_ (net)
                  0.05    0.00    0.72 ^ _313_/A0 (sky130_fd_sc_hd__mux2_1)
                  0.04    0.11    0.84 ^ _313_/X (sky130_fd_sc_hd__mux2_1)
     1    0.00                           _134_ (net)
                  0.04    0.00    0.84 ^ _314_/A (sky130_fd_sc_hd__clkbuf_1)
                  0.04    0.07    0.91 ^ _314_/X (sky130_fd_sc_hd__clkbuf_1)
     1    0.00                           _025_ (net)
                  0.04    0.00    0.91 ^ _459_/D (sky130_fd_sc_hd__dfxtp_1)
                                  0.91   data arrival time

                          0.00    0.00   clock clk (rise edge)
                          0.00    0.00   clock source latency
                  0.04    0.03    0.03 ^ clk (in)
     1    0.01                           clk (net)
                  0.04    0.00    0.03 ^ clkbuf_0_clk/A (sky130_fd_sc_hd__clkbuf_16)
                  0.08    0.17    0.20 ^ clkbuf_0_clk/X (sky130_fd_sc_hd__clkbuf_16)
     8    0.06                           clknet_0_clk (net)
                  0.08    0.00    0.20 ^ clkbuf_3_1__f_clk/A (sky130_fd_sc_hd__clkbuf_16)
                  0.05    0.15    0.34 ^ clkbuf_3_1__f_clk/X (sky130_fd_sc_hd__clkbuf_16)
    12    0.02                           clknet_3_1__leaf_clk (net)
                  0.05    0.00    0.34 ^ _459_/CLK (sky130_fd_sc_hd__dfxtp_1)
                          0.25    0.59   clock uncertainty
                         -0.03    0.56   clock reconvergence pessimism
                         -0.03    0.53   library hold time
                                  0.53   data required time
-----------------------------------------------------------------------------
                                  0.53   data required time
                                 -0.91   data arrival time
-----------------------------------------------------------------------------
                                  0.37   slack (MET)


Startpoint: _453_ (rising edge-triggered flip-flop clocked by clk)
Endpoint: _454_ (rising edge-triggered flip-flop clocked by clk)
Path Group: clk
Path Type: min

Fanout     Cap    Slew   Delay    Time   Description
-----------------------------------------------------------------------------
                          0.00    0.00   clock clk (rise edge)
                          0.00    0.00   clock source latency
                  0.04    0.03    0.03 ^ clk (in)
     1    0.01                           clk (net)
                  0.04    0.00    0.03 ^ clkbuf_0_clk/A (sky130_fd_sc_hd__clkbuf_16)
                  0.08    0.15    0.18 ^ clkbuf_0_clk/X (sky130_fd_sc_hd__clkbuf_16)
     8    0.06                           clknet_0_clk (net)
                  0.08    0.00    0.18 ^ clkbuf_3_0__f_clk/A (sky130_fd_sc_hd__clkbuf_16)
                  0.05    0.14    0.32 ^ clkbuf_3_0__f_clk/X (sky130_fd_sc_hd__clkbuf_16)
    10    0.03                           clknet_3_0__leaf_clk (net)
                  0.05    0.00    0.32 ^ _453_/CLK (sky130_fd_sc_hd__dfxtp_1)
                  0.05    0.30    0.62 ^ _453_/Q (sky130_fd_sc_hd__dfxtp_1)
     2    0.00                           i_spi_reg.shift_reg[24] (net)
                  0.05    0.00    0.62 ^ _295_/B (sky130_fd_sc_hd__and2_1)
                  0.04    0.11    0.73 ^ _295_/X (sky130_fd_sc_hd__and2_1)
     1    0.00                           _121_ (net)
                  0.04    0.00    0.73 ^ _296_/A0 (sky130_fd_sc_hd__mux2_1)
                  0.04    0.11    0.83 ^ _296_/X (sky130_fd_sc_hd__mux2_1)
     1    0.00                           _122_ (net)
                  0.04    0.00    0.83 ^ _297_/A (sky130_fd_sc_hd__clkbuf_1)
                  0.05    0.08    0.91 ^ _297_/X (sky130_fd_sc_hd__clkbuf_1)
     1    0.00                           _020_ (net)
                  0.05    0.00    0.91 ^ _454_/D (sky130_fd_sc_hd__dfxtp_1)
                                  0.91   data arrival time

                          0.00    0.00   clock clk (rise edge)
                          0.00    0.00   clock source latency
                  0.04    0.03    0.03 ^ clk (in)
     1    0.01                           clk (net)
                  0.04    0.00    0.03 ^ clkbuf_0_clk/A (sky130_fd_sc_hd__clkbuf_16)
                  0.08    0.17    0.20 ^ clkbuf_0_clk/X (sky130_fd_sc_hd__clkbuf_16)
     8    0.06                           clknet_0_clk (net)
                  0.08    0.00    0.20 ^ clkbuf_3_0__f_clk/A (sky130_fd_sc_hd__clkbuf_16)
                  0.05    0.16    0.35 ^ clkbuf_3_0__f_clk/X (sky130_fd_sc_hd__clkbuf_16)
    10    0.03                           clknet_3_0__leaf_clk (net)
                  0.05    0.00    0.35 ^ _454_/CLK (sky130_fd_sc_hd__dfxtp_1)
                          0.25    0.60   clock uncertainty
                         -0.03    0.57   clock reconvergence pessimism
                         -0.03    0.54   library hold time
                                  0.54   data required time
-----------------------------------------------------------------------------
                                  0.54   data required time
                                 -0.91   data arrival time
-----------------------------------------------------------------------------
                                  0.37   slack (MET)


Startpoint: _440_ (rising edge-triggered flip-flop clocked by clk)
Endpoint: _441_ (rising edge-triggered flip-flop clocked by clk)
Path Group: clk
Path Type: min

Fanout     Cap    Slew   Delay    Time   Description
-----------------------------------------------------------------------------
                          0.00    0.00   clock clk (rise edge)
                          0.00    0.00   clock source latency
                  0.04    0.03    0.03 ^ clk (in)
     1    0.01                           clk (net)
                  0.04    0.00    0.03 ^ clkbuf_0_clk/A (sky130_fd_sc_hd__clkbuf_16)
                  0.08    0.15    0.18 ^ clkbuf_0_clk/X (sky130_fd_sc_hd__clkbuf_16)
     8    0.06                           clknet_0_clk (net)
                  0.08    0.00    0.18 ^ clkbuf_3_3__f_clk/A (sky130_fd_sc_hd__clkbuf_16)
                  0.05    0.14    0.32 ^ clkbuf_3_3__f_clk/X (sky130_fd_sc_hd__clkbuf_16)
    10    0.03                           clknet_3_3__leaf_clk (net)
                  0.05    0.00    0.32 ^ _440_/CLK (sky130_fd_sc_hd__dfxtp_1)
                  0.06    0.30    0.62 ^ _440_/Q (sky130_fd_sc_hd__dfxtp_1)
     2    0.01                           i_spi_reg.shift_reg[11] (net)
                  0.06    0.00    0.62 ^ _254_/B (sky130_fd_sc_hd__and2_1)
                  0.04    0.11    0.73 ^ _254_/X (sky130_fd_sc_hd__and2_1)
     1    0.00                           _093_ (net)
                  0.04    0.00    0.73 ^ _255_/A0 (sky130_fd_sc_hd__mux2_1)
                  0.05    0.11    0.84 ^ _255_/X (sky130_fd_sc_hd__mux2_1)
     1    0.00                           _094_ (net)
                  0.05    0.00    0.84 ^ _256_/A (sky130_fd_sc_hd__clkbuf_1)
                  0.04    0.07    0.91 ^ _256_/X (sky130_fd_sc_hd__clkbuf_1)
     1    0.00                           _007_ (net)
                  0.04    0.00    0.91 ^ _441_/D (sky130_fd_sc_hd__dfxtp_1)
                                  0.91   data arrival time

                          0.00    0.00   clock clk (rise edge)
                          0.00    0.00   clock source latency
                  0.04    0.03    0.03 ^ clk (in)
     1    0.01                           clk (net)
                  0.04    0.00    0.03 ^ clkbuf_0_clk/A (sky130_fd_sc_hd__clkbuf_16)
                  0.08    0.17    0.20 ^ clkbuf_0_clk/X (sky130_fd_sc_hd__clkbuf_16)
     8    0.06                           clknet_0_clk (net)
                  0.08    0.00    0.20 ^ clkbuf_3_3__f_clk/A (sky130_fd_sc_hd__clkbuf_16)
                  0.05    0.16    0.35 ^ clkbuf_3_3__f_clk/X (sky130_fd_sc_hd__clkbuf_16)
    10    0.03                           clknet_3_3__leaf_clk (net)
                  0.05    0.00    0.35 ^ _441_/CLK (sky130_fd_sc_hd__dfxtp_1)
                          0.25    0.60   clock uncertainty
                         -0.03    0.57   clock reconvergence pessimism
                         -0.03    0.54   library hold time
                                  0.54   data required time
-----------------------------------------------------------------------------
                                  0.54   data required time
                                 -0.91   data arrival time
-----------------------------------------------------------------------------
                                  0.37   slack (MET)


Startpoint: _444_ (rising edge-triggered flip-flop clocked by clk)
Endpoint: _445_ (rising edge-triggered flip-flop clocked by clk)
Path Group: clk
Path Type: min

Fanout     Cap    Slew   Delay    Time   Description
-----------------------------------------------------------------------------
                          0.00    0.00   clock clk (rise edge)
                          0.00    0.00   clock source latency
                  0.04    0.03    0.03 ^ clk (in)
     1    0.01                           clk (net)
                  0.04    0.00    0.03 ^ clkbuf_0_clk/A (sky130_fd_sc_hd__clkbuf_16)
                  0.08    0.15    0.18 ^ clkbuf_0_clk/X (sky130_fd_sc_hd__clkbuf_16)
     8    0.06                           clknet_0_clk (net)
                  0.08    0.00    0.18 ^ clkbuf_3_2__f_clk/A (sky130_fd_sc_hd__clkbuf_16)
                  0.04    0.13    0.31 ^ clkbuf_3_2__f_clk/X (sky130_fd_sc_hd__clkbuf_16)
     9    0.02                           clknet_3_2__leaf_clk (net)
                  0.04    0.00    0.31 ^ _444_/CLK (sky130_fd_sc_hd__dfxtp_1)
                  0.06    0.30    0.61 ^ _444_/Q (sky130_fd_sc_hd__dfxtp_1)
     2    0.01                           i_spi_reg.shift_reg[15] (net)
                  0.06    0.00    0.61 ^ _267_/B (sky130_fd_sc_hd__and2_1)
                  0.04    0.11    0.72 ^ _267_/X (sky130_fd_sc_hd__and2_1)
     1    0.00                           _102_ (net)
                  0.04    0.00    0.72 ^ _268_/A0 (sky130_fd_sc_hd__mux2_1)
                  0.05    0.11    0.83 ^ _268_/X (sky130_fd_sc_hd__mux2_1)
     1    0.00                           _103_ (net)
                  0.05    0.00    0.83 ^ _269_/A (sky130_fd_sc_hd__clkbuf_1)
                  0.04    0.07    0.90 ^ _269_/X (sky130_fd_sc_hd__clkbuf_1)
     1    0.00                           _011_ (net)
                  0.04    0.00    0.90 ^ _445_/D (sky130_fd_sc_hd__dfxtp_1)
                                  0.90   data arrival time

                          0.00    0.00   clock clk (rise edge)
                          0.00    0.00   clock source latency
                  0.04    0.03    0.03 ^ clk (in)
     1    0.01                           clk (net)
                  0.04    0.00    0.03 ^ clkbuf_0_clk/A (sky130_fd_sc_hd__clkbuf_16)
                  0.08    0.17    0.20 ^ clkbuf_0_clk/X (sky130_fd_sc_hd__clkbuf_16)
     8    0.06                           clknet_0_clk (net)
                  0.08    0.00    0.20 ^ clkbuf_3_2__f_clk/A (sky130_fd_sc_hd__clkbuf_16)
                  0.04    0.14    0.34 ^ clkbuf_3_2__f_clk/X (sky130_fd_sc_hd__clkbuf_16)
     9    0.02                           clknet_3_2__leaf_clk (net)
                  0.04    0.00    0.34 ^ _445_/CLK (sky130_fd_sc_hd__dfxtp_1)
                          0.25    0.59   clock uncertainty
                         -0.03    0.56   clock reconvergence pessimism
                         -0.03    0.53   library hold time
                                  0.53   data required time
-----------------------------------------------------------------------------
                                  0.53   data required time
                                 -0.90   data arrival time
-----------------------------------------------------------------------------
                                  0.38   slack (MET)


Startpoint: _483_ (rising edge-triggered flip-flop clocked by clk)
Endpoint: _484_ (rising edge-triggered flip-flop clocked by clk)
Path Group: clk
Path Type: min

Fanout     Cap    Slew   Delay    Time   Description
-----------------------------------------------------------------------------
                          0.00    0.00   clock clk (rise edge)
                          0.00    0.00   clock source latency
                  0.04    0.03    0.03 ^ clk (in)
     1    0.01                           clk (net)
                  0.04    0.00    0.03 ^ clkbuf_0_clk/A (sky130_fd_sc_hd__clkbuf_16)
                  0.08    0.15    0.18 ^ clkbuf_0_clk/X (sky130_fd_sc_hd__clkbuf_16)
     8    0.06                           clknet_0_clk (net)
                  0.08    0.00    0.18 ^ clkbuf_3_6__f_clk/A (sky130_fd_sc_hd__clkbuf_16)
                  0.05    0.14    0.31 ^ clkbuf_3_6__f_clk/X (sky130_fd_sc_hd__clkbuf_16)
     8    0.03                           clknet_3_6__leaf_clk (net)
                  0.05    0.00    0.31 ^ _483_/CLK (sky130_fd_sc_hd__dfxtp_1)
                  0.09    0.33    0.64 v _483_/Q (sky130_fd_sc_hd__dfxtp_1)
     7    0.02                           i_spi_reg.state[0] (net)
                  0.09    0.00    0.64 v _221_/A (sky130_fd_sc_hd__nand2_1)
                  0.06    0.08    0.72 ^ _221_/Y (sky130_fd_sc_hd__nand2_1)
     2    0.00                           _067_ (net)
                  0.06    0.00    0.72 ^ _222_/B (sky130_fd_sc_hd__or2_1)
                  0.08    0.12    0.84 ^ _222_/X (sky130_fd_sc_hd__or2_1)
     2    0.01                           _068_ (net)
                  0.08    0.00    0.84 ^ _229_/A1 (sky130_fd_sc_hd__a21oi_1)
                  0.04    0.06    0.91 v _229_/Y (sky130_fd_sc_hd__a21oi_1)
     1    0.00                           _001_ (net)
                  0.04    0.00    0.91 v _484_/D (sky130_fd_sc_hd__dfxtp_1)
                                  0.91   data arrival time

                          0.00    0.00   clock clk (rise edge)
                          0.00    0.00   clock source latency
                  0.04    0.03    0.03 ^ clk (in)
     1    0.01                           clk (net)
                  0.04    0.00    0.03 ^ clkbuf_0_clk/A (sky130_fd_sc_hd__clkbuf_16)
                  0.08    0.17    0.20 ^ clkbuf_0_clk/X (sky130_fd_sc_hd__clkbuf_16)
     8    0.06                           clknet_0_clk (net)
                  0.08    0.00    0.20 ^ clkbuf_3_3__f_clk/A (sky130_fd_sc_hd__clkbuf_16)
                  0.05    0.16    0.35 ^ clkbuf_3_3__f_clk/X (sky130_fd_sc_hd__clkbuf_16)
    10    0.03                           clknet_3_3__leaf_clk (net)
                  0.05    0.00    0.35 ^ _484_/CLK (sky130_fd_sc_hd__dfxtp_1)
                          0.25    0.60   clock uncertainty
                         -0.02    0.58   clock reconvergence pessimism
                         -0.05    0.53   library hold time
                                  0.53   data required time
-----------------------------------------------------------------------------
                                  0.53   data required time
                                 -0.91   data arrival time
-----------------------------------------------------------------------------
                                  0.38   slack (MET)


Startpoint: _507_ (rising edge-triggered flip-flop clocked by clk)
Endpoint: _507_ (rising edge-triggered flip-flop clocked by clk)
Path Group: clk
Path Type: min

Fanout     Cap    Slew   Delay    Time   Description
-----------------------------------------------------------------------------
                          0.00    0.00   clock clk (rise edge)
                          0.00    0.00   clock source latency
                  0.04    0.03    0.03 ^ clk (in)
     1    0.01                           clk (net)
                  0.04    0.00    0.03 ^ clkbuf_0_clk/A (sky130_fd_sc_hd__clkbuf_16)
                  0.08    0.15    0.18 ^ clkbuf_0_clk/X (sky130_fd_sc_hd__clkbuf_16)
     8    0.06                           clknet_0_clk (net)
                  0.08    0.00    0.18 ^ clkbuf_3_1__f_clk/A (sky130_fd_sc_hd__clkbuf_16)
                  0.05    0.13    0.31 ^ clkbuf_3_1__f_clk/X (sky130_fd_sc_hd__clkbuf_16)
    12    0.02                           clknet_3_1__leaf_clk (net)
                  0.05    0.00    0.31 ^ _507_/CLK (sky130_fd_sc_hd__dfxtp_1)
                  0.12    0.34    0.65 ^ _507_/Q (sky130_fd_sc_hd__dfxtp_1)
     2    0.01                           net8 (net)
                  0.12    0.00    0.65 ^ _432_/A (sky130_fd_sc_hd__or2_1)
                  0.04    0.11    0.76 ^ _432_/X (sky130_fd_sc_hd__or2_1)
     1    0.00                           _216_ (net)
                  0.04    0.00    0.76 ^ _433_/B1 (sky130_fd_sc_hd__o311a_1)
                  0.05    0.14    0.91 ^ _433_/X (sky130_fd_sc_hd__o311a_1)
     1    0.00                           _062_ (net)
                  0.05    0.00    0.91 ^ _507_/D (sky130_fd_sc_hd__dfxtp_1)
                                  0.91   data arrival time

                          0.00    0.00   clock clk (rise edge)
                          0.00    0.00   clock source latency
                  0.04    0.03    0.03 ^ clk (in)
     1    0.01                           clk (net)
                  0.04    0.00    0.03 ^ clkbuf_0_clk/A (sky130_fd_sc_hd__clkbuf_16)
                  0.08    0.17    0.20 ^ clkbuf_0_clk/X (sky130_fd_sc_hd__clkbuf_16)
     8    0.06                           clknet_0_clk (net)
                  0.08    0.00    0.20 ^ clkbuf_3_1__f_clk/A (sky130_fd_sc_hd__clkbuf_16)
                  0.05    0.15    0.34 ^ clkbuf_3_1__f_clk/X (sky130_fd_sc_hd__clkbuf_16)
    12    0.02                           clknet_3_1__leaf_clk (net)
                  0.05    0.00    0.34 ^ _507_/CLK (sky130_fd_sc_hd__dfxtp_1)
                          0.25    0.59   clock uncertainty
                         -0.03    0.56   clock reconvergence pessimism
                         -0.03    0.53   library hold time
                                  0.53   data required time
-----------------------------------------------------------------------------
                                  0.53   data required time
                                 -0.91   data arrival time
-----------------------------------------------------------------------------
                                  0.38   slack (MET)


Startpoint: _470_ (rising edge-triggered flip-flop clocked by clk)
Endpoint: _471_ (rising edge-triggered flip-flop clocked by clk)
Path Group: clk
Path Type: min

Fanout     Cap    Slew   Delay    Time   Description
-----------------------------------------------------------------------------
                          0.00    0.00   clock clk (rise edge)
                          0.00    0.00   clock source latency
                  0.04    0.03    0.03 ^ clk (in)
     1    0.01                           clk (net)
                  0.04    0.00    0.03 ^ clkbuf_0_clk/A (sky130_fd_sc_hd__clkbuf_16)
                  0.08    0.15    0.18 ^ clkbuf_0_clk/X (sky130_fd_sc_hd__clkbuf_16)
     8    0.06                           clknet_0_clk (net)
                  0.08    0.00    0.18 ^ clkbuf_3_1__f_clk/A (sky130_fd_sc_hd__clkbuf_16)
                  0.05    0.13    0.31 ^ clkbuf_3_1__f_clk/X (sky130_fd_sc_hd__clkbuf_16)
    12    0.02                           clknet_3_1__leaf_clk (net)
                  0.05    0.00    0.31 ^ _470_/CLK (sky130_fd_sc_hd__dfxtp_1)
                  0.06    0.30    0.61 ^ _470_/Q (sky130_fd_sc_hd__dfxtp_1)
     2    0.00                           i_spi_reg.shift_reg[5] (net)
                  0.06    0.00    0.61 ^ _340_/B (sky130_fd_sc_hd__and2_1)
                  0.06    0.12    0.73 ^ _340_/X (sky130_fd_sc_hd__and2_1)
     1    0.00                           _151_ (net)
                  0.06    0.00    0.73 ^ _341_/A0 (sky130_fd_sc_hd__mux2_1)
                  0.04    0.11    0.84 ^ _341_/X (sky130_fd_sc_hd__mux2_1)
     1    0.00                           _152_ (net)
                  0.04    0.00    0.84 ^ _342_/A (sky130_fd_sc_hd__clkbuf_1)
                  0.03    0.07    0.91 ^ _342_/X (sky130_fd_sc_hd__clkbuf_1)
     1    0.00                           _035_ (net)
                  0.03    0.00    0.91 ^ _471_/D (sky130_fd_sc_hd__dfxtp_1)
                                  0.91   data arrival time

                          0.00    0.00   clock clk (rise edge)
                          0.00    0.00   clock source latency
                  0.04    0.03    0.03 ^ clk (in)
     1    0.01                           clk (net)
                  0.04    0.00    0.03 ^ clkbuf_0_clk/A (sky130_fd_sc_hd__clkbuf_16)
                  0.08    0.17    0.20 ^ clkbuf_0_clk/X (sky130_fd_sc_hd__clkbuf_16)
     8    0.06                           clknet_0_clk (net)
                  0.08    0.00    0.20 ^ clkbuf_3_1__f_clk/A (sky130_fd_sc_hd__clkbuf_16)
                  0.05    0.15    0.34 ^ clkbuf_3_1__f_clk/X (sky130_fd_sc_hd__clkbuf_16)
    12    0.02                           clknet_3_1__leaf_clk (net)
                  0.05    0.00    0.34 ^ _471_/CLK (sky130_fd_sc_hd__dfxtp_1)
                          0.25    0.59   clock uncertainty
                         -0.03    0.56   clock reconvergence pessimism
                         -0.03    0.53   library hold time
                                  0.53   data required time
-----------------------------------------------------------------------------
                                  0.53   data required time
                                 -0.91   data arrival time
-----------------------------------------------------------------------------
                                  0.38   slack (MET)


Startpoint: _448_ (rising edge-triggered flip-flop clocked by clk)
Endpoint: _449_ (rising edge-triggered flip-flop clocked by clk)
Path Group: clk
Path Type: min

Fanout     Cap    Slew   Delay    Time   Description
-----------------------------------------------------------------------------
                          0.00    0.00   clock clk (rise edge)
                          0.00    0.00   clock source latency
                  0.04    0.03    0.03 ^ clk (in)
     1    0.01                           clk (net)
                  0.04    0.00    0.03 ^ clkbuf_0_clk/A (sky130_fd_sc_hd__clkbuf_16)
                  0.08    0.15    0.18 ^ clkbuf_0_clk/X (sky130_fd_sc_hd__clkbuf_16)
     8    0.06                           clknet_0_clk (net)
                  0.08    0.00    0.18 ^ clkbuf_3_0__f_clk/A (sky130_fd_sc_hd__clkbuf_16)
                  0.05    0.14    0.32 ^ clkbuf_3_0__f_clk/X (sky130_fd_sc_hd__clkbuf_16)
    10    0.03                           clknet_3_0__leaf_clk (net)
                  0.05    0.00    0.32 ^ _448_/CLK (sky130_fd_sc_hd__dfxtp_1)
                  0.06    0.30    0.62 ^ _448_/Q (sky130_fd_sc_hd__dfxtp_1)
     2    0.01                           i_spi_reg.shift_reg[19] (net)
                  0.06    0.00    0.62 ^ _280_/B (sky130_fd_sc_hd__and2_1)
                  0.05    0.11    0.73 ^ _280_/X (sky130_fd_sc_hd__and2_1)
     1    0.00                           _111_ (net)
                  0.05    0.00    0.73 ^ _281_/A0 (sky130_fd_sc_hd__mux2_1)
                  0.04    0.11    0.85 ^ _281_/X (sky130_fd_sc_hd__mux2_1)
     1    0.00                           _112_ (net)
                  0.04    0.00    0.85 ^ _282_/A (sky130_fd_sc_hd__clkbuf_1)
                  0.04    0.07    0.92 ^ _282_/X (sky130_fd_sc_hd__clkbuf_1)
     1    0.00                           _015_ (net)
                  0.04    0.00    0.92 ^ _449_/D (sky130_fd_sc_hd__dfxtp_1)
                                  0.92   data arrival time

                          0.00    0.00   clock clk (rise edge)
                          0.00    0.00   clock source latency
                  0.04    0.03    0.03 ^ clk (in)
     1    0.01                           clk (net)
                  0.04    0.00    0.03 ^ clkbuf_0_clk/A (sky130_fd_sc_hd__clkbuf_16)
                  0.08    0.17    0.20 ^ clkbuf_0_clk/X (sky130_fd_sc_hd__clkbuf_16)
     8    0.06                           clknet_0_clk (net)
                  0.08    0.00    0.20 ^ clkbuf_3_0__f_clk/A (sky130_fd_sc_hd__clkbuf_16)
                  0.05    0.16    0.35 ^ clkbuf_3_0__f_clk/X (sky130_fd_sc_hd__clkbuf_16)
    10    0.03                           clknet_3_0__leaf_clk (net)
                  0.05    0.00    0.35 ^ _449_/CLK (sky130_fd_sc_hd__dfxtp_1)
                          0.25    0.60   clock uncertainty
                         -0.03    0.57   clock reconvergence pessimism
                         -0.03    0.54   library hold time
                                  0.54   data required time
-----------------------------------------------------------------------------
                                  0.54   data required time
                                 -0.92   data arrival time
-----------------------------------------------------------------------------
                                  0.38   slack (MET)


Startpoint: _481_ (rising edge-triggered flip-flop clocked by clk)
Endpoint: _496_ (rising edge-triggered flip-flop clocked by clk)
Path Group: clk
Path Type: min

Fanout     Cap    Slew   Delay    Time   Description
-----------------------------------------------------------------------------
                          0.00    0.00   clock clk (rise edge)
                          0.00    0.00   clock source latency
                  0.04    0.03    0.03 ^ clk (in)
     1    0.01                           clk (net)
                  0.04    0.00    0.03 ^ clkbuf_0_clk/A (sky130_fd_sc_hd__clkbuf_16)
                  0.08    0.15    0.18 ^ clkbuf_0_clk/X (sky130_fd_sc_hd__clkbuf_16)
     8    0.06                           clknet_0_clk (net)
                  0.08    0.00    0.18 ^ clkbuf_3_6__f_clk/A (sky130_fd_sc_hd__clkbuf_16)
                  0.05    0.14    0.31 ^ clkbuf_3_6__f_clk/X (sky130_fd_sc_hd__clkbuf_16)
     8    0.03                           clknet_3_6__leaf_clk (net)
                  0.05    0.00    0.31 ^ _481_/CLK (sky130_fd_sc_hd__dfxtp_1)
                  0.08    0.32    0.63 ^ _481_/Q (sky130_fd_sc_hd__dfxtp_1)
     4    0.01                           i_spi_reg.spi_mosi (net)
                  0.08    0.00    0.63 ^ _408_/A0 (sky130_fd_sc_hd__mux2_1)
                  0.04    0.12    0.75 ^ _408_/X (sky130_fd_sc_hd__mux2_1)
     1    0.00                           _203_ (net)
                  0.04    0.00    0.75 ^ _409_/B (sky130_fd_sc_hd__and2_1)
                  0.04    0.11    0.86 ^ _409_/X (sky130_fd_sc_hd__and2_1)
     1    0.00                           _204_ (net)
                  0.04    0.00    0.86 ^ _410_/A (sky130_fd_sc_hd__clkbuf_1)
                  0.04    0.07    0.93 ^ _410_/X (sky130_fd_sc_hd__clkbuf_1)
     1    0.00                           _051_ (net)
                  0.04    0.00    0.93 ^ _496_/D (sky130_fd_sc_hd__dfxtp_1)
                                  0.93   data arrival time

                          0.00    0.00   clock clk (rise edge)
                          0.00    0.00   clock source latency
                  0.04    0.03    0.03 ^ clk (in)
     1    0.01                           clk (net)
                  0.04    0.00    0.03 ^ clkbuf_0_clk/A (sky130_fd_sc_hd__clkbuf_16)
                  0.08    0.17    0.20 ^ clkbuf_0_clk/X (sky130_fd_sc_hd__clkbuf_16)
     8    0.06                           clknet_0_clk (net)
                  0.08    0.00    0.20 ^ clkbuf_3_7__f_clk/A (sky130_fd_sc_hd__clkbuf_16)
                  0.04    0.15    0.34 ^ clkbuf_3_7__f_clk/X (sky130_fd_sc_hd__clkbuf_16)
     7    0.02                           clknet_3_7__leaf_clk (net)
                  0.04    0.00    0.34 ^ _496_/CLK (sky130_fd_sc_hd__dfxtp_1)
                          0.25    0.59   clock uncertainty
                         -0.02    0.57   clock reconvergence pessimism
                         -0.03    0.54   library hold time
                                  0.54   data required time
-----------------------------------------------------------------------------
                                  0.54   data required time
                                 -0.93   data arrival time
-----------------------------------------------------------------------------
                                  0.38   slack (MET)


Startpoint: _496_ (rising edge-triggered flip-flop clocked by clk)
Endpoint: _497_ (rising edge-triggered flip-flop clocked by clk)
Path Group: clk
Path Type: min

Fanout     Cap    Slew   Delay    Time   Description
-----------------------------------------------------------------------------
                          0.00    0.00   clock clk (rise edge)
                          0.00    0.00   clock source latency
                  0.04    0.03    0.03 ^ clk (in)
     1    0.01                           clk (net)
                  0.04    0.00    0.03 ^ clkbuf_0_clk/A (sky130_fd_sc_hd__clkbuf_16)
                  0.08    0.15    0.18 ^ clkbuf_0_clk/X (sky130_fd_sc_hd__clkbuf_16)
     8    0.06                           clknet_0_clk (net)
                  0.08    0.00    0.18 ^ clkbuf_3_7__f_clk/A (sky130_fd_sc_hd__clkbuf_16)
                  0.04    0.13    0.31 ^ clkbuf_3_7__f_clk/X (sky130_fd_sc_hd__clkbuf_16)
     7    0.02                           clknet_3_7__leaf_clk (net)
                  0.04    0.00    0.31 ^ _496_/CLK (sky130_fd_sc_hd__dfxtp_1)
                  0.12    0.34    0.65 ^ _496_/Q (sky130_fd_sc_hd__dfxtp_1)
     7    0.01                           i_spi_reg.reg_rw (net)
                  0.12    0.00    0.65 ^ _372_/A (sky130_fd_sc_hd__and2_1)
                  0.09    0.17    0.82 ^ _372_/X (sky130_fd_sc_hd__and2_1)
     2    0.01                           _177_ (net)
                  0.09    0.00    0.82 ^ _411_/A2 (sky130_fd_sc_hd__o21a_1)
                  0.04    0.10    0.92 ^ _411_/X (sky130_fd_sc_hd__o21a_1)
     1    0.00                           _052_ (net)
                  0.04    0.00    0.92 ^ _497_/D (sky130_fd_sc_hd__dfxtp_1)
                                  0.92   data arrival time

                          0.00    0.00   clock clk (rise edge)
                          0.00    0.00   clock source latency
                  0.04    0.03    0.03 ^ clk (in)
     1    0.01                           clk (net)
                  0.04    0.00    0.03 ^ clkbuf_0_clk/A (sky130_fd_sc_hd__clkbuf_16)
                  0.08    0.17    0.20 ^ clkbuf_0_clk/X (sky130_fd_sc_hd__clkbuf_16)
     8    0.06                           clknet_0_clk (net)
                  0.08    0.00    0.20 ^ clkbuf_3_4__f_clk/A (sky130_fd_sc_hd__clkbuf_16)
                  0.04    0.14    0.34 ^ clkbuf_3_4__f_clk/X (sky130_fd_sc_hd__clkbuf_16)
     8    0.02                           clknet_3_4__leaf_clk (net)
                  0.04    0.00    0.34 ^ _497_/CLK (sky130_fd_sc_hd__dfxtp_1)
                          0.25    0.59   clock uncertainty
                         -0.02    0.57   clock reconvergence pessimism
                         -0.03    0.54   library hold time
                                  0.54   data required time
-----------------------------------------------------------------------------
                                  0.54   data required time
                                 -0.92   data arrival time
-----------------------------------------------------------------------------
                                  0.38   slack (MET)


Startpoint: _442_ (rising edge-triggered flip-flop clocked by clk)
Endpoint: _443_ (rising edge-triggered flip-flop clocked by clk)
Path Group: clk
Path Type: min

Fanout     Cap    Slew   Delay    Time   Description
-----------------------------------------------------------------------------
                          0.00    0.00   clock clk (rise edge)
                          0.00    0.00   clock source latency
                  0.04    0.03    0.03 ^ clk (in)
     1    0.01                           clk (net)
                  0.04    0.00    0.03 ^ clkbuf_0_clk/A (sky130_fd_sc_hd__clkbuf_16)
                  0.08    0.15    0.18 ^ clkbuf_0_clk/X (sky130_fd_sc_hd__clkbuf_16)
     8    0.06                           clknet_0_clk (net)
                  0.08    0.00    0.18 ^ clkbuf_3_2__f_clk/A (sky130_fd_sc_hd__clkbuf_16)
                  0.04    0.13    0.31 ^ clkbuf_3_2__f_clk/X (sky130_fd_sc_hd__clkbuf_16)
     9    0.02                           clknet_3_2__leaf_clk (net)
                  0.04    0.00    0.31 ^ _442_/CLK (sky130_fd_sc_hd__dfxtp_1)
                  0.06    0.30    0.60 ^ _442_/Q (sky130_fd_sc_hd__dfxtp_1)
     2    0.01                           i_spi_reg.shift_reg[13] (net)
                  0.06    0.00    0.60 ^ _260_/B (sky130_fd_sc_hd__and2_1)
                  0.05    0.11    0.72 ^ _260_/X (sky130_fd_sc_hd__and2_1)
     1    0.00                           _097_ (net)
                  0.05    0.00    0.72 ^ _261_/A0 (sky130_fd_sc_hd__mux2_1)
                  0.05    0.12    0.83 ^ _261_/X (sky130_fd_sc_hd__mux2_1)
     1    0.00                           _098_ (net)
                  0.05    0.00    0.83 ^ _262_/A (sky130_fd_sc_hd__clkbuf_1)
                  0.04    0.08    0.91 ^ _262_/X (sky130_fd_sc_hd__clkbuf_1)
     1    0.00                           _009_ (net)
                  0.04    0.00    0.91 ^ _443_/D (sky130_fd_sc_hd__dfxtp_1)
                                  0.91   data arrival time

                          0.00    0.00   clock clk (rise edge)
                          0.00    0.00   clock source latency
                  0.04    0.03    0.03 ^ clk (in)
     1    0.01                           clk (net)
                  0.04    0.00    0.03 ^ clkbuf_0_clk/A (sky130_fd_sc_hd__clkbuf_16)
                  0.08    0.17    0.20 ^ clkbuf_0_clk/X (sky130_fd_sc_hd__clkbuf_16)
     8    0.06                           clknet_0_clk (net)
                  0.08    0.00    0.20 ^ clkbuf_3_2__f_clk/A (sky130_fd_sc_hd__clkbuf_16)
                  0.04    0.14    0.34 ^ clkbuf_3_2__f_clk/X (sky130_fd_sc_hd__clkbuf_16)
     9    0.02                           clknet_3_2__leaf_clk (net)
                  0.04    0.00    0.34 ^ _443_/CLK (sky130_fd_sc_hd__dfxtp_1)
                          0.25    0.59   clock uncertainty
                         -0.03    0.56   clock reconvergence pessimism
                         -0.03    0.52   library hold time
                                  0.52   data required time
-----------------------------------------------------------------------------
                                  0.52   data required time
                                 -0.91   data arrival time
-----------------------------------------------------------------------------
                                  0.39   slack (MET)


Startpoint: _475_ (rising edge-triggered flip-flop clocked by clk)
Endpoint: _476_ (rising edge-triggered flip-flop clocked by clk)
Path Group: clk
Path Type: min

Fanout     Cap    Slew   Delay    Time   Description
-----------------------------------------------------------------------------
                          0.00    0.00   clock clk (rise edge)
                          0.00    0.00   clock source latency
                  0.04    0.03    0.03 ^ clk (in)
     1    0.01                           clk (net)
                  0.04    0.00    0.03 ^ clkbuf_0_clk/A (sky130_fd_sc_hd__clkbuf_16)
                  0.08    0.15    0.18 ^ clkbuf_0_clk/X (sky130_fd_sc_hd__clkbuf_16)
     8    0.06                           clknet_0_clk (net)
                  0.08    0.00    0.18 ^ clkbuf_3_4__f_clk/A (sky130_fd_sc_hd__clkbuf_16)
                  0.04    0.13    0.30 ^ clkbuf_3_4__f_clk/X (sky130_fd_sc_hd__clkbuf_16)
     8    0.02                           clknet_3_4__leaf_clk (net)
                  0.04    0.00    0.30 ^ _475_/CLK (sky130_fd_sc_hd__dfxtp_1)
                  0.09    0.32    0.63 ^ _475_/Q (sky130_fd_sc_hd__dfxtp_1)
     3    0.01                           i_spi_reg.shift_reg[2] (net)
                  0.09    0.00    0.63 ^ _368_/B1 (sky130_fd_sc_hd__a32o_1)
                  0.05    0.12    0.75 ^ _368_/X (sky130_fd_sc_hd__a32o_1)
     1    0.00                           _174_ (net)
                  0.05    0.00    0.75 ^ _369_/A0 (sky130_fd_sc_hd__mux2_1)
                  0.04    0.11    0.86 ^ _369_/X (sky130_fd_sc_hd__mux2_1)
     1    0.00                           _175_ (net)
                  0.04    0.00    0.86 ^ _370_/A (sky130_fd_sc_hd__clkbuf_1)
                  0.05    0.08    0.93 ^ _370_/X (sky130_fd_sc_hd__clkbuf_1)
     1    0.00                           _040_ (net)
                  0.05    0.00    0.93 ^ _476_/D (sky130_fd_sc_hd__dfxtp_1)
                                  0.93   data arrival time

                          0.00    0.00   clock clk (rise edge)
                          0.00    0.00   clock source latency
                  0.04    0.03    0.03 ^ clk (in)
     1    0.01                           clk (net)
                  0.04    0.00    0.03 ^ clkbuf_0_clk/A (sky130_fd_sc_hd__clkbuf_16)
                  0.08    0.17    0.20 ^ clkbuf_0_clk/X (sky130_fd_sc_hd__clkbuf_16)
     8    0.06                           clknet_0_clk (net)
                  0.08    0.00    0.20 ^ clkbuf_3_1__f_clk/A (sky130_fd_sc_hd__clkbuf_16)
                  0.05    0.15    0.34 ^ clkbuf_3_1__f_clk/X (sky130_fd_sc_hd__clkbuf_16)
    12    0.02                           clknet_3_1__leaf_clk (net)
                  0.05    0.00    0.34 ^ _476_/CLK (sky130_fd_sc_hd__dfxtp_1)
                          0.25    0.59   clock uncertainty
                         -0.02    0.58   clock reconvergence pessimism
                         -0.03    0.54   library hold time
                                  0.54   data required time
-----------------------------------------------------------------------------
                                  0.54   data required time
                                 -0.93   data arrival time
-----------------------------------------------------------------------------
                                  0.39   slack (MET)


Startpoint: _455_ (rising edge-triggered flip-flop clocked by clk)
Endpoint: _456_ (rising edge-triggered flip-flop clocked by clk)
Path Group: clk
Path Type: min

Fanout     Cap    Slew   Delay    Time   Description
-----------------------------------------------------------------------------
                          0.00    0.00   clock clk (rise edge)
                          0.00    0.00   clock source latency
                  0.04    0.03    0.03 ^ clk (in)
     1    0.01                           clk (net)
                  0.04    0.00    0.03 ^ clkbuf_0_clk/A (sky130_fd_sc_hd__clkbuf_16)
                  0.08    0.15    0.18 ^ clkbuf_0_clk/X (sky130_fd_sc_hd__clkbuf_16)
     8    0.06                           clknet_0_clk (net)
                  0.08    0.00    0.18 ^ clkbuf_3_1__f_clk/A (sky130_fd_sc_hd__clkbuf_16)
                  0.05    0.13    0.31 ^ clkbuf_3_1__f_clk/X (sky130_fd_sc_hd__clkbuf_16)
    12    0.02                           clknet_3_1__leaf_clk (net)
                  0.05    0.00    0.31 ^ _455_/CLK (sky130_fd_sc_hd__dfxtp_1)
                  0.06    0.30    0.61 ^ _455_/Q (sky130_fd_sc_hd__dfxtp_1)
     2    0.01                           i_spi_reg.shift_reg[26] (net)
                  0.06    0.00    0.61 ^ _302_/B (sky130_fd_sc_hd__and2_1)
                  0.05    0.12    0.73 ^ _302_/X (sky130_fd_sc_hd__and2_1)
     1    0.00                           _126_ (net)
                  0.05    0.00    0.73 ^ _303_/A0 (sky130_fd_sc_hd__mux2_1)
                  0.05    0.11    0.84 ^ _303_/X (sky130_fd_sc_hd__mux2_1)
     1    0.00                           _127_ (net)
                  0.05    0.00    0.84 ^ _304_/A (sky130_fd_sc_hd__clkbuf_1)
                  0.05    0.08    0.92 ^ _304_/X (sky130_fd_sc_hd__clkbuf_1)
     1    0.00                           _022_ (net)
                  0.05    0.00    0.92 ^ _456_/D (sky130_fd_sc_hd__dfxtp_1)
                                  0.92   data arrival time

                          0.00    0.00   clock clk (rise edge)
                          0.00    0.00   clock source latency
                  0.04    0.03    0.03 ^ clk (in)
     1    0.01                           clk (net)
                  0.04    0.00    0.03 ^ clkbuf_0_clk/A (sky130_fd_sc_hd__clkbuf_16)
                  0.08    0.17    0.20 ^ clkbuf_0_clk/X (sky130_fd_sc_hd__clkbuf_16)
     8    0.06                           clknet_0_clk (net)
                  0.08    0.00    0.20 ^ clkbuf_3_1__f_clk/A (sky130_fd_sc_hd__clkbuf_16)
                  0.05    0.15    0.34 ^ clkbuf_3_1__f_clk/X (sky130_fd_sc_hd__clkbuf_16)
    12    0.02                           clknet_3_1__leaf_clk (net)
                  0.05    0.00    0.34 ^ _456_/CLK (sky130_fd_sc_hd__dfxtp_1)
                          0.25    0.59   clock uncertainty
                         -0.03    0.56   clock reconvergence pessimism
                         -0.03    0.53   library hold time
                                  0.53   data required time
-----------------------------------------------------------------------------
                                  0.53   data required time
                                 -0.92   data arrival time
-----------------------------------------------------------------------------
                                  0.39   slack (MET)


Startpoint: _472_ (rising edge-triggered flip-flop clocked by clk)
Endpoint: _437_ (rising edge-triggered flip-flop clocked by clk)
Path Group: clk
Path Type: min

Fanout     Cap    Slew   Delay    Time   Description
-----------------------------------------------------------------------------
                          0.00    0.00   clock clk (rise edge)
                          0.00    0.00   clock source latency
                  0.04    0.03    0.03 ^ clk (in)
     1    0.01                           clk (net)
                  0.04    0.00    0.03 ^ clkbuf_0_clk/A (sky130_fd_sc_hd__clkbuf_16)
                  0.08    0.15    0.18 ^ clkbuf_0_clk/X (sky130_fd_sc_hd__clkbuf_16)
     8    0.06                           clknet_0_clk (net)
                  0.08    0.00    0.18 ^ clkbuf_3_0__f_clk/A (sky130_fd_sc_hd__clkbuf_16)
                  0.05    0.14    0.32 ^ clkbuf_3_0__f_clk/X (sky130_fd_sc_hd__clkbuf_16)
    10    0.03                           clknet_3_0__leaf_clk (net)
                  0.05    0.00    0.32 ^ _472_/CLK (sky130_fd_sc_hd__dfxtp_1)
                  0.07    0.31    0.63 ^ _472_/Q (sky130_fd_sc_hd__dfxtp_1)
     2    0.01                           i_spi_reg.shift_reg[7] (net)
                  0.07    0.00    0.63 ^ _236_/B (sky130_fd_sc_hd__and2_1)
                  0.05    0.12    0.74 ^ _236_/X (sky130_fd_sc_hd__and2_1)
     1    0.00                           _079_ (net)
                  0.05    0.00    0.74 ^ _243_/A0 (sky130_fd_sc_hd__mux2_1)
                  0.05    0.12    0.86 ^ _243_/X (sky130_fd_sc_hd__mux2_1)
     1    0.00                           _086_ (net)
                  0.05    0.00    0.86 ^ _244_/A (sky130_fd_sc_hd__clkbuf_1)
                  0.04    0.07    0.93 ^ _244_/X (sky130_fd_sc_hd__clkbuf_1)
     1    0.00                           _003_ (net)
                  0.04    0.00    0.93 ^ _437_/D (sky130_fd_sc_hd__dfxtp_1)
                                  0.93   data arrival time

                          0.00    0.00   clock clk (rise edge)
                          0.00    0.00   clock source latency
                  0.04    0.03    0.03 ^ clk (in)
     1    0.01                           clk (net)
                  0.04    0.00    0.03 ^ clkbuf_0_clk/A (sky130_fd_sc_hd__clkbuf_16)
                  0.08    0.17    0.20 ^ clkbuf_0_clk/X (sky130_fd_sc_hd__clkbuf_16)
     8    0.06                           clknet_0_clk (net)
                  0.08    0.00    0.20 ^ clkbuf_3_2__f_clk/A (sky130_fd_sc_hd__clkbuf_16)
                  0.04    0.14    0.34 ^ clkbuf_3_2__f_clk/X (sky130_fd_sc_hd__clkbuf_16)
     9    0.02                           clknet_3_2__leaf_clk (net)
                  0.04    0.00    0.34 ^ _437_/CLK (sky130_fd_sc_hd__dfxtp_1)
                          0.25    0.59   clock uncertainty
                         -0.02    0.57   clock reconvergence pessimism
                         -0.03    0.54   library hold time
                                  0.54   data required time
-----------------------------------------------------------------------------
                                  0.54   data required time
                                 -0.93   data arrival time
-----------------------------------------------------------------------------
                                  0.39   slack (MET)


Startpoint: _459_ (rising edge-triggered flip-flop clocked by clk)
Endpoint: _460_ (rising edge-triggered flip-flop clocked by clk)
Path Group: clk
Path Type: min

Fanout     Cap    Slew   Delay    Time   Description
-----------------------------------------------------------------------------
                          0.00    0.00   clock clk (rise edge)
                          0.00    0.00   clock source latency
                  0.04    0.03    0.03 ^ clk (in)
     1    0.01                           clk (net)
                  0.04    0.00    0.03 ^ clkbuf_0_clk/A (sky130_fd_sc_hd__clkbuf_16)
                  0.08    0.15    0.18 ^ clkbuf_0_clk/X (sky130_fd_sc_hd__clkbuf_16)
     8    0.06                           clknet_0_clk (net)
                  0.08    0.00    0.18 ^ clkbuf_3_1__f_clk/A (sky130_fd_sc_hd__clkbuf_16)
                  0.05    0.13    0.31 ^ clkbuf_3_1__f_clk/X (sky130_fd_sc_hd__clkbuf_16)
    12    0.02                           clknet_3_1__leaf_clk (net)
                  0.05    0.00    0.31 ^ _459_/CLK (sky130_fd_sc_hd__dfxtp_1)
                  0.06    0.30    0.61 ^ _459_/Q (sky130_fd_sc_hd__dfxtp_1)
     2    0.00                           i_spi_reg.shift_reg[30] (net)
                  0.06    0.00    0.61 ^ _315_/B (sky130_fd_sc_hd__and2_1)
                  0.06    0.12    0.73 ^ _315_/X (sky130_fd_sc_hd__and2_1)
     1    0.00                           _135_ (net)
                  0.06    0.00    0.73 ^ _316_/A0 (sky130_fd_sc_hd__mux2_1)
                  0.05    0.12    0.85 ^ _316_/X (sky130_fd_sc_hd__mux2_1)
     1    0.00                           _136_ (net)
                  0.05    0.00    0.85 ^ _317_/A (sky130_fd_sc_hd__clkbuf_1)
                  0.04    0.08    0.93 ^ _317_/X (sky130_fd_sc_hd__clkbuf_1)
     1    0.00                           _026_ (net)
                  0.04    0.00    0.93 ^ _460_/D (sky130_fd_sc_hd__dfxtp_1)
                                  0.93   data arrival time

                          0.00    0.00   clock clk (rise edge)
                          0.00    0.00   clock source latency
                  0.04    0.03    0.03 ^ clk (in)
     1    0.01                           clk (net)
                  0.04    0.00    0.03 ^ clkbuf_0_clk/A (sky130_fd_sc_hd__clkbuf_16)
                  0.08    0.17    0.20 ^ clkbuf_0_clk/X (sky130_fd_sc_hd__clkbuf_16)
     8    0.06                           clknet_0_clk (net)
                  0.08    0.00    0.20 ^ clkbuf_3_1__f_clk/A (sky130_fd_sc_hd__clkbuf_16)
                  0.05    0.15    0.34 ^ clkbuf_3_1__f_clk/X (sky130_fd_sc_hd__clkbuf_16)
    12    0.02                           clknet_3_1__leaf_clk (net)
                  0.05    0.00    0.34 ^ _460_/CLK (sky130_fd_sc_hd__dfxtp_1)
                          0.25    0.59   clock uncertainty
                         -0.03    0.56   clock reconvergence pessimism
                         -0.03    0.53   library hold time
                                  0.53   data required time
-----------------------------------------------------------------------------
                                  0.53   data required time
                                 -0.93   data arrival time
-----------------------------------------------------------------------------
                                  0.40   slack (MET)


Startpoint: _474_ (rising edge-triggered flip-flop clocked by clk)
Endpoint: _475_ (rising edge-triggered flip-flop clocked by clk)
Path Group: clk
Path Type: min

Fanout     Cap    Slew   Delay    Time   Description
-----------------------------------------------------------------------------
                          0.00    0.00   clock clk (rise edge)
                          0.00    0.00   clock source latency
                  0.04    0.03    0.03 ^ clk (in)
     1    0.01                           clk (net)
                  0.04    0.00    0.03 ^ clkbuf_0_clk/A (sky130_fd_sc_hd__clkbuf_16)
                  0.08    0.15    0.18 ^ clkbuf_0_clk/X (sky130_fd_sc_hd__clkbuf_16)
     8    0.06                           clknet_0_clk (net)
                  0.08    0.00    0.18 ^ clkbuf_3_4__f_clk/A (sky130_fd_sc_hd__clkbuf_16)
                  0.04    0.13    0.30 ^ clkbuf_3_4__f_clk/X (sky130_fd_sc_hd__clkbuf_16)
     8    0.02                           clknet_3_4__leaf_clk (net)
                  0.04    0.00    0.30 ^ _474_/CLK (sky130_fd_sc_hd__dfxtp_1)
                  0.07    0.31    0.61 ^ _474_/Q (sky130_fd_sc_hd__dfxtp_1)
     2    0.01                           i_spi_reg.shift_reg[1] (net)
                  0.07    0.00    0.61 ^ _365_/A2 (sky130_fd_sc_hd__a22o_1)
                  0.04    0.12    0.74 ^ _365_/X (sky130_fd_sc_hd__a22o_1)
     1    0.00                           _172_ (net)
                  0.04    0.00    0.74 ^ _366_/A0 (sky130_fd_sc_hd__mux2_1)
                  0.05    0.11    0.85 ^ _366_/X (sky130_fd_sc_hd__mux2_1)
     1    0.00                           _173_ (net)
                  0.05    0.00    0.85 ^ _367_/A (sky130_fd_sc_hd__clkbuf_1)
                  0.04    0.07    0.92 ^ _367_/X (sky130_fd_sc_hd__clkbuf_1)
     1    0.00                           _039_ (net)
                  0.04    0.00    0.92 ^ _475_/D (sky130_fd_sc_hd__dfxtp_1)
                                  0.92   data arrival time

                          0.00    0.00   clock clk (rise edge)
                          0.00    0.00   clock source latency
                  0.04    0.03    0.03 ^ clk (in)
     1    0.01                           clk (net)
                  0.04    0.00    0.03 ^ clkbuf_0_clk/A (sky130_fd_sc_hd__clkbuf_16)
                  0.08    0.17    0.20 ^ clkbuf_0_clk/X (sky130_fd_sc_hd__clkbuf_16)
     8    0.06                           clknet_0_clk (net)
                  0.08    0.00    0.20 ^ clkbuf_3_4__f_clk/A (sky130_fd_sc_hd__clkbuf_16)
                  0.04    0.14    0.34 ^ clkbuf_3_4__f_clk/X (sky130_fd_sc_hd__clkbuf_16)
     8    0.02                           clknet_3_4__leaf_clk (net)
                  0.04    0.00    0.34 ^ _475_/CLK (sky130_fd_sc_hd__dfxtp_1)
                          0.25    0.59   clock uncertainty
                         -0.03    0.55   clock reconvergence pessimism
                         -0.03    0.52   library hold time
                                  0.52   data required time
-----------------------------------------------------------------------------
                                  0.52   data required time
                                 -0.92   data arrival time
-----------------------------------------------------------------------------
                                  0.40   slack (MET)


Startpoint: _473_ (rising edge-triggered flip-flop clocked by clk)
Endpoint: _474_ (rising edge-triggered flip-flop clocked by clk)
Path Group: clk
Path Type: min

Fanout     Cap    Slew   Delay    Time   Description
-----------------------------------------------------------------------------
                          0.00    0.00   clock clk (rise edge)
                          0.00    0.00   clock source latency
                  0.04    0.03    0.03 ^ clk (in)
     1    0.01                           clk (net)
                  0.04    0.00    0.03 ^ clkbuf_0_clk/A (sky130_fd_sc_hd__clkbuf_16)
                  0.08    0.15    0.18 ^ clkbuf_0_clk/X (sky130_fd_sc_hd__clkbuf_16)
     8    0.06                           clknet_0_clk (net)
                  0.08    0.00    0.18 ^ clkbuf_3_1__f_clk/A (sky130_fd_sc_hd__clkbuf_16)
                  0.05    0.13    0.31 ^ clkbuf_3_1__f_clk/X (sky130_fd_sc_hd__clkbuf_16)
    12    0.02                           clknet_3_1__leaf_clk (net)
                  0.05    0.00    0.31 ^ _473_/CLK (sky130_fd_sc_hd__dfxtp_1)
                  0.07    0.31    0.62 ^ _473_/Q (sky130_fd_sc_hd__dfxtp_1)
     2    0.01                           i_spi_reg.shift_reg[0] (net)
                  0.07    0.00    0.62 ^ _361_/A2 (sky130_fd_sc_hd__a22o_1)
                  0.05    0.13    0.75 ^ _361_/X (sky130_fd_sc_hd__a22o_1)
     1    0.00                           _169_ (net)
                  0.05    0.00    0.75 ^ _362_/A0 (sky130_fd_sc_hd__mux2_1)
                  0.04    0.11    0.86 ^ _362_/X (sky130_fd_sc_hd__mux2_1)
     1    0.00                           _170_ (net)
                  0.04    0.00    0.86 ^ _363_/A (sky130_fd_sc_hd__clkbuf_1)
                  0.05    0.08    0.94 ^ _363_/X (sky130_fd_sc_hd__clkbuf_1)
     1    0.00                           _038_ (net)
                  0.05    0.00    0.94 ^ _474_/D (sky130_fd_sc_hd__dfxtp_1)
                                  0.94   data arrival time

                          0.00    0.00   clock clk (rise edge)
                          0.00    0.00   clock source latency
                  0.04    0.03    0.03 ^ clk (in)
     1    0.01                           clk (net)
                  0.04    0.00    0.03 ^ clkbuf_0_clk/A (sky130_fd_sc_hd__clkbuf_16)
                  0.08    0.17    0.20 ^ clkbuf_0_clk/X (sky130_fd_sc_hd__clkbuf_16)
     8    0.06                           clknet_0_clk (net)
                  0.08    0.00    0.20 ^ clkbuf_3_4__f_clk/A (sky130_fd_sc_hd__clkbuf_16)
                  0.04    0.14    0.34 ^ clkbuf_3_4__f_clk/X (sky130_fd_sc_hd__clkbuf_16)
     8    0.02                           clknet_3_4__leaf_clk (net)
                  0.04    0.00    0.34 ^ _474_/CLK (sky130_fd_sc_hd__dfxtp_1)
                          0.25    0.59   clock uncertainty
                         -0.02    0.57   clock reconvergence pessimism
                         -0.03    0.53   library hold time
                                  0.53   data required time
-----------------------------------------------------------------------------
                                  0.53   data required time
                                 -0.94   data arrival time
-----------------------------------------------------------------------------
                                  0.41   slack (MET)


Startpoint: _481_ (rising edge-triggered flip-flop clocked by clk)
Endpoint: _473_ (rising edge-triggered flip-flop clocked by clk)
Path Group: clk
Path Type: min

Fanout     Cap    Slew   Delay    Time   Description
-----------------------------------------------------------------------------
                          0.00    0.00   clock clk (rise edge)
                          0.00    0.00   clock source latency
                  0.04    0.03    0.03 ^ clk (in)
     1    0.01                           clk (net)
                  0.04    0.00    0.03 ^ clkbuf_0_clk/A (sky130_fd_sc_hd__clkbuf_16)
                  0.08    0.15    0.18 ^ clkbuf_0_clk/X (sky130_fd_sc_hd__clkbuf_16)
     8    0.06                           clknet_0_clk (net)
                  0.08    0.00    0.18 ^ clkbuf_3_6__f_clk/A (sky130_fd_sc_hd__clkbuf_16)
                  0.05    0.14    0.31 ^ clkbuf_3_6__f_clk/X (sky130_fd_sc_hd__clkbuf_16)
     8    0.03                           clknet_3_6__leaf_clk (net)
                  0.05    0.00    0.31 ^ _481_/CLK (sky130_fd_sc_hd__dfxtp_1)
                  0.08    0.32    0.63 ^ _481_/Q (sky130_fd_sc_hd__dfxtp_1)
     4    0.01                           i_spi_reg.spi_mosi (net)
                  0.08    0.00    0.63 ^ _353_/A1 (sky130_fd_sc_hd__a32o_1)
                  0.04    0.14    0.77 ^ _353_/X (sky130_fd_sc_hd__a32o_1)
     1    0.00                           _162_ (net)
                  0.04    0.00    0.77 ^ _354_/A0 (sky130_fd_sc_hd__mux2_1)
                  0.05    0.11    0.88 ^ _354_/X (sky130_fd_sc_hd__mux2_1)
     1    0.00                           _163_ (net)
                  0.05    0.00    0.88 ^ _355_/A (sky130_fd_sc_hd__clkbuf_1)
                  0.04    0.07    0.95 ^ _355_/X (sky130_fd_sc_hd__clkbuf_1)
     1    0.00                           _037_ (net)
                  0.04    0.00    0.95 ^ _473_/D (sky130_fd_sc_hd__dfxtp_1)
                                  0.95   data arrival time

                          0.00    0.00   clock clk (rise edge)
                          0.00    0.00   clock source latency
                  0.04    0.03    0.03 ^ clk (in)
     1    0.01                           clk (net)
                  0.04    0.00    0.03 ^ clkbuf_0_clk/A (sky130_fd_sc_hd__clkbuf_16)
                  0.08    0.17    0.20 ^ clkbuf_0_clk/X (sky130_fd_sc_hd__clkbuf_16)
     8    0.06                           clknet_0_clk (net)
                  0.08    0.00    0.20 ^ clkbuf_3_1__f_clk/A (sky130_fd_sc_hd__clkbuf_16)
                  0.05    0.15    0.34 ^ clkbuf_3_1__f_clk/X (sky130_fd_sc_hd__clkbuf_16)
    12    0.02                           clknet_3_1__leaf_clk (net)
                  0.05    0.00    0.34 ^ _473_/CLK (sky130_fd_sc_hd__dfxtp_1)
                          0.25    0.59   clock uncertainty
                         -0.02    0.58   clock reconvergence pessimism
                         -0.03    0.55   library hold time
                                  0.55   data required time
-----------------------------------------------------------------------------
                                  0.55   data required time
                                 -0.95   data arrival time
-----------------------------------------------------------------------------
                                  0.41   slack (MET)


Startpoint: _494_ (rising edge-triggered flip-flop clocked by clk)
Endpoint: _494_ (rising edge-triggered flip-flop clocked by clk)
Path Group: clk
Path Type: min

Fanout     Cap    Slew   Delay    Time   Description
-----------------------------------------------------------------------------
                          0.00    0.00   clock clk (rise edge)
                          0.00    0.00   clock source latency
                  0.04    0.03    0.03 ^ clk (in)
     1    0.01                           clk (net)
                  0.04    0.00    0.03 ^ clkbuf_0_clk/A (sky130_fd_sc_hd__clkbuf_16)
                  0.08    0.15    0.18 ^ clkbuf_0_clk/X (sky130_fd_sc_hd__clkbuf_16)
     8    0.06                           clknet_0_clk (net)
                  0.08    0.00    0.18 ^ clkbuf_3_3__f_clk/A (sky130_fd_sc_hd__clkbuf_16)
                  0.05    0.14    0.32 ^ clkbuf_3_3__f_clk/X (sky130_fd_sc_hd__clkbuf_16)
    10    0.03                           clknet_3_3__leaf_clk (net)
                  0.05    0.00    0.32 ^ _494_/CLK (sky130_fd_sc_hd__dfxtp_1)
                  0.06    0.31    0.62 v _494_/Q (sky130_fd_sc_hd__dfxtp_1)
     4    0.01                           i_spi_reg.bit_cnt[4] (net)
                  0.06    0.00    0.62 v _399_/A (sky130_fd_sc_hd__nand3_1)
                  0.10    0.10    0.73 ^ _399_/Y (sky130_fd_sc_hd__nand3_1)
     2    0.01                           _196_ (net)
                  0.10    0.00    0.73 ^ _401_/B (sky130_fd_sc_hd__and3_1)
                  0.05    0.15    0.88 ^ _401_/X (sky130_fd_sc_hd__and3_1)
     1    0.00                           _198_ (net)
                  0.05    0.00    0.88 ^ _402_/A (sky130_fd_sc_hd__clkbuf_1)
                  0.04    0.08    0.95 ^ _402_/X (sky130_fd_sc_hd__clkbuf_1)
     1    0.00                           _049_ (net)
                  0.04    0.00    0.95 ^ _494_/D (sky130_fd_sc_hd__dfxtp_1)
                                  0.95   data arrival time

                          0.00    0.00   clock clk (rise edge)
                          0.00    0.00   clock source latency
                  0.04    0.03    0.03 ^ clk (in)
     1    0.01                           clk (net)
                  0.04    0.00    0.03 ^ clkbuf_0_clk/A (sky130_fd_sc_hd__clkbuf_16)
                  0.08    0.17    0.20 ^ clkbuf_0_clk/X (sky130_fd_sc_hd__clkbuf_16)
     8    0.06                           clknet_0_clk (net)
                  0.08    0.00    0.20 ^ clkbuf_3_3__f_clk/A (sky130_fd_sc_hd__clkbuf_16)
                  0.05    0.16    0.35 ^ clkbuf_3_3__f_clk/X (sky130_fd_sc_hd__clkbuf_16)
    10    0.03                           clknet_3_3__leaf_clk (net)
                  0.05    0.00    0.35 ^ _494_/CLK (sky130_fd_sc_hd__dfxtp_1)
                          0.25    0.60   clock uncertainty
                         -0.03    0.57   clock reconvergence pessimism
                         -0.03    0.54   library hold time
                                  0.54   data required time
-----------------------------------------------------------------------------
                                  0.54   data required time
                                 -0.95   data arrival time
-----------------------------------------------------------------------------
                                  0.42   slack (MET)


Startpoint: _495_ (rising edge-triggered flip-flop clocked by clk)
Endpoint: _495_ (rising edge-triggered flip-flop clocked by clk)
Path Group: clk
Path Type: min

Fanout     Cap    Slew   Delay    Time   Description
-----------------------------------------------------------------------------
                          0.00    0.00   clock clk (rise edge)
                          0.00    0.00   clock source latency
                  0.04    0.03    0.03 ^ clk (in)
     1    0.01                           clk (net)
                  0.04    0.00    0.03 ^ clkbuf_0_clk/A (sky130_fd_sc_hd__clkbuf_16)
                  0.08    0.15    0.18 ^ clkbuf_0_clk/X (sky130_fd_sc_hd__clkbuf_16)
     8    0.06                           clknet_0_clk (net)
                  0.08    0.00    0.18 ^ clkbuf_3_3__f_clk/A (sky130_fd_sc_hd__clkbuf_16)
                  0.05    0.14    0.32 ^ clkbuf_3_3__f_clk/X (sky130_fd_sc_hd__clkbuf_16)
    10    0.03                           clknet_3_3__leaf_clk (net)
                  0.05    0.00    0.32 ^ _495_/CLK (sky130_fd_sc_hd__dfxtp_1)
                  0.06    0.31    0.62 v _495_/Q (sky130_fd_sc_hd__dfxtp_1)
     3    0.01                           i_spi_reg.bit_cnt[5] (net)
                  0.06    0.00    0.63 v _403_/A (sky130_fd_sc_hd__xnor2_1)
                  0.05    0.14    0.77 ^ _403_/Y (sky130_fd_sc_hd__xnor2_1)
     1    0.00                           _199_ (net)
                  0.05    0.00    0.77 ^ _404_/B (sky130_fd_sc_hd__and2_1)
                  0.05    0.11    0.88 ^ _404_/X (sky130_fd_sc_hd__and2_1)
     1    0.00                           _200_ (net)
                  0.05    0.00    0.88 ^ _405_/A (sky130_fd_sc_hd__clkbuf_1)
                  0.04    0.08    0.96 ^ _405_/X (sky130_fd_sc_hd__clkbuf_1)
     1    0.00                           _050_ (net)
                  0.04    0.00    0.96 ^ _495_/D (sky130_fd_sc_hd__dfxtp_1)
                                  0.96   data arrival time

                          0.00    0.00   clock clk (rise edge)
                          0.00    0.00   clock source latency
                  0.04    0.03    0.03 ^ clk (in)
     1    0.01                           clk (net)
                  0.04    0.00    0.03 ^ clkbuf_0_clk/A (sky130_fd_sc_hd__clkbuf_16)
                  0.08    0.17    0.20 ^ clkbuf_0_clk/X (sky130_fd_sc_hd__clkbuf_16)
     8    0.06                           clknet_0_clk (net)
                  0.08    0.00    0.20 ^ clkbuf_3_3__f_clk/A (sky130_fd_sc_hd__clkbuf_16)
                  0.05    0.16    0.35 ^ clkbuf_3_3__f_clk/X (sky130_fd_sc_hd__clkbuf_16)
    10    0.03                           clknet_3_3__leaf_clk (net)
                  0.05    0.00    0.35 ^ _495_/CLK (sky130_fd_sc_hd__dfxtp_1)
                          0.25    0.60   clock uncertainty
                         -0.03    0.57   clock reconvergence pessimism
                         -0.03    0.54   library hold time
                                  0.54   data required time
-----------------------------------------------------------------------------
                                  0.54   data required time
                                 -0.96   data arrival time
-----------------------------------------------------------------------------
                                  0.42   slack (MET)


Startpoint: _493_ (rising edge-triggered flip-flop clocked by clk)
Endpoint: _493_ (rising edge-triggered flip-flop clocked by clk)
Path Group: clk
Path Type: min

Fanout     Cap    Slew   Delay    Time   Description
-----------------------------------------------------------------------------
                          0.00    0.00   clock clk (rise edge)
                          0.00    0.00   clock source latency
                  0.04    0.03    0.03 ^ clk (in)
     1    0.01                           clk (net)
                  0.04    0.00    0.03 ^ clkbuf_0_clk/A (sky130_fd_sc_hd__clkbuf_16)
                  0.08    0.15    0.18 ^ clkbuf_0_clk/X (sky130_fd_sc_hd__clkbuf_16)
     8    0.06                           clknet_0_clk (net)
                  0.08    0.00    0.18 ^ clkbuf_3_3__f_clk/A (sky130_fd_sc_hd__clkbuf_16)
                  0.05    0.14    0.32 ^ clkbuf_3_3__f_clk/X (sky130_fd_sc_hd__clkbuf_16)
    10    0.03                           clknet_3_3__leaf_clk (net)
                  0.05    0.00    0.32 ^ _493_/CLK (sky130_fd_sc_hd__dfxtp_1)
                  0.09    0.32    0.64 ^ _493_/Q (sky130_fd_sc_hd__dfxtp_1)
     3    0.01                           i_spi_reg.bit_cnt[3] (net)
                  0.09    0.00    0.64 ^ _395_/B1 (sky130_fd_sc_hd__a41o_1)
                  0.04    0.09    0.74 ^ _395_/X (sky130_fd_sc_hd__a41o_1)
     1    0.00                           _193_ (net)
                  0.04    0.00    0.74 ^ _397_/B (sky130_fd_sc_hd__and3_1)
                  0.06    0.14    0.87 ^ _397_/X (sky130_fd_sc_hd__and3_1)
     1    0.00                           _195_ (net)
                  0.06    0.00    0.87 ^ _398_/A (sky130_fd_sc_hd__clkbuf_1)
                  0.05    0.09    0.96 ^ _398_/X (sky130_fd_sc_hd__clkbuf_1)
     1    0.00                           _048_ (net)
                  0.05    0.00    0.96 ^ _493_/D (sky130_fd_sc_hd__dfxtp_1)
                                  0.96   data arrival time

                          0.00    0.00   clock clk (rise edge)
                          0.00    0.00   clock source latency
                  0.04    0.03    0.03 ^ clk (in)
     1    0.01                           clk (net)
                  0.04    0.00    0.03 ^ clkbuf_0_clk/A (sky130_fd_sc_hd__clkbuf_16)
                  0.08    0.17    0.20 ^ clkbuf_0_clk/X (sky130_fd_sc_hd__clkbuf_16)
     8    0.06                           clknet_0_clk (net)
                  0.08    0.00    0.20 ^ clkbuf_3_3__f_clk/A (sky130_fd_sc_hd__clkbuf_16)
                  0.05    0.16    0.35 ^ clkbuf_3_3__f_clk/X (sky130_fd_sc_hd__clkbuf_16)
    10    0.03                           clknet_3_3__leaf_clk (net)
                  0.05    0.00    0.35 ^ _493_/CLK (sky130_fd_sc_hd__dfxtp_1)
                          0.25    0.60   clock uncertainty
                         -0.03    0.57   clock reconvergence pessimism
                         -0.03    0.54   library hold time
                                  0.54   data required time
-----------------------------------------------------------------------------
                                  0.54   data required time
                                 -0.96   data arrival time
-----------------------------------------------------------------------------
                                  0.42   slack (MET)


Startpoint: _483_ (rising edge-triggered flip-flop clocked by clk)
Endpoint: _483_ (rising edge-triggered flip-flop clocked by clk)
Path Group: clk
Path Type: min

Fanout     Cap    Slew   Delay    Time   Description
-----------------------------------------------------------------------------
                          0.00    0.00   clock clk (rise edge)
                          0.00    0.00   clock source latency
                  0.04    0.03    0.03 ^ clk (in)
     1    0.01                           clk (net)
                  0.04    0.00    0.03 ^ clkbuf_0_clk/A (sky130_fd_sc_hd__clkbuf_16)
                  0.08    0.15    0.18 ^ clkbuf_0_clk/X (sky130_fd_sc_hd__clkbuf_16)
     8    0.06                           clknet_0_clk (net)
                  0.08    0.00    0.18 ^ clkbuf_3_6__f_clk/A (sky130_fd_sc_hd__clkbuf_16)
                  0.05    0.14    0.31 ^ clkbuf_3_6__f_clk/X (sky130_fd_sc_hd__clkbuf_16)
     8    0.03                           clknet_3_6__leaf_clk (net)
                  0.05    0.00    0.31 ^ _483_/CLK (sky130_fd_sc_hd__dfxtp_1)
                  0.18    0.38    0.70 ^ _483_/Q (sky130_fd_sc_hd__dfxtp_1)
     7    0.02                           i_spi_reg.state[0] (net)
                  0.18    0.00    0.70 ^ _232_/A (sky130_fd_sc_hd__and2_1)
                  0.08    0.17    0.87 ^ _232_/X (sky130_fd_sc_hd__and2_1)
     2    0.01                           _077_ (net)
                  0.08    0.00    0.87 ^ _233_/C1 (sky130_fd_sc_hd__a2111o_1)
                  0.04    0.10    0.97 ^ _233_/X (sky130_fd_sc_hd__a2111o_1)
     1    0.00                           _000_ (net)
                  0.04    0.00    0.97 ^ _483_/D (sky130_fd_sc_hd__dfxtp_1)
                                  0.97   data arrival time

                          0.00    0.00   clock clk (rise edge)
                          0.00    0.00   clock source latency
                  0.04    0.03    0.03 ^ clk (in)
     1    0.01                           clk (net)
                  0.04    0.00    0.03 ^ clkbuf_0_clk/A (sky130_fd_sc_hd__clkbuf_16)
                  0.08    0.17    0.20 ^ clkbuf_0_clk/X (sky130_fd_sc_hd__clkbuf_16)
     8    0.06                           clknet_0_clk (net)
                  0.08    0.00    0.20 ^ clkbuf_3_6__f_clk/A (sky130_fd_sc_hd__clkbuf_16)
                  0.05    0.15    0.35 ^ clkbuf_3_6__f_clk/X (sky130_fd_sc_hd__clkbuf_16)
     8    0.03                           clknet_3_6__leaf_clk (net)
                  0.05    0.00    0.35 ^ _483_/CLK (sky130_fd_sc_hd__dfxtp_1)
                          0.25    0.60   clock uncertainty
                         -0.03    0.56   clock reconvergence pessimism
                         -0.03    0.53   library hold time
                                  0.53   data required time
-----------------------------------------------------------------------------
                                  0.53   data required time
                                 -0.97   data arrival time
-----------------------------------------------------------------------------
                                  0.43   slack (MET)


Startpoint: _491_ (rising edge-triggered flip-flop clocked by clk)
Endpoint: _491_ (rising edge-triggered flip-flop clocked by clk)
Path Group: clk
Path Type: min

Fanout     Cap    Slew   Delay    Time   Description
-----------------------------------------------------------------------------
                          0.00    0.00   clock clk (rise edge)
                          0.00    0.00   clock source latency
                  0.04    0.03    0.03 ^ clk (in)
     1    0.01                           clk (net)
                  0.04    0.00    0.03 ^ clkbuf_0_clk/A (sky130_fd_sc_hd__clkbuf_16)
                  0.08    0.15    0.18 ^ clkbuf_0_clk/X (sky130_fd_sc_hd__clkbuf_16)
     8    0.06                           clknet_0_clk (net)
                  0.08    0.00    0.18 ^ clkbuf_3_6__f_clk/A (sky130_fd_sc_hd__clkbuf_16)
                  0.05    0.14    0.31 ^ clkbuf_3_6__f_clk/X (sky130_fd_sc_hd__clkbuf_16)
     8    0.03                           clknet_3_6__leaf_clk (net)
                  0.05    0.00    0.31 ^ _491_/CLK (sky130_fd_sc_hd__dfxtp_2)
                  0.06    0.33    0.64 v _491_/Q (sky130_fd_sc_hd__dfxtp_2)
     7    0.02                           i_spi_reg.bit_cnt[1] (net)
                  0.06    0.00    0.64 v _387_/A (sky130_fd_sc_hd__xnor2_1)
                  0.05    0.14    0.79 ^ _387_/Y (sky130_fd_sc_hd__xnor2_1)
     1    0.00                           _187_ (net)
                  0.05    0.00    0.79 ^ _388_/B (sky130_fd_sc_hd__and2_1)
                  0.05    0.12    0.90 ^ _388_/X (sky130_fd_sc_hd__and2_1)
     1    0.00                           _188_ (net)
                  0.05    0.00    0.90 ^ _389_/A (sky130_fd_sc_hd__clkbuf_1)
                  0.05    0.08    0.98 ^ _389_/X (sky130_fd_sc_hd__clkbuf_1)
     1    0.00                           _046_ (net)
                  0.05    0.00    0.98 ^ _491_/D (sky130_fd_sc_hd__dfxtp_2)
                                  0.98   data arrival time

                          0.00    0.00   clock clk (rise edge)
                          0.00    0.00   clock source latency
                  0.04    0.03    0.03 ^ clk (in)
     1    0.01                           clk (net)
                  0.04    0.00    0.03 ^ clkbuf_0_clk/A (sky130_fd_sc_hd__clkbuf_16)
                  0.08    0.17    0.20 ^ clkbuf_0_clk/X (sky130_fd_sc_hd__clkbuf_16)
     8    0.06                           clknet_0_clk (net)
                  0.08    0.00    0.20 ^ clkbuf_3_6__f_clk/A (sky130_fd_sc_hd__clkbuf_16)
                  0.05    0.15    0.35 ^ clkbuf_3_6__f_clk/X (sky130_fd_sc_hd__clkbuf_16)
     8    0.03                           clknet_3_6__leaf_clk (net)
                  0.05    0.00    0.35 ^ _491_/CLK (sky130_fd_sc_hd__dfxtp_2)
                          0.25    0.60   clock uncertainty
                         -0.03    0.56   clock reconvergence pessimism
                         -0.03    0.53   library hold time
                                  0.53   data required time
-----------------------------------------------------------------------------
                                  0.53   data required time
                                 -0.98   data arrival time
-----------------------------------------------------------------------------
                                  0.45   slack (MET)


Startpoint: _497_ (rising edge-triggered flip-flop clocked by clk)
Endpoint: _464_ (rising edge-triggered flip-flop clocked by clk)
Path Group: clk
Path Type: min

Fanout     Cap    Slew   Delay    Time   Description
-----------------------------------------------------------------------------
                          0.00    0.00   clock clk (rise edge)
                          0.00    0.00   clock source latency
                  0.04    0.03    0.03 ^ clk (in)
     1    0.01                           clk (net)
                  0.04    0.00    0.03 ^ clkbuf_0_clk/A (sky130_fd_sc_hd__clkbuf_16)
                  0.08    0.15    0.18 ^ clkbuf_0_clk/X (sky130_fd_sc_hd__clkbuf_16)
     8    0.06                           clknet_0_clk (net)
                  0.08    0.00    0.18 ^ clkbuf_3_4__f_clk/A (sky130_fd_sc_hd__clkbuf_16)
                  0.04    0.13    0.30 ^ clkbuf_3_4__f_clk/X (sky130_fd_sc_hd__clkbuf_16)
     8    0.02                           clknet_3_4__leaf_clk (net)
                  0.04    0.00    0.30 ^ _497_/CLK (sky130_fd_sc_hd__dfxtp_1)
                  0.07    0.30    0.61 ^ _497_/Q (sky130_fd_sc_hd__dfxtp_1)
     3    0.01                           i_spi_reg.reg_data_o_dv (net)
                  0.07    0.00    0.61 ^ _319_/A (sky130_fd_sc_hd__and3_2)
                  0.09    0.20    0.81 ^ _319_/X (sky130_fd_sc_hd__and3_2)
     4    0.01                           _138_ (net)
                  0.09    0.00    0.81 ^ _324_/S (sky130_fd_sc_hd__mux2_1)
                  0.04    0.13    0.94 ^ _324_/X (sky130_fd_sc_hd__mux2_1)
     1    0.00                           _141_ (net)
                  0.04    0.00    0.94 ^ _325_/A (sky130_fd_sc_hd__clkbuf_1)
                  0.05    0.08    1.02 ^ _325_/X (sky130_fd_sc_hd__clkbuf_1)
     1    0.00                           _029_ (net)
                  0.05    0.00    1.02 ^ _464_/D (sky130_fd_sc_hd__dfrtp_1)
                                  1.02   data arrival time

                          0.00    0.00   clock clk (rise edge)
                          0.00    0.00   clock source latency
                  0.04    0.03    0.03 ^ clk (in)
     1    0.01                           clk (net)
                  0.04    0.00    0.03 ^ clkbuf_0_clk/A (sky130_fd_sc_hd__clkbuf_16)
                  0.08    0.17    0.20 ^ clkbuf_0_clk/X (sky130_fd_sc_hd__clkbuf_16)
     8    0.06                           clknet_0_clk (net)
                  0.08    0.00    0.20 ^ clkbuf_3_5__f_clk/A (sky130_fd_sc_hd__clkbuf_16)
                  0.05    0.16    0.35 ^ clkbuf_3_5__f_clk/X (sky130_fd_sc_hd__clkbuf_16)
    10    0.03                           clknet_3_5__leaf_clk (net)
                  0.05    0.00    0.35 ^ _464_/CLK (sky130_fd_sc_hd__dfrtp_1)
                          0.25    0.60   clock uncertainty
                         -0.02    0.58   clock reconvergence pessimism
                         -0.03    0.55   library hold time
                                  0.55   data required time
-----------------------------------------------------------------------------
                                  0.55   data required time
                                 -1.02   data arrival time
-----------------------------------------------------------------------------
                                  0.47   slack (MET)


Startpoint: _492_ (rising edge-triggered flip-flop clocked by clk)
Endpoint: _492_ (rising edge-triggered flip-flop clocked by clk)
Path Group: clk
Path Type: min

Fanout     Cap    Slew   Delay    Time   Description
-----------------------------------------------------------------------------
                          0.00    0.00   clock clk (rise edge)
                          0.00    0.00   clock source latency
                  0.04    0.03    0.03 ^ clk (in)
     1    0.01                           clk (net)
                  0.04    0.00    0.03 ^ clkbuf_0_clk/A (sky130_fd_sc_hd__clkbuf_16)
                  0.08    0.15    0.18 ^ clkbuf_0_clk/X (sky130_fd_sc_hd__clkbuf_16)
     8    0.06                           clknet_0_clk (net)
                  0.08    0.00    0.18 ^ clkbuf_3_6__f_clk/A (sky130_fd_sc_hd__clkbuf_16)
                  0.05    0.14    0.31 ^ clkbuf_3_6__f_clk/X (sky130_fd_sc_hd__clkbuf_16)
     8    0.03                           clknet_3_6__leaf_clk (net)
                  0.05    0.00    0.31 ^ _492_/CLK (sky130_fd_sc_hd__dfxtp_1)
                  0.17    0.38    0.69 ^ _492_/Q (sky130_fd_sc_hd__dfxtp_1)
     6    0.02                           i_spi_reg.bit_cnt[2] (net)
                  0.17    0.00    0.69 ^ _390_/B1 (sky130_fd_sc_hd__a31o_1)
                  0.04    0.11    0.80 ^ _390_/X (sky130_fd_sc_hd__a31o_1)
     1    0.00                           _189_ (net)
                  0.04    0.00    0.80 ^ _393_/B (sky130_fd_sc_hd__and3_1)
                  0.05    0.13    0.93 ^ _393_/X (sky130_fd_sc_hd__and3_1)
     1    0.00                           _192_ (net)
                  0.05    0.00    0.93 ^ _394_/A (sky130_fd_sc_hd__clkbuf_1)
                  0.05    0.08    1.02 ^ _394_/X (sky130_fd_sc_hd__clkbuf_1)
     1    0.00                           _047_ (net)
                  0.05    0.00    1.02 ^ _492_/D (sky130_fd_sc_hd__dfxtp_1)
                                  1.02   data arrival time

                          0.00    0.00   clock clk (rise edge)
                          0.00    0.00   clock source latency
                  0.04    0.03    0.03 ^ clk (in)
     1    0.01                           clk (net)
                  0.04    0.00    0.03 ^ clkbuf_0_clk/A (sky130_fd_sc_hd__clkbuf_16)
                  0.08    0.17    0.20 ^ clkbuf_0_clk/X (sky130_fd_sc_hd__clkbuf_16)
     8    0.06                           clknet_0_clk (net)
                  0.08    0.00    0.20 ^ clkbuf_3_6__f_clk/A (sky130_fd_sc_hd__clkbuf_16)
                  0.05    0.15    0.35 ^ clkbuf_3_6__f_clk/X (sky130_fd_sc_hd__clkbuf_16)
     8    0.03                           clknet_3_6__leaf_clk (net)
                  0.05    0.00    0.35 ^ _492_/CLK (sky130_fd_sc_hd__dfxtp_1)
                          0.25    0.60   clock uncertainty
                         -0.03    0.56   clock reconvergence pessimism
                         -0.03    0.53   library hold time
                                  0.53   data required time
-----------------------------------------------------------------------------
                                  0.53   data required time
                                 -1.02   data arrival time
-----------------------------------------------------------------------------
                                  0.48   slack (MET)


Startpoint: _483_ (rising edge-triggered flip-flop clocked by clk)
Endpoint: _499_ (rising edge-triggered flip-flop clocked by clk)
Path Group: clk
Path Type: min

Fanout     Cap    Slew   Delay    Time   Description
-----------------------------------------------------------------------------
                          0.00    0.00   clock clk (rise edge)
                          0.00    0.00   clock source latency
                  0.04    0.03    0.03 ^ clk (in)
     1    0.01                           clk (net)
                  0.04    0.00    0.03 ^ clkbuf_0_clk/A (sky130_fd_sc_hd__clkbuf_16)
                  0.08    0.15    0.18 ^ clkbuf_0_clk/X (sky130_fd_sc_hd__clkbuf_16)
     8    0.06                           clknet_0_clk (net)
                  0.08    0.00    0.18 ^ clkbuf_3_6__f_clk/A (sky130_fd_sc_hd__clkbuf_16)
                  0.05    0.14    0.31 ^ clkbuf_3_6__f_clk/X (sky130_fd_sc_hd__clkbuf_16)
     8    0.03                           clknet_3_6__leaf_clk (net)
                  0.05    0.00    0.31 ^ _483_/CLK (sky130_fd_sc_hd__dfxtp_1)
                  0.18    0.38    0.70 ^ _483_/Q (sky130_fd_sc_hd__dfxtp_1)
     7    0.02                           i_spi_reg.state[0] (net)
                  0.18    0.00    0.70 ^ _240_/A1 (sky130_fd_sc_hd__a21o_1)
                  0.06    0.14    0.84 ^ _240_/X (sky130_fd_sc_hd__a21o_1)
     2    0.01                           _083_ (net)
                  0.06    0.00    0.84 ^ _414_/A2 (sky130_fd_sc_hd__o21a_1)
                  0.04    0.10    0.94 ^ _414_/X (sky130_fd_sc_hd__o21a_1)
     1    0.00                           _206_ (net)
                  0.04    0.00    0.94 ^ _416_/A1 (sky130_fd_sc_hd__o21a_1)
                  0.05    0.11    1.05 ^ _416_/X (sky130_fd_sc_hd__o21a_1)
     1    0.00                           _054_ (net)
                  0.05    0.00    1.05 ^ _499_/D (sky130_fd_sc_hd__dfxtp_1)
                                  1.05   data arrival time

                          0.00    0.00   clock clk (rise edge)
                          0.00    0.00   clock source latency
                  0.04    0.03    0.03 ^ clk (in)
     1    0.01                           clk (net)
                  0.04    0.00    0.03 ^ clkbuf_0_clk/A (sky130_fd_sc_hd__clkbuf_16)
                  0.08    0.17    0.20 ^ clkbuf_0_clk/X (sky130_fd_sc_hd__clkbuf_16)
     8    0.06                           clknet_0_clk (net)
                  0.08    0.00    0.20 ^ clkbuf_3_1__f_clk/A (sky130_fd_sc_hd__clkbuf_16)
                  0.05    0.15    0.34 ^ clkbuf_3_1__f_clk/X (sky130_fd_sc_hd__clkbuf_16)
    12    0.02                           clknet_3_1__leaf_clk (net)
                  0.05    0.00    0.34 ^ _499_/CLK (sky130_fd_sc_hd__dfxtp_1)
                          0.25    0.59   clock uncertainty
                         -0.02    0.58   clock reconvergence pessimism
                         -0.03    0.54   library hold time
                                  0.54   data required time
-----------------------------------------------------------------------------
                                  0.54   data required time
                                 -1.05   data arrival time
-----------------------------------------------------------------------------
                                  0.50   slack (MET)


Startpoint: _496_ (rising edge-triggered flip-flop clocked by clk)
Endpoint: _498_ (rising edge-triggered flip-flop clocked by clk)
Path Group: clk
Path Type: min

Fanout     Cap    Slew   Delay    Time   Description
-----------------------------------------------------------------------------
                          0.00    0.00   clock clk (rise edge)
                          0.00    0.00   clock source latency
                  0.04    0.03    0.03 ^ clk (in)
     1    0.01                           clk (net)
                  0.04    0.00    0.03 ^ clkbuf_0_clk/A (sky130_fd_sc_hd__clkbuf_16)
                  0.08    0.15    0.18 ^ clkbuf_0_clk/X (sky130_fd_sc_hd__clkbuf_16)
     8    0.06                           clknet_0_clk (net)
                  0.08    0.00    0.18 ^ clkbuf_3_7__f_clk/A (sky130_fd_sc_hd__clkbuf_16)
                  0.04    0.13    0.31 ^ clkbuf_3_7__f_clk/X (sky130_fd_sc_hd__clkbuf_16)
     7    0.02                           clknet_3_7__leaf_clk (net)
                  0.04    0.00    0.31 ^ _496_/CLK (sky130_fd_sc_hd__dfxtp_1)
                  0.12    0.34    0.65 ^ _496_/Q (sky130_fd_sc_hd__dfxtp_1)
     7    0.01                           i_spi_reg.reg_rw (net)
                  0.12    0.00    0.65 ^ _237_/A (sky130_fd_sc_hd__or3b_2)
                  0.09    0.17    0.82 ^ _237_/X (sky130_fd_sc_hd__or3b_2)
     4    0.01                           _080_ (net)
                  0.09    0.00    0.82 ^ _412_/B (sky130_fd_sc_hd__nor2_1)
                  0.05    0.07    0.89 v _412_/Y (sky130_fd_sc_hd__nor2_1)
     2    0.01                           _205_ (net)
                  0.05    0.00    0.89 v _413_/A2 (sky130_fd_sc_hd__o21a_1)
                  0.03    0.16    1.04 v _413_/X (sky130_fd_sc_hd__o21a_1)
     1    0.00                           _053_ (net)
                  0.03    0.00    1.04 v _498_/D (sky130_fd_sc_hd__dfxtp_1)
                                  1.04   data arrival time

                          0.00    0.00   clock clk (rise edge)
                          0.00    0.00   clock source latency
                  0.04    0.03    0.03 ^ clk (in)
     1    0.01                           clk (net)
                  0.04    0.00    0.03 ^ clkbuf_0_clk/A (sky130_fd_sc_hd__clkbuf_16)
                  0.08    0.17    0.20 ^ clkbuf_0_clk/X (sky130_fd_sc_hd__clkbuf_16)
     8    0.06                           clknet_0_clk (net)
                  0.08    0.00    0.20 ^ clkbuf_3_3__f_clk/A (sky130_fd_sc_hd__clkbuf_16)
                  0.05    0.16    0.35 ^ clkbuf_3_3__f_clk/X (sky130_fd_sc_hd__clkbuf_16)
    10    0.03                           clknet_3_3__leaf_clk (net)
                  0.05    0.00    0.35 ^ _498_/CLK (sky130_fd_sc_hd__dfxtp_1)
                          0.25    0.60   clock uncertainty
                         -0.02    0.58   clock reconvergence pessimism
                         -0.05    0.54   library hold time
                                  0.54   data required time
-----------------------------------------------------------------------------
                                  0.54   data required time
                                 -1.04   data arrival time
-----------------------------------------------------------------------------
                                  0.51   slack (MET)


Startpoint: _496_ (rising edge-triggered flip-flop clocked by clk)
Endpoint: _487_ (rising edge-triggered flip-flop clocked by clk)
Path Group: clk
Path Type: min

Fanout     Cap    Slew   Delay    Time   Description
-----------------------------------------------------------------------------
                          0.00    0.00   clock clk (rise edge)
                          0.00    0.00   clock source latency
                  0.04    0.03    0.03 ^ clk (in)
     1    0.01                           clk (net)
                  0.04    0.00    0.03 ^ clkbuf_0_clk/A (sky130_fd_sc_hd__clkbuf_16)
                  0.08    0.15    0.18 ^ clkbuf_0_clk/X (sky130_fd_sc_hd__clkbuf_16)
     8    0.06                           clknet_0_clk (net)
                  0.08    0.00    0.18 ^ clkbuf_3_7__f_clk/A (sky130_fd_sc_hd__clkbuf_16)
                  0.04    0.13    0.31 ^ clkbuf_3_7__f_clk/X (sky130_fd_sc_hd__clkbuf_16)
     7    0.02                           clknet_3_7__leaf_clk (net)
                  0.04    0.00    0.31 ^ _496_/CLK (sky130_fd_sc_hd__dfxtp_1)
                  0.06    0.31    0.62 v _496_/Q (sky130_fd_sc_hd__dfxtp_1)
     7    0.01                           i_spi_reg.reg_rw (net)
                  0.06    0.00    0.62 v _372_/A (sky130_fd_sc_hd__and2_1)
                  0.05    0.15    0.77 v _372_/X (sky130_fd_sc_hd__and2_1)
     2    0.01                           _177_ (net)
                  0.05    0.00    0.77 v _373_/B (sky130_fd_sc_hd__nand2_2)
                  0.09    0.10    0.87 ^ _373_/Y (sky130_fd_sc_hd__nand2_2)
     4    0.01                           _178_ (net)
                  0.09    0.00    0.87 ^ _376_/S (sky130_fd_sc_hd__mux2_1)
                  0.04    0.13    1.00 ^ _376_/X (sky130_fd_sc_hd__mux2_1)
     1    0.00                           _180_ (net)
                  0.04    0.00    1.00 ^ _377_/A (sky130_fd_sc_hd__clkbuf_1)
                  0.04    0.08    1.07 ^ _377_/X (sky130_fd_sc_hd__clkbuf_1)
     1    0.00                           _042_ (net)
                  0.04    0.00    1.07 ^ _487_/D (sky130_fd_sc_hd__dfxtp_1)
                                  1.07   data arrival time

                          0.00    0.00   clock clk (rise edge)
                          0.00    0.00   clock source latency
                  0.04    0.03    0.03 ^ clk (in)
     1    0.01                           clk (net)
                  0.04    0.00    0.03 ^ clkbuf_0_clk/A (sky130_fd_sc_hd__clkbuf_16)
                  0.08    0.17    0.20 ^ clkbuf_0_clk/X (sky130_fd_sc_hd__clkbuf_16)
     8    0.06                           clknet_0_clk (net)
                  0.08    0.00    0.20 ^ clkbuf_3_4__f_clk/A (sky130_fd_sc_hd__clkbuf_16)
                  0.04    0.14    0.34 ^ clkbuf_3_4__f_clk/X (sky130_fd_sc_hd__clkbuf_16)
     8    0.02                           clknet_3_4__leaf_clk (net)
                  0.04    0.00    0.34 ^ _487_/CLK (sky130_fd_sc_hd__dfxtp_1)
                          0.25    0.59   clock uncertainty
                         -0.02    0.57   clock reconvergence pessimism
                         -0.03    0.54   library hold time
                                  0.54   data required time
-----------------------------------------------------------------------------
                                  0.54   data required time
                                 -1.07   data arrival time
-----------------------------------------------------------------------------
                                  0.53   slack (MET)


Startpoint: _496_ (rising edge-triggered flip-flop clocked by clk)
Endpoint: _488_ (rising edge-triggered flip-flop clocked by clk)
Path Group: clk
Path Type: min

Fanout     Cap    Slew   Delay    Time   Description
-----------------------------------------------------------------------------
                          0.00    0.00   clock clk (rise edge)
                          0.00    0.00   clock source latency
                  0.04    0.03    0.03 ^ clk (in)
     1    0.01                           clk (net)
                  0.04    0.00    0.03 ^ clkbuf_0_clk/A (sky130_fd_sc_hd__clkbuf_16)
                  0.08    0.15    0.18 ^ clkbuf_0_clk/X (sky130_fd_sc_hd__clkbuf_16)
     8    0.06                           clknet_0_clk (net)
                  0.08    0.00    0.18 ^ clkbuf_3_7__f_clk/A (sky130_fd_sc_hd__clkbuf_16)
                  0.04    0.13    0.31 ^ clkbuf_3_7__f_clk/X (sky130_fd_sc_hd__clkbuf_16)
     7    0.02                           clknet_3_7__leaf_clk (net)
                  0.04    0.00    0.31 ^ _496_/CLK (sky130_fd_sc_hd__dfxtp_1)
                  0.06    0.31    0.62 v _496_/Q (sky130_fd_sc_hd__dfxtp_1)
     7    0.01                           i_spi_reg.reg_rw (net)
                  0.06    0.00    0.62 v _372_/A (sky130_fd_sc_hd__and2_1)
                  0.05    0.15    0.77 v _372_/X (sky130_fd_sc_hd__and2_1)
     2    0.01                           _177_ (net)
                  0.05    0.00    0.77 v _373_/B (sky130_fd_sc_hd__nand2_2)
                  0.09    0.10    0.87 ^ _373_/Y (sky130_fd_sc_hd__nand2_2)
     4    0.01                           _178_ (net)
                  0.09    0.00    0.87 ^ _378_/S (sky130_fd_sc_hd__mux2_1)
                  0.05    0.13    1.00 ^ _378_/X (sky130_fd_sc_hd__mux2_1)
     1    0.00                           _181_ (net)
                  0.05    0.00    1.00 ^ _379_/A (sky130_fd_sc_hd__clkbuf_1)
                  0.05    0.08    1.08 ^ _379_/X (sky130_fd_sc_hd__clkbuf_1)
     1    0.00                           _043_ (net)
                  0.05    0.00    1.08 ^ _488_/D (sky130_fd_sc_hd__dfxtp_1)
                                  1.08   data arrival time

                          0.00    0.00   clock clk (rise edge)
                          0.00    0.00   clock source latency
                  0.04    0.03    0.03 ^ clk (in)
     1    0.01                           clk (net)
                  0.04    0.00    0.03 ^ clkbuf_0_clk/A (sky130_fd_sc_hd__clkbuf_16)
                  0.08    0.17    0.20 ^ clkbuf_0_clk/X (sky130_fd_sc_hd__clkbuf_16)
     8    0.06                           clknet_0_clk (net)
                  0.08    0.00    0.20 ^ clkbuf_3_4__f_clk/A (sky130_fd_sc_hd__clkbuf_16)
                  0.04    0.14    0.34 ^ clkbuf_3_4__f_clk/X (sky130_fd_sc_hd__clkbuf_16)
     8    0.02                           clknet_3_4__leaf_clk (net)
                  0.04    0.00    0.34 ^ _488_/CLK (sky130_fd_sc_hd__dfxtp_1)
                          0.25    0.59   clock uncertainty
                         -0.02    0.57   clock reconvergence pessimism
                         -0.03    0.53   library hold time
                                  0.53   data required time
-----------------------------------------------------------------------------
                                  0.53   data required time
                                 -1.08   data arrival time
-----------------------------------------------------------------------------
                                  0.55   slack (MET)


Startpoint: _478_ (rising edge-triggered flip-flop clocked by clk)
Endpoint: _477_ (rising edge-triggered flip-flop clocked by clk)
Path Group: clk
Path Type: min

Fanout     Cap    Slew   Delay    Time   Description
-----------------------------------------------------------------------------
                          0.00    0.00   clock clk (rise edge)
                          0.00    0.00   clock source latency
                  0.04    0.03    0.03 ^ clk (in)
     1    0.01                           clk (net)
                  0.04    0.00    0.03 ^ clkbuf_0_clk/A (sky130_fd_sc_hd__clkbuf_16)
                  0.08    0.15    0.18 ^ clkbuf_0_clk/X (sky130_fd_sc_hd__clkbuf_16)
     8    0.06                           clknet_0_clk (net)
                  0.08    0.00    0.18 ^ clkbuf_3_2__f_clk/A (sky130_fd_sc_hd__clkbuf_16)
                  0.04    0.13    0.31 ^ clkbuf_3_2__f_clk/X (sky130_fd_sc_hd__clkbuf_16)
     9    0.02                           clknet_3_2__leaf_clk (net)
                  0.04    0.00    0.31 ^ _478_/CLK (sky130_fd_sc_hd__dfxtp_1)
                  0.04    0.29    0.59 ^ _478_/Q (sky130_fd_sc_hd__dfxtp_1)
     1    0.00                           synchronizer_spi_cs_n_inst.sync_regs[0] (net)
                  0.04    0.00    0.59 ^ hold3/A (sky130_fd_sc_hd__dlygate4sd3_1)
                  0.06    0.52    1.11 ^ hold3/X (sky130_fd_sc_hd__dlygate4sd3_1)
     1    0.00                           net36 (net)
                  0.06    0.00    1.11 ^ _477_/D (sky130_fd_sc_hd__dfxtp_1)
                                  1.11   data arrival time

                          0.00    0.00   clock clk (rise edge)
                          0.00    0.00   clock source latency
                  0.04    0.03    0.03 ^ clk (in)
     1    0.01                           clk (net)
                  0.04    0.00    0.03 ^ clkbuf_0_clk/A (sky130_fd_sc_hd__clkbuf_16)
                  0.08    0.17    0.20 ^ clkbuf_0_clk/X (sky130_fd_sc_hd__clkbuf_16)
     8    0.06                           clknet_0_clk (net)
                  0.08    0.00    0.20 ^ clkbuf_3_3__f_clk/A (sky130_fd_sc_hd__clkbuf_16)
                  0.05    0.16    0.35 ^ clkbuf_3_3__f_clk/X (sky130_fd_sc_hd__clkbuf_16)
    10    0.03                           clknet_3_3__leaf_clk (net)
                  0.05    0.00    0.35 ^ _477_/CLK (sky130_fd_sc_hd__dfxtp_1)
                          0.25    0.60   clock uncertainty
                         -0.02    0.58   clock reconvergence pessimism
                         -0.03    0.55   library hold time
                                  0.55   data required time
-----------------------------------------------------------------------------
                                  0.55   data required time
                                 -1.11   data arrival time
-----------------------------------------------------------------------------
                                  0.56   slack (MET)


Startpoint: _482_ (rising edge-triggered flip-flop clocked by clk)
Endpoint: _481_ (rising edge-triggered flip-flop clocked by clk)
Path Group: clk
Path Type: min

Fanout     Cap    Slew   Delay    Time   Description
-----------------------------------------------------------------------------
                          0.00    0.00   clock clk (rise edge)
                          0.00    0.00   clock source latency
                  0.04    0.03    0.03 ^ clk (in)
     1    0.01                           clk (net)
                  0.04    0.00    0.03 ^ clkbuf_0_clk/A (sky130_fd_sc_hd__clkbuf_16)
                  0.08    0.15    0.18 ^ clkbuf_0_clk/X (sky130_fd_sc_hd__clkbuf_16)
     8    0.06                           clknet_0_clk (net)
                  0.08    0.00    0.18 ^ clkbuf_3_6__f_clk/A (sky130_fd_sc_hd__clkbuf_16)
                  0.05    0.14    0.31 ^ clkbuf_3_6__f_clk/X (sky130_fd_sc_hd__clkbuf_16)
     8    0.03                           clknet_3_6__leaf_clk (net)
                  0.05    0.00    0.31 ^ _482_/CLK (sky130_fd_sc_hd__dfxtp_1)
                  0.03    0.28    0.59 ^ _482_/Q (sky130_fd_sc_hd__dfxtp_1)
     1    0.00                           synchronizer_spi_mosi_inst.sync_regs[0] (net)
                  0.03    0.00    0.59 ^ hold1/A (sky130_fd_sc_hd__dlygate4sd3_1)
                  0.05    0.50    1.09 ^ hold1/X (sky130_fd_sc_hd__dlygate4sd3_1)
     1    0.00                           net34 (net)
                  0.05    0.00    1.09 ^ _481_/D (sky130_fd_sc_hd__dfxtp_1)
                                  1.09   data arrival time

                          0.00    0.00   clock clk (rise edge)
                          0.00    0.00   clock source latency
                  0.04    0.03    0.03 ^ clk (in)
     1    0.01                           clk (net)
                  0.04    0.00    0.03 ^ clkbuf_0_clk/A (sky130_fd_sc_hd__clkbuf_16)
                  0.08    0.17    0.20 ^ clkbuf_0_clk/X (sky130_fd_sc_hd__clkbuf_16)
     8    0.06                           clknet_0_clk (net)
                  0.08    0.00    0.20 ^ clkbuf_3_6__f_clk/A (sky130_fd_sc_hd__clkbuf_16)
                  0.05    0.15    0.35 ^ clkbuf_3_6__f_clk/X (sky130_fd_sc_hd__clkbuf_16)
     8    0.03                           clknet_3_6__leaf_clk (net)
                  0.05    0.00    0.35 ^ _481_/CLK (sky130_fd_sc_hd__dfxtp_1)
                          0.25    0.60   clock uncertainty
                         -0.03    0.57   clock reconvergence pessimism
                         -0.03    0.53   library hold time
                                  0.53   data required time
-----------------------------------------------------------------------------
                                  0.53   data required time
                                 -1.09   data arrival time
-----------------------------------------------------------------------------
                                  0.56   slack (MET)


Startpoint: _435_ (rising edge-triggered flip-flop clocked by clk)
Endpoint: _434_ (rising edge-triggered flip-flop clocked by clk)
Path Group: clk
Path Type: min

Fanout     Cap    Slew   Delay    Time   Description
-----------------------------------------------------------------------------
                          0.00    0.00   clock clk (rise edge)
                          0.00    0.00   clock source latency
                  0.04    0.03    0.03 ^ clk (in)
     1    0.01                           clk (net)
                  0.04    0.00    0.03 ^ clkbuf_0_clk/A (sky130_fd_sc_hd__clkbuf_16)
                  0.08    0.15    0.18 ^ clkbuf_0_clk/X (sky130_fd_sc_hd__clkbuf_16)
     8    0.06                           clknet_0_clk (net)
                  0.08    0.00    0.18 ^ clkbuf_3_5__f_clk/A (sky130_fd_sc_hd__clkbuf_16)
                  0.05    0.14    0.32 ^ clkbuf_3_5__f_clk/X (sky130_fd_sc_hd__clkbuf_16)
    10    0.03                           clknet_3_5__leaf_clk (net)
                  0.05    0.00    0.32 ^ _435_/CLK (sky130_fd_sc_hd__dfxtp_1)
                  0.04    0.28    0.60 ^ _435_/Q (sky130_fd_sc_hd__dfxtp_1)
     1    0.00                           synchronizer_ui_in_inst.sync_regs[0][0] (net)
                  0.04    0.00    0.60 ^ hold2/A (sky130_fd_sc_hd__dlygate4sd3_1)
                  0.06    0.51    1.11 ^ hold2/X (sky130_fd_sc_hd__dlygate4sd3_1)
     1    0.00                           net35 (net)
                  0.06    0.00    1.11 ^ _434_/D (sky130_fd_sc_hd__dfxtp_1)
                                  1.11   data arrival time

                          0.00    0.00   clock clk (rise edge)
                          0.00    0.00   clock source latency
                  0.04    0.03    0.03 ^ clk (in)
     1    0.01                           clk (net)
                  0.04    0.00    0.03 ^ clkbuf_0_clk/A (sky130_fd_sc_hd__clkbuf_16)
                  0.08    0.17    0.20 ^ clkbuf_0_clk/X (sky130_fd_sc_hd__clkbuf_16)
     8    0.06                           clknet_0_clk (net)
                  0.08    0.00    0.20 ^ clkbuf_3_5__f_clk/A (sky130_fd_sc_hd__clkbuf_16)
                  0.05    0.16    0.35 ^ clkbuf_3_5__f_clk/X (sky130_fd_sc_hd__clkbuf_16)
    10    0.03                           clknet_3_5__leaf_clk (net)
                  0.05    0.00    0.35 ^ _434_/CLK (sky130_fd_sc_hd__dfxtp_1)
                          0.25    0.60   clock uncertainty
                         -0.03    0.57   clock reconvergence pessimism
                         -0.03    0.54   library hold time
                                  0.54   data required time
-----------------------------------------------------------------------------
                                  0.54   data required time
                                 -1.11   data arrival time
-----------------------------------------------------------------------------
                                  0.58   slack (MET)


Startpoint: _434_ (rising edge-triggered flip-flop clocked by clk)
Endpoint: _461_ (rising edge-triggered flip-flop clocked by clk)
Path Group: clk
Path Type: min

Fanout     Cap    Slew   Delay    Time   Description
-----------------------------------------------------------------------------
                          0.00    0.00   clock clk (rise edge)
                          0.00    0.00   clock source latency
                  0.04    0.03    0.03 ^ clk (in)
     1    0.01                           clk (net)
                  0.04    0.00    0.03 ^ clkbuf_0_clk/A (sky130_fd_sc_hd__clkbuf_16)
                  0.08    0.15    0.18 ^ clkbuf_0_clk/X (sky130_fd_sc_hd__clkbuf_16)
     8    0.06                           clknet_0_clk (net)
                  0.08    0.00    0.18 ^ clkbuf_3_5__f_clk/A (sky130_fd_sc_hd__clkbuf_16)
                  0.05    0.14    0.32 ^ clkbuf_3_5__f_clk/X (sky130_fd_sc_hd__clkbuf_16)
    10    0.03                           clknet_3_5__leaf_clk (net)
                  0.05    0.00    0.32 ^ _434_/CLK (sky130_fd_sc_hd__dfxtp_1)
                  0.04    0.29    0.61 ^ _434_/Q (sky130_fd_sc_hd__dfxtp_1)
     1    0.00                           ui_in_sync (net)
                  0.04    0.00    0.61 ^ hold5/A (sky130_fd_sc_hd__dlygate4sd3_1)
                  0.05    0.50    1.11 ^ hold5/X (sky130_fd_sc_hd__dlygate4sd3_1)
     1    0.00                           net38 (net)
                  0.05    0.00    1.11 ^ _461_/D (sky130_fd_sc_hd__dfrtp_1)
                                  1.11   data arrival time

                          0.00    0.00   clock clk (rise edge)
                          0.00    0.00   clock source latency
                  0.04    0.03    0.03 ^ clk (in)
     1    0.01                           clk (net)
                  0.04    0.00    0.03 ^ clkbuf_0_clk/A (sky130_fd_sc_hd__clkbuf_16)
                  0.08    0.17    0.20 ^ clkbuf_0_clk/X (sky130_fd_sc_hd__clkbuf_16)
     8    0.06                           clknet_0_clk (net)
                  0.08    0.00    0.20 ^ clkbuf_3_5__f_clk/A (sky130_fd_sc_hd__clkbuf_16)
                  0.05    0.16    0.35 ^ clkbuf_3_5__f_clk/X (sky130_fd_sc_hd__clkbuf_16)
    10    0.03                           clknet_3_5__leaf_clk (net)
                  0.05    0.00    0.35 ^ _461_/CLK (sky130_fd_sc_hd__dfrtp_1)
                          0.25    0.60   clock uncertainty
                         -0.03    0.57   clock reconvergence pessimism
                         -0.04    0.53   library hold time
                                  0.53   data required time
-----------------------------------------------------------------------------
                                  0.53   data required time
                                 -1.11   data arrival time
-----------------------------------------------------------------------------
                                  0.58   slack (MET)


Startpoint: _480_ (rising edge-triggered flip-flop clocked by clk)
Endpoint: _479_ (rising edge-triggered flip-flop clocked by clk)
Path Group: clk
Path Type: min

Fanout     Cap    Slew   Delay    Time   Description
-----------------------------------------------------------------------------
                          0.00    0.00   clock clk (rise edge)
                          0.00    0.00   clock source latency
                  0.04    0.03    0.03 ^ clk (in)
     1    0.01                           clk (net)
                  0.04    0.00    0.03 ^ clkbuf_0_clk/A (sky130_fd_sc_hd__clkbuf_16)
                  0.08    0.15    0.18 ^ clkbuf_0_clk/X (sky130_fd_sc_hd__clkbuf_16)
     8    0.06                           clknet_0_clk (net)
                  0.08    0.00    0.18 ^ clkbuf_3_0__f_clk/A (sky130_fd_sc_hd__clkbuf_16)
                  0.05    0.14    0.32 ^ clkbuf_3_0__f_clk/X (sky130_fd_sc_hd__clkbuf_16)
    10    0.03                           clknet_3_0__leaf_clk (net)
                  0.05    0.00    0.32 ^ _480_/CLK (sky130_fd_sc_hd__dfxtp_1)
                  0.05    0.29    0.61 ^ _480_/Q (sky130_fd_sc_hd__dfxtp_1)
     1    0.00                           synchronizer_spi_clk_inst.sync_regs[0] (net)
                  0.05    0.00    0.61 ^ hold4/A (sky130_fd_sc_hd__dlygate4sd3_1)
                  0.06    0.52    1.13 ^ hold4/X (sky130_fd_sc_hd__dlygate4sd3_1)
     1    0.00                           net37 (net)
                  0.06    0.00    1.13 ^ _479_/D (sky130_fd_sc_hd__dfxtp_1)
                                  1.13   data arrival time

                          0.00    0.00   clock clk (rise edge)
                          0.00    0.00   clock source latency
                  0.04    0.03    0.03 ^ clk (in)
     1    0.01                           clk (net)
                  0.04    0.00    0.03 ^ clkbuf_0_clk/A (sky130_fd_sc_hd__clkbuf_16)
                  0.08    0.17    0.20 ^ clkbuf_0_clk/X (sky130_fd_sc_hd__clkbuf_16)
     8    0.06                           clknet_0_clk (net)
                  0.08    0.00    0.20 ^ clkbuf_3_3__f_clk/A (sky130_fd_sc_hd__clkbuf_16)
                  0.05    0.16    0.35 ^ clkbuf_3_3__f_clk/X (sky130_fd_sc_hd__clkbuf_16)
    10    0.03                           clknet_3_3__leaf_clk (net)
                  0.05    0.00    0.35 ^ _479_/CLK (sky130_fd_sc_hd__dfxtp_1)
                          0.25    0.60   clock uncertainty
                         -0.02    0.58   clock reconvergence pessimism
                         -0.03    0.55   library hold time
                                  0.55   data required time
-----------------------------------------------------------------------------
                                  0.55   data required time
                                 -1.13   data arrival time
-----------------------------------------------------------------------------
                                  0.58   slack (MET)


Startpoint: _483_ (rising edge-triggered flip-flop clocked by clk)
Endpoint: _501_ (rising edge-triggered flip-flop clocked by clk)
Path Group: clk
Path Type: min

Fanout     Cap    Slew   Delay    Time   Description
-----------------------------------------------------------------------------
                          0.00    0.00   clock clk (rise edge)
                          0.00    0.00   clock source latency
                  0.04    0.03    0.03 ^ clk (in)
     1    0.01                           clk (net)
                  0.04    0.00    0.03 ^ clkbuf_0_clk/A (sky130_fd_sc_hd__clkbuf_16)
                  0.08    0.15    0.18 ^ clkbuf_0_clk/X (sky130_fd_sc_hd__clkbuf_16)
     8    0.06                           clknet_0_clk (net)
                  0.08    0.00    0.18 ^ clkbuf_3_6__f_clk/A (sky130_fd_sc_hd__clkbuf_16)
                  0.05    0.14    0.31 ^ clkbuf_3_6__f_clk/X (sky130_fd_sc_hd__clkbuf_16)
     8    0.03                           clknet_3_6__leaf_clk (net)
                  0.05    0.00    0.31 ^ _483_/CLK (sky130_fd_sc_hd__dfxtp_1)
                  0.09    0.33    0.64 v _483_/Q (sky130_fd_sc_hd__dfxtp_1)
     7    0.02                           i_spi_reg.state[0] (net)
                  0.09    0.00    0.64 v _417_/A (sky130_fd_sc_hd__and4_2)
                  0.07    0.23    0.87 v _417_/X (sky130_fd_sc_hd__and4_2)
     6    0.02                           _208_ (net)
                  0.07    0.00    0.87 v _420_/S (sky130_fd_sc_hd__mux2_1)
                  0.04    0.19    1.06 ^ _420_/X (sky130_fd_sc_hd__mux2_1)
     1    0.00                           _210_ (net)
                  0.04    0.00    1.06 ^ _421_/A (sky130_fd_sc_hd__clkbuf_1)
                  0.04    0.07    1.14 ^ _421_/X (sky130_fd_sc_hd__clkbuf_1)
     1    0.00                           _056_ (net)
                  0.04    0.00    1.14 ^ _501_/D (sky130_fd_sc_hd__dfxtp_1)
                                  1.14   data arrival time

                          0.00    0.00   clock clk (rise edge)
                          0.00    0.00   clock source latency
                  0.04    0.03    0.03 ^ clk (in)
     1    0.01                           clk (net)
                  0.04    0.00    0.03 ^ clkbuf_0_clk/A (sky130_fd_sc_hd__clkbuf_16)
                  0.08    0.17    0.20 ^ clkbuf_0_clk/X (sky130_fd_sc_hd__clkbuf_16)
     8    0.06                           clknet_0_clk (net)
                  0.08    0.00    0.20 ^ clkbuf_3_6__f_clk/A (sky130_fd_sc_hd__clkbuf_16)
                  0.05    0.15    0.35 ^ clkbuf_3_6__f_clk/X (sky130_fd_sc_hd__clkbuf_16)
     8    0.03                           clknet_3_6__leaf_clk (net)
                  0.05    0.00    0.35 ^ _501_/CLK (sky130_fd_sc_hd__dfxtp_1)
                          0.25    0.60   clock uncertainty
                         -0.03    0.56   clock reconvergence pessimism
                         -0.03    0.53   library hold time
                                  0.53   data required time
-----------------------------------------------------------------------------
                                  0.53   data required time
                                 -1.14   data arrival time
-----------------------------------------------------------------------------
                                  0.60   slack (MET)


Startpoint: _461_ (rising edge-triggered flip-flop clocked by clk)
Endpoint: _468_ (rising edge-triggered flip-flop clocked by clk)
Path Group: clk
Path Type: min

Fanout     Cap    Slew   Delay    Time   Description
-----------------------------------------------------------------------------
                          0.00    0.00   clock clk (rise edge)
                          0.00    0.00   clock source latency
                  0.04    0.03    0.03 ^ clk (in)
     1    0.01                           clk (net)
                  0.04    0.00    0.03 ^ clkbuf_0_clk/A (sky130_fd_sc_hd__clkbuf_16)
                  0.08    0.15    0.18 ^ clkbuf_0_clk/X (sky130_fd_sc_hd__clkbuf_16)
     8    0.06                           clknet_0_clk (net)
                  0.08    0.00    0.18 ^ clkbuf_3_5__f_clk/A (sky130_fd_sc_hd__clkbuf_16)
                  0.05    0.14    0.32 ^ clkbuf_3_5__f_clk/X (sky130_fd_sc_hd__clkbuf_16)
    10    0.03                           clknet_3_5__leaf_clk (net)
                  0.05    0.00    0.32 ^ _461_/CLK (sky130_fd_sc_hd__dfrtp_1)
                  0.05    0.30    0.62 ^ _461_/Q (sky130_fd_sc_hd__dfrtp_1)
     1    0.00                           dut.loop_s1 (net)
                  0.05    0.00    0.62 ^ hold6/A (sky130_fd_sc_hd__dlygate4sd3_1)
                  0.06    0.51    1.13 ^ hold6/X (sky130_fd_sc_hd__dlygate4sd3_1)
     1    0.00                           net39 (net)
                  0.06    0.00    1.13 ^ _468_/D (sky130_fd_sc_hd__dfrtp_1)
                                  1.13   data arrival time

                          0.00    0.00   clock clk (rise edge)
                          0.00    0.00   clock source latency
                  0.04    0.03    0.03 ^ clk (in)
     1    0.01                           clk (net)
                  0.04    0.00    0.03 ^ clkbuf_0_clk/A (sky130_fd_sc_hd__clkbuf_16)
                  0.08    0.17    0.20 ^ clkbuf_0_clk/X (sky130_fd_sc_hd__clkbuf_16)
     8    0.06                           clknet_0_clk (net)
                  0.08    0.00    0.20 ^ clkbuf_3_5__f_clk/A (sky130_fd_sc_hd__clkbuf_16)
                  0.05    0.16    0.35 ^ clkbuf_3_5__f_clk/X (sky130_fd_sc_hd__clkbuf_16)
    10    0.03                           clknet_3_5__leaf_clk (net)
                  0.05    0.00    0.35 ^ _468_/CLK (sky130_fd_sc_hd__dfrtp_1)
                          0.25    0.60   clock uncertainty
                         -0.03    0.57   clock reconvergence pessimism
                         -0.04    0.53   library hold time
                                  0.53   data required time
-----------------------------------------------------------------------------
                                  0.53   data required time
                                 -1.13   data arrival time
-----------------------------------------------------------------------------
                                  0.60   slack (MET)


Startpoint: _479_ (rising edge-triggered flip-flop clocked by clk)
Endpoint: _485_ (rising edge-triggered flip-flop clocked by clk)
Path Group: clk
Path Type: min

Fanout     Cap    Slew   Delay    Time   Description
-----------------------------------------------------------------------------
                          0.00    0.00   clock clk (rise edge)
                          0.00    0.00   clock source latency
                  0.04    0.03    0.03 ^ clk (in)
     1    0.01                           clk (net)
                  0.04    0.00    0.03 ^ clkbuf_0_clk/A (sky130_fd_sc_hd__clkbuf_16)
                  0.08    0.15    0.18 ^ clkbuf_0_clk/X (sky130_fd_sc_hd__clkbuf_16)
     8    0.06                           clknet_0_clk (net)
                  0.08    0.00    0.18 ^ clkbuf_3_3__f_clk/A (sky130_fd_sc_hd__clkbuf_16)
                  0.05    0.14    0.32 ^ clkbuf_3_3__f_clk/X (sky130_fd_sc_hd__clkbuf_16)
    10    0.03                           clknet_3_3__leaf_clk (net)
                  0.05    0.00    0.32 ^ _479_/CLK (sky130_fd_sc_hd__dfxtp_1)
                  0.05    0.31    0.62 v _479_/Q (sky130_fd_sc_hd__dfxtp_1)
     4    0.01                           i_spi_reg.spi_clk (net)
                  0.05    0.00    0.62 v hold7/A (sky130_fd_sc_hd__dlygate4sd3_1)
                  0.06    0.53    1.15 v hold7/X (sky130_fd_sc_hd__dlygate4sd3_1)
     1    0.00                           net40 (net)
                  0.06    0.00    1.15 v _485_/D (sky130_fd_sc_hd__dfxtp_1)
                                  1.15   data arrival time

                          0.00    0.00   clock clk (rise edge)
                          0.00    0.00   clock source latency
                  0.04    0.03    0.03 ^ clk (in)
     1    0.01                           clk (net)
                  0.04    0.00    0.03 ^ clkbuf_0_clk/A (sky130_fd_sc_hd__clkbuf_16)
                  0.08    0.17    0.20 ^ clkbuf_0_clk/X (sky130_fd_sc_hd__clkbuf_16)
     8    0.06                           clknet_0_clk (net)
                  0.08    0.00    0.20 ^ clkbuf_3_3__f_clk/A (sky130_fd_sc_hd__clkbuf_16)
                  0.05    0.16    0.35 ^ clkbuf_3_3__f_clk/X (sky130_fd_sc_hd__clkbuf_16)
    10    0.03                           clknet_3_3__leaf_clk (net)
                  0.05    0.00    0.35 ^ _485_/CLK (sky130_fd_sc_hd__dfxtp_1)
                          0.25    0.60   clock uncertainty
                         -0.03    0.57   clock reconvergence pessimism
                         -0.06    0.51   library hold time
                                  0.51   data required time
-----------------------------------------------------------------------------
                                  0.51   data required time
                                 -1.15   data arrival time
-----------------------------------------------------------------------------
                                  0.64   slack (MET)


Startpoint: _506_ (rising edge-triggered flip-flop clocked by clk)
Endpoint: _506_ (rising edge-triggered flip-flop clocked by clk)
Path Group: clk
Path Type: min

Fanout     Cap    Slew   Delay    Time   Description
-----------------------------------------------------------------------------
                          0.00    0.00   clock clk (rise edge)
                          0.00    0.00   clock source latency
                  0.04    0.03    0.03 ^ clk (in)
     1    0.01                           clk (net)
                  0.04    0.00    0.03 ^ clkbuf_0_clk/A (sky130_fd_sc_hd__clkbuf_16)
                  0.08    0.15    0.18 ^ clkbuf_0_clk/X (sky130_fd_sc_hd__clkbuf_16)
     8    0.06                           clknet_0_clk (net)
                  0.08    0.00    0.18 ^ clkbuf_3_5__f_clk/A (sky130_fd_sc_hd__clkbuf_16)
                  0.05    0.14    0.32 ^ clkbuf_3_5__f_clk/X (sky130_fd_sc_hd__clkbuf_16)
    10    0.03                           clknet_3_5__leaf_clk (net)
                  0.05    0.00    0.32 ^ _506_/CLK (sky130_fd_sc_hd__dfrtp_1)
                  0.08    0.33    0.65 ^ _506_/Q (sky130_fd_sc_hd__dfrtp_1)
     3    0.01                           net6 (net)
                  0.08    0.00    0.65 ^ _431_/A1 (sky130_fd_sc_hd__a21o_1)
                  0.03    0.10    0.75 ^ _431_/X (sky130_fd_sc_hd__a21o_1)
     1    0.00                           _061_ (net)
                  0.03    0.00    0.75 ^ hold10/A (sky130_fd_sc_hd__dlygate4sd3_1)
                  0.05    0.50    1.25 ^ hold10/X (sky130_fd_sc_hd__dlygate4sd3_1)
     1    0.00                           net43 (net)
                  0.05    0.00    1.25 ^ _506_/D (sky130_fd_sc_hd__dfrtp_1)
                                  1.25   data arrival time

                          0.00    0.00   clock clk (rise edge)
                          0.00    0.00   clock source latency
                  0.04    0.03    0.03 ^ clk (in)
     1    0.01                           clk (net)
                  0.04    0.00    0.03 ^ clkbuf_0_clk/A (sky130_fd_sc_hd__clkbuf_16)
                  0.08    0.17    0.20 ^ clkbuf_0_clk/X (sky130_fd_sc_hd__clkbuf_16)
     8    0.06                           clknet_0_clk (net)
                  0.08    0.00    0.20 ^ clkbuf_3_5__f_clk/A (sky130_fd_sc_hd__clkbuf_16)
                  0.05    0.16    0.35 ^ clkbuf_3_5__f_clk/X (sky130_fd_sc_hd__clkbuf_16)
    10    0.03                           clknet_3_5__leaf_clk (net)
                  0.05    0.00    0.35 ^ _506_/CLK (sky130_fd_sc_hd__dfrtp_1)
                          0.25    0.60   clock uncertainty
                         -0.03    0.57   clock reconvergence pessimism
                         -0.04    0.53   library hold time
                                  0.53   data required time
-----------------------------------------------------------------------------
                                  0.53   data required time
                                 -1.25   data arrival time
-----------------------------------------------------------------------------
                                  0.72   slack (MET)


Startpoint: _475_ (rising edge-triggered flip-flop clocked by clk)
Endpoint: _489_ (rising edge-triggered flip-flop clocked by clk)
Path Group: clk
Path Type: min

Fanout     Cap    Slew   Delay    Time   Description
-----------------------------------------------------------------------------
                          0.00    0.00   clock clk (rise edge)
                          0.00    0.00   clock source latency
                  0.04    0.03    0.03 ^ clk (in)
     1    0.01                           clk (net)
                  0.04    0.00    0.03 ^ clkbuf_0_clk/A (sky130_fd_sc_hd__clkbuf_16)
                  0.08    0.15    0.18 ^ clkbuf_0_clk/X (sky130_fd_sc_hd__clkbuf_16)
     8    0.06                           clknet_0_clk (net)
                  0.08    0.00    0.18 ^ clkbuf_3_4__f_clk/A (sky130_fd_sc_hd__clkbuf_16)
                  0.04    0.13    0.30 ^ clkbuf_3_4__f_clk/X (sky130_fd_sc_hd__clkbuf_16)
     8    0.02                           clknet_3_4__leaf_clk (net)
                  0.04    0.00    0.30 ^ _475_/CLK (sky130_fd_sc_hd__dfxtp_1)
                  0.09    0.32    0.63 ^ _475_/Q (sky130_fd_sc_hd__dfxtp_1)
     3    0.01                           i_spi_reg.shift_reg[2] (net)
                  0.09    0.00    0.63 ^ _380_/A0 (sky130_fd_sc_hd__mux2_1)
                  0.04    0.12    0.75 ^ _380_/X (sky130_fd_sc_hd__mux2_1)
     1    0.00                           _182_ (net)
                  0.04    0.00    0.75 ^ hold41/A (sky130_fd_sc_hd__dlygate4sd3_1)
                  0.06    0.52    1.27 ^ hold41/X (sky130_fd_sc_hd__dlygate4sd3_1)
     1    0.00                           net74 (net)
                  0.06    0.00    1.27 ^ _381_/A (sky130_fd_sc_hd__clkbuf_1)
                  0.04    0.08    1.35 ^ _381_/X (sky130_fd_sc_hd__clkbuf_1)
     1    0.00                           _044_ (net)
                  0.04    0.00    1.35 ^ _489_/D (sky130_fd_sc_hd__dfxtp_1)
                                  1.35   data arrival time

                          0.00    0.00   clock clk (rise edge)
                          0.00    0.00   clock source latency
                  0.04    0.03    0.03 ^ clk (in)
     1    0.01                           clk (net)
                  0.04    0.00    0.03 ^ clkbuf_0_clk/A (sky130_fd_sc_hd__clkbuf_16)
                  0.08    0.17    0.20 ^ clkbuf_0_clk/X (sky130_fd_sc_hd__clkbuf_16)
     8    0.06                           clknet_0_clk (net)
                  0.08    0.00    0.20 ^ clkbuf_3_4__f_clk/A (sky130_fd_sc_hd__clkbuf_16)
                  0.04    0.14    0.34 ^ clkbuf_3_4__f_clk/X (sky130_fd_sc_hd__clkbuf_16)
     8    0.02                           clknet_3_4__leaf_clk (net)
                  0.04    0.00    0.34 ^ _489_/CLK (sky130_fd_sc_hd__dfxtp_1)
                          0.25    0.59   clock uncertainty
                         -0.03    0.55   clock reconvergence pessimism
                         -0.03    0.52   library hold time
                                  0.52   data required time
-----------------------------------------------------------------------------
                                  0.52   data required time
                                 -1.35   data arrival time
-----------------------------------------------------------------------------
                                  0.83   slack (MET)


Startpoint: _467_ (rising edge-triggered flip-flop clocked by clk)
Endpoint: _467_ (rising edge-triggered flip-flop clocked by clk)
Path Group: clk
Path Type: min

Fanout     Cap    Slew   Delay    Time   Description
-----------------------------------------------------------------------------
                          0.00    0.00   clock clk (rise edge)
                          0.00    0.00   clock source latency
                  0.04    0.03    0.03 ^ clk (in)
     1    0.01                           clk (net)
                  0.04    0.00    0.03 ^ clkbuf_0_clk/A (sky130_fd_sc_hd__clkbuf_16)
                  0.08    0.15    0.18 ^ clkbuf_0_clk/X (sky130_fd_sc_hd__clkbuf_16)
     8    0.06                           clknet_0_clk (net)
                  0.08    0.00    0.18 ^ clkbuf_3_5__f_clk/A (sky130_fd_sc_hd__clkbuf_16)
                  0.05    0.14    0.32 ^ clkbuf_3_5__f_clk/X (sky130_fd_sc_hd__clkbuf_16)
    10    0.03                           clknet_3_5__leaf_clk (net)
                  0.05    0.00    0.32 ^ _467_/CLK (sky130_fd_sc_hd__dfrtp_1)
                  0.08    0.33    0.65 ^ _467_/Q (sky130_fd_sc_hd__dfrtp_1)
     2    0.01                           dut.ctrl_auto (net)
                  0.08    0.00    0.65 ^ _332_/A0 (sky130_fd_sc_hd__mux2_1)
                  0.04    0.12    0.77 ^ _332_/X (sky130_fd_sc_hd__mux2_1)
     1    0.00                           _146_ (net)
                  0.04    0.00    0.77 ^ hold48/A (sky130_fd_sc_hd__dlygate4sd3_1)
                  0.05    0.51    1.27 ^ hold48/X (sky130_fd_sc_hd__dlygate4sd3_1)
     1    0.00                           net81 (net)
                  0.05    0.00    1.27 ^ _333_/A (sky130_fd_sc_hd__clkbuf_1)
                  0.06    0.09    1.36 ^ _333_/X (sky130_fd_sc_hd__clkbuf_1)
     1    0.00                           _032_ (net)
                  0.06    0.00    1.36 ^ _467_/D (sky130_fd_sc_hd__dfrtp_1)
                                  1.36   data arrival time

                          0.00    0.00   clock clk (rise edge)
                          0.00    0.00   clock source latency
                  0.04    0.03    0.03 ^ clk (in)
     1    0.01                           clk (net)
                  0.04    0.00    0.03 ^ clkbuf_0_clk/A (sky130_fd_sc_hd__clkbuf_16)
                  0.08    0.17    0.20 ^ clkbuf_0_clk/X (sky130_fd_sc_hd__clkbuf_16)
     8    0.06                           clknet_0_clk (net)
                  0.08    0.00    0.20 ^ clkbuf_3_5__f_clk/A (sky130_fd_sc_hd__clkbuf_16)
                  0.05    0.16    0.35 ^ clkbuf_3_5__f_clk/X (sky130_fd_sc_hd__clkbuf_16)
    10    0.03                           clknet_3_5__leaf_clk (net)
                  0.05    0.00    0.35 ^ _467_/CLK (sky130_fd_sc_hd__dfrtp_1)
                          0.25    0.60   clock uncertainty
                         -0.03    0.57   clock reconvergence pessimism
                         -0.04    0.53   library hold time
                                  0.53   data required time
-----------------------------------------------------------------------------
                                  0.53   data required time
                                 -1.36   data arrival time
-----------------------------------------------------------------------------
                                  0.83   slack (MET)


Startpoint: uio_in[6] (input port clocked by clk)
Endpoint: _482_ (rising edge-triggered flip-flop clocked by clk)
Path Group: clk
Path Type: min

Fanout     Cap    Slew   Delay    Time   Description
-----------------------------------------------------------------------------
                          0.00    0.00   clock clk (rise edge)
                          0.00    0.00   clock network delay (propagated)
                          2.00    2.00 ^ input external delay
                  0.02    0.01    2.01 ^ uio_in[6] (in)
     1    0.00                           uio_in[6] (net)
                  0.02    0.00    2.01 ^ input5/A (sky130_fd_sc_hd__clkbuf_1)
                  0.04    0.06    2.07 ^ input5/X (sky130_fd_sc_hd__clkbuf_1)
     1    0.00                           net5 (net)
                  0.04    0.00    2.07 ^ _482_/D (sky130_fd_sc_hd__dfxtp_1)
                                  2.07   data arrival time

                          0.00    0.00   clock clk (rise edge)
                          0.00    0.00   clock source latency
                  0.04    0.03    0.03 ^ clk (in)
     1    0.01                           clk (net)
                  0.04    0.00    0.03 ^ clkbuf_0_clk/A (sky130_fd_sc_hd__clkbuf_16)
                  0.08    0.17    0.20 ^ clkbuf_0_clk/X (sky130_fd_sc_hd__clkbuf_16)
     8    0.06                           clknet_0_clk (net)
                  0.08    0.00    0.20 ^ clkbuf_3_6__f_clk/A (sky130_fd_sc_hd__clkbuf_16)
                  0.05    0.15    0.35 ^ clkbuf_3_6__f_clk/X (sky130_fd_sc_hd__clkbuf_16)
     8    0.03                           clknet_3_6__leaf_clk (net)
                  0.05    0.00    0.35 ^ _482_/CLK (sky130_fd_sc_hd__dfxtp_1)
                          0.25    0.60   clock uncertainty
                          0.00    0.60   clock reconvergence pessimism
                         -0.03    0.57   library hold time
                                  0.57   data required time
-----------------------------------------------------------------------------
                                  0.57   data required time
                                 -2.07   data arrival time
-----------------------------------------------------------------------------
                                  1.50   slack (MET)


Startpoint: ui_in[0] (input port clocked by clk)
Endpoint: _435_ (rising edge-triggered flip-flop clocked by clk)
Path Group: clk
Path Type: min

Fanout     Cap    Slew   Delay    Time   Description
-----------------------------------------------------------------------------
                          0.00    0.00   clock clk (rise edge)
                          0.00    0.00   clock network delay (propagated)
                          2.00    2.00 ^ input external delay
                  0.02    0.01    2.01 ^ ui_in[0] (in)
     1    0.00                           ui_in[0] (net)
                  0.02    0.00    2.01 ^ input2/A (sky130_fd_sc_hd__clkbuf_1)
                  0.05    0.07    2.08 ^ input2/X (sky130_fd_sc_hd__clkbuf_1)
     1    0.00                           net2 (net)
                  0.05    0.00    2.08 ^ _435_/D (sky130_fd_sc_hd__dfxtp_1)
                                  2.08   data arrival time

                          0.00    0.00   clock clk (rise edge)
                          0.00    0.00   clock source latency
                  0.04    0.03    0.03 ^ clk (in)
     1    0.01                           clk (net)
                  0.04    0.00    0.03 ^ clkbuf_0_clk/A (sky130_fd_sc_hd__clkbuf_16)
                  0.08    0.17    0.20 ^ clkbuf_0_clk/X (sky130_fd_sc_hd__clkbuf_16)
     8    0.06                           clknet_0_clk (net)
                  0.08    0.00    0.20 ^ clkbuf_3_5__f_clk/A (sky130_fd_sc_hd__clkbuf_16)
                  0.05    0.16    0.35 ^ clkbuf_3_5__f_clk/X (sky130_fd_sc_hd__clkbuf_16)
    10    0.03                           clknet_3_5__leaf_clk (net)
                  0.05    0.00    0.35 ^ _435_/CLK (sky130_fd_sc_hd__dfxtp_1)
                          0.25    0.60   clock uncertainty
                          0.00    0.60   clock reconvergence pessimism
                         -0.03    0.57   library hold time
                                  0.57   data required time
-----------------------------------------------------------------------------
                                  0.57   data required time
                                 -2.08   data arrival time
-----------------------------------------------------------------------------
                                  1.51   slack (MET)


Startpoint: uio_in[4] (input port clocked by clk)
Endpoint: _478_ (rising edge-triggered flip-flop clocked by clk)
Path Group: clk
Path Type: min

Fanout     Cap    Slew   Delay    Time   Description
-----------------------------------------------------------------------------
                          0.00    0.00   clock clk (rise edge)
                          0.00    0.00   clock network delay (propagated)
                          2.00    2.00 ^ input external delay
                  0.02    0.01    2.01 ^ uio_in[4] (in)
     1    0.00                           uio_in[4] (net)
                  0.02    0.00    2.01 ^ input3/A (sky130_fd_sc_hd__clkbuf_1)
                  0.04    0.07    2.08 ^ input3/X (sky130_fd_sc_hd__clkbuf_1)
     1    0.00                           net3 (net)
                  0.04    0.00    2.08 ^ _478_/D (sky130_fd_sc_hd__dfxtp_1)
                                  2.08   data arrival time

                          0.00    0.00   clock clk (rise edge)
                          0.00    0.00   clock source latency
                  0.04    0.03    0.03 ^ clk (in)
     1    0.01                           clk (net)
                  0.04    0.00    0.03 ^ clkbuf_0_clk/A (sky130_fd_sc_hd__clkbuf_16)
                  0.08    0.17    0.20 ^ clkbuf_0_clk/X (sky130_fd_sc_hd__clkbuf_16)
     8    0.06                           clknet_0_clk (net)
                  0.08    0.00    0.20 ^ clkbuf_3_2__f_clk/A (sky130_fd_sc_hd__clkbuf_16)
                  0.04    0.14    0.34 ^ clkbuf_3_2__f_clk/X (sky130_fd_sc_hd__clkbuf_16)
     9    0.02                           clknet_3_2__leaf_clk (net)
                  0.04    0.00    0.34 ^ _478_/CLK (sky130_fd_sc_hd__dfxtp_1)
                          0.25    0.59   clock uncertainty
                          0.00    0.59   clock reconvergence pessimism
                         -0.03    0.56   library hold time
                                  0.56   data required time
-----------------------------------------------------------------------------
                                  0.56   data required time
                                 -2.08   data arrival time
-----------------------------------------------------------------------------
                                  1.52   slack (MET)


Startpoint: uio_in[5] (input port clocked by clk)
Endpoint: _480_ (rising edge-triggered flip-flop clocked by clk)
Path Group: clk
Path Type: min

Fanout     Cap    Slew   Delay    Time   Description
-----------------------------------------------------------------------------
                          0.00    0.00   clock clk (rise edge)
                          0.00    0.00   clock network delay (propagated)
                          2.00    2.00 ^ input external delay
                  0.02    0.01    2.01 ^ uio_in[5] (in)
     1    0.00                           uio_in[5] (net)
                  0.02    0.00    2.01 ^ input4/A (sky130_fd_sc_hd__clkbuf_1)
                  0.06    0.08    2.09 ^ input4/X (sky130_fd_sc_hd__clkbuf_1)
     1    0.00                           net4 (net)
                  0.06    0.00    2.09 ^ _480_/D (sky130_fd_sc_hd__dfxtp_1)
                                  2.09   data arrival time

                          0.00    0.00   clock clk (rise edge)
                          0.00    0.00   clock source latency
                  0.04    0.03    0.03 ^ clk (in)
     1    0.01                           clk (net)
                  0.04    0.00    0.03 ^ clkbuf_0_clk/A (sky130_fd_sc_hd__clkbuf_16)
                  0.08    0.17    0.20 ^ clkbuf_0_clk/X (sky130_fd_sc_hd__clkbuf_16)
     8    0.06                           clknet_0_clk (net)
                  0.08    0.00    0.20 ^ clkbuf_3_0__f_clk/A (sky130_fd_sc_hd__clkbuf_16)
                  0.05    0.16    0.35 ^ clkbuf_3_0__f_clk/X (sky130_fd_sc_hd__clkbuf_16)
    10    0.03                           clknet_3_0__leaf_clk (net)
                  0.05    0.00    0.35 ^ _480_/CLK (sky130_fd_sc_hd__dfxtp_1)
                          0.25    0.60   clock uncertainty
                          0.00    0.60   clock reconvergence pessimism
                         -0.03    0.57   library hold time
                                  0.57   data required time
-----------------------------------------------------------------------------
                                  0.57   data required time
                                 -2.09   data arrival time
-----------------------------------------------------------------------------
                                  1.52   slack (MET)


Startpoint: _498_ (rising edge-triggered flip-flop clocked by clk)
Endpoint: uio_out[1] (output port clocked by clk)
Path Group: clk
Path Type: min

Fanout     Cap    Slew   Delay    Time   Description
-----------------------------------------------------------------------------
                          0.00    0.00   clock clk (rise edge)
                          0.00    0.00   clock source latency
                  0.04    0.03    0.03 ^ clk (in)
     1    0.01                           clk (net)
                  0.04    0.00    0.03 ^ clkbuf_0_clk/A (sky130_fd_sc_hd__clkbuf_16)
                  0.08    0.15    0.18 ^ clkbuf_0_clk/X (sky130_fd_sc_hd__clkbuf_16)
     8    0.06                           clknet_0_clk (net)
                  0.08    0.00    0.18 ^ clkbuf_3_3__f_clk/A (sky130_fd_sc_hd__clkbuf_16)
                  0.05    0.14    0.32 ^ clkbuf_3_3__f_clk/X (sky130_fd_sc_hd__clkbuf_16)
    10    0.03                           clknet_3_3__leaf_clk (net)
                  0.05    0.00    0.32 ^ _498_/CLK (sky130_fd_sc_hd__dfxtp_1)
                  0.05    0.30    0.62 v _498_/Q (sky130_fd_sc_hd__dfxtp_1)
     2    0.01                           net7 (net)
                  0.05    0.00    0.62 v output7/A (sky130_fd_sc_hd__clkbuf_4)
                  0.08    0.18    0.80 v output7/X (sky130_fd_sc_hd__clkbuf_4)
     1    0.04                           uio_out[1] (net)
                  0.08    0.00    0.80 v uio_out[1] (out)
                                  0.80   data arrival time

                          0.00    0.00   clock clk (rise edge)
                          0.00    0.00   clock network delay (propagated)
                          0.25    0.25   clock uncertainty
                          0.00    0.25   clock reconvergence pessimism
                         -2.00   -1.75   output external delay
                                 -1.75   data required time
-----------------------------------------------------------------------------
                                 -1.75   data required time
                                 -0.80   data arrival time
-----------------------------------------------------------------------------
                                  2.55   slack (MET)


Startpoint: _507_ (rising edge-triggered flip-flop clocked by clk)
Endpoint: uio_out[3] (output port clocked by clk)
Path Group: clk
Path Type: min

Fanout     Cap    Slew   Delay    Time   Description
-----------------------------------------------------------------------------
                          0.00    0.00   clock clk (rise edge)
                          0.00    0.00   clock source latency
                  0.04    0.03    0.03 ^ clk (in)
     1    0.01                           clk (net)
                  0.04    0.00    0.03 ^ clkbuf_0_clk/A (sky130_fd_sc_hd__clkbuf_16)
                  0.08    0.15    0.18 ^ clkbuf_0_clk/X (sky130_fd_sc_hd__clkbuf_16)
     8    0.06                           clknet_0_clk (net)
                  0.08    0.00    0.18 ^ clkbuf_3_1__f_clk/A (sky130_fd_sc_hd__clkbuf_16)
                  0.05    0.13    0.31 ^ clkbuf_3_1__f_clk/X (sky130_fd_sc_hd__clkbuf_16)
    12    0.02                           clknet_3_1__leaf_clk (net)
                  0.05    0.00    0.31 ^ _507_/CLK (sky130_fd_sc_hd__dfxtp_1)
                  0.06    0.31    0.62 v _507_/Q (sky130_fd_sc_hd__dfxtp_1)
     2    0.01                           net8 (net)
                  0.06    0.00    0.62 v output8/A (sky130_fd_sc_hd__clkbuf_4)
                  0.08    0.18    0.80 v output8/X (sky130_fd_sc_hd__clkbuf_4)
     1    0.03                           uio_out[3] (net)
                  0.08    0.00    0.80 v uio_out[3] (out)
                                  0.80   data arrival time

                          0.00    0.00   clock clk (rise edge)
                          0.00    0.00   clock network delay (propagated)
                          0.25    0.25   clock uncertainty
                          0.00    0.25   clock reconvergence pessimism
                         -2.00   -1.75   output external delay
                                 -1.75   data required time
-----------------------------------------------------------------------------
                                 -1.75   data required time
                                 -0.80   data arrival time
-----------------------------------------------------------------------------
                                  2.55   slack (MET)


Startpoint: _506_ (rising edge-triggered flip-flop clocked by clk)
Endpoint: uio_out[0] (output port clocked by clk)
Path Group: clk
Path Type: min

Fanout     Cap    Slew   Delay    Time   Description
-----------------------------------------------------------------------------
                          0.00    0.00   clock clk (rise edge)
                          0.00    0.00   clock source latency
                  0.04    0.03    0.03 ^ clk (in)
     1    0.01                           clk (net)
                  0.04    0.00    0.03 ^ clkbuf_0_clk/A (sky130_fd_sc_hd__clkbuf_16)
                  0.08    0.15    0.18 ^ clkbuf_0_clk/X (sky130_fd_sc_hd__clkbuf_16)
     8    0.06                           clknet_0_clk (net)
                  0.08    0.00    0.18 ^ clkbuf_3_5__f_clk/A (sky130_fd_sc_hd__clkbuf_16)
                  0.05    0.14    0.32 ^ clkbuf_3_5__f_clk/X (sky130_fd_sc_hd__clkbuf_16)
    10    0.03                           clknet_3_5__leaf_clk (net)
                  0.05    0.00    0.32 ^ _506_/CLK (sky130_fd_sc_hd__dfrtp_1)
                  0.08    0.33    0.65 ^ _506_/Q (sky130_fd_sc_hd__dfrtp_1)
     3    0.01                           net6 (net)
                  0.08    0.00    0.65 ^ output6/A (sky130_fd_sc_hd__clkbuf_4)
                  0.11    0.19    0.84 ^ output6/X (sky130_fd_sc_hd__clkbuf_4)
     1    0.03                           uio_out[0] (net)
                  0.11    0.00    0.84 ^ uio_out[0] (out)
                                  0.84   data arrival time

                          0.00    0.00   clock clk (rise edge)
                          0.00    0.00   clock network delay (propagated)
                          0.25    0.25   clock uncertainty
                          0.00    0.25   clock reconvergence pessimism
                         -2.00   -1.75   output external delay
                                 -1.75   data required time
-----------------------------------------------------------------------------
                                 -1.75   data required time
                                 -0.84   data arrival time
-----------------------------------------------------------------------------
                                  2.59   slack (MET)


Startpoint: _436_ (rising edge-triggered flip-flop clocked by clk')
Endpoint: _466_ (removal check against rising-edge clock clk)
Path Group: asynchronous
Path Type: min

Fanout     Cap    Slew   Delay    Time   Description
-----------------------------------------------------------------------------
                          5.00    5.00   clock clk' (rise edge)
                          0.00    5.00   clock source latency
                  0.02    0.01    5.01 v clk (in)
     1    0.01                           clk (net)
                  0.02    0.00    5.01 v clkbuf_0_clk/A (sky130_fd_sc_hd__clkbuf_16)
                  0.06    0.15    5.16 v clkbuf_0_clk/X (sky130_fd_sc_hd__clkbuf_16)
     8    0.06                           clknet_0_clk (net)
                  0.06    0.00    5.16 v clkbuf_3_5__f_clk/A (sky130_fd_sc_hd__clkbuf_16)
                  0.04    0.15    5.31 v clkbuf_3_5__f_clk/X (sky130_fd_sc_hd__clkbuf_16)
    10    0.03                           clknet_3_5__leaf_clk (net)
                  0.04    0.00    5.31 v _234__1/A (sky130_fd_sc_hd__inv_2)
                  0.02    0.04    5.35 ^ _234__1/Y (sky130_fd_sc_hd__inv_2)
     1    0.00                           net33 (net)
                  0.02    0.00    5.35 ^ _436_/CLK (sky130_fd_sc_hd__dfxtp_1)
                  0.11    0.32    5.67 ^ _436_/Q (sky130_fd_sc_hd__dfxtp_1)
     2    0.01                           dut.rst_n (net)
                  0.11    0.00    5.67 ^ _466_/RESET_B (sky130_fd_sc_hd__dfrtp_1)
                                  5.67   data arrival time

                          0.00    0.00   clock clk (rise edge)
                          0.00    0.00   clock source latency
                  0.04    0.03    0.03 ^ clk (in)
     1    0.01                           clk (net)
                  0.04    0.00    0.03 ^ clkbuf_0_clk/A (sky130_fd_sc_hd__clkbuf_16)
                  0.08    0.17    0.20 ^ clkbuf_0_clk/X (sky130_fd_sc_hd__clkbuf_16)
     8    0.06                           clknet_0_clk (net)
                  0.08    0.00    0.20 ^ clkbuf_3_7__f_clk/A (sky130_fd_sc_hd__clkbuf_16)
                  0.04    0.15    0.34 ^ clkbuf_3_7__f_clk/X (sky130_fd_sc_hd__clkbuf_16)
     7    0.02                           clknet_3_7__leaf_clk (net)
                  0.04    0.00    0.34 ^ _466_/CLK (sky130_fd_sc_hd__dfrtp_1)
                          0.25    0.59   clock uncertainty
                         -0.02    0.58   clock reconvergence pessimism
                          0.34    0.91   library removal time
                                  0.91   data required time
-----------------------------------------------------------------------------
                                  0.91   data required time
                                 -5.67   data arrival time
-----------------------------------------------------------------------------
                                  4.76   slack (MET)


Startpoint: _436_ (rising edge-triggered flip-flop clocked by clk')
Endpoint: _462_ (removal check against rising-edge clock clk)
Path Group: asynchronous
Path Type: min

Fanout     Cap    Slew   Delay    Time   Description
-----------------------------------------------------------------------------
                          5.00    5.00   clock clk' (rise edge)
                          0.00    5.00   clock source latency
                  0.02    0.01    5.01 v clk (in)
     1    0.01                           clk (net)
                  0.02    0.00    5.01 v clkbuf_0_clk/A (sky130_fd_sc_hd__clkbuf_16)
                  0.06    0.15    5.16 v clkbuf_0_clk/X (sky130_fd_sc_hd__clkbuf_16)
     8    0.06                           clknet_0_clk (net)
                  0.06    0.00    5.16 v clkbuf_3_5__f_clk/A (sky130_fd_sc_hd__clkbuf_16)
                  0.04    0.15    5.31 v clkbuf_3_5__f_clk/X (sky130_fd_sc_hd__clkbuf_16)
    10    0.03                           clknet_3_5__leaf_clk (net)
                  0.04    0.00    5.31 v _234__1/A (sky130_fd_sc_hd__inv_2)
                  0.02    0.04    5.35 ^ _234__1/Y (sky130_fd_sc_hd__inv_2)
     1    0.00                           net33 (net)
                  0.02    0.00    5.35 ^ _436_/CLK (sky130_fd_sc_hd__dfxtp_1)
                  0.11    0.32    5.67 ^ _436_/Q (sky130_fd_sc_hd__dfxtp_1)
     2    0.01                           dut.rst_n (net)
                  0.11    0.00    5.67 ^ fanout9/A (sky130_fd_sc_hd__clkbuf_4)
                  0.11    0.19    5.87 ^ fanout9/X (sky130_fd_sc_hd__clkbuf_4)
    10    0.03                           net9 (net)
                  0.11    0.00    5.87 ^ _462_/RESET_B (sky130_fd_sc_hd__dfrtp_1)
                                  5.87   data arrival time

                          0.00    0.00   clock clk (rise edge)
                          0.00    0.00   clock source latency
                  0.04    0.03    0.03 ^ clk (in)
     1    0.01                           clk (net)
                  0.04    0.00    0.03 ^ clkbuf_0_clk/A (sky130_fd_sc_hd__clkbuf_16)
                  0.08    0.17    0.20 ^ clkbuf_0_clk/X (sky130_fd_sc_hd__clkbuf_16)
     8    0.06                           clknet_0_clk (net)
                  0.08    0.00    0.20 ^ clkbuf_3_5__f_clk/A (sky130_fd_sc_hd__clkbuf_16)
                  0.05    0.16    0.35 ^ clkbuf_3_5__f_clk/X (sky130_fd_sc_hd__clkbuf_16)
    10    0.03                           clknet_3_5__leaf_clk (net)
                  0.05    0.00    0.35 ^ _462_/CLK (sky130_fd_sc_hd__dfrtp_1)
                          0.25    0.60   clock uncertainty
                         -0.03    0.57   clock reconvergence pessimism
                          0.34    0.91   library removal time
                                  0.91   data required time
-----------------------------------------------------------------------------
                                  0.91   data required time
                                 -5.87   data arrival time
-----------------------------------------------------------------------------
                                  4.95   slack (MET)


Startpoint: _436_ (rising edge-triggered flip-flop clocked by clk')
Endpoint: _464_ (removal check against rising-edge clock clk)
Path Group: asynchronous
Path Type: min

Fanout     Cap    Slew   Delay    Time   Description
-----------------------------------------------------------------------------
                          5.00    5.00   clock clk' (rise edge)
                          0.00    5.00   clock source latency
                  0.02    0.01    5.01 v clk (in)
     1    0.01                           clk (net)
                  0.02    0.00    5.01 v clkbuf_0_clk/A (sky130_fd_sc_hd__clkbuf_16)
                  0.06    0.15    5.16 v clkbuf_0_clk/X (sky130_fd_sc_hd__clkbuf_16)
     8    0.06                           clknet_0_clk (net)
                  0.06    0.00    5.16 v clkbuf_3_5__f_clk/A (sky130_fd_sc_hd__clkbuf_16)
                  0.04    0.15    5.31 v clkbuf_3_5__f_clk/X (sky130_fd_sc_hd__clkbuf_16)
    10    0.03                           clknet_3_5__leaf_clk (net)
                  0.04    0.00    5.31 v _234__1/A (sky130_fd_sc_hd__inv_2)
                  0.02    0.04    5.35 ^ _234__1/Y (sky130_fd_sc_hd__inv_2)
     1    0.00                           net33 (net)
                  0.02    0.00    5.35 ^ _436_/CLK (sky130_fd_sc_hd__dfxtp_1)
                  0.11    0.32    5.67 ^ _436_/Q (sky130_fd_sc_hd__dfxtp_1)
     2    0.01                           dut.rst_n (net)
                  0.11    0.00    5.67 ^ fanout9/A (sky130_fd_sc_hd__clkbuf_4)
                  0.11    0.19    5.87 ^ fanout9/X (sky130_fd_sc_hd__clkbuf_4)
    10    0.03                           net9 (net)
                  0.11    0.00    5.87 ^ _464_/RESET_B (sky130_fd_sc_hd__dfrtp_1)
                                  5.87   data arrival time

                          0.00    0.00   clock clk (rise edge)
                          0.00    0.00   clock source latency
                  0.04    0.03    0.03 ^ clk (in)
     1    0.01                           clk (net)
                  0.04    0.00    0.03 ^ clkbuf_0_clk/A (sky130_fd_sc_hd__clkbuf_16)
                  0.08    0.17    0.20 ^ clkbuf_0_clk/X (sky130_fd_sc_hd__clkbuf_16)
     8    0.06                           clknet_0_clk (net)
                  0.08    0.00    0.20 ^ clkbuf_3_5__f_clk/A (sky130_fd_sc_hd__clkbuf_16)
                  0.05    0.16    0.35 ^ clkbuf_3_5__f_clk/X (sky130_fd_sc_hd__clkbuf_16)
    10    0.03                           clknet_3_5__leaf_clk (net)
                  0.05    0.00    0.35 ^ _464_/CLK (sky130_fd_sc_hd__dfrtp_1)
                          0.25    0.60   clock uncertainty
                         -0.03    0.57   clock reconvergence pessimism
                          0.34    0.91   library removal time
                                  0.91   data required time
-----------------------------------------------------------------------------
                                  0.91   data required time
                                 -5.87   data arrival time
-----------------------------------------------------------------------------
                                  4.95   slack (MET)


Startpoint: _436_ (rising edge-triggered flip-flop clocked by clk')
Endpoint: _468_ (removal check against rising-edge clock clk)
Path Group: asynchronous
Path Type: min

Fanout     Cap    Slew   Delay    Time   Description
-----------------------------------------------------------------------------
                          5.00    5.00   clock clk' (rise edge)
                          0.00    5.00   clock source latency
                  0.02    0.01    5.01 v clk (in)
     1    0.01                           clk (net)
                  0.02    0.00    5.01 v clkbuf_0_clk/A (sky130_fd_sc_hd__clkbuf_16)
                  0.06    0.15    5.16 v clkbuf_0_clk/X (sky130_fd_sc_hd__clkbuf_16)
     8    0.06                           clknet_0_clk (net)
                  0.06    0.00    5.16 v clkbuf_3_5__f_clk/A (sky130_fd_sc_hd__clkbuf_16)
                  0.04    0.15    5.31 v clkbuf_3_5__f_clk/X (sky130_fd_sc_hd__clkbuf_16)
    10    0.03                           clknet_3_5__leaf_clk (net)
                  0.04    0.00    5.31 v _234__1/A (sky130_fd_sc_hd__inv_2)
                  0.02    0.04    5.35 ^ _234__1/Y (sky130_fd_sc_hd__inv_2)
     1    0.00                           net33 (net)
                  0.02    0.00    5.35 ^ _436_/CLK (sky130_fd_sc_hd__dfxtp_1)
                  0.11    0.32    5.67 ^ _436_/Q (sky130_fd_sc_hd__dfxtp_1)
     2    0.01                           dut.rst_n (net)
                  0.11    0.00    5.67 ^ fanout9/A (sky130_fd_sc_hd__clkbuf_4)
                  0.11    0.19    5.87 ^ fanout9/X (sky130_fd_sc_hd__clkbuf_4)
    10    0.03                           net9 (net)
                  0.11    0.00    5.87 ^ _468_/RESET_B (sky130_fd_sc_hd__dfrtp_1)
                                  5.87   data arrival time

                          0.00    0.00   clock clk (rise edge)
                          0.00    0.00   clock source latency
                  0.04    0.03    0.03 ^ clk (in)
     1    0.01                           clk (net)
                  0.04    0.00    0.03 ^ clkbuf_0_clk/A (sky130_fd_sc_hd__clkbuf_16)
                  0.08    0.17    0.20 ^ clkbuf_0_clk/X (sky130_fd_sc_hd__clkbuf_16)
     8    0.06                           clknet_0_clk (net)
                  0.08    0.00    0.20 ^ clkbuf_3_5__f_clk/A (sky130_fd_sc_hd__clkbuf_16)
                  0.05    0.16    0.35 ^ clkbuf_3_5__f_clk/X (sky130_fd_sc_hd__clkbuf_16)
    10    0.03                           clknet_3_5__leaf_clk (net)
                  0.05    0.00    0.35 ^ _468_/CLK (sky130_fd_sc_hd__dfrtp_1)
                          0.25    0.60   clock uncertainty
                         -0.03    0.57   clock reconvergence pessimism
                          0.34    0.91   library removal time
                                  0.91   data required time
-----------------------------------------------------------------------------
                                  0.91   data required time
                                 -5.87   data arrival time
-----------------------------------------------------------------------------
                                  4.95   slack (MET)


Startpoint: _436_ (rising edge-triggered flip-flop clocked by clk')
Endpoint: _461_ (removal check against rising-edge clock clk)
Path Group: asynchronous
Path Type: min

Fanout     Cap    Slew   Delay    Time   Description
-----------------------------------------------------------------------------
                          5.00    5.00   clock clk' (rise edge)
                          0.00    5.00   clock source latency
                  0.02    0.01    5.01 v clk (in)
     1    0.01                           clk (net)
                  0.02    0.00    5.01 v clkbuf_0_clk/A (sky130_fd_sc_hd__clkbuf_16)
                  0.06    0.15    5.16 v clkbuf_0_clk/X (sky130_fd_sc_hd__clkbuf_16)
     8    0.06                           clknet_0_clk (net)
                  0.06    0.00    5.16 v clkbuf_3_5__f_clk/A (sky130_fd_sc_hd__clkbuf_16)
                  0.04    0.15    5.31 v clkbuf_3_5__f_clk/X (sky130_fd_sc_hd__clkbuf_16)
    10    0.03                           clknet_3_5__leaf_clk (net)
                  0.04    0.00    5.31 v _234__1/A (sky130_fd_sc_hd__inv_2)
                  0.02    0.04    5.35 ^ _234__1/Y (sky130_fd_sc_hd__inv_2)
     1    0.00                           net33 (net)
                  0.02    0.00    5.35 ^ _436_/CLK (sky130_fd_sc_hd__dfxtp_1)
                  0.11    0.32    5.67 ^ _436_/Q (sky130_fd_sc_hd__dfxtp_1)
     2    0.01                           dut.rst_n (net)
                  0.11    0.00    5.67 ^ fanout9/A (sky130_fd_sc_hd__clkbuf_4)
                  0.11    0.19    5.87 ^ fanout9/X (sky130_fd_sc_hd__clkbuf_4)
    10    0.03                           net9 (net)
                  0.11    0.00    5.87 ^ _461_/RESET_B (sky130_fd_sc_hd__dfrtp_1)
                                  5.87   data arrival time

                          0.00    0.00   clock clk (rise edge)
                          0.00    0.00   clock source latency
                  0.04    0.03    0.03 ^ clk (in)
     1    0.01                           clk (net)
                  0.04    0.00    0.03 ^ clkbuf_0_clk/A (sky130_fd_sc_hd__clkbuf_16)
                  0.08    0.17    0.20 ^ clkbuf_0_clk/X (sky130_fd_sc_hd__clkbuf_16)
     8    0.06                           clknet_0_clk (net)
                  0.08    0.00    0.20 ^ clkbuf_3_5__f_clk/A (sky130_fd_sc_hd__clkbuf_16)
                  0.05    0.16    0.35 ^ clkbuf_3_5__f_clk/X (sky130_fd_sc_hd__clkbuf_16)
    10    0.03                           clknet_3_5__leaf_clk (net)
                  0.05    0.00    0.35 ^ _461_/CLK (sky130_fd_sc_hd__dfrtp_1)
                          0.25    0.60   clock uncertainty
                         -0.03    0.57   clock reconvergence pessimism
                          0.34    0.91   library removal time
                                  0.91   data required time
-----------------------------------------------------------------------------
                                  0.91   data required time
                                 -5.87   data arrival time
-----------------------------------------------------------------------------
                                  4.96   slack (MET)


Startpoint: _436_ (rising edge-triggered flip-flop clocked by clk')
Endpoint: _506_ (removal check against rising-edge clock clk)
Path Group: asynchronous
Path Type: min

Fanout     Cap    Slew   Delay    Time   Description
-----------------------------------------------------------------------------
                          5.00    5.00   clock clk' (rise edge)
                          0.00    5.00   clock source latency
                  0.02    0.01    5.01 v clk (in)
     1    0.01                           clk (net)
                  0.02    0.00    5.01 v clkbuf_0_clk/A (sky130_fd_sc_hd__clkbuf_16)
                  0.06    0.15    5.16 v clkbuf_0_clk/X (sky130_fd_sc_hd__clkbuf_16)
     8    0.06                           clknet_0_clk (net)
                  0.06    0.00    5.16 v clkbuf_3_5__f_clk/A (sky130_fd_sc_hd__clkbuf_16)
                  0.04    0.15    5.31 v clkbuf_3_5__f_clk/X (sky130_fd_sc_hd__clkbuf_16)
    10    0.03                           clknet_3_5__leaf_clk (net)
                  0.04    0.00    5.31 v _234__1/A (sky130_fd_sc_hd__inv_2)
                  0.02    0.04    5.35 ^ _234__1/Y (sky130_fd_sc_hd__inv_2)
     1    0.00                           net33 (net)
                  0.02    0.00    5.35 ^ _436_/CLK (sky130_fd_sc_hd__dfxtp_1)
                  0.11    0.32    5.67 ^ _436_/Q (sky130_fd_sc_hd__dfxtp_1)
     2    0.01                           dut.rst_n (net)
                  0.11    0.00    5.67 ^ fanout9/A (sky130_fd_sc_hd__clkbuf_4)
                  0.11    0.19    5.87 ^ fanout9/X (sky130_fd_sc_hd__clkbuf_4)
    10    0.03                           net9 (net)
                  0.11    0.00    5.87 ^ _506_/RESET_B (sky130_fd_sc_hd__dfrtp_1)
                                  5.87   data arrival time

                          0.00    0.00   clock clk (rise edge)
                          0.00    0.00   clock source latency
                  0.04    0.03    0.03 ^ clk (in)
     1    0.01                           clk (net)
                  0.04    0.00    0.03 ^ clkbuf_0_clk/A (sky130_fd_sc_hd__clkbuf_16)
                  0.08    0.17    0.20 ^ clkbuf_0_clk/X (sky130_fd_sc_hd__clkbuf_16)
     8    0.06                           clknet_0_clk (net)
                  0.08    0.00    0.20 ^ clkbuf_3_5__f_clk/A (sky130_fd_sc_hd__clkbuf_16)
                  0.05    0.16    0.35 ^ clkbuf_3_5__f_clk/X (sky130_fd_sc_hd__clkbuf_16)
    10    0.03                           clknet_3_5__leaf_clk (net)
                  0.05    0.00    0.35 ^ _506_/CLK (sky130_fd_sc_hd__dfrtp_1)
                          0.25    0.60   clock uncertainty
                         -0.03    0.57   clock reconvergence pessimism
                          0.34    0.91   library removal time
                                  0.91   data required time
-----------------------------------------------------------------------------
                                  0.91   data required time
                                 -5.87   data arrival time
-----------------------------------------------------------------------------
                                  4.96   slack (MET)


Startpoint: _436_ (rising edge-triggered flip-flop clocked by clk')
Endpoint: _463_ (removal check against rising-edge clock clk)
Path Group: asynchronous
Path Type: min

Fanout     Cap    Slew   Delay    Time   Description
-----------------------------------------------------------------------------
                          5.00    5.00   clock clk' (rise edge)
                          0.00    5.00   clock source latency
                  0.02    0.01    5.01 v clk (in)
     1    0.01                           clk (net)
                  0.02    0.00    5.01 v clkbuf_0_clk/A (sky130_fd_sc_hd__clkbuf_16)
                  0.06    0.15    5.16 v clkbuf_0_clk/X (sky130_fd_sc_hd__clkbuf_16)
     8    0.06                           clknet_0_clk (net)
                  0.06    0.00    5.16 v clkbuf_3_5__f_clk/A (sky130_fd_sc_hd__clkbuf_16)
                  0.04    0.15    5.31 v clkbuf_3_5__f_clk/X (sky130_fd_sc_hd__clkbuf_16)
    10    0.03                           clknet_3_5__leaf_clk (net)
                  0.04    0.00    5.31 v _234__1/A (sky130_fd_sc_hd__inv_2)
                  0.02    0.04    5.35 ^ _234__1/Y (sky130_fd_sc_hd__inv_2)
     1    0.00                           net33 (net)
                  0.02    0.00    5.35 ^ _436_/CLK (sky130_fd_sc_hd__dfxtp_1)
                  0.11    0.32    5.67 ^ _436_/Q (sky130_fd_sc_hd__dfxtp_1)
     2    0.01                           dut.rst_n (net)
                  0.11    0.00    5.67 ^ fanout9/A (sky130_fd_sc_hd__clkbuf_4)
                  0.11    0.19    5.87 ^ fanout9/X (sky130_fd_sc_hd__clkbuf_4)
    10    0.03                           net9 (net)
                  0.11    0.00    5.87 ^ _463_/RESET_B (sky130_fd_sc_hd__dfrtp_1)
                                  5.87   data arrival time

                          0.00    0.00   clock clk (rise edge)
                          0.00    0.00   clock source latency
                  0.04    0.03    0.03 ^ clk (in)
     1    0.01                           clk (net)
                  0.04    0.00    0.03 ^ clkbuf_0_clk/A (sky130_fd_sc_hd__clkbuf_16)
                  0.08    0.17    0.20 ^ clkbuf_0_clk/X (sky130_fd_sc_hd__clkbuf_16)
     8    0.06                           clknet_0_clk (net)
                  0.08    0.00    0.20 ^ clkbuf_3_5__f_clk/A (sky130_fd_sc_hd__clkbuf_16)
                  0.05    0.16    0.35 ^ clkbuf_3_5__f_clk/X (sky130_fd_sc_hd__clkbuf_16)
    10    0.03                           clknet_3_5__leaf_clk (net)
                  0.05    0.00    0.35 ^ _463_/CLK (sky130_fd_sc_hd__dfrtp_1)
                          0.25    0.60   clock uncertainty
                         -0.03    0.57   clock reconvergence pessimism
                          0.34    0.91   library removal time
                                  0.91   data required time
-----------------------------------------------------------------------------
                                  0.91   data required time
                                 -5.87   data arrival time
-----------------------------------------------------------------------------
                                  4.96   slack (MET)


Startpoint: _436_ (rising edge-triggered flip-flop clocked by clk')
Endpoint: _467_ (removal check against rising-edge clock clk)
Path Group: asynchronous
Path Type: min

Fanout     Cap    Slew   Delay    Time   Description
-----------------------------------------------------------------------------
                          5.00    5.00   clock clk' (rise edge)
                          0.00    5.00   clock source latency
                  0.02    0.01    5.01 v clk (in)
     1    0.01                           clk (net)
                  0.02    0.00    5.01 v clkbuf_0_clk/A (sky130_fd_sc_hd__clkbuf_16)
                  0.06    0.15    5.16 v clkbuf_0_clk/X (sky130_fd_sc_hd__clkbuf_16)
     8    0.06                           clknet_0_clk (net)
                  0.06    0.00    5.16 v clkbuf_3_5__f_clk/A (sky130_fd_sc_hd__clkbuf_16)
                  0.04    0.15    5.31 v clkbuf_3_5__f_clk/X (sky130_fd_sc_hd__clkbuf_16)
    10    0.03                           clknet_3_5__leaf_clk (net)
                  0.04    0.00    5.31 v _234__1/A (sky130_fd_sc_hd__inv_2)
                  0.02    0.04    5.35 ^ _234__1/Y (sky130_fd_sc_hd__inv_2)
     1    0.00                           net33 (net)
                  0.02    0.00    5.35 ^ _436_/CLK (sky130_fd_sc_hd__dfxtp_1)
                  0.11    0.32    5.67 ^ _436_/Q (sky130_fd_sc_hd__dfxtp_1)
     2    0.01                           dut.rst_n (net)
                  0.11    0.00    5.67 ^ fanout9/A (sky130_fd_sc_hd__clkbuf_4)
                  0.11    0.19    5.87 ^ fanout9/X (sky130_fd_sc_hd__clkbuf_4)
    10    0.03                           net9 (net)
                  0.11    0.00    5.87 ^ _467_/RESET_B (sky130_fd_sc_hd__dfrtp_1)
                                  5.87   data arrival time

                          0.00    0.00   clock clk (rise edge)
                          0.00    0.00   clock source latency
                  0.04    0.03    0.03 ^ clk (in)
     1    0.01                           clk (net)
                  0.04    0.00    0.03 ^ clkbuf_0_clk/A (sky130_fd_sc_hd__clkbuf_16)
                  0.08    0.17    0.20 ^ clkbuf_0_clk/X (sky130_fd_sc_hd__clkbuf_16)
     8    0.06                           clknet_0_clk (net)
                  0.08    0.00    0.20 ^ clkbuf_3_5__f_clk/A (sky130_fd_sc_hd__clkbuf_16)
                  0.05    0.16    0.35 ^ clkbuf_3_5__f_clk/X (sky130_fd_sc_hd__clkbuf_16)
    10    0.03                           clknet_3_5__leaf_clk (net)
                  0.05    0.00    0.35 ^ _467_/CLK (sky130_fd_sc_hd__dfrtp_1)
                          0.25    0.60   clock uncertainty
                         -0.03    0.57   clock reconvergence pessimism
                          0.34    0.91   library removal time
                                  0.91   data required time
-----------------------------------------------------------------------------
                                  0.91   data required time
                                 -5.87   data arrival time
-----------------------------------------------------------------------------
                                  4.96   slack (MET)


Startpoint: _436_ (rising edge-triggered flip-flop clocked by clk')
Endpoint: _465_ (removal check against rising-edge clock clk)
Path Group: asynchronous
Path Type: min

Fanout     Cap    Slew   Delay    Time   Description
-----------------------------------------------------------------------------
                          5.00    5.00   clock clk' (rise edge)
                          0.00    5.00   clock source latency
                  0.02    0.01    5.01 v clk (in)
     1    0.01                           clk (net)
                  0.02    0.00    5.01 v clkbuf_0_clk/A (sky130_fd_sc_hd__clkbuf_16)
                  0.06    0.15    5.16 v clkbuf_0_clk/X (sky130_fd_sc_hd__clkbuf_16)
     8    0.06                           clknet_0_clk (net)
                  0.06    0.00    5.16 v clkbuf_3_5__f_clk/A (sky130_fd_sc_hd__clkbuf_16)
                  0.04    0.15    5.31 v clkbuf_3_5__f_clk/X (sky130_fd_sc_hd__clkbuf_16)
    10    0.03                           clknet_3_5__leaf_clk (net)
                  0.04    0.00    5.31 v _234__1/A (sky130_fd_sc_hd__inv_2)
                  0.02    0.04    5.35 ^ _234__1/Y (sky130_fd_sc_hd__inv_2)
     1    0.00                           net33 (net)
                  0.02    0.00    5.35 ^ _436_/CLK (sky130_fd_sc_hd__dfxtp_1)
                  0.11    0.32    5.67 ^ _436_/Q (sky130_fd_sc_hd__dfxtp_1)
     2    0.01                           dut.rst_n (net)
                  0.11    0.00    5.67 ^ fanout9/A (sky130_fd_sc_hd__clkbuf_4)
                  0.11    0.19    5.87 ^ fanout9/X (sky130_fd_sc_hd__clkbuf_4)
    10    0.03                           net9 (net)
                  0.11    0.00    5.87 ^ _465_/RESET_B (sky130_fd_sc_hd__dfrtp_2)
                                  5.87   data arrival time

                          0.00    0.00   clock clk (rise edge)
                          0.00    0.00   clock source latency
                  0.04    0.03    0.03 ^ clk (in)
     1    0.01                           clk (net)
                  0.04    0.00    0.03 ^ clkbuf_0_clk/A (sky130_fd_sc_hd__clkbuf_16)
                  0.08    0.17    0.20 ^ clkbuf_0_clk/X (sky130_fd_sc_hd__clkbuf_16)
     8    0.06                           clknet_0_clk (net)
                  0.08    0.00    0.20 ^ clkbuf_3_4__f_clk/A (sky130_fd_sc_hd__clkbuf_16)
                  0.04    0.14    0.34 ^ clkbuf_3_4__f_clk/X (sky130_fd_sc_hd__clkbuf_16)
     8    0.02                           clknet_3_4__leaf_clk (net)
                  0.04    0.00    0.34 ^ _465_/CLK (sky130_fd_sc_hd__dfrtp_2)
                          0.25    0.59   clock uncertainty
                         -0.02    0.57   clock reconvergence pessimism
                          0.34    0.91   library removal time
                                  0.91   data required time
-----------------------------------------------------------------------------
                                  0.91   data required time
                                 -5.87   data arrival time
-----------------------------------------------------------------------------
                                  4.96   slack (MET)


Startpoint: rst_n (input port clocked by clk)
Endpoint: _436_ (rising edge-triggered flip-flop clocked by clk')
Path Group: clk
Path Type: min

Fanout     Cap    Slew   Delay    Time   Description
-----------------------------------------------------------------------------
                         10.00   10.00   clock clk (rise edge)
                          0.00   10.00   clock network delay (propagated)
                          2.00   12.00 ^ input external delay
                  0.02    0.01   12.01 ^ rst_n (in)
     1    0.00                           rst_n (net)
                  0.02    0.00   12.01 ^ input1/A (sky130_fd_sc_hd__clkbuf_1)
                  0.05    0.07   12.09 ^ input1/X (sky130_fd_sc_hd__clkbuf_1)
     1    0.00                           net1 (net)
                  0.05    0.00   12.09 ^ _436_/D (sky130_fd_sc_hd__dfxtp_1)
                                 12.09   data arrival time

                          5.00    5.00   clock clk' (rise edge)
                          0.00    5.00   clock source latency
                  0.02    0.01    5.01 v clk (in)
     1    0.01                           clk (net)
                  0.02    0.00    5.01 v clkbuf_0_clk/A (sky130_fd_sc_hd__clkbuf_16)
                  0.06    0.16    5.18 v clkbuf_0_clk/X (sky130_fd_sc_hd__clkbuf_16)
     8    0.06                           clknet_0_clk (net)
                  0.06    0.00    5.18 v clkbuf_3_5__f_clk/A (sky130_fd_sc_hd__clkbuf_16)
                  0.04    0.17    5.34 v clkbuf_3_5__f_clk/X (sky130_fd_sc_hd__clkbuf_16)
    10    0.03                           clknet_3_5__leaf_clk (net)
                  0.04    0.00    5.34 v _234__1/A (sky130_fd_sc_hd__inv_2)
                  0.02    0.04    5.38 ^ _234__1/Y (sky130_fd_sc_hd__inv_2)
     1    0.00                           net33 (net)
                  0.02    0.00    5.38 ^ _436_/CLK (sky130_fd_sc_hd__dfxtp_1)
                          0.25    5.63   clock uncertainty
                          0.00    5.63   clock reconvergence pessimism
                         -0.04    5.60   library hold time
                                  5.60   data required time
-----------------------------------------------------------------------------
                                  5.60   data required time
                                -12.09   data arrival time
-----------------------------------------------------------------------------
                                  6.49   slack (MET)



