
===========================================================================
report_checks -path_delay min (Hold)
============================================================================
======================= Typical Corner ===================================

Startpoint: _1148_ (rising edge-triggered flip-flop clocked by clk)
Endpoint: _1300_ (rising edge-triggered flip-flop clocked by clk)
Path Group: clk
Path Type: min

Fanout     Cap    Slew   Delay    Time   Description
-----------------------------------------------------------------------------
                  0.15    0.00    0.00   clock clk (rise edge)
                          0.00    0.00   clock network delay (ideal)
                  0.15    0.00    0.00 ^ _1148_/CLK (sky130_fd_sc_hd__dfxtp_2)
                  0.02    0.32    0.32 v _1148_/Q (sky130_fd_sc_hd__dfxtp_2)
     1    0.00                           dut.spi_cs_ni (net)
                  0.02    0.00    0.32 v _1300_/D (sky130_fd_sc_hd__dfstp_2)
                                  0.32   data arrival time

                  0.15    0.00    0.00   clock clk (rise edge)
                          0.00    0.00   clock network delay (ideal)
                          0.25    0.25   clock uncertainty
                          0.00    0.25   clock reconvergence pessimism
                                  0.25 ^ _1300_/CLK (sky130_fd_sc_hd__dfstp_2)
                          0.02    0.27   library hold time
                                  0.27   data required time
-----------------------------------------------------------------------------
                                  0.27   data required time
                                 -0.32   data arrival time
-----------------------------------------------------------------------------
                                  0.05   slack (MET)


Startpoint: _1147_ (rising edge-triggered flip-flop clocked by clk)
Endpoint: _1299_ (rising edge-triggered flip-flop clocked by clk)
Path Group: clk
Path Type: min

Fanout     Cap    Slew   Delay    Time   Description
-----------------------------------------------------------------------------
                  0.15    0.00    0.00   clock clk (rise edge)
                          0.00    0.00   clock network delay (ideal)
                  0.15    0.00    0.00 ^ _1147_/CLK (sky130_fd_sc_hd__dfxtp_2)
                  0.02    0.32    0.32 v _1147_/Q (sky130_fd_sc_hd__dfxtp_2)
     1    0.00                           dut.spi_sck_i (net)
                  0.02    0.00    0.32 v _1299_/D (sky130_fd_sc_hd__dfrtp_2)
                                  0.32   data arrival time

                  0.15    0.00    0.00   clock clk (rise edge)
                          0.00    0.00   clock network delay (ideal)
                          0.25    0.25   clock uncertainty
                          0.00    0.25   clock reconvergence pessimism
                                  0.25 ^ _1299_/CLK (sky130_fd_sc_hd__dfrtp_2)
                         -0.01    0.24   library hold time
                                  0.24   data required time
-----------------------------------------------------------------------------
                                  0.24   data required time
                                 -0.32   data arrival time
-----------------------------------------------------------------------------
                                  0.08   slack (MET)


Startpoint: _1149_ (rising edge-triggered flip-flop clocked by clk)
Endpoint: _1302_ (rising edge-triggered flip-flop clocked by clk)
Path Group: clk
Path Type: min

Fanout     Cap    Slew   Delay    Time   Description
-----------------------------------------------------------------------------
                  0.15    0.00    0.00   clock clk (rise edge)
                          0.00    0.00   clock network delay (ideal)
                  0.15    0.00    0.00 ^ _1149_/CLK (sky130_fd_sc_hd__dfxtp_2)
                  0.02    0.32    0.32 v _1149_/Q (sky130_fd_sc_hd__dfxtp_2)
     1    0.00                           dut.spi_mosi_i (net)
                  0.02    0.00    0.32 v _1302_/D (sky130_fd_sc_hd__dfrtp_2)
                                  0.32   data arrival time

                  0.15    0.00    0.00   clock clk (rise edge)
                          0.00    0.00   clock network delay (ideal)
                          0.25    0.25   clock uncertainty
                          0.00    0.25   clock reconvergence pessimism
                                  0.25 ^ _1302_/CLK (sky130_fd_sc_hd__dfrtp_2)
                         -0.01    0.24   library hold time
                                  0.24   data required time
-----------------------------------------------------------------------------
                                  0.24   data required time
                                 -0.32   data arrival time
-----------------------------------------------------------------------------
                                  0.08   slack (MET)


Startpoint: _1146_ (rising edge-triggered flip-flop clocked by clk)
Endpoint: _1305_ (rising edge-triggered flip-flop clocked by clk)
Path Group: clk
Path Type: min

Fanout     Cap    Slew   Delay    Time   Description
-----------------------------------------------------------------------------
                  0.15    0.00    0.00   clock clk (rise edge)
                          0.00    0.00   clock network delay (ideal)
                  0.15    0.00    0.00 ^ _1146_/CLK (sky130_fd_sc_hd__dfxtp_2)
                  0.02    0.32    0.32 v _1146_/Q (sky130_fd_sc_hd__dfxtp_2)
     1    0.00                           dut.loop_raw (net)
                  0.02    0.00    0.32 v _1305_/D (sky130_fd_sc_hd__dfrtp_2)
                                  0.32   data arrival time

                  0.15    0.00    0.00   clock clk (rise edge)
                          0.00    0.00   clock network delay (ideal)
                          0.25    0.25   clock uncertainty
                          0.00    0.25   clock reconvergence pessimism
                                  0.25 ^ _1305_/CLK (sky130_fd_sc_hd__dfrtp_2)
                         -0.01    0.24   library hold time
                                  0.24   data required time
-----------------------------------------------------------------------------
                                  0.24   data required time
                                 -0.32   data arrival time
-----------------------------------------------------------------------------
                                  0.08   slack (MET)


Startpoint: _1142_ (rising edge-triggered flip-flop clocked by clk)
Endpoint: _1146_ (rising edge-triggered flip-flop clocked by clk)
Path Group: clk
Path Type: min

Fanout     Cap    Slew   Delay    Time   Description
-----------------------------------------------------------------------------
                  0.15    0.00    0.00   clock clk (rise edge)
                          0.00    0.00   clock network delay (ideal)
                  0.15    0.00    0.00 ^ _1142_/CLK (sky130_fd_sc_hd__dfxtp_2)
                  0.02    0.32    0.32 v _1142_/Q (sky130_fd_sc_hd__dfxtp_2)
     1    0.00                           synchronizer_ui_in_inst.sync_regs[0][0] (net)
                  0.02    0.00    0.32 v _1146_/D (sky130_fd_sc_hd__dfxtp_2)
                                  0.32   data arrival time

                  0.15    0.00    0.00   clock clk (rise edge)
                          0.00    0.00   clock network delay (ideal)
                          0.25    0.25   clock uncertainty
                          0.00    0.25   clock reconvergence pessimism
                                  0.25 ^ _1146_/CLK (sky130_fd_sc_hd__dfxtp_2)
                         -0.01    0.24   library hold time
                                  0.24   data required time
-----------------------------------------------------------------------------
                                  0.24   data required time
                                 -0.32   data arrival time
-----------------------------------------------------------------------------
                                  0.08   slack (MET)


Startpoint: _1143_ (rising edge-triggered flip-flop clocked by clk)
Endpoint: _1147_ (rising edge-triggered flip-flop clocked by clk)
Path Group: clk
Path Type: min

Fanout     Cap    Slew   Delay    Time   Description
-----------------------------------------------------------------------------
                  0.15    0.00    0.00   clock clk (rise edge)
                          0.00    0.00   clock network delay (ideal)
                  0.15    0.00    0.00 ^ _1143_/CLK (sky130_fd_sc_hd__dfxtp_2)
                  0.02    0.32    0.32 v _1143_/Q (sky130_fd_sc_hd__dfxtp_2)
     1    0.00                           synchronizer_ui_in_inst.sync_regs[0][1] (net)
                  0.02    0.00    0.32 v _1147_/D (sky130_fd_sc_hd__dfxtp_2)
                                  0.32   data arrival time

                  0.15    0.00    0.00   clock clk (rise edge)
                          0.00    0.00   clock network delay (ideal)
                          0.25    0.25   clock uncertainty
                          0.00    0.25   clock reconvergence pessimism
                                  0.25 ^ _1147_/CLK (sky130_fd_sc_hd__dfxtp_2)
                         -0.01    0.24   library hold time
                                  0.24   data required time
-----------------------------------------------------------------------------
                                  0.24   data required time
                                 -0.32   data arrival time
-----------------------------------------------------------------------------
                                  0.08   slack (MET)


Startpoint: _1144_ (rising edge-triggered flip-flop clocked by clk)
Endpoint: _1148_ (rising edge-triggered flip-flop clocked by clk)
Path Group: clk
Path Type: min

Fanout     Cap    Slew   Delay    Time   Description
-----------------------------------------------------------------------------
                  0.15    0.00    0.00   clock clk (rise edge)
                          0.00    0.00   clock network delay (ideal)
                  0.15    0.00    0.00 ^ _1144_/CLK (sky130_fd_sc_hd__dfxtp_2)
                  0.02    0.32    0.32 v _1144_/Q (sky130_fd_sc_hd__dfxtp_2)
     1    0.00                           synchronizer_ui_in_inst.sync_regs[0][2] (net)
                  0.02    0.00    0.32 v _1148_/D (sky130_fd_sc_hd__dfxtp_2)
                                  0.32   data arrival time

                  0.15    0.00    0.00   clock clk (rise edge)
                          0.00    0.00   clock network delay (ideal)
                          0.25    0.25   clock uncertainty
                          0.00    0.25   clock reconvergence pessimism
                                  0.25 ^ _1148_/CLK (sky130_fd_sc_hd__dfxtp_2)
                         -0.01    0.24   library hold time
                                  0.24   data required time
-----------------------------------------------------------------------------
                                  0.24   data required time
                                 -0.32   data arrival time
-----------------------------------------------------------------------------
                                  0.08   slack (MET)


Startpoint: _1145_ (rising edge-triggered flip-flop clocked by clk)
Endpoint: _1149_ (rising edge-triggered flip-flop clocked by clk)
Path Group: clk
Path Type: min

Fanout     Cap    Slew   Delay    Time   Description
-----------------------------------------------------------------------------
                  0.15    0.00    0.00   clock clk (rise edge)
                          0.00    0.00   clock network delay (ideal)
                  0.15    0.00    0.00 ^ _1145_/CLK (sky130_fd_sc_hd__dfxtp_2)
                  0.02    0.32    0.32 v _1145_/Q (sky130_fd_sc_hd__dfxtp_2)
     1    0.00                           synchronizer_ui_in_inst.sync_regs[0][3] (net)
                  0.02    0.00    0.32 v _1149_/D (sky130_fd_sc_hd__dfxtp_2)
                                  0.32   data arrival time

                  0.15    0.00    0.00   clock clk (rise edge)
                          0.00    0.00   clock network delay (ideal)
                          0.25    0.25   clock uncertainty
                          0.00    0.25   clock reconvergence pessimism
                                  0.25 ^ _1149_/CLK (sky130_fd_sc_hd__dfxtp_2)
                         -0.01    0.24   library hold time
                                  0.24   data required time
-----------------------------------------------------------------------------
                                  0.24   data required time
                                 -0.32   data arrival time
-----------------------------------------------------------------------------
                                  0.08   slack (MET)


Startpoint: _1309_ (rising edge-triggered flip-flop clocked by clk)
Endpoint: _1308_ (rising edge-triggered flip-flop clocked by clk)
Path Group: clk
Path Type: min

Fanout     Cap    Slew   Delay    Time   Description
-----------------------------------------------------------------------------
                  0.15    0.00    0.00   clock clk (rise edge)
                          0.00    0.00   clock network delay (ideal)
                  0.15    0.00    0.00 ^ _1309_/CLK (sky130_fd_sc_hd__dfxtp_2)
                  0.02    0.32    0.32 v _1309_/Q (sky130_fd_sc_hd__dfxtp_2)
     1    0.00                           synchronizer_spi_cs_n_inst.sync_regs[0] (net)
                  0.02    0.00    0.32 v _1308_/D (sky130_fd_sc_hd__dfxtp_2)
                                  0.32   data arrival time

                  0.15    0.00    0.00   clock clk (rise edge)
                          0.00    0.00   clock network delay (ideal)
                          0.25    0.25   clock uncertainty
                          0.00    0.25   clock reconvergence pessimism
                                  0.25 ^ _1308_/CLK (sky130_fd_sc_hd__dfxtp_2)
                         -0.01    0.24   library hold time
                                  0.24   data required time
-----------------------------------------------------------------------------
                                  0.24   data required time
                                 -0.32   data arrival time
-----------------------------------------------------------------------------
                                  0.08   slack (MET)


Startpoint: _1311_ (rising edge-triggered flip-flop clocked by clk)
Endpoint: _1310_ (rising edge-triggered flip-flop clocked by clk)
Path Group: clk
Path Type: min

Fanout     Cap    Slew   Delay    Time   Description
-----------------------------------------------------------------------------
                  0.15    0.00    0.00   clock clk (rise edge)
                          0.00    0.00   clock network delay (ideal)
                  0.15    0.00    0.00 ^ _1311_/CLK (sky130_fd_sc_hd__dfxtp_2)
                  0.02    0.32    0.32 v _1311_/Q (sky130_fd_sc_hd__dfxtp_2)
     1    0.00                           synchronizer_spi_clk_inst.sync_regs[0] (net)
                  0.02    0.00    0.32 v _1310_/D (sky130_fd_sc_hd__dfxtp_2)
                                  0.32   data arrival time

                  0.15    0.00    0.00   clock clk (rise edge)
                          0.00    0.00   clock network delay (ideal)
                          0.25    0.25   clock uncertainty
                          0.00    0.25   clock reconvergence pessimism
                                  0.25 ^ _1310_/CLK (sky130_fd_sc_hd__dfxtp_2)
                         -0.01    0.24   library hold time
                                  0.24   data required time
-----------------------------------------------------------------------------
                                  0.24   data required time
                                 -0.32   data arrival time
-----------------------------------------------------------------------------
                                  0.08   slack (MET)


Startpoint: _1313_ (rising edge-triggered flip-flop clocked by clk)
Endpoint: _1312_ (rising edge-triggered flip-flop clocked by clk)
Path Group: clk
Path Type: min

Fanout     Cap    Slew   Delay    Time   Description
-----------------------------------------------------------------------------
                  0.15    0.00    0.00   clock clk (rise edge)
                          0.00    0.00   clock network delay (ideal)
                  0.15    0.00    0.00 ^ _1313_/CLK (sky130_fd_sc_hd__dfxtp_2)
                  0.02    0.32    0.32 v _1313_/Q (sky130_fd_sc_hd__dfxtp_2)
     1    0.00                           synchronizer_spi_mosi_inst.sync_regs[0] (net)
                  0.02    0.00    0.32 v _1312_/D (sky130_fd_sc_hd__dfxtp_2)
                                  0.32   data arrival time

                  0.15    0.00    0.00   clock clk (rise edge)
                          0.00    0.00   clock network delay (ideal)
                          0.25    0.25   clock uncertainty
                          0.00    0.25   clock reconvergence pessimism
                                  0.25 ^ _1312_/CLK (sky130_fd_sc_hd__dfxtp_2)
                         -0.01    0.24   library hold time
                                  0.24   data required time
-----------------------------------------------------------------------------
                                  0.24   data required time
                                 -0.32   data arrival time
-----------------------------------------------------------------------------
                                  0.08   slack (MET)


Startpoint: _1300_ (rising edge-triggered flip-flop clocked by clk)
Endpoint: _1301_ (rising edge-triggered flip-flop clocked by clk)
Path Group: clk
Path Type: min

Fanout     Cap    Slew   Delay    Time   Description
-----------------------------------------------------------------------------
                  0.15    0.00    0.00   clock clk (rise edge)
                          0.00    0.00   clock network delay (ideal)
                  0.15    0.00    0.00 ^ _1300_/CLK (sky130_fd_sc_hd__dfstp_2)
                  0.02    0.37    0.37 v _1300_/Q (sky130_fd_sc_hd__dfstp_2)
     1    0.00                           dut.spi_cs_s1 (net)
                  0.02    0.00    0.37 v _1301_/D (sky130_fd_sc_hd__dfstp_2)
                                  0.37   data arrival time

                  0.15    0.00    0.00   clock clk (rise edge)
                          0.00    0.00   clock network delay (ideal)
                          0.25    0.25   clock uncertainty
                          0.00    0.25   clock reconvergence pessimism
                                  0.25 ^ _1301_/CLK (sky130_fd_sc_hd__dfstp_2)
                          0.02    0.27   library hold time
                                  0.27   data required time
-----------------------------------------------------------------------------
                                  0.27   data required time
                                 -0.37   data arrival time
-----------------------------------------------------------------------------
                                  0.10   slack (MET)


Startpoint: _1310_ (rising edge-triggered flip-flop clocked by clk)
Endpoint: _1324_ (rising edge-triggered flip-flop clocked by clk)
Path Group: clk
Path Type: min

Fanout     Cap    Slew   Delay    Time   Description
-----------------------------------------------------------------------------
                  0.15    0.00    0.00   clock clk (rise edge)
                          0.00    0.00   clock network delay (ideal)
                  0.15    0.00    0.00 ^ _1310_/CLK (sky130_fd_sc_hd__dfxtp_2)
                  0.03    0.33    0.33 v _1310_/Q (sky130_fd_sc_hd__dfxtp_2)
     4    0.01                           i_spi_reg.spi_clk (net)
                  0.03    0.00    0.33 v _1324_/D (sky130_fd_sc_hd__dfxtp_2)
                                  0.33   data arrival time

                  0.15    0.00    0.00   clock clk (rise edge)
                          0.00    0.00   clock network delay (ideal)
                          0.25    0.25   clock uncertainty
                          0.00    0.25   clock reconvergence pessimism
                                  0.25 ^ _1324_/CLK (sky130_fd_sc_hd__dfxtp_2)
                         -0.02    0.23   library hold time
                                  0.23   data required time
-----------------------------------------------------------------------------
                                  0.23   data required time
                                 -0.33   data arrival time
-----------------------------------------------------------------------------
                                  0.10   slack (MET)


Startpoint: _1302_ (rising edge-triggered flip-flop clocked by clk)
Endpoint: _1175_ (rising edge-triggered flip-flop clocked by clk)
Path Group: clk
Path Type: min

Fanout     Cap    Slew   Delay    Time   Description
-----------------------------------------------------------------------------
                  0.15    0.00    0.00   clock clk (rise edge)
                          0.00    0.00   clock network delay (ideal)
                  0.15    0.00    0.00 ^ _1302_/CLK (sky130_fd_sc_hd__dfrtp_2)
                  0.04    0.34    0.34 ^ _1302_/Q (sky130_fd_sc_hd__dfrtp_2)
     1    0.00                           dut.spi_mosi_s1 (net)
                  0.04    0.00    0.34 ^ _1175_/D (sky130_fd_sc_hd__dfrtp_2)
                                  0.34   data arrival time

                  0.15    0.00    0.00   clock clk (rise edge)
                          0.00    0.00   clock network delay (ideal)
                          0.25    0.25   clock uncertainty
                          0.00    0.25   clock reconvergence pessimism
                                  0.25 ^ _1175_/CLK (sky130_fd_sc_hd__dfrtp_2)
                         -0.02    0.23   library hold time
                                  0.23   data required time
-----------------------------------------------------------------------------
                                  0.23   data required time
                                 -0.34   data arrival time
-----------------------------------------------------------------------------
                                  0.11   slack (MET)


Startpoint: _1305_ (rising edge-triggered flip-flop clocked by clk)
Endpoint: _1306_ (rising edge-triggered flip-flop clocked by clk)
Path Group: clk
Path Type: min

Fanout     Cap    Slew   Delay    Time   Description
-----------------------------------------------------------------------------
                  0.15    0.00    0.00   clock clk (rise edge)
                          0.00    0.00   clock network delay (ideal)
                  0.15    0.00    0.00 ^ _1305_/CLK (sky130_fd_sc_hd__dfrtp_2)
                  0.04    0.34    0.34 ^ _1305_/Q (sky130_fd_sc_hd__dfrtp_2)
     1    0.00                           dut.loop_s1 (net)
                  0.04    0.00    0.34 ^ _1306_/D (sky130_fd_sc_hd__dfrtp_2)
                                  0.34   data arrival time

                  0.15    0.00    0.00   clock clk (rise edge)
                          0.00    0.00   clock network delay (ideal)
                          0.25    0.25   clock uncertainty
                          0.00    0.25   clock reconvergence pessimism
                                  0.25 ^ _1306_/CLK (sky130_fd_sc_hd__dfrtp_2)
                         -0.02    0.23   library hold time
                                  0.23   data required time
-----------------------------------------------------------------------------
                                  0.23   data required time
                                 -0.34   data arrival time
-----------------------------------------------------------------------------
                                  0.11   slack (MET)


Startpoint: _1306_ (rising edge-triggered flip-flop clocked by clk)
Endpoint: _1307_ (rising edge-triggered flip-flop clocked by clk)
Path Group: clk
Path Type: min

Fanout     Cap    Slew   Delay    Time   Description
-----------------------------------------------------------------------------
                  0.15    0.00    0.00   clock clk (rise edge)
                          0.00    0.00   clock network delay (ideal)
                  0.15    0.00    0.00 ^ _1306_/CLK (sky130_fd_sc_hd__dfrtp_2)
                  0.04    0.34    0.34 ^ _1306_/Q (sky130_fd_sc_hd__dfrtp_2)
     1    0.00                           dut.loop_s2 (net)
                  0.04    0.00    0.34 ^ _1307_/D (sky130_fd_sc_hd__dfrtp_2)
                                  0.34   data arrival time

                  0.15    0.00    0.00   clock clk (rise edge)
                          0.00    0.00   clock network delay (ideal)
                          0.25    0.25   clock uncertainty
                          0.00    0.25   clock reconvergence pessimism
                                  0.25 ^ _1307_/CLK (sky130_fd_sc_hd__dfrtp_2)
                         -0.02    0.23   library hold time
                                  0.23   data required time
-----------------------------------------------------------------------------
                                  0.23   data required time
                                 -0.34   data arrival time
-----------------------------------------------------------------------------
                                  0.11   slack (MET)


Startpoint: _1299_ (rising edge-triggered flip-flop clocked by clk)
Endpoint: _1176_ (rising edge-triggered flip-flop clocked by clk)
Path Group: clk
Path Type: min

Fanout     Cap    Slew   Delay    Time   Description
-----------------------------------------------------------------------------
                  0.15    0.00    0.00   clock clk (rise edge)
                          0.00    0.00   clock network delay (ideal)
                  0.15    0.00    0.00 ^ _1299_/CLK (sky130_fd_sc_hd__dfrtp_2)
                  0.05    0.36    0.36 ^ _1299_/Q (sky130_fd_sc_hd__dfrtp_2)
     3    0.00                           dut.spi_sck_s1 (net)
                  0.05    0.00    0.36 ^ _1176_/D (sky130_fd_sc_hd__dfrtp_2)
                                  0.36   data arrival time

                  0.15    0.00    0.00   clock clk (rise edge)
                          0.00    0.00   clock network delay (ideal)
                          0.25    0.25   clock uncertainty
                          0.00    0.25   clock reconvergence pessimism
                                  0.25 ^ _1176_/CLK (sky130_fd_sc_hd__dfrtp_2)
                         -0.02    0.23   library hold time
                                  0.23   data required time
-----------------------------------------------------------------------------
                                  0.23   data required time
                                 -0.36   data arrival time
-----------------------------------------------------------------------------
                                  0.13   slack (MET)


Startpoint: _1199_ (rising edge-triggered flip-flop clocked by clk)
Endpoint: _1197_ (rising edge-triggered flip-flop clocked by clk)
Path Group: clk
Path Type: min

Fanout     Cap    Slew   Delay    Time   Description
-----------------------------------------------------------------------------
                  0.15    0.00    0.00   clock clk (rise edge)
                          0.00    0.00   clock network delay (ideal)
                  0.15    0.00    0.00 ^ _1199_/CLK (sky130_fd_sc_hd__dfrtp_2)
                  0.06    0.37    0.37 ^ _1199_/Q (sky130_fd_sc_hd__dfrtp_2)
     4    0.01                           dut.supplemental_request_level (net)
                  0.06    0.00    0.37 ^ _1197_/D (sky130_fd_sc_hd__dfrtp_2)
                                  0.37   data arrival time

                  0.15    0.00    0.00   clock clk (rise edge)
                          0.00    0.00   clock network delay (ideal)
                          0.25    0.25   clock uncertainty
                          0.00    0.25   clock reconvergence pessimism
                                  0.25 ^ _1197_/CLK (sky130_fd_sc_hd__dfrtp_2)
                         -0.02    0.23   library hold time
                                  0.23   data required time
-----------------------------------------------------------------------------
                                  0.23   data required time
                                 -0.37   data arrival time
-----------------------------------------------------------------------------
                                  0.15   slack (MET)


Startpoint: _1334_ (rising edge-triggered flip-flop clocked by clk)
Endpoint: _1334_ (rising edge-triggered flip-flop clocked by clk)
Path Group: clk
Path Type: min

Fanout     Cap    Slew   Delay    Time   Description
-----------------------------------------------------------------------------
                  0.15    0.00    0.00   clock clk (rise edge)
                          0.00    0.00   clock network delay (ideal)
                  0.15    0.00    0.00 ^ _1334_/CLK (sky130_fd_sc_hd__dfxtp_2)
                  0.08    0.36    0.36 ^ _1334_/Q (sky130_fd_sc_hd__dfxtp_2)
     4    0.01                           i_spi_reg.bit_cnt[5] (net)
                  0.08    0.00    0.36 ^ _1104_/A1 (sky130_fd_sc_hd__a21oi_2)
                  0.02    0.05    0.41 v _1104_/Y (sky130_fd_sc_hd__a21oi_2)
     1    0.00                           _0166_ (net)
                  0.02    0.00    0.41 v _1334_/D (sky130_fd_sc_hd__dfxtp_2)
                                  0.41   data arrival time

                  0.15    0.00    0.00   clock clk (rise edge)
                          0.00    0.00   clock network delay (ideal)
                          0.25    0.25   clock uncertainty
                          0.00    0.25   clock reconvergence pessimism
                                  0.25 ^ _1334_/CLK (sky130_fd_sc_hd__dfxtp_2)
                         -0.01    0.24   library hold time
                                  0.24   data required time
-----------------------------------------------------------------------------
                                  0.24   data required time
                                 -0.41   data arrival time
-----------------------------------------------------------------------------
                                  0.17   slack (MET)


Startpoint: _1330_ (rising edge-triggered flip-flop clocked by clk)
Endpoint: _1330_ (rising edge-triggered flip-flop clocked by clk)
Path Group: clk
Path Type: min

Fanout     Cap    Slew   Delay    Time   Description
-----------------------------------------------------------------------------
                  0.15    0.00    0.00   clock clk (rise edge)
                          0.00    0.00   clock network delay (ideal)
                  0.15    0.00    0.00 ^ _1330_/CLK (sky130_fd_sc_hd__dfxtp_2)
                  0.10    0.37    0.37 ^ _1330_/Q (sky130_fd_sc_hd__dfxtp_2)
     6    0.02                           i_spi_reg.bit_cnt[1] (net)
                  0.10    0.00    0.37 ^ _1090_/A1 (sky130_fd_sc_hd__a21oi_2)
                  0.02    0.05    0.42 v _1090_/Y (sky130_fd_sc_hd__a21oi_2)
     1    0.00                           _0162_ (net)
                  0.02    0.00    0.42 v _1330_/D (sky130_fd_sc_hd__dfxtp_2)
                                  0.42   data arrival time

                  0.15    0.00    0.00   clock clk (rise edge)
                          0.00    0.00   clock network delay (ideal)
                          0.25    0.25   clock uncertainty
                          0.00    0.25   clock reconvergence pessimism
                                  0.25 ^ _1330_/CLK (sky130_fd_sc_hd__dfxtp_2)
                         -0.01    0.24   library hold time
                                  0.24   data required time
-----------------------------------------------------------------------------
                                  0.24   data required time
                                 -0.42   data arrival time
-----------------------------------------------------------------------------
                                  0.19   slack (MET)


Startpoint: _1321_ (rising edge-triggered flip-flop clocked by clk)
Endpoint: _1151_ (rising edge-triggered flip-flop clocked by clk)
Path Group: clk
Path Type: min

Fanout     Cap    Slew   Delay    Time   Description
-----------------------------------------------------------------------------
                  0.15    0.00    0.00   clock clk (rise edge)
                          0.00    0.00   clock network delay (ideal)
                  0.15    0.00    0.00 ^ _1321_/CLK (sky130_fd_sc_hd__dfxtp_2)
                  0.04    0.33    0.33 ^ _1321_/Q (sky130_fd_sc_hd__dfxtp_2)
     2    0.00                           i_spi_reg.shift_reg[7] (net)
                  0.04    0.00    0.33 ^ _0756_/B2 (sky130_fd_sc_hd__a22o_2)
                  0.03    0.10    0.43 ^ _0756_/X (sky130_fd_sc_hd__a22o_2)
     1    0.00                           _0016_ (net)
                  0.03    0.00    0.43 ^ _1151_/D (sky130_fd_sc_hd__dfxtp_2)
                                  0.43   data arrival time

                  0.15    0.00    0.00   clock clk (rise edge)
                          0.00    0.00   clock network delay (ideal)
                          0.25    0.25   clock uncertainty
                          0.00    0.25   clock reconvergence pessimism
                                  0.25 ^ _1151_/CLK (sky130_fd_sc_hd__dfxtp_2)
                         -0.01    0.24   library hold time
                                  0.24   data required time
-----------------------------------------------------------------------------
                                  0.24   data required time
                                 -0.43   data arrival time
-----------------------------------------------------------------------------
                                  0.20   slack (MET)


Startpoint: _1151_ (rising edge-triggered flip-flop clocked by clk)
Endpoint: _1152_ (rising edge-triggered flip-flop clocked by clk)
Path Group: clk
Path Type: min

Fanout     Cap    Slew   Delay    Time   Description
-----------------------------------------------------------------------------
                  0.15    0.00    0.00   clock clk (rise edge)
                          0.00    0.00   clock network delay (ideal)
                  0.15    0.00    0.00 ^ _1151_/CLK (sky130_fd_sc_hd__dfxtp_2)
                  0.04    0.33    0.33 ^ _1151_/Q (sky130_fd_sc_hd__dfxtp_2)
     2    0.00                           i_spi_reg.shift_reg[8] (net)
                  0.04    0.00    0.33 ^ _0757_/B2 (sky130_fd_sc_hd__a22o_2)
                  0.03    0.11    0.44 ^ _0757_/X (sky130_fd_sc_hd__a22o_2)
     1    0.00                           _0017_ (net)
                  0.03    0.00    0.44 ^ _1152_/D (sky130_fd_sc_hd__dfxtp_2)
                                  0.44   data arrival time

                  0.15    0.00    0.00   clock clk (rise edge)
                          0.00    0.00   clock network delay (ideal)
                          0.25    0.25   clock uncertainty
                          0.00    0.25   clock reconvergence pessimism
                                  0.25 ^ _1152_/CLK (sky130_fd_sc_hd__dfxtp_2)
                         -0.01    0.24   library hold time
                                  0.24   data required time
-----------------------------------------------------------------------------
                                  0.24   data required time
                                 -0.44   data arrival time
-----------------------------------------------------------------------------
                                  0.20   slack (MET)


Startpoint: _1152_ (rising edge-triggered flip-flop clocked by clk)
Endpoint: _1153_ (rising edge-triggered flip-flop clocked by clk)
Path Group: clk
Path Type: min

Fanout     Cap    Slew   Delay    Time   Description
-----------------------------------------------------------------------------
                  0.15    0.00    0.00   clock clk (rise edge)
                          0.00    0.00   clock network delay (ideal)
                  0.15    0.00    0.00 ^ _1152_/CLK (sky130_fd_sc_hd__dfxtp_2)
                  0.04    0.33    0.33 ^ _1152_/Q (sky130_fd_sc_hd__dfxtp_2)
     2    0.00                           i_spi_reg.shift_reg[9] (net)
                  0.04    0.00    0.33 ^ _0758_/B2 (sky130_fd_sc_hd__a22o_2)
                  0.03    0.11    0.44 ^ _0758_/X (sky130_fd_sc_hd__a22o_2)
     1    0.00                           _0018_ (net)
                  0.03    0.00    0.44 ^ _1153_/D (sky130_fd_sc_hd__dfxtp_2)
                                  0.44   data arrival time

                  0.15    0.00    0.00   clock clk (rise edge)
                          0.00    0.00   clock network delay (ideal)
                          0.25    0.25   clock uncertainty
                          0.00    0.25   clock reconvergence pessimism
                                  0.25 ^ _1153_/CLK (sky130_fd_sc_hd__dfxtp_2)
                         -0.01    0.24   library hold time
                                  0.24   data required time
-----------------------------------------------------------------------------
                                  0.24   data required time
                                 -0.44   data arrival time
-----------------------------------------------------------------------------
                                  0.20   slack (MET)


Startpoint: _1153_ (rising edge-triggered flip-flop clocked by clk)
Endpoint: _1154_ (rising edge-triggered flip-flop clocked by clk)
Path Group: clk
Path Type: min

Fanout     Cap    Slew   Delay    Time   Description
-----------------------------------------------------------------------------
                  0.15    0.00    0.00   clock clk (rise edge)
                          0.00    0.00   clock network delay (ideal)
                  0.15    0.00    0.00 ^ _1153_/CLK (sky130_fd_sc_hd__dfxtp_2)
                  0.04    0.33    0.33 ^ _1153_/Q (sky130_fd_sc_hd__dfxtp_2)
     2    0.00                           i_spi_reg.shift_reg[10] (net)
                  0.04    0.00    0.33 ^ _0759_/B2 (sky130_fd_sc_hd__a22o_2)
                  0.03    0.11    0.44 ^ _0759_/X (sky130_fd_sc_hd__a22o_2)
     1    0.00                           _0019_ (net)
                  0.03    0.00    0.44 ^ _1154_/D (sky130_fd_sc_hd__dfxtp_2)
                                  0.44   data arrival time

                  0.15    0.00    0.00   clock clk (rise edge)
                          0.00    0.00   clock network delay (ideal)
                          0.25    0.25   clock uncertainty
                          0.00    0.25   clock reconvergence pessimism
                                  0.25 ^ _1154_/CLK (sky130_fd_sc_hd__dfxtp_2)
                         -0.01    0.24   library hold time
                                  0.24   data required time
-----------------------------------------------------------------------------
                                  0.24   data required time
                                 -0.44   data arrival time
-----------------------------------------------------------------------------
                                  0.20   slack (MET)


Startpoint: _1154_ (rising edge-triggered flip-flop clocked by clk)
Endpoint: _1155_ (rising edge-triggered flip-flop clocked by clk)
Path Group: clk
Path Type: min

Fanout     Cap    Slew   Delay    Time   Description
-----------------------------------------------------------------------------
                  0.15    0.00    0.00   clock clk (rise edge)
                          0.00    0.00   clock network delay (ideal)
                  0.15    0.00    0.00 ^ _1154_/CLK (sky130_fd_sc_hd__dfxtp_2)
                  0.04    0.33    0.33 ^ _1154_/Q (sky130_fd_sc_hd__dfxtp_2)
     2    0.00                           i_spi_reg.shift_reg[11] (net)
                  0.04    0.00    0.33 ^ _0760_/B2 (sky130_fd_sc_hd__a22o_2)
                  0.03    0.11    0.44 ^ _0760_/X (sky130_fd_sc_hd__a22o_2)
     1    0.00                           _0020_ (net)
                  0.03    0.00    0.44 ^ _1155_/D (sky130_fd_sc_hd__dfxtp_2)
                                  0.44   data arrival time

                  0.15    0.00    0.00   clock clk (rise edge)
                          0.00    0.00   clock network delay (ideal)
                          0.25    0.25   clock uncertainty
                          0.00    0.25   clock reconvergence pessimism
                                  0.25 ^ _1155_/CLK (sky130_fd_sc_hd__dfxtp_2)
                         -0.01    0.24   library hold time
                                  0.24   data required time
-----------------------------------------------------------------------------
                                  0.24   data required time
                                 -0.44   data arrival time
-----------------------------------------------------------------------------
                                  0.20   slack (MET)


Startpoint: _1155_ (rising edge-triggered flip-flop clocked by clk)
Endpoint: _1156_ (rising edge-triggered flip-flop clocked by clk)
Path Group: clk
Path Type: min

Fanout     Cap    Slew   Delay    Time   Description
-----------------------------------------------------------------------------
                  0.15    0.00    0.00   clock clk (rise edge)
                          0.00    0.00   clock network delay (ideal)
                  0.15    0.00    0.00 ^ _1155_/CLK (sky130_fd_sc_hd__dfxtp_2)
                  0.04    0.33    0.33 ^ _1155_/Q (sky130_fd_sc_hd__dfxtp_2)
     2    0.00                           i_spi_reg.shift_reg[12] (net)
                  0.04    0.00    0.33 ^ _0761_/B2 (sky130_fd_sc_hd__a22o_2)
                  0.03    0.11    0.44 ^ _0761_/X (sky130_fd_sc_hd__a22o_2)
     1    0.00                           _0021_ (net)
                  0.03    0.00    0.44 ^ _1156_/D (sky130_fd_sc_hd__dfxtp_2)
                                  0.44   data arrival time

                  0.15    0.00    0.00   clock clk (rise edge)
                          0.00    0.00   clock network delay (ideal)
                          0.25    0.25   clock uncertainty
                          0.00    0.25   clock reconvergence pessimism
                                  0.25 ^ _1156_/CLK (sky130_fd_sc_hd__dfxtp_2)
                         -0.01    0.24   library hold time
                                  0.24   data required time
-----------------------------------------------------------------------------
                                  0.24   data required time
                                 -0.44   data arrival time
-----------------------------------------------------------------------------
                                  0.20   slack (MET)


Startpoint: _1156_ (rising edge-triggered flip-flop clocked by clk)
Endpoint: _1157_ (rising edge-triggered flip-flop clocked by clk)
Path Group: clk
Path Type: min

Fanout     Cap    Slew   Delay    Time   Description
-----------------------------------------------------------------------------
                  0.15    0.00    0.00   clock clk (rise edge)
                          0.00    0.00   clock network delay (ideal)
                  0.15    0.00    0.00 ^ _1156_/CLK (sky130_fd_sc_hd__dfxtp_2)
                  0.04    0.33    0.33 ^ _1156_/Q (sky130_fd_sc_hd__dfxtp_2)
     2    0.00                           i_spi_reg.shift_reg[13] (net)
                  0.04    0.00    0.33 ^ _0762_/B2 (sky130_fd_sc_hd__a22o_2)
                  0.03    0.11    0.44 ^ _0762_/X (sky130_fd_sc_hd__a22o_2)
     1    0.00                           _0022_ (net)
                  0.03    0.00    0.44 ^ _1157_/D (sky130_fd_sc_hd__dfxtp_2)
                                  0.44   data arrival time

                  0.15    0.00    0.00   clock clk (rise edge)
                          0.00    0.00   clock network delay (ideal)
                          0.25    0.25   clock uncertainty
                          0.00    0.25   clock reconvergence pessimism
                                  0.25 ^ _1157_/CLK (sky130_fd_sc_hd__dfxtp_2)
                         -0.01    0.24   library hold time
                                  0.24   data required time
-----------------------------------------------------------------------------
                                  0.24   data required time
                                 -0.44   data arrival time
-----------------------------------------------------------------------------
                                  0.20   slack (MET)


Startpoint: _1157_ (rising edge-triggered flip-flop clocked by clk)
Endpoint: _1158_ (rising edge-triggered flip-flop clocked by clk)
Path Group: clk
Path Type: min

Fanout     Cap    Slew   Delay    Time   Description
-----------------------------------------------------------------------------
                  0.15    0.00    0.00   clock clk (rise edge)
                          0.00    0.00   clock network delay (ideal)
                  0.15    0.00    0.00 ^ _1157_/CLK (sky130_fd_sc_hd__dfxtp_2)
                  0.04    0.33    0.33 ^ _1157_/Q (sky130_fd_sc_hd__dfxtp_2)
     2    0.00                           i_spi_reg.shift_reg[14] (net)
                  0.04    0.00    0.33 ^ _0763_/B2 (sky130_fd_sc_hd__a22o_2)
                  0.03    0.11    0.44 ^ _0763_/X (sky130_fd_sc_hd__a22o_2)
     1    0.00                           _0023_ (net)
                  0.03    0.00    0.44 ^ _1158_/D (sky130_fd_sc_hd__dfxtp_2)
                                  0.44   data arrival time

                  0.15    0.00    0.00   clock clk (rise edge)
                          0.00    0.00   clock network delay (ideal)
                          0.25    0.25   clock uncertainty
                          0.00    0.25   clock reconvergence pessimism
                                  0.25 ^ _1158_/CLK (sky130_fd_sc_hd__dfxtp_2)
                         -0.01    0.24   library hold time
                                  0.24   data required time
-----------------------------------------------------------------------------
                                  0.24   data required time
                                 -0.44   data arrival time
-----------------------------------------------------------------------------
                                  0.20   slack (MET)


Startpoint: _1158_ (rising edge-triggered flip-flop clocked by clk)
Endpoint: _1159_ (rising edge-triggered flip-flop clocked by clk)
Path Group: clk
Path Type: min

Fanout     Cap    Slew   Delay    Time   Description
-----------------------------------------------------------------------------
                  0.15    0.00    0.00   clock clk (rise edge)
                          0.00    0.00   clock network delay (ideal)
                  0.15    0.00    0.00 ^ _1158_/CLK (sky130_fd_sc_hd__dfxtp_2)
                  0.04    0.33    0.33 ^ _1158_/Q (sky130_fd_sc_hd__dfxtp_2)
     2    0.00                           i_spi_reg.shift_reg[15] (net)
                  0.04    0.00    0.33 ^ _0764_/B2 (sky130_fd_sc_hd__a22o_2)
                  0.03    0.11    0.44 ^ _0764_/X (sky130_fd_sc_hd__a22o_2)
     1    0.00                           _0024_ (net)
                  0.03    0.00    0.44 ^ _1159_/D (sky130_fd_sc_hd__dfxtp_2)
                                  0.44   data arrival time

                  0.15    0.00    0.00   clock clk (rise edge)
                          0.00    0.00   clock network delay (ideal)
                          0.25    0.25   clock uncertainty
                          0.00    0.25   clock reconvergence pessimism
                                  0.25 ^ _1159_/CLK (sky130_fd_sc_hd__dfxtp_2)
                         -0.01    0.24   library hold time
                                  0.24   data required time
-----------------------------------------------------------------------------
                                  0.24   data required time
                                 -0.44   data arrival time
-----------------------------------------------------------------------------
                                  0.20   slack (MET)


Startpoint: _1159_ (rising edge-triggered flip-flop clocked by clk)
Endpoint: _1160_ (rising edge-triggered flip-flop clocked by clk)
Path Group: clk
Path Type: min

Fanout     Cap    Slew   Delay    Time   Description
-----------------------------------------------------------------------------
                  0.15    0.00    0.00   clock clk (rise edge)
                          0.00    0.00   clock network delay (ideal)
                  0.15    0.00    0.00 ^ _1159_/CLK (sky130_fd_sc_hd__dfxtp_2)
                  0.04    0.33    0.33 ^ _1159_/Q (sky130_fd_sc_hd__dfxtp_2)
     2    0.00                           i_spi_reg.shift_reg[16] (net)
                  0.04    0.00    0.33 ^ _0765_/B2 (sky130_fd_sc_hd__a22o_2)
                  0.03    0.11    0.44 ^ _0765_/X (sky130_fd_sc_hd__a22o_2)
     1    0.00                           _0025_ (net)
                  0.03    0.00    0.44 ^ _1160_/D (sky130_fd_sc_hd__dfxtp_2)
                                  0.44   data arrival time

                  0.15    0.00    0.00   clock clk (rise edge)
                          0.00    0.00   clock network delay (ideal)
                          0.25    0.25   clock uncertainty
                          0.00    0.25   clock reconvergence pessimism
                                  0.25 ^ _1160_/CLK (sky130_fd_sc_hd__dfxtp_2)
                         -0.01    0.24   library hold time
                                  0.24   data required time
-----------------------------------------------------------------------------
                                  0.24   data required time
                                 -0.44   data arrival time
-----------------------------------------------------------------------------
                                  0.20   slack (MET)


Startpoint: _1160_ (rising edge-triggered flip-flop clocked by clk)
Endpoint: _1161_ (rising edge-triggered flip-flop clocked by clk)
Path Group: clk
Path Type: min

Fanout     Cap    Slew   Delay    Time   Description
-----------------------------------------------------------------------------
                  0.15    0.00    0.00   clock clk (rise edge)
                          0.00    0.00   clock network delay (ideal)
                  0.15    0.00    0.00 ^ _1160_/CLK (sky130_fd_sc_hd__dfxtp_2)
                  0.04    0.33    0.33 ^ _1160_/Q (sky130_fd_sc_hd__dfxtp_2)
     2    0.00                           i_spi_reg.shift_reg[17] (net)
                  0.04    0.00    0.33 ^ _0768_/B2 (sky130_fd_sc_hd__a22o_2)
                  0.03    0.11    0.44 ^ _0768_/X (sky130_fd_sc_hd__a22o_2)
     1    0.00                           _0026_ (net)
                  0.03    0.00    0.44 ^ _1161_/D (sky130_fd_sc_hd__dfxtp_2)
                                  0.44   data arrival time

                  0.15    0.00    0.00   clock clk (rise edge)
                          0.00    0.00   clock network delay (ideal)
                          0.25    0.25   clock uncertainty
                          0.00    0.25   clock reconvergence pessimism
                                  0.25 ^ _1161_/CLK (sky130_fd_sc_hd__dfxtp_2)
                         -0.01    0.24   library hold time
                                  0.24   data required time
-----------------------------------------------------------------------------
                                  0.24   data required time
                                 -0.44   data arrival time
-----------------------------------------------------------------------------
                                  0.20   slack (MET)


Startpoint: _1161_ (rising edge-triggered flip-flop clocked by clk)
Endpoint: _1162_ (rising edge-triggered flip-flop clocked by clk)
Path Group: clk
Path Type: min

Fanout     Cap    Slew   Delay    Time   Description
-----------------------------------------------------------------------------
                  0.15    0.00    0.00   clock clk (rise edge)
                          0.00    0.00   clock network delay (ideal)
                  0.15    0.00    0.00 ^ _1161_/CLK (sky130_fd_sc_hd__dfxtp_2)
                  0.04    0.33    0.33 ^ _1161_/Q (sky130_fd_sc_hd__dfxtp_2)
     2    0.00                           i_spi_reg.shift_reg[18] (net)
                  0.04    0.00    0.33 ^ _0769_/B2 (sky130_fd_sc_hd__a22o_2)
                  0.03    0.11    0.44 ^ _0769_/X (sky130_fd_sc_hd__a22o_2)
     1    0.00                           _0027_ (net)
                  0.03    0.00    0.44 ^ _1162_/D (sky130_fd_sc_hd__dfxtp_2)
                                  0.44   data arrival time

                  0.15    0.00    0.00   clock clk (rise edge)
                          0.00    0.00   clock network delay (ideal)
                          0.25    0.25   clock uncertainty
                          0.00    0.25   clock reconvergence pessimism
                                  0.25 ^ _1162_/CLK (sky130_fd_sc_hd__dfxtp_2)
                         -0.01    0.24   library hold time
                                  0.24   data required time
-----------------------------------------------------------------------------
                                  0.24   data required time
                                 -0.44   data arrival time
-----------------------------------------------------------------------------
                                  0.20   slack (MET)


Startpoint: _1162_ (rising edge-triggered flip-flop clocked by clk)
Endpoint: _1163_ (rising edge-triggered flip-flop clocked by clk)
Path Group: clk
Path Type: min

Fanout     Cap    Slew   Delay    Time   Description
-----------------------------------------------------------------------------
                  0.15    0.00    0.00   clock clk (rise edge)
                          0.00    0.00   clock network delay (ideal)
                  0.15    0.00    0.00 ^ _1162_/CLK (sky130_fd_sc_hd__dfxtp_2)
                  0.04    0.33    0.33 ^ _1162_/Q (sky130_fd_sc_hd__dfxtp_2)
     2    0.00                           i_spi_reg.shift_reg[19] (net)
                  0.04    0.00    0.33 ^ _0770_/B2 (sky130_fd_sc_hd__a22o_2)
                  0.03    0.11    0.44 ^ _0770_/X (sky130_fd_sc_hd__a22o_2)
     1    0.00                           _0028_ (net)
                  0.03    0.00    0.44 ^ _1163_/D (sky130_fd_sc_hd__dfxtp_2)
                                  0.44   data arrival time

                  0.15    0.00    0.00   clock clk (rise edge)
                          0.00    0.00   clock network delay (ideal)
                          0.25    0.25   clock uncertainty
                          0.00    0.25   clock reconvergence pessimism
                                  0.25 ^ _1163_/CLK (sky130_fd_sc_hd__dfxtp_2)
                         -0.01    0.24   library hold time
                                  0.24   data required time
-----------------------------------------------------------------------------
                                  0.24   data required time
                                 -0.44   data arrival time
-----------------------------------------------------------------------------
                                  0.20   slack (MET)


Startpoint: _1163_ (rising edge-triggered flip-flop clocked by clk)
Endpoint: _1164_ (rising edge-triggered flip-flop clocked by clk)
Path Group: clk
Path Type: min

Fanout     Cap    Slew   Delay    Time   Description
-----------------------------------------------------------------------------
                  0.15    0.00    0.00   clock clk (rise edge)
                          0.00    0.00   clock network delay (ideal)
                  0.15    0.00    0.00 ^ _1163_/CLK (sky130_fd_sc_hd__dfxtp_2)
                  0.04    0.33    0.33 ^ _1163_/Q (sky130_fd_sc_hd__dfxtp_2)
     2    0.00                           i_spi_reg.shift_reg[20] (net)
                  0.04    0.00    0.33 ^ _0771_/B2 (sky130_fd_sc_hd__a22o_2)
                  0.03    0.11    0.44 ^ _0771_/X (sky130_fd_sc_hd__a22o_2)
     1    0.00                           _0029_ (net)
                  0.03    0.00    0.44 ^ _1164_/D (sky130_fd_sc_hd__dfxtp_2)
                                  0.44   data arrival time

                  0.15    0.00    0.00   clock clk (rise edge)
                          0.00    0.00   clock network delay (ideal)
                          0.25    0.25   clock uncertainty
                          0.00    0.25   clock reconvergence pessimism
                                  0.25 ^ _1164_/CLK (sky130_fd_sc_hd__dfxtp_2)
                         -0.01    0.24   library hold time
                                  0.24   data required time
-----------------------------------------------------------------------------
                                  0.24   data required time
                                 -0.44   data arrival time
-----------------------------------------------------------------------------
                                  0.20   slack (MET)


Startpoint: _1164_ (rising edge-triggered flip-flop clocked by clk)
Endpoint: _1165_ (rising edge-triggered flip-flop clocked by clk)
Path Group: clk
Path Type: min

Fanout     Cap    Slew   Delay    Time   Description
-----------------------------------------------------------------------------
                  0.15    0.00    0.00   clock clk (rise edge)
                          0.00    0.00   clock network delay (ideal)
                  0.15    0.00    0.00 ^ _1164_/CLK (sky130_fd_sc_hd__dfxtp_2)
                  0.04    0.33    0.33 ^ _1164_/Q (sky130_fd_sc_hd__dfxtp_2)
     2    0.00                           i_spi_reg.shift_reg[21] (net)
                  0.04    0.00    0.33 ^ _0772_/B2 (sky130_fd_sc_hd__a22o_2)
                  0.03    0.11    0.44 ^ _0772_/X (sky130_fd_sc_hd__a22o_2)
     1    0.00                           _0030_ (net)
                  0.03    0.00    0.44 ^ _1165_/D (sky130_fd_sc_hd__dfxtp_2)
                                  0.44   data arrival time

                  0.15    0.00    0.00   clock clk (rise edge)
                          0.00    0.00   clock network delay (ideal)
                          0.25    0.25   clock uncertainty
                          0.00    0.25   clock reconvergence pessimism
                                  0.25 ^ _1165_/CLK (sky130_fd_sc_hd__dfxtp_2)
                         -0.01    0.24   library hold time
                                  0.24   data required time
-----------------------------------------------------------------------------
                                  0.24   data required time
                                 -0.44   data arrival time
-----------------------------------------------------------------------------
                                  0.20   slack (MET)


Startpoint: _1165_ (rising edge-triggered flip-flop clocked by clk)
Endpoint: _1166_ (rising edge-triggered flip-flop clocked by clk)
Path Group: clk
Path Type: min

Fanout     Cap    Slew   Delay    Time   Description
-----------------------------------------------------------------------------
                  0.15    0.00    0.00   clock clk (rise edge)
                          0.00    0.00   clock network delay (ideal)
                  0.15    0.00    0.00 ^ _1165_/CLK (sky130_fd_sc_hd__dfxtp_2)
                  0.04    0.33    0.33 ^ _1165_/Q (sky130_fd_sc_hd__dfxtp_2)
     2    0.00                           i_spi_reg.shift_reg[22] (net)
                  0.04    0.00    0.33 ^ _0773_/B2 (sky130_fd_sc_hd__a22o_2)
                  0.03    0.11    0.44 ^ _0773_/X (sky130_fd_sc_hd__a22o_2)
     1    0.00                           _0031_ (net)
                  0.03    0.00    0.44 ^ _1166_/D (sky130_fd_sc_hd__dfxtp_2)
                                  0.44   data arrival time

                  0.15    0.00    0.00   clock clk (rise edge)
                          0.00    0.00   clock network delay (ideal)
                          0.25    0.25   clock uncertainty
                          0.00    0.25   clock reconvergence pessimism
                                  0.25 ^ _1166_/CLK (sky130_fd_sc_hd__dfxtp_2)
                         -0.01    0.24   library hold time
                                  0.24   data required time
-----------------------------------------------------------------------------
                                  0.24   data required time
                                 -0.44   data arrival time
-----------------------------------------------------------------------------
                                  0.20   slack (MET)


Startpoint: _1166_ (rising edge-triggered flip-flop clocked by clk)
Endpoint: _1167_ (rising edge-triggered flip-flop clocked by clk)
Path Group: clk
Path Type: min

Fanout     Cap    Slew   Delay    Time   Description
-----------------------------------------------------------------------------
                  0.15    0.00    0.00   clock clk (rise edge)
                          0.00    0.00   clock network delay (ideal)
                  0.15    0.00    0.00 ^ _1166_/CLK (sky130_fd_sc_hd__dfxtp_2)
                  0.04    0.33    0.33 ^ _1166_/Q (sky130_fd_sc_hd__dfxtp_2)
     2    0.00                           i_spi_reg.shift_reg[23] (net)
                  0.04    0.00    0.33 ^ _0774_/B2 (sky130_fd_sc_hd__a22o_2)
                  0.03    0.11    0.44 ^ _0774_/X (sky130_fd_sc_hd__a22o_2)
     1    0.00                           _0032_ (net)
                  0.03    0.00    0.44 ^ _1167_/D (sky130_fd_sc_hd__dfxtp_2)
                                  0.44   data arrival time

                  0.15    0.00    0.00   clock clk (rise edge)
                          0.00    0.00   clock network delay (ideal)
                          0.25    0.25   clock uncertainty
                          0.00    0.25   clock reconvergence pessimism
                                  0.25 ^ _1167_/CLK (sky130_fd_sc_hd__dfxtp_2)
                         -0.01    0.24   library hold time
                                  0.24   data required time
-----------------------------------------------------------------------------
                                  0.24   data required time
                                 -0.44   data arrival time
-----------------------------------------------------------------------------
                                  0.20   slack (MET)


Startpoint: _1167_ (rising edge-triggered flip-flop clocked by clk)
Endpoint: _1168_ (rising edge-triggered flip-flop clocked by clk)
Path Group: clk
Path Type: min

Fanout     Cap    Slew   Delay    Time   Description
-----------------------------------------------------------------------------
                  0.15    0.00    0.00   clock clk (rise edge)
                          0.00    0.00   clock network delay (ideal)
                  0.15    0.00    0.00 ^ _1167_/CLK (sky130_fd_sc_hd__dfxtp_2)
                  0.04    0.33    0.33 ^ _1167_/Q (sky130_fd_sc_hd__dfxtp_2)
     2    0.00                           i_spi_reg.shift_reg[24] (net)
                  0.04    0.00    0.33 ^ _0775_/B2 (sky130_fd_sc_hd__a22o_2)
                  0.03    0.11    0.44 ^ _0775_/X (sky130_fd_sc_hd__a22o_2)
     1    0.00                           _0033_ (net)
                  0.03    0.00    0.44 ^ _1168_/D (sky130_fd_sc_hd__dfxtp_2)
                                  0.44   data arrival time

                  0.15    0.00    0.00   clock clk (rise edge)
                          0.00    0.00   clock network delay (ideal)
                          0.25    0.25   clock uncertainty
                          0.00    0.25   clock reconvergence pessimism
                                  0.25 ^ _1168_/CLK (sky130_fd_sc_hd__dfxtp_2)
                         -0.01    0.24   library hold time
                                  0.24   data required time
-----------------------------------------------------------------------------
                                  0.24   data required time
                                 -0.44   data arrival time
-----------------------------------------------------------------------------
                                  0.20   slack (MET)


Startpoint: _1168_ (rising edge-triggered flip-flop clocked by clk)
Endpoint: _1169_ (rising edge-triggered flip-flop clocked by clk)
Path Group: clk
Path Type: min

Fanout     Cap    Slew   Delay    Time   Description
-----------------------------------------------------------------------------
                  0.15    0.00    0.00   clock clk (rise edge)
                          0.00    0.00   clock network delay (ideal)
                  0.15    0.00    0.00 ^ _1168_/CLK (sky130_fd_sc_hd__dfxtp_2)
                  0.04    0.33    0.33 ^ _1168_/Q (sky130_fd_sc_hd__dfxtp_2)
     2    0.00                           i_spi_reg.shift_reg[25] (net)
                  0.04    0.00    0.33 ^ _0776_/B2 (sky130_fd_sc_hd__a22o_2)
                  0.03    0.11    0.44 ^ _0776_/X (sky130_fd_sc_hd__a22o_2)
     1    0.00                           _0034_ (net)
                  0.03    0.00    0.44 ^ _1169_/D (sky130_fd_sc_hd__dfxtp_2)
                                  0.44   data arrival time

                  0.15    0.00    0.00   clock clk (rise edge)
                          0.00    0.00   clock network delay (ideal)
                          0.25    0.25   clock uncertainty
                          0.00    0.25   clock reconvergence pessimism
                                  0.25 ^ _1169_/CLK (sky130_fd_sc_hd__dfxtp_2)
                         -0.01    0.24   library hold time
                                  0.24   data required time
-----------------------------------------------------------------------------
                                  0.24   data required time
                                 -0.44   data arrival time
-----------------------------------------------------------------------------
                                  0.20   slack (MET)


Startpoint: _1169_ (rising edge-triggered flip-flop clocked by clk)
Endpoint: _1170_ (rising edge-triggered flip-flop clocked by clk)
Path Group: clk
Path Type: min

Fanout     Cap    Slew   Delay    Time   Description
-----------------------------------------------------------------------------
                  0.15    0.00    0.00   clock clk (rise edge)
                          0.00    0.00   clock network delay (ideal)
                  0.15    0.00    0.00 ^ _1169_/CLK (sky130_fd_sc_hd__dfxtp_2)
                  0.04    0.33    0.33 ^ _1169_/Q (sky130_fd_sc_hd__dfxtp_2)
     2    0.00                           i_spi_reg.shift_reg[26] (net)
                  0.04    0.00    0.33 ^ _0777_/B2 (sky130_fd_sc_hd__a22o_2)
                  0.03    0.11    0.44 ^ _0777_/X (sky130_fd_sc_hd__a22o_2)
     1    0.00                           _0035_ (net)
                  0.03    0.00    0.44 ^ _1170_/D (sky130_fd_sc_hd__dfxtp_2)
                                  0.44   data arrival time

                  0.15    0.00    0.00   clock clk (rise edge)
                          0.00    0.00   clock network delay (ideal)
                          0.25    0.25   clock uncertainty
                          0.00    0.25   clock reconvergence pessimism
                                  0.25 ^ _1170_/CLK (sky130_fd_sc_hd__dfxtp_2)
                         -0.01    0.24   library hold time
                                  0.24   data required time
-----------------------------------------------------------------------------
                                  0.24   data required time
                                 -0.44   data arrival time
-----------------------------------------------------------------------------
                                  0.20   slack (MET)


Startpoint: _1170_ (rising edge-triggered flip-flop clocked by clk)
Endpoint: _1171_ (rising edge-triggered flip-flop clocked by clk)
Path Group: clk
Path Type: min

Fanout     Cap    Slew   Delay    Time   Description
-----------------------------------------------------------------------------
                  0.15    0.00    0.00   clock clk (rise edge)
                          0.00    0.00   clock network delay (ideal)
                  0.15    0.00    0.00 ^ _1170_/CLK (sky130_fd_sc_hd__dfxtp_2)
                  0.04    0.33    0.33 ^ _1170_/Q (sky130_fd_sc_hd__dfxtp_2)
     2    0.00                           i_spi_reg.shift_reg[27] (net)
                  0.04    0.00    0.33 ^ _0778_/B2 (sky130_fd_sc_hd__a22o_2)
                  0.03    0.11    0.44 ^ _0778_/X (sky130_fd_sc_hd__a22o_2)
     1    0.00                           _0036_ (net)
                  0.03    0.00    0.44 ^ _1171_/D (sky130_fd_sc_hd__dfxtp_2)
                                  0.44   data arrival time

                  0.15    0.00    0.00   clock clk (rise edge)
                          0.00    0.00   clock network delay (ideal)
                          0.25    0.25   clock uncertainty
                          0.00    0.25   clock reconvergence pessimism
                                  0.25 ^ _1171_/CLK (sky130_fd_sc_hd__dfxtp_2)
                         -0.01    0.24   library hold time
                                  0.24   data required time
-----------------------------------------------------------------------------
                                  0.24   data required time
                                 -0.44   data arrival time
-----------------------------------------------------------------------------
                                  0.20   slack (MET)


Startpoint: _1171_ (rising edge-triggered flip-flop clocked by clk)
Endpoint: _1172_ (rising edge-triggered flip-flop clocked by clk)
Path Group: clk
Path Type: min

Fanout     Cap    Slew   Delay    Time   Description
-----------------------------------------------------------------------------
                  0.15    0.00    0.00   clock clk (rise edge)
                          0.00    0.00   clock network delay (ideal)
                  0.15    0.00    0.00 ^ _1171_/CLK (sky130_fd_sc_hd__dfxtp_2)
                  0.04    0.33    0.33 ^ _1171_/Q (sky130_fd_sc_hd__dfxtp_2)
     2    0.00                           i_spi_reg.shift_reg[28] (net)
                  0.04    0.00    0.33 ^ _0779_/B2 (sky130_fd_sc_hd__a22o_2)
                  0.03    0.11    0.44 ^ _0779_/X (sky130_fd_sc_hd__a22o_2)
     1    0.00                           _0037_ (net)
                  0.03    0.00    0.44 ^ _1172_/D (sky130_fd_sc_hd__dfxtp_2)
                                  0.44   data arrival time

                  0.15    0.00    0.00   clock clk (rise edge)
                          0.00    0.00   clock network delay (ideal)
                          0.25    0.25   clock uncertainty
                          0.00    0.25   clock reconvergence pessimism
                                  0.25 ^ _1172_/CLK (sky130_fd_sc_hd__dfxtp_2)
                         -0.01    0.24   library hold time
                                  0.24   data required time
-----------------------------------------------------------------------------
                                  0.24   data required time
                                 -0.44   data arrival time
-----------------------------------------------------------------------------
                                  0.20   slack (MET)


Startpoint: _1172_ (rising edge-triggered flip-flop clocked by clk)
Endpoint: _1173_ (rising edge-triggered flip-flop clocked by clk)
Path Group: clk
Path Type: min

Fanout     Cap    Slew   Delay    Time   Description
-----------------------------------------------------------------------------
                  0.15    0.00    0.00   clock clk (rise edge)
                          0.00    0.00   clock network delay (ideal)
                  0.15    0.00    0.00 ^ _1172_/CLK (sky130_fd_sc_hd__dfxtp_2)
                  0.04    0.33    0.33 ^ _1172_/Q (sky130_fd_sc_hd__dfxtp_2)
     2    0.00                           i_spi_reg.shift_reg[29] (net)
                  0.04    0.00    0.33 ^ _0780_/B2 (sky130_fd_sc_hd__a22o_2)
                  0.03    0.11    0.44 ^ _0780_/X (sky130_fd_sc_hd__a22o_2)
     1    0.00                           _0038_ (net)
                  0.03    0.00    0.44 ^ _1173_/D (sky130_fd_sc_hd__dfxtp_2)
                                  0.44   data arrival time

                  0.15    0.00    0.00   clock clk (rise edge)
                          0.00    0.00   clock network delay (ideal)
                          0.25    0.25   clock uncertainty
                          0.00    0.25   clock reconvergence pessimism
                                  0.25 ^ _1173_/CLK (sky130_fd_sc_hd__dfxtp_2)
                         -0.01    0.24   library hold time
                                  0.24   data required time
-----------------------------------------------------------------------------
                                  0.24   data required time
                                 -0.44   data arrival time
-----------------------------------------------------------------------------
                                  0.20   slack (MET)


Startpoint: _1173_ (rising edge-triggered flip-flop clocked by clk)
Endpoint: _1174_ (rising edge-triggered flip-flop clocked by clk)
Path Group: clk
Path Type: min

Fanout     Cap    Slew   Delay    Time   Description
-----------------------------------------------------------------------------
                  0.15    0.00    0.00   clock clk (rise edge)
                          0.00    0.00   clock network delay (ideal)
                  0.15    0.00    0.00 ^ _1173_/CLK (sky130_fd_sc_hd__dfxtp_2)
                  0.04    0.33    0.33 ^ _1173_/Q (sky130_fd_sc_hd__dfxtp_2)
     2    0.00                           i_spi_reg.shift_reg[30] (net)
                  0.04    0.00    0.33 ^ _0781_/B2 (sky130_fd_sc_hd__a22o_2)
                  0.03    0.11    0.44 ^ _0781_/X (sky130_fd_sc_hd__a22o_2)
     1    0.00                           _0039_ (net)
                  0.03    0.00    0.44 ^ _1174_/D (sky130_fd_sc_hd__dfxtp_2)
                                  0.44   data arrival time

                  0.15    0.00    0.00   clock clk (rise edge)
                          0.00    0.00   clock network delay (ideal)
                          0.25    0.25   clock uncertainty
                          0.00    0.25   clock reconvergence pessimism
                                  0.25 ^ _1174_/CLK (sky130_fd_sc_hd__dfxtp_2)
                         -0.01    0.24   library hold time
                                  0.24   data required time
-----------------------------------------------------------------------------
                                  0.24   data required time
                                 -0.44   data arrival time
-----------------------------------------------------------------------------
                                  0.20   slack (MET)


Startpoint: _1188_ (rising edge-triggered flip-flop clocked by clk)
Endpoint: _1188_ (rising edge-triggered flip-flop clocked by clk)
Path Group: clk
Path Type: min

Fanout     Cap    Slew   Delay    Time   Description
-----------------------------------------------------------------------------
                  0.15    0.00    0.00   clock clk (rise edge)
                          0.00    0.00   clock network delay (ideal)
                  0.15    0.00    0.00 ^ _1188_/CLK (sky130_fd_sc_hd__dfrtp_2)
                  0.10    0.40    0.40 ^ _1188_/Q (sky130_fd_sc_hd__dfrtp_2)
     6    0.02                           dut.wifi_timeout_tick_count[0] (net)
                  0.10    0.00    0.40 ^ _0707_/A (sky130_fd_sc_hd__nor3b_2)
                  0.03    0.05    0.45 v _0707_/Y (sky130_fd_sc_hd__nor3b_2)
     1    0.00                           _0007_ (net)
                  0.03    0.00    0.45 v _1188_/D (sky130_fd_sc_hd__dfrtp_2)
                                  0.45   data arrival time

                  0.15    0.00    0.00   clock clk (rise edge)
                          0.00    0.00   clock network delay (ideal)
                          0.25    0.25   clock uncertainty
                          0.00    0.25   clock reconvergence pessimism
                                  0.25 ^ _1188_/CLK (sky130_fd_sc_hd__dfrtp_2)
                         -0.01    0.24   library hold time
                                  0.24   data required time
-----------------------------------------------------------------------------
                                  0.24   data required time
                                 -0.45   data arrival time
-----------------------------------------------------------------------------
                                  0.21   slack (MET)


Startpoint: _1224_ (rising edge-triggered flip-flop clocked by clk)
Endpoint: _1224_ (rising edge-triggered flip-flop clocked by clk)
Path Group: clk
Path Type: min

Fanout     Cap    Slew   Delay    Time   Description
-----------------------------------------------------------------------------
                  0.15    0.00    0.00   clock clk (rise edge)
                          0.00    0.00   clock network delay (ideal)
                  0.15    0.00    0.00 ^ _1224_/CLK (sky130_fd_sc_hd__dfrtp_2)
                  0.05    0.36    0.36 ^ _1224_/Q (sky130_fd_sc_hd__dfrtp_2)
     2    0.00                           dut.wifi_timeout[15] (net)
                  0.05    0.00    0.36 ^ _0886_/A1 (sky130_fd_sc_hd__a21o_2)
                  0.03    0.10    0.45 ^ _0886_/X (sky130_fd_sc_hd__a21o_2)
     1    0.00                           _0073_ (net)
                  0.03    0.00    0.45 ^ _1224_/D (sky130_fd_sc_hd__dfrtp_2)
                                  0.45   data arrival time

                  0.15    0.00    0.00   clock clk (rise edge)
                          0.00    0.00   clock network delay (ideal)
                          0.25    0.25   clock uncertainty
                          0.00    0.25   clock reconvergence pessimism
                                  0.25 ^ _1224_/CLK (sky130_fd_sc_hd__dfrtp_2)
                         -0.02    0.23   library hold time
                                  0.23   data required time
-----------------------------------------------------------------------------
                                  0.23   data required time
                                 -0.45   data arrival time
-----------------------------------------------------------------------------
                                  0.22   slack (MET)


Startpoint: _1345_ (rising edge-triggered flip-flop clocked by clk)
Endpoint: _1345_ (rising edge-triggered flip-flop clocked by clk)
Path Group: clk
Path Type: min

Fanout     Cap    Slew   Delay    Time   Description
-----------------------------------------------------------------------------
                  0.15    0.00    0.00   clock clk (rise edge)
                          0.00    0.00   clock network delay (ideal)
                  0.15    0.00    0.00 ^ _1345_/CLK (sky130_fd_sc_hd__dfrtp_2)
                  0.11    0.41    0.41 ^ _1345_/Q (sky130_fd_sc_hd__dfrtp_2)
     5    0.02                           dut.loop_inactive_count[0] (net)
                  0.11    0.00    0.41 ^ _1131_/A1 (sky130_fd_sc_hd__a21oi_2)
                  0.03    0.05    0.47 v _1131_/Y (sky130_fd_sc_hd__a21oi_2)
     1    0.00                           _0177_ (net)
                  0.03    0.00    0.47 v _1345_/D (sky130_fd_sc_hd__dfrtp_2)
                                  0.47   data arrival time

                  0.15    0.00    0.00   clock clk (rise edge)
                          0.00    0.00   clock network delay (ideal)
                          0.25    0.25   clock uncertainty
                          0.00    0.25   clock reconvergence pessimism
                                  0.25 ^ _1345_/CLK (sky130_fd_sc_hd__dfrtp_2)
                         -0.01    0.24   library hold time
                                  0.24   data required time
-----------------------------------------------------------------------------
                                  0.24   data required time
                                 -0.47   data arrival time
-----------------------------------------------------------------------------
                                  0.23   slack (MET)


Startpoint: _1274_ (rising edge-triggered flip-flop clocked by clk)
Endpoint: _1274_ (rising edge-triggered flip-flop clocked by clk)
Path Group: clk
Path Type: min

Fanout     Cap    Slew   Delay    Time   Description
-----------------------------------------------------------------------------
                  0.15    0.00    0.00   clock clk (rise edge)
                          0.00    0.00   clock network delay (ideal)
                  0.15    0.00    0.00 ^ _1274_/CLK (sky130_fd_sc_hd__dfrtp_2)
                  0.05    0.36    0.36 ^ _1274_/Q (sky130_fd_sc_hd__dfrtp_2)
     2    0.00                           dut.spi_bit_count[5] (net)
                  0.05    0.00    0.36 ^ _0970_/B1 (sky130_fd_sc_hd__o21a_2)
                  0.03    0.10    0.46 ^ _0970_/X (sky130_fd_sc_hd__o21a_2)
     1    0.00                           _0123_ (net)
                  0.03    0.00    0.46 ^ _1274_/D (sky130_fd_sc_hd__dfrtp_2)
                                  0.46   data arrival time

                  0.15    0.00    0.00   clock clk (rise edge)
                          0.00    0.00   clock network delay (ideal)
                          0.25    0.25   clock uncertainty
                          0.00    0.25   clock reconvergence pessimism
                                  0.25 ^ _1274_/CLK (sky130_fd_sc_hd__dfrtp_2)
                         -0.02    0.23   library hold time
                                  0.23   data required time
-----------------------------------------------------------------------------
                                  0.23   data required time
                                 -0.46   data arrival time
-----------------------------------------------------------------------------
                                  0.23   slack (MET)


Startpoint: _1268_ (rising edge-triggered flip-flop clocked by clk)
Endpoint: _1268_ (rising edge-triggered flip-flop clocked by clk)
Path Group: clk
Path Type: min

Fanout     Cap    Slew   Delay    Time   Description
-----------------------------------------------------------------------------
                  0.15    0.00    0.00   clock clk (rise edge)
                          0.00    0.00   clock network delay (ideal)
                  0.15    0.00    0.00 ^ _1268_/CLK (sky130_fd_sc_hd__dfrtp_2)
                  0.05    0.36    0.36 ^ _1268_/Q (sky130_fd_sc_hd__dfrtp_2)
     2    0.00                           dut.spi_shift[30] (net)
                  0.05    0.00    0.36 ^ _0955_/B2 (sky130_fd_sc_hd__a22o_2)
                  0.03    0.11    0.47 ^ _0955_/X (sky130_fd_sc_hd__a22o_2)
     1    0.00                           _0117_ (net)
                  0.03    0.00    0.47 ^ _1268_/D (sky130_fd_sc_hd__dfrtp_2)
                                  0.47   data arrival time

                  0.15    0.00    0.00   clock clk (rise edge)
                          0.00    0.00   clock network delay (ideal)
                          0.25    0.25   clock uncertainty
                          0.00    0.25   clock reconvergence pessimism
                                  0.25 ^ _1268_/CLK (sky130_fd_sc_hd__dfrtp_2)
                         -0.02    0.23   library hold time
                                  0.23   data required time
-----------------------------------------------------------------------------
                                  0.23   data required time
                                 -0.47   data arrival time
-----------------------------------------------------------------------------
                                  0.24   slack (MET)


Startpoint: _1175_ (rising edge-triggered flip-flop clocked by clk)
Endpoint: _1238_ (rising edge-triggered flip-flop clocked by clk)
Path Group: clk
Path Type: min

Fanout     Cap    Slew   Delay    Time   Description
-----------------------------------------------------------------------------
                  0.15    0.00    0.00   clock clk (rise edge)
                          0.00    0.00   clock network delay (ideal)
                  0.15    0.00    0.00 ^ _1175_/CLK (sky130_fd_sc_hd__dfrtp_2)
                  0.05    0.36    0.36 ^ _1175_/Q (sky130_fd_sc_hd__dfrtp_2)
     2    0.00                           dut.spi_mosi_s2 (net)
                  0.05    0.00    0.36 ^ _0921_/A1 (sky130_fd_sc_hd__a22o_2)
                  0.03    0.12    0.47 ^ _0921_/X (sky130_fd_sc_hd__a22o_2)
     1    0.00                           _0087_ (net)
                  0.03    0.00    0.47 ^ _1238_/D (sky130_fd_sc_hd__dfrtp_2)
                                  0.47   data arrival time

                  0.15    0.00    0.00   clock clk (rise edge)
                          0.00    0.00   clock network delay (ideal)
                          0.25    0.25   clock uncertainty
                          0.00    0.25   clock reconvergence pessimism
                                  0.25 ^ _1238_/CLK (sky130_fd_sc_hd__dfrtp_2)
                         -0.02    0.23   library hold time
                                  0.23   data required time
-----------------------------------------------------------------------------
                                  0.23   data required time
                                 -0.47   data arrival time
-----------------------------------------------------------------------------
                                  0.24   slack (MET)


Startpoint: _1174_ (rising edge-triggered flip-flop clocked by clk)
Endpoint: _1349_ (rising edge-triggered flip-flop clocked by clk)
Path Group: clk
Path Type: min

Fanout     Cap    Slew   Delay    Time   Description
-----------------------------------------------------------------------------
                  0.15    0.00    0.00   clock clk (rise edge)
                          0.00    0.00   clock network delay (ideal)
                  0.15    0.00    0.00 ^ _1174_/CLK (sky130_fd_sc_hd__dfxtp_2)
                  0.04    0.33    0.33 ^ _1174_/Q (sky130_fd_sc_hd__dfxtp_2)
     2    0.00                           i_spi_reg.shift_reg[31] (net)
                  0.04    0.00    0.33 ^ _1141_/A1 (sky130_fd_sc_hd__o311a_2)
                  0.03    0.15    0.48 ^ _1141_/X (sky130_fd_sc_hd__o311a_2)
     1    0.00                           _0181_ (net)
                  0.03    0.00    0.48 ^ _1349_/D (sky130_fd_sc_hd__dfxtp_2)
                                  0.48   data arrival time

                  0.15    0.00    0.00   clock clk (rise edge)
                          0.00    0.00   clock network delay (ideal)
                          0.25    0.25   clock uncertainty
                          0.00    0.25   clock reconvergence pessimism
                                  0.25 ^ _1349_/CLK (sky130_fd_sc_hd__dfxtp_2)
                         -0.01    0.24   library hold time
                                  0.24   data required time
-----------------------------------------------------------------------------
                                  0.24   data required time
                                 -0.48   data arrival time
-----------------------------------------------------------------------------
                                  0.25   slack (MET)


Startpoint: _1239_ (rising edge-triggered flip-flop clocked by clk)
Endpoint: _1239_ (rising edge-triggered flip-flop clocked by clk)
Path Group: clk
Path Type: min

Fanout     Cap    Slew   Delay    Time   Description
-----------------------------------------------------------------------------
                  0.15    0.00    0.00   clock clk (rise edge)
                          0.00    0.00   clock network delay (ideal)
                  0.15    0.00    0.00 ^ _1239_/CLK (sky130_fd_sc_hd__dfrtp_2)
                  0.06    0.37    0.37 ^ _1239_/Q (sky130_fd_sc_hd__dfrtp_2)
     3    0.01                           dut.spi_shift[1] (net)
                  0.06    0.00    0.37 ^ _0922_/B2 (sky130_fd_sc_hd__a22o_2)
                  0.03    0.11    0.48 ^ _0922_/X (sky130_fd_sc_hd__a22o_2)
     1    0.00                           _0088_ (net)
                  0.03    0.00    0.48 ^ _1239_/D (sky130_fd_sc_hd__dfrtp_2)
                                  0.48   data arrival time

                  0.15    0.00    0.00   clock clk (rise edge)
                          0.00    0.00   clock network delay (ideal)
                          0.25    0.25   clock uncertainty
                          0.00    0.25   clock reconvergence pessimism
                                  0.25 ^ _1239_/CLK (sky130_fd_sc_hd__dfrtp_2)
                         -0.02    0.23   library hold time
                                  0.23   data required time
-----------------------------------------------------------------------------
                                  0.23   data required time
                                 -0.48   data arrival time
-----------------------------------------------------------------------------
                                  0.25   slack (MET)


Startpoint: _1240_ (rising edge-triggered flip-flop clocked by clk)
Endpoint: _1240_ (rising edge-triggered flip-flop clocked by clk)
Path Group: clk
Path Type: min

Fanout     Cap    Slew   Delay    Time   Description
-----------------------------------------------------------------------------
                  0.15    0.00    0.00   clock clk (rise edge)
                          0.00    0.00   clock network delay (ideal)
                  0.15    0.00    0.00 ^ _1240_/CLK (sky130_fd_sc_hd__dfrtp_2)
                  0.06    0.37    0.37 ^ _1240_/Q (sky130_fd_sc_hd__dfrtp_2)
     3    0.01                           dut.spi_shift[2] (net)
                  0.06    0.00    0.37 ^ _0923_/B2 (sky130_fd_sc_hd__a22o_2)
                  0.03    0.11    0.48 ^ _0923_/X (sky130_fd_sc_hd__a22o_2)
     1    0.00                           _0089_ (net)
                  0.03    0.00    0.48 ^ _1240_/D (sky130_fd_sc_hd__dfrtp_2)
                                  0.48   data arrival time

                  0.15    0.00    0.00   clock clk (rise edge)
                          0.00    0.00   clock network delay (ideal)
                          0.25    0.25   clock uncertainty
                          0.00    0.25   clock reconvergence pessimism
                                  0.25 ^ _1240_/CLK (sky130_fd_sc_hd__dfrtp_2)
                         -0.02    0.23   library hold time
                                  0.23   data required time
-----------------------------------------------------------------------------
                                  0.23   data required time
                                 -0.48   data arrival time
-----------------------------------------------------------------------------
                                  0.25   slack (MET)


Startpoint: _1241_ (rising edge-triggered flip-flop clocked by clk)
Endpoint: _1241_ (rising edge-triggered flip-flop clocked by clk)
Path Group: clk
Path Type: min

Fanout     Cap    Slew   Delay    Time   Description
-----------------------------------------------------------------------------
                  0.15    0.00    0.00   clock clk (rise edge)
                          0.00    0.00   clock network delay (ideal)
                  0.15    0.00    0.00 ^ _1241_/CLK (sky130_fd_sc_hd__dfrtp_2)
                  0.06    0.37    0.37 ^ _1241_/Q (sky130_fd_sc_hd__dfrtp_2)
     3    0.01                           dut.spi_shift[3] (net)
                  0.06    0.00    0.37 ^ _0924_/B2 (sky130_fd_sc_hd__a22o_2)
                  0.03    0.11    0.48 ^ _0924_/X (sky130_fd_sc_hd__a22o_2)
     1    0.00                           _0090_ (net)
                  0.03    0.00    0.48 ^ _1241_/D (sky130_fd_sc_hd__dfrtp_2)
                                  0.48   data arrival time

                  0.15    0.00    0.00   clock clk (rise edge)
                          0.00    0.00   clock network delay (ideal)
                          0.25    0.25   clock uncertainty
                          0.00    0.25   clock reconvergence pessimism
                                  0.25 ^ _1241_/CLK (sky130_fd_sc_hd__dfrtp_2)
                         -0.02    0.23   library hold time
                                  0.23   data required time
-----------------------------------------------------------------------------
                                  0.23   data required time
                                 -0.48   data arrival time
-----------------------------------------------------------------------------
                                  0.25   slack (MET)


Startpoint: _1242_ (rising edge-triggered flip-flop clocked by clk)
Endpoint: _1242_ (rising edge-triggered flip-flop clocked by clk)
Path Group: clk
Path Type: min

Fanout     Cap    Slew   Delay    Time   Description
-----------------------------------------------------------------------------
                  0.15    0.00    0.00   clock clk (rise edge)
                          0.00    0.00   clock network delay (ideal)
                  0.15    0.00    0.00 ^ _1242_/CLK (sky130_fd_sc_hd__dfrtp_2)
                  0.06    0.37    0.37 ^ _1242_/Q (sky130_fd_sc_hd__dfrtp_2)
     3    0.01                           dut.spi_shift[4] (net)
                  0.06    0.00    0.37 ^ _0925_/B2 (sky130_fd_sc_hd__a22o_2)
                  0.03    0.11    0.48 ^ _0925_/X (sky130_fd_sc_hd__a22o_2)
     1    0.00                           _0091_ (net)
                  0.03    0.00    0.48 ^ _1242_/D (sky130_fd_sc_hd__dfrtp_2)
                                  0.48   data arrival time

                  0.15    0.00    0.00   clock clk (rise edge)
                          0.00    0.00   clock network delay (ideal)
                          0.25    0.25   clock uncertainty
                          0.00    0.25   clock reconvergence pessimism
                                  0.25 ^ _1242_/CLK (sky130_fd_sc_hd__dfrtp_2)
                         -0.02    0.23   library hold time
                                  0.23   data required time
-----------------------------------------------------------------------------
                                  0.23   data required time
                                 -0.48   data arrival time
-----------------------------------------------------------------------------
                                  0.25   slack (MET)


Startpoint: _1243_ (rising edge-triggered flip-flop clocked by clk)
Endpoint: _1243_ (rising edge-triggered flip-flop clocked by clk)
Path Group: clk
Path Type: min

Fanout     Cap    Slew   Delay    Time   Description
-----------------------------------------------------------------------------
                  0.15    0.00    0.00   clock clk (rise edge)
                          0.00    0.00   clock network delay (ideal)
                  0.15    0.00    0.00 ^ _1243_/CLK (sky130_fd_sc_hd__dfrtp_2)
                  0.06    0.37    0.37 ^ _1243_/Q (sky130_fd_sc_hd__dfrtp_2)
     3    0.01                           dut.spi_shift[5] (net)
                  0.06    0.00    0.37 ^ _0926_/B2 (sky130_fd_sc_hd__a22o_2)
                  0.03    0.11    0.48 ^ _0926_/X (sky130_fd_sc_hd__a22o_2)
     1    0.00                           _0092_ (net)
                  0.03    0.00    0.48 ^ _1243_/D (sky130_fd_sc_hd__dfrtp_2)
                                  0.48   data arrival time

                  0.15    0.00    0.00   clock clk (rise edge)
                          0.00    0.00   clock network delay (ideal)
                          0.25    0.25   clock uncertainty
                          0.00    0.25   clock reconvergence pessimism
                                  0.25 ^ _1243_/CLK (sky130_fd_sc_hd__dfrtp_2)
                         -0.02    0.23   library hold time
                                  0.23   data required time
-----------------------------------------------------------------------------
                                  0.23   data required time
                                 -0.48   data arrival time
-----------------------------------------------------------------------------
                                  0.25   slack (MET)


Startpoint: _1244_ (rising edge-triggered flip-flop clocked by clk)
Endpoint: _1244_ (rising edge-triggered flip-flop clocked by clk)
Path Group: clk
Path Type: min

Fanout     Cap    Slew   Delay    Time   Description
-----------------------------------------------------------------------------
                  0.15    0.00    0.00   clock clk (rise edge)
                          0.00    0.00   clock network delay (ideal)
                  0.15    0.00    0.00 ^ _1244_/CLK (sky130_fd_sc_hd__dfrtp_2)
                  0.06    0.37    0.37 ^ _1244_/Q (sky130_fd_sc_hd__dfrtp_2)
     3    0.01                           dut.spi_shift[6] (net)
                  0.06    0.00    0.37 ^ _0927_/B2 (sky130_fd_sc_hd__a22o_2)
                  0.03    0.11    0.48 ^ _0927_/X (sky130_fd_sc_hd__a22o_2)
     1    0.00                           _0093_ (net)
                  0.03    0.00    0.48 ^ _1244_/D (sky130_fd_sc_hd__dfrtp_2)
                                  0.48   data arrival time

                  0.15    0.00    0.00   clock clk (rise edge)
                          0.00    0.00   clock network delay (ideal)
                          0.25    0.25   clock uncertainty
                          0.00    0.25   clock reconvergence pessimism
                                  0.25 ^ _1244_/CLK (sky130_fd_sc_hd__dfrtp_2)
                         -0.02    0.23   library hold time
                                  0.23   data required time
-----------------------------------------------------------------------------
                                  0.23   data required time
                                 -0.48   data arrival time
-----------------------------------------------------------------------------
                                  0.25   slack (MET)


Startpoint: _1245_ (rising edge-triggered flip-flop clocked by clk)
Endpoint: _1245_ (rising edge-triggered flip-flop clocked by clk)
Path Group: clk
Path Type: min

Fanout     Cap    Slew   Delay    Time   Description
-----------------------------------------------------------------------------
                  0.15    0.00    0.00   clock clk (rise edge)
                          0.00    0.00   clock network delay (ideal)
                  0.15    0.00    0.00 ^ _1245_/CLK (sky130_fd_sc_hd__dfrtp_2)
                  0.06    0.37    0.37 ^ _1245_/Q (sky130_fd_sc_hd__dfrtp_2)
     3    0.01                           dut.spi_shift[7] (net)
                  0.06    0.00    0.37 ^ _0928_/B2 (sky130_fd_sc_hd__a22o_2)
                  0.03    0.11    0.48 ^ _0928_/X (sky130_fd_sc_hd__a22o_2)
     1    0.00                           _0094_ (net)
                  0.03    0.00    0.48 ^ _1245_/D (sky130_fd_sc_hd__dfrtp_2)
                                  0.48   data arrival time

                  0.15    0.00    0.00   clock clk (rise edge)
                          0.00    0.00   clock network delay (ideal)
                          0.25    0.25   clock uncertainty
                          0.00    0.25   clock reconvergence pessimism
                                  0.25 ^ _1245_/CLK (sky130_fd_sc_hd__dfrtp_2)
                         -0.02    0.23   library hold time
                                  0.23   data required time
-----------------------------------------------------------------------------
                                  0.23   data required time
                                 -0.48   data arrival time
-----------------------------------------------------------------------------
                                  0.25   slack (MET)


Startpoint: _1246_ (rising edge-triggered flip-flop clocked by clk)
Endpoint: _1246_ (rising edge-triggered flip-flop clocked by clk)
Path Group: clk
Path Type: min

Fanout     Cap    Slew   Delay    Time   Description
-----------------------------------------------------------------------------
                  0.15    0.00    0.00   clock clk (rise edge)
                          0.00    0.00   clock network delay (ideal)
                  0.15    0.00    0.00 ^ _1246_/CLK (sky130_fd_sc_hd__dfrtp_2)
                  0.06    0.37    0.37 ^ _1246_/Q (sky130_fd_sc_hd__dfrtp_2)
     3    0.01                           dut.spi_shift[8] (net)
                  0.06    0.00    0.37 ^ _0930_/B2 (sky130_fd_sc_hd__a22o_2)
                  0.03    0.11    0.48 ^ _0930_/X (sky130_fd_sc_hd__a22o_2)
     1    0.00                           _0095_ (net)
                  0.03    0.00    0.48 ^ _1246_/D (sky130_fd_sc_hd__dfrtp_2)
                                  0.48   data arrival time

                  0.15    0.00    0.00   clock clk (rise edge)
                          0.00    0.00   clock network delay (ideal)
                          0.25    0.25   clock uncertainty
                          0.00    0.25   clock reconvergence pessimism
                                  0.25 ^ _1246_/CLK (sky130_fd_sc_hd__dfrtp_2)
                         -0.02    0.23   library hold time
                                  0.23   data required time
-----------------------------------------------------------------------------
                                  0.23   data required time
                                 -0.48   data arrival time
-----------------------------------------------------------------------------
                                  0.25   slack (MET)


Startpoint: _1247_ (rising edge-triggered flip-flop clocked by clk)
Endpoint: _1247_ (rising edge-triggered flip-flop clocked by clk)
Path Group: clk
Path Type: min

Fanout     Cap    Slew   Delay    Time   Description
-----------------------------------------------------------------------------
                  0.15    0.00    0.00   clock clk (rise edge)
                          0.00    0.00   clock network delay (ideal)
                  0.15    0.00    0.00 ^ _1247_/CLK (sky130_fd_sc_hd__dfrtp_2)
                  0.06    0.37    0.37 ^ _1247_/Q (sky130_fd_sc_hd__dfrtp_2)
     3    0.01                           dut.spi_shift[9] (net)
                  0.06    0.00    0.37 ^ _0932_/B2 (sky130_fd_sc_hd__a22o_2)
                  0.03    0.11    0.48 ^ _0932_/X (sky130_fd_sc_hd__a22o_2)
     1    0.00                           _0096_ (net)
                  0.03    0.00    0.48 ^ _1247_/D (sky130_fd_sc_hd__dfrtp_2)
                                  0.48   data arrival time

                  0.15    0.00    0.00   clock clk (rise edge)
                          0.00    0.00   clock network delay (ideal)
                          0.25    0.25   clock uncertainty
                          0.00    0.25   clock reconvergence pessimism
                                  0.25 ^ _1247_/CLK (sky130_fd_sc_hd__dfrtp_2)
                         -0.02    0.23   library hold time
                                  0.23   data required time
-----------------------------------------------------------------------------
                                  0.23   data required time
                                 -0.48   data arrival time
-----------------------------------------------------------------------------
                                  0.25   slack (MET)


Startpoint: _1248_ (rising edge-triggered flip-flop clocked by clk)
Endpoint: _1248_ (rising edge-triggered flip-flop clocked by clk)
Path Group: clk
Path Type: min

Fanout     Cap    Slew   Delay    Time   Description
-----------------------------------------------------------------------------
                  0.15    0.00    0.00   clock clk (rise edge)
                          0.00    0.00   clock network delay (ideal)
                  0.15    0.00    0.00 ^ _1248_/CLK (sky130_fd_sc_hd__dfrtp_2)
                  0.06    0.37    0.37 ^ _1248_/Q (sky130_fd_sc_hd__dfrtp_2)
     3    0.01                           dut.spi_shift[10] (net)
                  0.06    0.00    0.37 ^ _0933_/B2 (sky130_fd_sc_hd__a22o_2)
                  0.03    0.11    0.48 ^ _0933_/X (sky130_fd_sc_hd__a22o_2)
     1    0.00                           _0097_ (net)
                  0.03    0.00    0.48 ^ _1248_/D (sky130_fd_sc_hd__dfrtp_2)
                                  0.48   data arrival time

                  0.15    0.00    0.00   clock clk (rise edge)
                          0.00    0.00   clock network delay (ideal)
                          0.25    0.25   clock uncertainty
                          0.00    0.25   clock reconvergence pessimism
                                  0.25 ^ _1248_/CLK (sky130_fd_sc_hd__dfrtp_2)
                         -0.02    0.23   library hold time
                                  0.23   data required time
-----------------------------------------------------------------------------
                                  0.23   data required time
                                 -0.48   data arrival time
-----------------------------------------------------------------------------
                                  0.25   slack (MET)


Startpoint: _1249_ (rising edge-triggered flip-flop clocked by clk)
Endpoint: _1249_ (rising edge-triggered flip-flop clocked by clk)
Path Group: clk
Path Type: min

Fanout     Cap    Slew   Delay    Time   Description
-----------------------------------------------------------------------------
                  0.15    0.00    0.00   clock clk (rise edge)
                          0.00    0.00   clock network delay (ideal)
                  0.15    0.00    0.00 ^ _1249_/CLK (sky130_fd_sc_hd__dfrtp_2)
                  0.06    0.37    0.37 ^ _1249_/Q (sky130_fd_sc_hd__dfrtp_2)
     3    0.01                           dut.spi_shift[11] (net)
                  0.06    0.00    0.37 ^ _0934_/B2 (sky130_fd_sc_hd__a22o_2)
                  0.03    0.11    0.48 ^ _0934_/X (sky130_fd_sc_hd__a22o_2)
     1    0.00                           _0098_ (net)
                  0.03    0.00    0.48 ^ _1249_/D (sky130_fd_sc_hd__dfrtp_2)
                                  0.48   data arrival time

                  0.15    0.00    0.00   clock clk (rise edge)
                          0.00    0.00   clock network delay (ideal)
                          0.25    0.25   clock uncertainty
                          0.00    0.25   clock reconvergence pessimism
                                  0.25 ^ _1249_/CLK (sky130_fd_sc_hd__dfrtp_2)
                         -0.02    0.23   library hold time
                                  0.23   data required time
-----------------------------------------------------------------------------
                                  0.23   data required time
                                 -0.48   data arrival time
-----------------------------------------------------------------------------
                                  0.25   slack (MET)


Startpoint: _1250_ (rising edge-triggered flip-flop clocked by clk)
Endpoint: _1250_ (rising edge-triggered flip-flop clocked by clk)
Path Group: clk
Path Type: min

Fanout     Cap    Slew   Delay    Time   Description
-----------------------------------------------------------------------------
                  0.15    0.00    0.00   clock clk (rise edge)
                          0.00    0.00   clock network delay (ideal)
                  0.15    0.00    0.00 ^ _1250_/CLK (sky130_fd_sc_hd__dfrtp_2)
                  0.06    0.37    0.37 ^ _1250_/Q (sky130_fd_sc_hd__dfrtp_2)
     3    0.01                           dut.spi_shift[12] (net)
                  0.06    0.00    0.37 ^ _0935_/B2 (sky130_fd_sc_hd__a22o_2)
                  0.03    0.11    0.48 ^ _0935_/X (sky130_fd_sc_hd__a22o_2)
     1    0.00                           _0099_ (net)
                  0.03    0.00    0.48 ^ _1250_/D (sky130_fd_sc_hd__dfrtp_2)
                                  0.48   data arrival time

                  0.15    0.00    0.00   clock clk (rise edge)
                          0.00    0.00   clock network delay (ideal)
                          0.25    0.25   clock uncertainty
                          0.00    0.25   clock reconvergence pessimism
                                  0.25 ^ _1250_/CLK (sky130_fd_sc_hd__dfrtp_2)
                         -0.02    0.23   library hold time
                                  0.23   data required time
-----------------------------------------------------------------------------
                                  0.23   data required time
                                 -0.48   data arrival time
-----------------------------------------------------------------------------
                                  0.25   slack (MET)


Startpoint: _1251_ (rising edge-triggered flip-flop clocked by clk)
Endpoint: _1251_ (rising edge-triggered flip-flop clocked by clk)
Path Group: clk
Path Type: min

Fanout     Cap    Slew   Delay    Time   Description
-----------------------------------------------------------------------------
                  0.15    0.00    0.00   clock clk (rise edge)
                          0.00    0.00   clock network delay (ideal)
                  0.15    0.00    0.00 ^ _1251_/CLK (sky130_fd_sc_hd__dfrtp_2)
                  0.06    0.37    0.37 ^ _1251_/Q (sky130_fd_sc_hd__dfrtp_2)
     3    0.01                           dut.spi_shift[13] (net)
                  0.06    0.00    0.37 ^ _0936_/B2 (sky130_fd_sc_hd__a22o_2)
                  0.03    0.11    0.48 ^ _0936_/X (sky130_fd_sc_hd__a22o_2)
     1    0.00                           _0100_ (net)
                  0.03    0.00    0.48 ^ _1251_/D (sky130_fd_sc_hd__dfrtp_2)
                                  0.48   data arrival time

                  0.15    0.00    0.00   clock clk (rise edge)
                          0.00    0.00   clock network delay (ideal)
                          0.25    0.25   clock uncertainty
                          0.00    0.25   clock reconvergence pessimism
                                  0.25 ^ _1251_/CLK (sky130_fd_sc_hd__dfrtp_2)
                         -0.02    0.23   library hold time
                                  0.23   data required time
-----------------------------------------------------------------------------
                                  0.23   data required time
                                 -0.48   data arrival time
-----------------------------------------------------------------------------
                                  0.25   slack (MET)


Startpoint: _1252_ (rising edge-triggered flip-flop clocked by clk)
Endpoint: _1252_ (rising edge-triggered flip-flop clocked by clk)
Path Group: clk
Path Type: min

Fanout     Cap    Slew   Delay    Time   Description
-----------------------------------------------------------------------------
                  0.15    0.00    0.00   clock clk (rise edge)
                          0.00    0.00   clock network delay (ideal)
                  0.15    0.00    0.00 ^ _1252_/CLK (sky130_fd_sc_hd__dfrtp_2)
                  0.06    0.37    0.37 ^ _1252_/Q (sky130_fd_sc_hd__dfrtp_2)
     3    0.01                           dut.spi_shift[14] (net)
                  0.06    0.00    0.37 ^ _0937_/B2 (sky130_fd_sc_hd__a22o_2)
                  0.03    0.11    0.48 ^ _0937_/X (sky130_fd_sc_hd__a22o_2)
     1    0.00                           _0101_ (net)
                  0.03    0.00    0.48 ^ _1252_/D (sky130_fd_sc_hd__dfrtp_2)
                                  0.48   data arrival time

                  0.15    0.00    0.00   clock clk (rise edge)
                          0.00    0.00   clock network delay (ideal)
                          0.25    0.25   clock uncertainty
                          0.00    0.25   clock reconvergence pessimism
                                  0.25 ^ _1252_/CLK (sky130_fd_sc_hd__dfrtp_2)
                         -0.02    0.23   library hold time
                                  0.23   data required time
-----------------------------------------------------------------------------
                                  0.23   data required time
                                 -0.48   data arrival time
-----------------------------------------------------------------------------
                                  0.25   slack (MET)


Startpoint: _1253_ (rising edge-triggered flip-flop clocked by clk)
Endpoint: _1253_ (rising edge-triggered flip-flop clocked by clk)
Path Group: clk
Path Type: min

Fanout     Cap    Slew   Delay    Time   Description
-----------------------------------------------------------------------------
                  0.15    0.00    0.00   clock clk (rise edge)
                          0.00    0.00   clock network delay (ideal)
                  0.15    0.00    0.00 ^ _1253_/CLK (sky130_fd_sc_hd__dfrtp_2)
                  0.06    0.37    0.37 ^ _1253_/Q (sky130_fd_sc_hd__dfrtp_2)
     3    0.01                           dut.spi_shift[15] (net)
                  0.06    0.00    0.37 ^ _0938_/B2 (sky130_fd_sc_hd__a22o_2)
                  0.03    0.11    0.48 ^ _0938_/X (sky130_fd_sc_hd__a22o_2)
     1    0.00                           _0102_ (net)
                  0.03    0.00    0.48 ^ _1253_/D (sky130_fd_sc_hd__dfrtp_2)
                                  0.48   data arrival time

                  0.15    0.00    0.00   clock clk (rise edge)
                          0.00    0.00   clock network delay (ideal)
                          0.25    0.25   clock uncertainty
                          0.00    0.25   clock reconvergence pessimism
                                  0.25 ^ _1253_/CLK (sky130_fd_sc_hd__dfrtp_2)
                         -0.02    0.23   library hold time
                                  0.23   data required time
-----------------------------------------------------------------------------
                                  0.23   data required time
                                 -0.48   data arrival time
-----------------------------------------------------------------------------
                                  0.25   slack (MET)


Startpoint: _1254_ (rising edge-triggered flip-flop clocked by clk)
Endpoint: _1254_ (rising edge-triggered flip-flop clocked by clk)
Path Group: clk
Path Type: min

Fanout     Cap    Slew   Delay    Time   Description
-----------------------------------------------------------------------------
                  0.15    0.00    0.00   clock clk (rise edge)
                          0.00    0.00   clock network delay (ideal)
                  0.15    0.00    0.00 ^ _1254_/CLK (sky130_fd_sc_hd__dfrtp_2)
                  0.06    0.37    0.37 ^ _1254_/Q (sky130_fd_sc_hd__dfrtp_2)
     3    0.01                           dut.spi_shift[16] (net)
                  0.06    0.00    0.37 ^ _0939_/B2 (sky130_fd_sc_hd__a22o_2)
                  0.03    0.11    0.48 ^ _0939_/X (sky130_fd_sc_hd__a22o_2)
     1    0.00                           _0103_ (net)
                  0.03    0.00    0.48 ^ _1254_/D (sky130_fd_sc_hd__dfrtp_2)
                                  0.48   data arrival time

                  0.15    0.00    0.00   clock clk (rise edge)
                          0.00    0.00   clock network delay (ideal)
                          0.25    0.25   clock uncertainty
                          0.00    0.25   clock reconvergence pessimism
                                  0.25 ^ _1254_/CLK (sky130_fd_sc_hd__dfrtp_2)
                         -0.02    0.23   library hold time
                                  0.23   data required time
-----------------------------------------------------------------------------
                                  0.23   data required time
                                 -0.48   data arrival time
-----------------------------------------------------------------------------
                                  0.25   slack (MET)


Startpoint: _1255_ (rising edge-triggered flip-flop clocked by clk)
Endpoint: _1255_ (rising edge-triggered flip-flop clocked by clk)
Path Group: clk
Path Type: min

Fanout     Cap    Slew   Delay    Time   Description
-----------------------------------------------------------------------------
                  0.15    0.00    0.00   clock clk (rise edge)
                          0.00    0.00   clock network delay (ideal)
                  0.15    0.00    0.00 ^ _1255_/CLK (sky130_fd_sc_hd__dfrtp_2)
                  0.06    0.37    0.37 ^ _1255_/Q (sky130_fd_sc_hd__dfrtp_2)
     3    0.01                           dut.spi_shift[17] (net)
                  0.06    0.00    0.37 ^ _0940_/B2 (sky130_fd_sc_hd__a22o_2)
                  0.03    0.11    0.48 ^ _0940_/X (sky130_fd_sc_hd__a22o_2)
     1    0.00                           _0104_ (net)
                  0.03    0.00    0.48 ^ _1255_/D (sky130_fd_sc_hd__dfrtp_2)
                                  0.48   data arrival time

                  0.15    0.00    0.00   clock clk (rise edge)
                          0.00    0.00   clock network delay (ideal)
                          0.25    0.25   clock uncertainty
                          0.00    0.25   clock reconvergence pessimism
                                  0.25 ^ _1255_/CLK (sky130_fd_sc_hd__dfrtp_2)
                         -0.02    0.23   library hold time
                                  0.23   data required time
-----------------------------------------------------------------------------
                                  0.23   data required time
                                 -0.48   data arrival time
-----------------------------------------------------------------------------
                                  0.25   slack (MET)


Startpoint: _1256_ (rising edge-triggered flip-flop clocked by clk)
Endpoint: _1256_ (rising edge-triggered flip-flop clocked by clk)
Path Group: clk
Path Type: min

Fanout     Cap    Slew   Delay    Time   Description
-----------------------------------------------------------------------------
                  0.15    0.00    0.00   clock clk (rise edge)
                          0.00    0.00   clock network delay (ideal)
                  0.15    0.00    0.00 ^ _1256_/CLK (sky130_fd_sc_hd__dfrtp_2)
                  0.06    0.37    0.37 ^ _1256_/Q (sky130_fd_sc_hd__dfrtp_2)
     3    0.01                           dut.spi_shift[18] (net)
                  0.06    0.00    0.37 ^ _0942_/B2 (sky130_fd_sc_hd__a22o_2)
                  0.03    0.11    0.48 ^ _0942_/X (sky130_fd_sc_hd__a22o_2)
     1    0.00                           _0105_ (net)
                  0.03    0.00    0.48 ^ _1256_/D (sky130_fd_sc_hd__dfrtp_2)
                                  0.48   data arrival time

                  0.15    0.00    0.00   clock clk (rise edge)
                          0.00    0.00   clock network delay (ideal)
                          0.25    0.25   clock uncertainty
                          0.00    0.25   clock reconvergence pessimism
                                  0.25 ^ _1256_/CLK (sky130_fd_sc_hd__dfrtp_2)
                         -0.02    0.23   library hold time
                                  0.23   data required time
-----------------------------------------------------------------------------
                                  0.23   data required time
                                 -0.48   data arrival time
-----------------------------------------------------------------------------
                                  0.25   slack (MET)


Startpoint: _1257_ (rising edge-triggered flip-flop clocked by clk)
Endpoint: _1257_ (rising edge-triggered flip-flop clocked by clk)
Path Group: clk
Path Type: min

Fanout     Cap    Slew   Delay    Time   Description
-----------------------------------------------------------------------------
                  0.15    0.00    0.00   clock clk (rise edge)
                          0.00    0.00   clock network delay (ideal)
                  0.15    0.00    0.00 ^ _1257_/CLK (sky130_fd_sc_hd__dfrtp_2)
                  0.06    0.37    0.37 ^ _1257_/Q (sky130_fd_sc_hd__dfrtp_2)
     3    0.01                           dut.spi_shift[19] (net)
                  0.06    0.00    0.37 ^ _0944_/B2 (sky130_fd_sc_hd__a22o_2)
                  0.03    0.11    0.48 ^ _0944_/X (sky130_fd_sc_hd__a22o_2)
     1    0.00                           _0106_ (net)
                  0.03    0.00    0.48 ^ _1257_/D (sky130_fd_sc_hd__dfrtp_2)
                                  0.48   data arrival time

                  0.15    0.00    0.00   clock clk (rise edge)
                          0.00    0.00   clock network delay (ideal)
                          0.25    0.25   clock uncertainty
                          0.00    0.25   clock reconvergence pessimism
                                  0.25 ^ _1257_/CLK (sky130_fd_sc_hd__dfrtp_2)
                         -0.02    0.23   library hold time
                                  0.23   data required time
-----------------------------------------------------------------------------
                                  0.23   data required time
                                 -0.48   data arrival time
-----------------------------------------------------------------------------
                                  0.25   slack (MET)


Startpoint: _1258_ (rising edge-triggered flip-flop clocked by clk)
Endpoint: _1258_ (rising edge-triggered flip-flop clocked by clk)
Path Group: clk
Path Type: min

Fanout     Cap    Slew   Delay    Time   Description
-----------------------------------------------------------------------------
                  0.15    0.00    0.00   clock clk (rise edge)
                          0.00    0.00   clock network delay (ideal)
                  0.15    0.00    0.00 ^ _1258_/CLK (sky130_fd_sc_hd__dfrtp_2)
                  0.06    0.37    0.37 ^ _1258_/Q (sky130_fd_sc_hd__dfrtp_2)
     3    0.01                           dut.spi_shift[20] (net)
                  0.06    0.00    0.37 ^ _0945_/B2 (sky130_fd_sc_hd__a22o_2)
                  0.03    0.11    0.48 ^ _0945_/X (sky130_fd_sc_hd__a22o_2)
     1    0.00                           _0107_ (net)
                  0.03    0.00    0.48 ^ _1258_/D (sky130_fd_sc_hd__dfrtp_2)
                                  0.48   data arrival time

                  0.15    0.00    0.00   clock clk (rise edge)
                          0.00    0.00   clock network delay (ideal)
                          0.25    0.25   clock uncertainty
                          0.00    0.25   clock reconvergence pessimism
                                  0.25 ^ _1258_/CLK (sky130_fd_sc_hd__dfrtp_2)
                         -0.02    0.23   library hold time
                                  0.23   data required time
-----------------------------------------------------------------------------
                                  0.23   data required time
                                 -0.48   data arrival time
-----------------------------------------------------------------------------
                                  0.25   slack (MET)


Startpoint: _1259_ (rising edge-triggered flip-flop clocked by clk)
Endpoint: _1259_ (rising edge-triggered flip-flop clocked by clk)
Path Group: clk
Path Type: min

Fanout     Cap    Slew   Delay    Time   Description
-----------------------------------------------------------------------------
                  0.15    0.00    0.00   clock clk (rise edge)
                          0.00    0.00   clock network delay (ideal)
                  0.15    0.00    0.00 ^ _1259_/CLK (sky130_fd_sc_hd__dfrtp_2)
                  0.06    0.37    0.37 ^ _1259_/Q (sky130_fd_sc_hd__dfrtp_2)
     3    0.01                           dut.spi_shift[21] (net)
                  0.06    0.00    0.37 ^ _0946_/B2 (sky130_fd_sc_hd__a22o_2)
                  0.03    0.11    0.48 ^ _0946_/X (sky130_fd_sc_hd__a22o_2)
     1    0.00                           _0108_ (net)
                  0.03    0.00    0.48 ^ _1259_/D (sky130_fd_sc_hd__dfrtp_2)
                                  0.48   data arrival time

                  0.15    0.00    0.00   clock clk (rise edge)
                          0.00    0.00   clock network delay (ideal)
                          0.25    0.25   clock uncertainty
                          0.00    0.25   clock reconvergence pessimism
                                  0.25 ^ _1259_/CLK (sky130_fd_sc_hd__dfrtp_2)
                         -0.02    0.23   library hold time
                                  0.23   data required time
-----------------------------------------------------------------------------
                                  0.23   data required time
                                 -0.48   data arrival time
-----------------------------------------------------------------------------
                                  0.25   slack (MET)


Startpoint: _1260_ (rising edge-triggered flip-flop clocked by clk)
Endpoint: _1260_ (rising edge-triggered flip-flop clocked by clk)
Path Group: clk
Path Type: min

Fanout     Cap    Slew   Delay    Time   Description
-----------------------------------------------------------------------------
                  0.15    0.00    0.00   clock clk (rise edge)
                          0.00    0.00   clock network delay (ideal)
                  0.15    0.00    0.00 ^ _1260_/CLK (sky130_fd_sc_hd__dfrtp_2)
                  0.06    0.37    0.37 ^ _1260_/Q (sky130_fd_sc_hd__dfrtp_2)
     3    0.01                           dut.spi_shift[22] (net)
                  0.06    0.00    0.37 ^ _0947_/B2 (sky130_fd_sc_hd__a22o_2)
                  0.03    0.11    0.48 ^ _0947_/X (sky130_fd_sc_hd__a22o_2)
     1    0.00                           _0109_ (net)
                  0.03    0.00    0.48 ^ _1260_/D (sky130_fd_sc_hd__dfrtp_2)
                                  0.48   data arrival time

                  0.15    0.00    0.00   clock clk (rise edge)
                          0.00    0.00   clock network delay (ideal)
                          0.25    0.25   clock uncertainty
                          0.00    0.25   clock reconvergence pessimism
                                  0.25 ^ _1260_/CLK (sky130_fd_sc_hd__dfrtp_2)
                         -0.02    0.23   library hold time
                                  0.23   data required time
-----------------------------------------------------------------------------
                                  0.23   data required time
                                 -0.48   data arrival time
-----------------------------------------------------------------------------
                                  0.25   slack (MET)


Startpoint: _1261_ (rising edge-triggered flip-flop clocked by clk)
Endpoint: _1261_ (rising edge-triggered flip-flop clocked by clk)
Path Group: clk
Path Type: min

Fanout     Cap    Slew   Delay    Time   Description
-----------------------------------------------------------------------------
                  0.15    0.00    0.00   clock clk (rise edge)
                          0.00    0.00   clock network delay (ideal)
                  0.15    0.00    0.00 ^ _1261_/CLK (sky130_fd_sc_hd__dfrtp_2)
                  0.06    0.37    0.37 ^ _1261_/Q (sky130_fd_sc_hd__dfrtp_2)
     3    0.01                           dut.spi_shift[23] (net)
                  0.06    0.00    0.37 ^ _0948_/B2 (sky130_fd_sc_hd__a22o_2)
                  0.03    0.11    0.48 ^ _0948_/X (sky130_fd_sc_hd__a22o_2)
     1    0.00                           _0110_ (net)
                  0.03    0.00    0.48 ^ _1261_/D (sky130_fd_sc_hd__dfrtp_2)
                                  0.48   data arrival time

                  0.15    0.00    0.00   clock clk (rise edge)
                          0.00    0.00   clock network delay (ideal)
                          0.25    0.25   clock uncertainty
                          0.00    0.25   clock reconvergence pessimism
                                  0.25 ^ _1261_/CLK (sky130_fd_sc_hd__dfrtp_2)
                         -0.02    0.23   library hold time
                                  0.23   data required time
-----------------------------------------------------------------------------
                                  0.23   data required time
                                 -0.48   data arrival time
-----------------------------------------------------------------------------
                                  0.25   slack (MET)


Startpoint: _1262_ (rising edge-triggered flip-flop clocked by clk)
Endpoint: _1262_ (rising edge-triggered flip-flop clocked by clk)
Path Group: clk
Path Type: min

Fanout     Cap    Slew   Delay    Time   Description
-----------------------------------------------------------------------------
                  0.15    0.00    0.00   clock clk (rise edge)
                          0.00    0.00   clock network delay (ideal)
                  0.15    0.00    0.00 ^ _1262_/CLK (sky130_fd_sc_hd__dfrtp_2)
                  0.06    0.37    0.37 ^ _1262_/Q (sky130_fd_sc_hd__dfrtp_2)
     3    0.01                           dut.spi_shift[24] (net)
                  0.06    0.00    0.37 ^ _0949_/B2 (sky130_fd_sc_hd__a22o_2)
                  0.03    0.11    0.48 ^ _0949_/X (sky130_fd_sc_hd__a22o_2)
     1    0.00                           _0111_ (net)
                  0.03    0.00    0.48 ^ _1262_/D (sky130_fd_sc_hd__dfrtp_2)
                                  0.48   data arrival time

                  0.15    0.00    0.00   clock clk (rise edge)
                          0.00    0.00   clock network delay (ideal)
                          0.25    0.25   clock uncertainty
                          0.00    0.25   clock reconvergence pessimism
                                  0.25 ^ _1262_/CLK (sky130_fd_sc_hd__dfrtp_2)
                         -0.02    0.23   library hold time
                                  0.23   data required time
-----------------------------------------------------------------------------
                                  0.23   data required time
                                 -0.48   data arrival time
-----------------------------------------------------------------------------
                                  0.25   slack (MET)


Startpoint: _1263_ (rising edge-triggered flip-flop clocked by clk)
Endpoint: _1263_ (rising edge-triggered flip-flop clocked by clk)
Path Group: clk
Path Type: min

Fanout     Cap    Slew   Delay    Time   Description
-----------------------------------------------------------------------------
                  0.15    0.00    0.00   clock clk (rise edge)
                          0.00    0.00   clock network delay (ideal)
                  0.15    0.00    0.00 ^ _1263_/CLK (sky130_fd_sc_hd__dfrtp_2)
                  0.06    0.37    0.37 ^ _1263_/Q (sky130_fd_sc_hd__dfrtp_2)
     3    0.01                           dut.spi_shift[25] (net)
                  0.06    0.00    0.37 ^ _0950_/B2 (sky130_fd_sc_hd__a22o_2)
                  0.03    0.11    0.48 ^ _0950_/X (sky130_fd_sc_hd__a22o_2)
     1    0.00                           _0112_ (net)
                  0.03    0.00    0.48 ^ _1263_/D (sky130_fd_sc_hd__dfrtp_2)
                                  0.48   data arrival time

                  0.15    0.00    0.00   clock clk (rise edge)
                          0.00    0.00   clock network delay (ideal)
                          0.25    0.25   clock uncertainty
                          0.00    0.25   clock reconvergence pessimism
                                  0.25 ^ _1263_/CLK (sky130_fd_sc_hd__dfrtp_2)
                         -0.02    0.23   library hold time
                                  0.23   data required time
-----------------------------------------------------------------------------
                                  0.23   data required time
                                 -0.48   data arrival time
-----------------------------------------------------------------------------
                                  0.25   slack (MET)


Startpoint: _1264_ (rising edge-triggered flip-flop clocked by clk)
Endpoint: _1264_ (rising edge-triggered flip-flop clocked by clk)
Path Group: clk
Path Type: min

Fanout     Cap    Slew   Delay    Time   Description
-----------------------------------------------------------------------------
                  0.15    0.00    0.00   clock clk (rise edge)
                          0.00    0.00   clock network delay (ideal)
                  0.15    0.00    0.00 ^ _1264_/CLK (sky130_fd_sc_hd__dfrtp_2)
                  0.06    0.37    0.37 ^ _1264_/Q (sky130_fd_sc_hd__dfrtp_2)
     3    0.01                           dut.spi_shift[26] (net)
                  0.06    0.00    0.37 ^ _0951_/B2 (sky130_fd_sc_hd__a22o_2)
                  0.03    0.11    0.48 ^ _0951_/X (sky130_fd_sc_hd__a22o_2)
     1    0.00                           _0113_ (net)
                  0.03    0.00    0.48 ^ _1264_/D (sky130_fd_sc_hd__dfrtp_2)
                                  0.48   data arrival time

                  0.15    0.00    0.00   clock clk (rise edge)
                          0.00    0.00   clock network delay (ideal)
                          0.25    0.25   clock uncertainty
                          0.00    0.25   clock reconvergence pessimism
                                  0.25 ^ _1264_/CLK (sky130_fd_sc_hd__dfrtp_2)
                         -0.02    0.23   library hold time
                                  0.23   data required time
-----------------------------------------------------------------------------
                                  0.23   data required time
                                 -0.48   data arrival time
-----------------------------------------------------------------------------
                                  0.25   slack (MET)


Startpoint: _1265_ (rising edge-triggered flip-flop clocked by clk)
Endpoint: _1265_ (rising edge-triggered flip-flop clocked by clk)
Path Group: clk
Path Type: min

Fanout     Cap    Slew   Delay    Time   Description
-----------------------------------------------------------------------------
                  0.15    0.00    0.00   clock clk (rise edge)
                          0.00    0.00   clock network delay (ideal)
                  0.15    0.00    0.00 ^ _1265_/CLK (sky130_fd_sc_hd__dfrtp_2)
                  0.06    0.37    0.37 ^ _1265_/Q (sky130_fd_sc_hd__dfrtp_2)
     3    0.01                           dut.spi_shift[27] (net)
                  0.06    0.00    0.37 ^ _0952_/B2 (sky130_fd_sc_hd__a22o_2)
                  0.03    0.11    0.48 ^ _0952_/X (sky130_fd_sc_hd__a22o_2)
     1    0.00                           _0114_ (net)
                  0.03    0.00    0.48 ^ _1265_/D (sky130_fd_sc_hd__dfrtp_2)
                                  0.48   data arrival time

                  0.15    0.00    0.00   clock clk (rise edge)
                          0.00    0.00   clock network delay (ideal)
                          0.25    0.25   clock uncertainty
                          0.00    0.25   clock reconvergence pessimism
                                  0.25 ^ _1265_/CLK (sky130_fd_sc_hd__dfrtp_2)
                         -0.02    0.23   library hold time
                                  0.23   data required time
-----------------------------------------------------------------------------
                                  0.23   data required time
                                 -0.48   data arrival time
-----------------------------------------------------------------------------
                                  0.25   slack (MET)


Startpoint: _1266_ (rising edge-triggered flip-flop clocked by clk)
Endpoint: _1266_ (rising edge-triggered flip-flop clocked by clk)
Path Group: clk
Path Type: min

Fanout     Cap    Slew   Delay    Time   Description
-----------------------------------------------------------------------------
                  0.15    0.00    0.00   clock clk (rise edge)
                          0.00    0.00   clock network delay (ideal)
                  0.15    0.00    0.00 ^ _1266_/CLK (sky130_fd_sc_hd__dfrtp_2)
                  0.06    0.37    0.37 ^ _1266_/Q (sky130_fd_sc_hd__dfrtp_2)
     3    0.01                           dut.spi_shift[28] (net)
                  0.06    0.00    0.37 ^ _0953_/B2 (sky130_fd_sc_hd__a22o_2)
                  0.03    0.11    0.48 ^ _0953_/X (sky130_fd_sc_hd__a22o_2)
     1    0.00                           _0115_ (net)
                  0.03    0.00    0.48 ^ _1266_/D (sky130_fd_sc_hd__dfrtp_2)
                                  0.48   data arrival time

                  0.15    0.00    0.00   clock clk (rise edge)
                          0.00    0.00   clock network delay (ideal)
                          0.25    0.25   clock uncertainty
                          0.00    0.25   clock reconvergence pessimism
                                  0.25 ^ _1266_/CLK (sky130_fd_sc_hd__dfrtp_2)
                         -0.02    0.23   library hold time
                                  0.23   data required time
-----------------------------------------------------------------------------
                                  0.23   data required time
                                 -0.48   data arrival time
-----------------------------------------------------------------------------
                                  0.25   slack (MET)


Startpoint: _1267_ (rising edge-triggered flip-flop clocked by clk)
Endpoint: _1267_ (rising edge-triggered flip-flop clocked by clk)
Path Group: clk
Path Type: min

Fanout     Cap    Slew   Delay    Time   Description
-----------------------------------------------------------------------------
                  0.15    0.00    0.00   clock clk (rise edge)
                          0.00    0.00   clock network delay (ideal)
                  0.15    0.00    0.00 ^ _1267_/CLK (sky130_fd_sc_hd__dfrtp_2)
                  0.06    0.37    0.37 ^ _1267_/Q (sky130_fd_sc_hd__dfrtp_2)
     3    0.01                           dut.spi_shift[29] (net)
                  0.06    0.00    0.37 ^ _0954_/B2 (sky130_fd_sc_hd__a22o_2)
                  0.03    0.11    0.48 ^ _0954_/X (sky130_fd_sc_hd__a22o_2)
     1    0.00                           _0116_ (net)
                  0.03    0.00    0.48 ^ _1267_/D (sky130_fd_sc_hd__dfrtp_2)
                                  0.48   data arrival time

                  0.15    0.00    0.00   clock clk (rise edge)
                          0.00    0.00   clock network delay (ideal)
                          0.25    0.25   clock uncertainty
                          0.00    0.25   clock reconvergence pessimism
                                  0.25 ^ _1267_/CLK (sky130_fd_sc_hd__dfrtp_2)
                         -0.02    0.23   library hold time
                                  0.23   data required time
-----------------------------------------------------------------------------
                                  0.23   data required time
                                 -0.48   data arrival time
-----------------------------------------------------------------------------
                                  0.25   slack (MET)


Startpoint: _1327_ (rising edge-triggered flip-flop clocked by clk)
Endpoint: _1196_ (rising edge-triggered flip-flop clocked by clk)
Path Group: clk
Path Type: min

Fanout     Cap    Slew   Delay    Time   Description
-----------------------------------------------------------------------------
                  0.15    0.00    0.00   clock clk (rise edge)
                          0.00    0.00   clock network delay (ideal)
                  0.15    0.00    0.00 ^ _1327_/CLK (sky130_fd_sc_hd__dfxtp_2)
                  0.04    0.34    0.34 v _1327_/Q (sky130_fd_sc_hd__dfxtp_2)
     5    0.01                           dut.data_in[2] (net)
                  0.04    0.00    0.34 v _0742_/A (sky130_fd_sc_hd__nand2_2)
                  0.03    0.04    0.39 ^ _0742_/Y (sky130_fd_sc_hd__nand2_2)
     1    0.00                           _0338_ (net)
                  0.03    0.00    0.39 ^ _0744_/A2 (sky130_fd_sc_hd__a21o_2)
                  0.02    0.10    0.48 ^ _0744_/X (sky130_fd_sc_hd__a21o_2)
     1    0.00                           _0004_ (net)
                  0.02    0.00    0.48 ^ _1196_/D (sky130_fd_sc_hd__dfrtp_2)
                                  0.48   data arrival time

                  0.15    0.00    0.00   clock clk (rise edge)
                          0.00    0.00   clock network delay (ideal)
                          0.25    0.25   clock uncertainty
                          0.00    0.25   clock reconvergence pessimism
                                  0.25 ^ _1196_/CLK (sky130_fd_sc_hd__dfrtp_2)
                         -0.02    0.23   library hold time
                                  0.23   data required time
-----------------------------------------------------------------------------
                                  0.23   data required time
                                 -0.48   data arrival time
-----------------------------------------------------------------------------
                                  0.25   slack (MET)


Startpoint: _1273_ (rising edge-triggered flip-flop clocked by clk)
Endpoint: _1273_ (rising edge-triggered flip-flop clocked by clk)
Path Group: clk
Path Type: min

Fanout     Cap    Slew   Delay    Time   Description
-----------------------------------------------------------------------------
                  0.15    0.00    0.00   clock clk (rise edge)
                          0.00    0.00   clock network delay (ideal)
                  0.15    0.00    0.00 ^ _1273_/CLK (sky130_fd_sc_hd__dfrtp_2)
                  0.06    0.37    0.37 ^ _1273_/Q (sky130_fd_sc_hd__dfrtp_2)
     2    0.01                           dut.spi_bit_count[4] (net)
                  0.06    0.00    0.37 ^ _0969_/B2 (sky130_fd_sc_hd__a22o_2)
                  0.03    0.11    0.48 ^ _0969_/X (sky130_fd_sc_hd__a22o_2)
     1    0.00                           _0122_ (net)
                  0.03    0.00    0.48 ^ _1273_/D (sky130_fd_sc_hd__dfrtp_2)
                                  0.48   data arrival time

                  0.15    0.00    0.00   clock clk (rise edge)
                          0.00    0.00   clock network delay (ideal)
                          0.25    0.25   clock uncertainty
                          0.00    0.25   clock reconvergence pessimism
                                  0.25 ^ _1273_/CLK (sky130_fd_sc_hd__dfrtp_2)
                         -0.02    0.23   library hold time
                                  0.23   data required time
-----------------------------------------------------------------------------
                                  0.23   data required time
                                 -0.48   data arrival time
-----------------------------------------------------------------------------
                                  0.25   slack (MET)


Startpoint: _1271_ (rising edge-triggered flip-flop clocked by clk)
Endpoint: _1271_ (rising edge-triggered flip-flop clocked by clk)
Path Group: clk
Path Type: min

Fanout     Cap    Slew   Delay    Time   Description
-----------------------------------------------------------------------------
                  0.15    0.00    0.00   clock clk (rise edge)
                          0.00    0.00   clock network delay (ideal)
                  0.15    0.00    0.00 ^ _1271_/CLK (sky130_fd_sc_hd__dfrtp_2)
                  0.07    0.38    0.38 ^ _1271_/Q (sky130_fd_sc_hd__dfrtp_2)
     4    0.01                           dut.spi_bit_count[2] (net)
                  0.07    0.00    0.38 ^ _0963_/B2 (sky130_fd_sc_hd__a32o_2)
                  0.04    0.11    0.49 ^ _0963_/X (sky130_fd_sc_hd__a32o_2)
     1    0.00                           _0120_ (net)
                  0.04    0.00    0.49 ^ _1271_/D (sky130_fd_sc_hd__dfrtp_2)
                                  0.49   data arrival time

                  0.15    0.00    0.00   clock clk (rise edge)
                          0.00    0.00   clock network delay (ideal)
                          0.25    0.25   clock uncertainty
                          0.00    0.25   clock reconvergence pessimism
                                  0.25 ^ _1271_/CLK (sky130_fd_sc_hd__dfrtp_2)
                         -0.02    0.23   library hold time
                                  0.23   data required time
-----------------------------------------------------------------------------
                                  0.23   data required time
                                 -0.49   data arrival time
-----------------------------------------------------------------------------
                                  0.26   slack (MET)


Startpoint: _1186_ (rising edge-triggered flip-flop clocked by clk)
Endpoint: _1203_ (rising edge-triggered flip-flop clocked by clk)
Path Group: clk
Path Type: min

Fanout     Cap    Slew   Delay    Time   Description
-----------------------------------------------------------------------------
                  0.15    0.00    0.00   clock clk (rise edge)
                          0.00    0.00   clock network delay (ideal)
                  0.15    0.00    0.00 ^ _1186_/CLK (sky130_fd_sc_hd__dfrtp_2)
                  0.07    0.38    0.38 ^ _1186_/Q (sky130_fd_sc_hd__dfrtp_2)
     5    0.01                           dut.ctrl_enable (net)
                  0.07    0.00    0.38 ^ _0812_/B1 (sky130_fd_sc_hd__o21a_2)
                  0.03    0.11    0.50 ^ _0812_/X (sky130_fd_sc_hd__o21a_2)
     1    0.00                           _0053_ (net)
                  0.03    0.00    0.50 ^ _1203_/D (sky130_fd_sc_hd__dfrtp_2)
                                  0.50   data arrival time

                  0.15    0.00    0.00   clock clk (rise edge)
                          0.00    0.00   clock network delay (ideal)
                          0.25    0.25   clock uncertainty
                          0.00    0.25   clock reconvergence pessimism
                                  0.25 ^ _1203_/CLK (sky130_fd_sc_hd__dfrtp_2)
                         -0.02    0.23   library hold time
                                  0.23   data required time
-----------------------------------------------------------------------------
                                  0.23   data required time
                                 -0.50   data arrival time
-----------------------------------------------------------------------------
                                  0.26   slack (MET)


Startpoint: _1303_ (rising edge-triggered flip-flop clocked by clk)
Endpoint: _1303_ (rising edge-triggered flip-flop clocked by clk)
Path Group: clk
Path Type: min

Fanout     Cap    Slew   Delay    Time   Description
-----------------------------------------------------------------------------
                  0.15    0.00    0.00   clock clk (rise edge)
                          0.00    0.00   clock network delay (ideal)
                  0.15    0.00    0.00 ^ _1303_/CLK (sky130_fd_sc_hd__dfrtp_2)
                  0.07    0.38    0.38 ^ _1303_/Q (sky130_fd_sc_hd__dfrtp_2)
     3    0.01                           dut.spi_frame_done (net)
                  0.07    0.00    0.38 ^ _1021_/A1 (sky130_fd_sc_hd__o21ba_2)
                  0.03    0.12    0.50 ^ _1021_/X (sky130_fd_sc_hd__o21ba_2)
     1    0.00                           _0148_ (net)
                  0.03    0.00    0.50 ^ _1303_/D (sky130_fd_sc_hd__dfrtp_2)
                                  0.50   data arrival time

                  0.15    0.00    0.00   clock clk (rise edge)
                          0.00    0.00   clock network delay (ideal)
                          0.25    0.25   clock uncertainty
                          0.00    0.25   clock reconvergence pessimism
                                  0.25 ^ _1303_/CLK (sky130_fd_sc_hd__dfrtp_2)
                         -0.02    0.23   library hold time
                                  0.23   data required time
-----------------------------------------------------------------------------
                                  0.23   data required time
                                 -0.50   data arrival time
-----------------------------------------------------------------------------
                                  0.27   slack (MET)


Startpoint: _1225_ (rising edge-triggered flip-flop clocked by clk)
Endpoint: _1225_ (rising edge-triggered flip-flop clocked by clk)
Path Group: clk
Path Type: min

Fanout     Cap    Slew   Delay    Time   Description
-----------------------------------------------------------------------------
                  0.15    0.00    0.00   clock clk (rise edge)
                          0.00    0.00   clock network delay (ideal)
                  0.15    0.00    0.00 ^ _1225_/CLK (sky130_fd_sc_hd__dfrtp_2)
                  0.07    0.38    0.38 ^ _1225_/Q (sky130_fd_sc_hd__dfrtp_2)
     3    0.01                           dut.threshold_reg[0] (net)
                  0.07    0.00    0.38 ^ _0892_/A1 (sky130_fd_sc_hd__o21ba_2)
                  0.03    0.12    0.50 ^ _0892_/X (sky130_fd_sc_hd__o21ba_2)
     1    0.00                           _0074_ (net)
                  0.03    0.00    0.50 ^ _1225_/D (sky130_fd_sc_hd__dfrtp_2)
                                  0.50   data arrival time

                  0.15    0.00    0.00   clock clk (rise edge)
                          0.00    0.00   clock network delay (ideal)
                          0.25    0.25   clock uncertainty
                          0.00    0.25   clock reconvergence pessimism
                                  0.25 ^ _1225_/CLK (sky130_fd_sc_hd__dfrtp_2)
                         -0.02    0.23   library hold time
                                  0.23   data required time
-----------------------------------------------------------------------------
                                  0.23   data required time
                                 -0.50   data arrival time
-----------------------------------------------------------------------------
                                  0.27   slack (MET)


Startpoint: _1339_ (rising edge-triggered flip-flop clocked by clk)
Endpoint: _1339_ (rising edge-triggered flip-flop clocked by clk)
Path Group: clk
Path Type: min

Fanout     Cap    Slew   Delay    Time   Description
-----------------------------------------------------------------------------
                  0.15    0.00    0.00   clock clk (rise edge)
                          0.00    0.00   clock network delay (ideal)
                  0.15    0.00    0.00 ^ _1339_/CLK (sky130_fd_sc_hd__dfxtp_2)
                  0.04    0.33    0.33 ^ _1339_/Q (sky130_fd_sc_hd__dfxtp_2)
     2    0.00                           dut.address[0] (net)
                  0.04    0.00    0.33 ^ _1119_/A0 (sky130_fd_sc_hd__mux2_2)
                  0.03    0.12    0.45 ^ _1119_/X (sky130_fd_sc_hd__mux2_2)
     1    0.00                           _0558_ (net)
                  0.03    0.00    0.45 ^ _1120_/A (sky130_fd_sc_hd__buf_1)
                  0.03    0.06    0.51 ^ _1120_/X (sky130_fd_sc_hd__buf_1)
     1    0.00                           _0171_ (net)
                  0.03    0.00    0.51 ^ _1339_/D (sky130_fd_sc_hd__dfxtp_2)
                                  0.51   data arrival time

                  0.15    0.00    0.00   clock clk (rise edge)
                          0.00    0.00   clock network delay (ideal)
                          0.25    0.25   clock uncertainty
                          0.00    0.25   clock reconvergence pessimism
                                  0.25 ^ _1339_/CLK (sky130_fd_sc_hd__dfxtp_2)
                         -0.01    0.24   library hold time
                                  0.24   data required time
-----------------------------------------------------------------------------
                                  0.24   data required time
                                 -0.51   data arrival time
-----------------------------------------------------------------------------
                                  0.28   slack (MET)


Startpoint: _1340_ (rising edge-triggered flip-flop clocked by clk)
Endpoint: _1340_ (rising edge-triggered flip-flop clocked by clk)
Path Group: clk
Path Type: min

Fanout     Cap    Slew   Delay    Time   Description
-----------------------------------------------------------------------------
                  0.15    0.00    0.00   clock clk (rise edge)
                          0.00    0.00   clock network delay (ideal)
                  0.15    0.00    0.00 ^ _1340_/CLK (sky130_fd_sc_hd__dfxtp_2)
                  0.04    0.33    0.33 ^ _1340_/Q (sky130_fd_sc_hd__dfxtp_2)
     2    0.00                           dut.address[1] (net)
                  0.04    0.00    0.33 ^ _1121_/A0 (sky130_fd_sc_hd__mux2_2)
                  0.03    0.12    0.45 ^ _1121_/X (sky130_fd_sc_hd__mux2_2)
     1    0.00                           _0559_ (net)
                  0.03    0.00    0.45 ^ _1122_/A (sky130_fd_sc_hd__buf_1)
                  0.03    0.06    0.51 ^ _1122_/X (sky130_fd_sc_hd__buf_1)
     1    0.00                           _0172_ (net)
                  0.03    0.00    0.51 ^ _1340_/D (sky130_fd_sc_hd__dfxtp_2)
                                  0.51   data arrival time

                  0.15    0.00    0.00   clock clk (rise edge)
                          0.00    0.00   clock network delay (ideal)
                          0.25    0.25   clock uncertainty
                          0.00    0.25   clock reconvergence pessimism
                                  0.25 ^ _1340_/CLK (sky130_fd_sc_hd__dfxtp_2)
                         -0.01    0.24   library hold time
                                  0.24   data required time
-----------------------------------------------------------------------------
                                  0.24   data required time
                                 -0.51   data arrival time
-----------------------------------------------------------------------------
                                  0.28   slack (MET)


Startpoint: _1322_ (rising edge-triggered flip-flop clocked by clk)
Endpoint: _1322_ (rising edge-triggered flip-flop clocked by clk)
Path Group: clk
Path Type: min

Fanout     Cap    Slew   Delay    Time   Description
-----------------------------------------------------------------------------
                  0.15    0.00    0.00   clock clk (rise edge)
                          0.00    0.00   clock network delay (ideal)
                  0.15    0.00    0.00 ^ _1322_/CLK (sky130_fd_sc_hd__dfxtp_2)
                  0.12    0.39    0.39 ^ _1322_/Q (sky130_fd_sc_hd__dfxtp_2)
     8    0.02                           i_spi_reg.state[0] (net)
                  0.12    0.00    0.39 ^ _0579_/A1 (sky130_fd_sc_hd__a211o_2)
                  0.02    0.12    0.51 ^ _0579_/X (sky130_fd_sc_hd__a211o_2)
     1    0.00                           _0000_ (net)
                  0.02    0.00    0.51 ^ _1322_/D (sky130_fd_sc_hd__dfxtp_2)
                                  0.51   data arrival time

                  0.15    0.00    0.00   clock clk (rise edge)
                          0.00    0.00   clock network delay (ideal)
                          0.25    0.25   clock uncertainty
                          0.00    0.25   clock reconvergence pessimism
                                  0.25 ^ _1322_/CLK (sky130_fd_sc_hd__dfxtp_2)
                         -0.01    0.24   library hold time
                                  0.24   data required time
-----------------------------------------------------------------------------
                                  0.24   data required time
                                 -0.51   data arrival time
-----------------------------------------------------------------------------
                                  0.28   slack (MET)


Startpoint: _1340_ (rising edge-triggered flip-flop clocked by clk)
Endpoint: _1341_ (rising edge-triggered flip-flop clocked by clk)
Path Group: clk
Path Type: min

Fanout     Cap    Slew   Delay    Time   Description
-----------------------------------------------------------------------------
                  0.15    0.00    0.00   clock clk (rise edge)
                          0.00    0.00   clock network delay (ideal)
                  0.15    0.00    0.00 ^ _1340_/CLK (sky130_fd_sc_hd__dfxtp_2)
                  0.04    0.33    0.33 ^ _1340_/Q (sky130_fd_sc_hd__dfxtp_2)
     2    0.00                           dut.address[1] (net)
                  0.04    0.00    0.33 ^ _1123_/A1 (sky130_fd_sc_hd__mux2_2)
                  0.03    0.12    0.45 ^ _1123_/X (sky130_fd_sc_hd__mux2_2)
     1    0.00                           _0560_ (net)
                  0.03    0.00    0.45 ^ _1124_/A (sky130_fd_sc_hd__buf_1)
                  0.03    0.06    0.51 ^ _1124_/X (sky130_fd_sc_hd__buf_1)
     1    0.00                           _0173_ (net)
                  0.03    0.00    0.51 ^ _1341_/D (sky130_fd_sc_hd__dfxtp_2)
                                  0.51   data arrival time

                  0.15    0.00    0.00   clock clk (rise edge)
                          0.00    0.00   clock network delay (ideal)
                          0.25    0.25   clock uncertainty
                          0.00    0.25   clock reconvergence pessimism
                                  0.25 ^ _1341_/CLK (sky130_fd_sc_hd__dfxtp_2)
                         -0.01    0.24   library hold time
                                  0.24   data required time
-----------------------------------------------------------------------------
                                  0.24   data required time
                                 -0.51   data arrival time
-----------------------------------------------------------------------------
                                  0.28   slack (MET)


Startpoint: _1237_ (rising edge-triggered flip-flop clocked by clk)
Endpoint: _1237_ (rising edge-triggered flip-flop clocked by clk)
Path Group: clk
Path Type: min

Fanout     Cap    Slew   Delay    Time   Description
-----------------------------------------------------------------------------
                  0.15    0.00    0.00   clock clk (rise edge)
                          0.00    0.00   clock network delay (ideal)
                  0.15    0.00    0.00 ^ _1237_/CLK (sky130_fd_sc_hd__dfrtp_2)
                  0.05    0.36    0.36 ^ _1237_/Q (sky130_fd_sc_hd__dfrtp_2)
     2    0.00                           dut.last_spi_seq_valid (net)
                  0.05    0.00    0.36 ^ _0915_/A (sky130_fd_sc_hd__or2_2)
                  0.03    0.09    0.44 ^ _0915_/X (sky130_fd_sc_hd__or2_2)
     1    0.00                           _0439_ (net)
                  0.03    0.00    0.44 ^ _0916_/A (sky130_fd_sc_hd__buf_1)
                  0.04    0.06    0.51 ^ _0916_/X (sky130_fd_sc_hd__buf_1)
     1    0.00                           _0086_ (net)
                  0.04    0.00    0.51 ^ _1237_/D (sky130_fd_sc_hd__dfrtp_2)
                                  0.51   data arrival time

                  0.15    0.00    0.00   clock clk (rise edge)
                          0.00    0.00   clock network delay (ideal)
                          0.25    0.25   clock uncertainty
                          0.00    0.25   clock reconvergence pessimism
                                  0.25 ^ _1237_/CLK (sky130_fd_sc_hd__dfrtp_2)
                         -0.02    0.23   library hold time
                                  0.23   data required time
-----------------------------------------------------------------------------
                                  0.23   data required time
                                 -0.51   data arrival time
-----------------------------------------------------------------------------
                                  0.28   slack (MET)


Startpoint: _1321_ (rising edge-triggered flip-flop clocked by clk)
Endpoint: _1321_ (rising edge-triggered flip-flop clocked by clk)
Path Group: clk
Path Type: min

Fanout     Cap    Slew   Delay    Time   Description
-----------------------------------------------------------------------------
                  0.15    0.00    0.00   clock clk (rise edge)
                          0.00    0.00   clock network delay (ideal)
                  0.15    0.00    0.00 ^ _1321_/CLK (sky130_fd_sc_hd__dfxtp_2)
                  0.04    0.33    0.33 ^ _1321_/Q (sky130_fd_sc_hd__dfxtp_2)
     2    0.00                           i_spi_reg.shift_reg[7] (net)
                  0.04    0.00    0.33 ^ _1073_/A1 (sky130_fd_sc_hd__mux2_2)
                  0.03    0.12    0.45 ^ _1073_/X (sky130_fd_sc_hd__mux2_2)
     1    0.00                           _0527_ (net)
                  0.03    0.00    0.45 ^ _1074_/A (sky130_fd_sc_hd__buf_1)
                  0.03    0.06    0.51 ^ _1074_/X (sky130_fd_sc_hd__buf_1)
     1    0.00                           _0156_ (net)
                  0.03    0.00    0.51 ^ _1321_/D (sky130_fd_sc_hd__dfxtp_2)
                                  0.51   data arrival time

                  0.15    0.00    0.00   clock clk (rise edge)
                          0.00    0.00   clock network delay (ideal)
                          0.25    0.25   clock uncertainty
                          0.00    0.25   clock reconvergence pessimism
                                  0.25 ^ _1321_/CLK (sky130_fd_sc_hd__dfxtp_2)
                         -0.01    0.24   library hold time
                                  0.24   data required time
-----------------------------------------------------------------------------
                                  0.24   data required time
                                 -0.51   data arrival time
-----------------------------------------------------------------------------
                                  0.28   slack (MET)


Startpoint: _1318_ (rising edge-triggered flip-flop clocked by clk)
Endpoint: _1318_ (rising edge-triggered flip-flop clocked by clk)
Path Group: clk
Path Type: min

Fanout     Cap    Slew   Delay    Time   Description
-----------------------------------------------------------------------------
                  0.15    0.00    0.00   clock clk (rise edge)
                          0.00    0.00   clock network delay (ideal)
                  0.15    0.00    0.00 ^ _1318_/CLK (sky130_fd_sc_hd__dfxtp_2)
                  0.04    0.33    0.33 ^ _1318_/Q (sky130_fd_sc_hd__dfxtp_2)
     2    0.00                           i_spi_reg.shift_reg[4] (net)
                  0.04    0.00    0.33 ^ _1059_/A1 (sky130_fd_sc_hd__mux2_2)
                  0.03    0.12    0.45 ^ _1059_/X (sky130_fd_sc_hd__mux2_2)
     1    0.00                           _0516_ (net)
                  0.03    0.00    0.45 ^ _1060_/A (sky130_fd_sc_hd__buf_1)
                  0.03    0.06    0.52 ^ _1060_/X (sky130_fd_sc_hd__buf_1)
     1    0.00                           _0153_ (net)
                  0.03    0.00    0.52 ^ _1318_/D (sky130_fd_sc_hd__dfxtp_2)
                                  0.52   data arrival time

                  0.15    0.00    0.00   clock clk (rise edge)
                          0.00    0.00   clock network delay (ideal)
                          0.25    0.25   clock uncertainty
                          0.00    0.25   clock reconvergence pessimism
                                  0.25 ^ _1318_/CLK (sky130_fd_sc_hd__dfxtp_2)
                         -0.01    0.24   library hold time
                                  0.24   data required time
-----------------------------------------------------------------------------
                                  0.24   data required time
                                 -0.52   data arrival time
-----------------------------------------------------------------------------
                                  0.28   slack (MET)


Startpoint: _1319_ (rising edge-triggered flip-flop clocked by clk)
Endpoint: _1319_ (rising edge-triggered flip-flop clocked by clk)
Path Group: clk
Path Type: min

Fanout     Cap    Slew   Delay    Time   Description
-----------------------------------------------------------------------------
                  0.15    0.00    0.00   clock clk (rise edge)
                          0.00    0.00   clock network delay (ideal)
                  0.15    0.00    0.00 ^ _1319_/CLK (sky130_fd_sc_hd__dfxtp_2)
                  0.04    0.33    0.33 ^ _1319_/Q (sky130_fd_sc_hd__dfxtp_2)
     2    0.00                           i_spi_reg.shift_reg[5] (net)
                  0.04    0.00    0.33 ^ _1064_/A1 (sky130_fd_sc_hd__mux2_2)
                  0.03    0.12    0.45 ^ _1064_/X (sky130_fd_sc_hd__mux2_2)
     1    0.00                           _0520_ (net)
                  0.03    0.00    0.45 ^ _1065_/A (sky130_fd_sc_hd__buf_1)
                  0.03    0.06    0.52 ^ _1065_/X (sky130_fd_sc_hd__buf_1)
     1    0.00                           _0154_ (net)
                  0.03    0.00    0.52 ^ _1319_/D (sky130_fd_sc_hd__dfxtp_2)
                                  0.52   data arrival time

                  0.15    0.00    0.00   clock clk (rise edge)
                          0.00    0.00   clock network delay (ideal)
                          0.25    0.25   clock uncertainty
                          0.00    0.25   clock reconvergence pessimism
                                  0.25 ^ _1319_/CLK (sky130_fd_sc_hd__dfxtp_2)
                         -0.01    0.24   library hold time
                                  0.24   data required time
-----------------------------------------------------------------------------
                                  0.24   data required time
                                 -0.52   data arrival time
-----------------------------------------------------------------------------
                                  0.28   slack (MET)


Startpoint: _1320_ (rising edge-triggered flip-flop clocked by clk)
Endpoint: _1320_ (rising edge-triggered flip-flop clocked by clk)
Path Group: clk
Path Type: min

Fanout     Cap    Slew   Delay    Time   Description
-----------------------------------------------------------------------------
                  0.15    0.00    0.00   clock clk (rise edge)
                          0.00    0.00   clock network delay (ideal)
                  0.15    0.00    0.00 ^ _1320_/CLK (sky130_fd_sc_hd__dfxtp_2)
                  0.04    0.33    0.33 ^ _1320_/Q (sky130_fd_sc_hd__dfxtp_2)
     2    0.00                           i_spi_reg.shift_reg[6] (net)
                  0.04    0.00    0.33 ^ _1069_/A1 (sky130_fd_sc_hd__mux2_2)
                  0.03    0.12    0.45 ^ _1069_/X (sky130_fd_sc_hd__mux2_2)
     1    0.00                           _0524_ (net)
                  0.03    0.00    0.45 ^ _1070_/A (sky130_fd_sc_hd__buf_1)
                  0.03    0.06    0.52 ^ _1070_/X (sky130_fd_sc_hd__buf_1)
     1    0.00                           _0155_ (net)
                  0.03    0.00    0.52 ^ _1320_/D (sky130_fd_sc_hd__dfxtp_2)
                                  0.52   data arrival time

                  0.15    0.00    0.00   clock clk (rise edge)
                          0.00    0.00   clock network delay (ideal)
                          0.25    0.25   clock uncertainty
                          0.00    0.25   clock reconvergence pessimism
                                  0.25 ^ _1320_/CLK (sky130_fd_sc_hd__dfxtp_2)
                         -0.01    0.24   library hold time
                                  0.24   data required time
-----------------------------------------------------------------------------
                                  0.24   data required time
                                 -0.52   data arrival time
-----------------------------------------------------------------------------
                                  0.28   slack (MET)


Startpoint: _1317_ (rising edge-triggered flip-flop clocked by clk)
Endpoint: _1317_ (rising edge-triggered flip-flop clocked by clk)
Path Group: clk
Path Type: min

Fanout     Cap    Slew   Delay    Time   Description
-----------------------------------------------------------------------------
                  0.15    0.00    0.00   clock clk (rise edge)
                          0.00    0.00   clock network delay (ideal)
                  0.15    0.00    0.00 ^ _1317_/CLK (sky130_fd_sc_hd__dfxtp_2)
                  0.04    0.33    0.33 ^ _1317_/Q (sky130_fd_sc_hd__dfxtp_2)
     2    0.00                           i_spi_reg.shift_reg[3] (net)
                  0.04    0.00    0.33 ^ _1054_/A1 (sky130_fd_sc_hd__mux2_2)
                  0.03    0.12    0.45 ^ _1054_/X (sky130_fd_sc_hd__mux2_2)
     1    0.00                           _0512_ (net)
                  0.03    0.00    0.45 ^ _1055_/A (sky130_fd_sc_hd__buf_1)
                  0.03    0.06    0.52 ^ _1055_/X (sky130_fd_sc_hd__buf_1)
     1    0.00                           _0152_ (net)
                  0.03    0.00    0.52 ^ _1317_/D (sky130_fd_sc_hd__dfxtp_2)
                                  0.52   data arrival time

                  0.15    0.00    0.00   clock clk (rise edge)
                          0.00    0.00   clock network delay (ideal)
                          0.25    0.25   clock uncertainty
                          0.00    0.25   clock reconvergence pessimism
                                  0.25 ^ _1317_/CLK (sky130_fd_sc_hd__dfxtp_2)
                         -0.01    0.24   library hold time
                                  0.24   data required time
-----------------------------------------------------------------------------
                                  0.24   data required time
                                 -0.52   data arrival time
-----------------------------------------------------------------------------
                                  0.28   slack (MET)


Startpoint: _1348_ (rising edge-triggered flip-flop clocked by clk)
Endpoint: _1347_ (rising edge-triggered flip-flop clocked by clk)
Path Group: clk
Path Type: min

Fanout     Cap    Slew   Delay    Time   Description
-----------------------------------------------------------------------------
                  0.15    0.00    0.00   clock clk (rise edge)
                          0.00    0.00   clock network delay (ideal)
                  0.15    0.00    0.00 ^ _1348_/CLK (sky130_fd_sc_hd__dfrtp_2)
                  0.06    0.43    0.43 v _1348_/Q (sky130_fd_sc_hd__dfrtp_2)
     3    0.01                           dut.loop_inactive_count[3] (net)
                  0.06    0.00    0.43 v _1136_/A (sky130_fd_sc_hd__inv_2)
                  0.03    0.05    0.48 ^ _1136_/Y (sky130_fd_sc_hd__inv_2)
     1    0.00                           _0567_ (net)
                  0.03    0.00    0.48 ^ _1138_/A1 (sky130_fd_sc_hd__a211oi_2)
                  0.04    0.04    0.52 v _1138_/Y (sky130_fd_sc_hd__a211oi_2)
     1    0.00                           _0179_ (net)
                  0.04    0.00    0.52 v _1347_/D (sky130_fd_sc_hd__dfrtp_2)
                                  0.52   data arrival time

                  0.15    0.00    0.00   clock clk (rise edge)
                          0.00    0.00   clock network delay (ideal)
                          0.25    0.25   clock uncertainty
                          0.00    0.25   clock reconvergence pessimism
                                  0.25 ^ _1347_/CLK (sky130_fd_sc_hd__dfrtp_2)
                         -0.01    0.24   library hold time
                                  0.24   data required time
-----------------------------------------------------------------------------
                                  0.24   data required time
                                 -0.52   data arrival time
-----------------------------------------------------------------------------
                                  0.28   slack (MET)


Startpoint: _1329_ (rising edge-triggered flip-flop clocked by clk)
Endpoint: _1329_ (rising edge-triggered flip-flop clocked by clk)
Path Group: clk
Path Type: min

Fanout     Cap    Slew   Delay    Time   Description
-----------------------------------------------------------------------------
                  0.15    0.00    0.00   clock clk (rise edge)
                          0.00    0.00   clock network delay (ideal)
                  0.15    0.00    0.00 ^ _1329_/CLK (sky130_fd_sc_hd__dfxtp_2)
                  0.07    0.36    0.36 ^ _1329_/Q (sky130_fd_sc_hd__dfxtp_2)
     6    0.01                           i_spi_reg.bit_cnt[0] (net)
                  0.07    0.00    0.36 ^ _1088_/A1 (sky130_fd_sc_hd__o211a_2)
                  0.04    0.16    0.52 ^ _1088_/X (sky130_fd_sc_hd__o211a_2)
     1    0.00                           _0161_ (net)
                  0.04    0.00    0.52 ^ _1329_/D (sky130_fd_sc_hd__dfxtp_2)
                                  0.52   data arrival time

                  0.15    0.00    0.00   clock clk (rise edge)
                          0.00    0.00   clock network delay (ideal)
                          0.25    0.25   clock uncertainty
                          0.00    0.25   clock reconvergence pessimism
                                  0.25 ^ _1329_/CLK (sky130_fd_sc_hd__dfxtp_2)
                         -0.02    0.23   library hold time
                                  0.23   data required time
-----------------------------------------------------------------------------
                                  0.23   data required time
                                 -0.52   data arrival time
-----------------------------------------------------------------------------
                                  0.28   slack (MET)


Startpoint: _1348_ (rising edge-triggered flip-flop clocked by clk)
Endpoint: _1348_ (rising edge-triggered flip-flop clocked by clk)
Path Group: clk
Path Type: min

Fanout     Cap    Slew   Delay    Time   Description
-----------------------------------------------------------------------------
                  0.15    0.00    0.00   clock clk (rise edge)
                          0.00    0.00   clock network delay (ideal)
                  0.15    0.00    0.00 ^ _1348_/CLK (sky130_fd_sc_hd__dfrtp_2)
                  0.08    0.39    0.39 ^ _1348_/Q (sky130_fd_sc_hd__dfrtp_2)
     3    0.01                           dut.loop_inactive_count[3] (net)
                  0.08    0.00    0.39 ^ _1139_/A1 (sky130_fd_sc_hd__o21ba_2)
                  0.03    0.13    0.51 ^ _1139_/X (sky130_fd_sc_hd__o21ba_2)
     1    0.00                           _0180_ (net)
                  0.03    0.00    0.51 ^ _1348_/D (sky130_fd_sc_hd__dfrtp_2)
                                  0.51   data arrival time

                  0.15    0.00    0.00   clock clk (rise edge)
                          0.00    0.00   clock network delay (ideal)
                          0.25    0.25   clock uncertainty
                          0.00    0.25   clock reconvergence pessimism
                                  0.25 ^ _1348_/CLK (sky130_fd_sc_hd__dfrtp_2)
                         -0.02    0.23   library hold time
                                  0.23   data required time
-----------------------------------------------------------------------------
                                  0.23   data required time
                                 -0.51   data arrival time
-----------------------------------------------------------------------------
                                  0.28   slack (MET)


Startpoint: _1314_ (rising edge-triggered flip-flop clocked by clk)
Endpoint: _1326_ (rising edge-triggered flip-flop clocked by clk)
Path Group: clk
Path Type: min

Fanout     Cap    Slew   Delay    Time   Description
-----------------------------------------------------------------------------
                  0.15    0.00    0.00   clock clk (rise edge)
                          0.00    0.00   clock network delay (ideal)
                  0.15    0.00    0.00 ^ _1314_/CLK (sky130_fd_sc_hd__dfxtp_2)
                  0.05    0.34    0.34 ^ _1314_/Q (sky130_fd_sc_hd__dfxtp_2)
     3    0.01                           i_spi_reg.shift_reg[0] (net)
                  0.05    0.00    0.34 ^ _1078_/A1 (sky130_fd_sc_hd__mux2_2)
                  0.03    0.12    0.46 ^ _1078_/X (sky130_fd_sc_hd__mux2_2)
     1    0.00                           _0530_ (net)
                  0.03    0.00    0.46 ^ _1079_/A (sky130_fd_sc_hd__buf_1)
                  0.03    0.06    0.52 ^ _1079_/X (sky130_fd_sc_hd__buf_1)
     1    0.00                           _0158_ (net)
                  0.03    0.00    0.52 ^ _1326_/D (sky130_fd_sc_hd__dfxtp_2)
                                  0.52   data arrival time

                  0.15    0.00    0.00   clock clk (rise edge)
                          0.00    0.00   clock network delay (ideal)
                          0.25    0.25   clock uncertainty
                          0.00    0.25   clock reconvergence pessimism
                                  0.25 ^ _1326_/CLK (sky130_fd_sc_hd__dfxtp_2)
                         -0.01    0.24   library hold time
                                  0.24   data required time
-----------------------------------------------------------------------------
                                  0.24   data required time
                                 -0.52   data arrival time
-----------------------------------------------------------------------------
                                  0.29   slack (MET)


Startpoint: _1315_ (rising edge-triggered flip-flop clocked by clk)
Endpoint: _1327_ (rising edge-triggered flip-flop clocked by clk)
Path Group: clk
Path Type: min

Fanout     Cap    Slew   Delay    Time   Description
-----------------------------------------------------------------------------
                  0.15    0.00    0.00   clock clk (rise edge)
                          0.00    0.00   clock network delay (ideal)
                  0.15    0.00    0.00 ^ _1315_/CLK (sky130_fd_sc_hd__dfxtp_2)
                  0.05    0.34    0.34 ^ _1315_/Q (sky130_fd_sc_hd__dfxtp_2)
     3    0.01                           i_spi_reg.shift_reg[1] (net)
                  0.05    0.00    0.34 ^ _1080_/A1 (sky130_fd_sc_hd__mux2_2)
                  0.03    0.12    0.46 ^ _1080_/X (sky130_fd_sc_hd__mux2_2)
     1    0.00                           _0531_ (net)
                  0.03    0.00    0.46 ^ _1081_/A (sky130_fd_sc_hd__buf_1)
                  0.03    0.06    0.52 ^ _1081_/X (sky130_fd_sc_hd__buf_1)
     1    0.00                           _0159_ (net)
                  0.03    0.00    0.52 ^ _1327_/D (sky130_fd_sc_hd__dfxtp_2)
                                  0.52   data arrival time

                  0.15    0.00    0.00   clock clk (rise edge)
                          0.00    0.00   clock network delay (ideal)
                          0.25    0.25   clock uncertainty
                          0.00    0.25   clock reconvergence pessimism
                                  0.25 ^ _1327_/CLK (sky130_fd_sc_hd__dfxtp_2)
                         -0.01    0.24   library hold time
                                  0.24   data required time
-----------------------------------------------------------------------------
                                  0.24   data required time
                                 -0.52   data arrival time
-----------------------------------------------------------------------------
                                  0.29   slack (MET)


Startpoint: _1316_ (rising edge-triggered flip-flop clocked by clk)
Endpoint: _1328_ (rising edge-triggered flip-flop clocked by clk)
Path Group: clk
Path Type: min

Fanout     Cap    Slew   Delay    Time   Description
-----------------------------------------------------------------------------
                  0.15    0.00    0.00   clock clk (rise edge)
                          0.00    0.00   clock network delay (ideal)
                  0.15    0.00    0.00 ^ _1316_/CLK (sky130_fd_sc_hd__dfxtp_2)
                  0.05    0.34    0.34 ^ _1316_/Q (sky130_fd_sc_hd__dfxtp_2)
     3    0.01                           i_spi_reg.shift_reg[2] (net)
                  0.05    0.00    0.34 ^ _1082_/A1 (sky130_fd_sc_hd__mux2_2)
                  0.03    0.12    0.46 ^ _1082_/X (sky130_fd_sc_hd__mux2_2)
     1    0.00                           _0532_ (net)
                  0.03    0.00    0.46 ^ _1083_/A (sky130_fd_sc_hd__buf_1)
                  0.03    0.06    0.52 ^ _1083_/X (sky130_fd_sc_hd__buf_1)
     1    0.00                           _0160_ (net)
                  0.03    0.00    0.52 ^ _1328_/D (sky130_fd_sc_hd__dfxtp_2)
                                  0.52   data arrival time

                  0.15    0.00    0.00   clock clk (rise edge)
                          0.00    0.00   clock network delay (ideal)
                          0.25    0.25   clock uncertainty
                          0.00    0.25   clock reconvergence pessimism
                                  0.25 ^ _1328_/CLK (sky130_fd_sc_hd__dfxtp_2)
                         -0.01    0.24   library hold time
                                  0.24   data required time
-----------------------------------------------------------------------------
                                  0.24   data required time
                                 -0.52   data arrival time
-----------------------------------------------------------------------------
                                  0.29   slack (MET)


Startpoint: _1314_ (rising edge-triggered flip-flop clocked by clk)
Endpoint: _1314_ (rising edge-triggered flip-flop clocked by clk)
Path Group: clk
Path Type: min

Fanout     Cap    Slew   Delay    Time   Description
-----------------------------------------------------------------------------
                  0.15    0.00    0.00   clock clk (rise edge)
                          0.00    0.00   clock network delay (ideal)
                  0.15    0.00    0.00 ^ _1314_/CLK (sky130_fd_sc_hd__dfxtp_2)
                  0.05    0.34    0.34 ^ _1314_/Q (sky130_fd_sc_hd__dfxtp_2)
     3    0.01                           i_spi_reg.shift_reg[0] (net)
                  0.05    0.00    0.34 ^ _1034_/A1 (sky130_fd_sc_hd__mux2_2)
                  0.03    0.12    0.46 ^ _1034_/X (sky130_fd_sc_hd__mux2_2)
     1    0.00                           _0495_ (net)
                  0.03    0.00    0.46 ^ _1035_/A (sky130_fd_sc_hd__buf_1)
                  0.03    0.06    0.52 ^ _1035_/X (sky130_fd_sc_hd__buf_1)
     1    0.00                           _0149_ (net)
                  0.03    0.00    0.52 ^ _1314_/D (sky130_fd_sc_hd__dfxtp_2)
                                  0.52   data arrival time

                  0.15    0.00    0.00   clock clk (rise edge)
                          0.00    0.00   clock network delay (ideal)
                          0.25    0.25   clock uncertainty
                          0.00    0.25   clock reconvergence pessimism
                                  0.25 ^ _1314_/CLK (sky130_fd_sc_hd__dfxtp_2)
                         -0.01    0.24   library hold time
                                  0.24   data required time
-----------------------------------------------------------------------------
                                  0.24   data required time
                                 -0.52   data arrival time
-----------------------------------------------------------------------------
                                  0.29   slack (MET)


Startpoint: _1315_ (rising edge-triggered flip-flop clocked by clk)
Endpoint: _1315_ (rising edge-triggered flip-flop clocked by clk)
Path Group: clk
Path Type: min

Fanout     Cap    Slew   Delay    Time   Description
-----------------------------------------------------------------------------
                  0.15    0.00    0.00   clock clk (rise edge)
                          0.00    0.00   clock network delay (ideal)
                  0.15    0.00    0.00 ^ _1315_/CLK (sky130_fd_sc_hd__dfxtp_2)
                  0.05    0.34    0.34 ^ _1315_/Q (sky130_fd_sc_hd__dfxtp_2)
     3    0.01                           i_spi_reg.shift_reg[1] (net)
                  0.05    0.00    0.34 ^ _1042_/A1 (sky130_fd_sc_hd__mux2_2)
                  0.03    0.12    0.46 ^ _1042_/X (sky130_fd_sc_hd__mux2_2)
     1    0.00                           _0502_ (net)
                  0.03    0.00    0.46 ^ _1043_/A (sky130_fd_sc_hd__buf_1)
                  0.03    0.06    0.52 ^ _1043_/X (sky130_fd_sc_hd__buf_1)
     1    0.00                           _0150_ (net)
                  0.03    0.00    0.52 ^ _1315_/D (sky130_fd_sc_hd__dfxtp_2)
                                  0.52   data arrival time

                  0.15    0.00    0.00   clock clk (rise edge)
                          0.00    0.00   clock network delay (ideal)
                          0.25    0.25   clock uncertainty
                          0.00    0.25   clock reconvergence pessimism
                                  0.25 ^ _1315_/CLK (sky130_fd_sc_hd__dfxtp_2)
                         -0.01    0.24   library hold time
                                  0.24   data required time
-----------------------------------------------------------------------------
                                  0.24   data required time
                                 -0.52   data arrival time
-----------------------------------------------------------------------------
                                  0.29   slack (MET)


Startpoint: _1316_ (rising edge-triggered flip-flop clocked by clk)
Endpoint: _1316_ (rising edge-triggered flip-flop clocked by clk)
Path Group: clk
Path Type: min

Fanout     Cap    Slew   Delay    Time   Description
-----------------------------------------------------------------------------
                  0.15    0.00    0.00   clock clk (rise edge)
                          0.00    0.00   clock network delay (ideal)
                  0.15    0.00    0.00 ^ _1316_/CLK (sky130_fd_sc_hd__dfxtp_2)
                  0.05    0.34    0.34 ^ _1316_/Q (sky130_fd_sc_hd__dfxtp_2)
     3    0.01                           i_spi_reg.shift_reg[2] (net)
                  0.05    0.00    0.34 ^ _1048_/A1 (sky130_fd_sc_hd__mux2_2)
                  0.03    0.12    0.46 ^ _1048_/X (sky130_fd_sc_hd__mux2_2)
     1    0.00                           _0507_ (net)
                  0.03    0.00    0.46 ^ _1049_/A (sky130_fd_sc_hd__buf_1)
                  0.03    0.06    0.52 ^ _1049_/X (sky130_fd_sc_hd__buf_1)
     1    0.00                           _0151_ (net)
                  0.03    0.00    0.52 ^ _1316_/D (sky130_fd_sc_hd__dfxtp_2)
                                  0.52   data arrival time

                  0.15    0.00    0.00   clock clk (rise edge)
                          0.00    0.00   clock network delay (ideal)
                          0.25    0.25   clock uncertainty
                          0.00    0.25   clock reconvergence pessimism
                                  0.25 ^ _1316_/CLK (sky130_fd_sc_hd__dfxtp_2)
                         -0.01    0.24   library hold time
                                  0.24   data required time
-----------------------------------------------------------------------------
                                  0.24   data required time
                                 -0.52   data arrival time
-----------------------------------------------------------------------------
                                  0.29   slack (MET)


Startpoint: _1348_ (rising edge-triggered flip-flop clocked by clk)
Endpoint: _1304_ (rising edge-triggered flip-flop clocked by clk)
Path Group: clk
Path Type: min

Fanout     Cap    Slew   Delay    Time   Description
-----------------------------------------------------------------------------
                  0.15    0.00    0.00   clock clk (rise edge)
                          0.00    0.00   clock network delay (ideal)
                  0.15    0.00    0.00 ^ _1348_/CLK (sky130_fd_sc_hd__dfrtp_2)
                  0.06    0.43    0.43 v _1348_/Q (sky130_fd_sc_hd__dfrtp_2)
     3    0.01                           dut.loop_inactive_count[3] (net)
                  0.06    0.00    0.43 v _0695_/A (sky130_fd_sc_hd__nand2_2)
                  0.06    0.08    0.50 ^ _0695_/Y (sky130_fd_sc_hd__nand2_2)
     2    0.01                           _0303_ (net)
                  0.06    0.00    0.50 ^ _0696_/B (sky130_fd_sc_hd__nor2_2)
                  0.02    0.03    0.53 v _0696_/Y (sky130_fd_sc_hd__nor2_2)
     2    0.00                           _0005_ (net)
                  0.02    0.00    0.53 v _1304_/D (sky130_fd_sc_hd__dfrtp_2)
                                  0.53   data arrival time

                  0.15    0.00    0.00   clock clk (rise edge)
                          0.00    0.00   clock network delay (ideal)
                          0.25    0.25   clock uncertainty
                          0.00    0.25   clock reconvergence pessimism
                                  0.25 ^ _1304_/CLK (sky130_fd_sc_hd__dfrtp_2)
                         -0.01    0.24   library hold time
                                  0.24   data required time
-----------------------------------------------------------------------------
                                  0.24   data required time
                                 -0.53   data arrival time
-----------------------------------------------------------------------------
                                  0.29   slack (MET)


Startpoint: _1312_ (rising edge-triggered flip-flop clocked by clk)
Endpoint: _1325_ (rising edge-triggered flip-flop clocked by clk)
Path Group: clk
Path Type: min

Fanout     Cap    Slew   Delay    Time   Description
-----------------------------------------------------------------------------
                  0.15    0.00    0.00   clock clk (rise edge)
                          0.00    0.00   clock network delay (ideal)
                  0.15    0.00    0.00 ^ _1312_/CLK (sky130_fd_sc_hd__dfxtp_2)
                  0.05    0.34    0.34 ^ _1312_/Q (sky130_fd_sc_hd__dfxtp_2)
     4    0.01                           i_spi_reg.spi_mosi (net)
                  0.05    0.00    0.34 ^ _1076_/A1 (sky130_fd_sc_hd__mux2_2)
                  0.03    0.13    0.47 ^ _1076_/X (sky130_fd_sc_hd__mux2_2)
     1    0.00                           _0529_ (net)
                  0.03    0.00    0.47 ^ _1077_/A (sky130_fd_sc_hd__buf_1)
                  0.03    0.06    0.53 ^ _1077_/X (sky130_fd_sc_hd__buf_1)
     1    0.00                           _0157_ (net)
                  0.03    0.00    0.53 ^ _1325_/D (sky130_fd_sc_hd__dfxtp_2)
                                  0.53   data arrival time

                  0.15    0.00    0.00   clock clk (rise edge)
                          0.00    0.00   clock network delay (ideal)
                          0.25    0.25   clock uncertainty
                          0.00    0.25   clock reconvergence pessimism
                                  0.25 ^ _1325_/CLK (sky130_fd_sc_hd__dfxtp_2)
                         -0.01    0.24   library hold time
                                  0.24   data required time
-----------------------------------------------------------------------------
                                  0.24   data required time
                                 -0.53   data arrival time
-----------------------------------------------------------------------------
                                  0.30   slack (MET)


Startpoint: _1269_ (rising edge-triggered flip-flop clocked by clk)
Endpoint: _1269_ (rising edge-triggered flip-flop clocked by clk)
Path Group: clk
Path Type: min

Fanout     Cap    Slew   Delay    Time   Description
-----------------------------------------------------------------------------
                  0.15    0.00    0.00   clock clk (rise edge)
                          0.00    0.00   clock network delay (ideal)
                  0.15    0.00    0.00 ^ _1269_/CLK (sky130_fd_sc_hd__dfrtp_2)
                  0.11    0.41    0.41 ^ _1269_/Q (sky130_fd_sc_hd__dfrtp_2)
     7    0.02                           dut.spi_bit_count[0] (net)
                  0.11    0.00    0.41 ^ _0957_/A1 (sky130_fd_sc_hd__a21o_2)
                  0.02    0.12    0.53 ^ _0957_/X (sky130_fd_sc_hd__a21o_2)
     1    0.00                           _0118_ (net)
                  0.02    0.00    0.53 ^ _1269_/D (sky130_fd_sc_hd__dfrtp_2)
                                  0.53   data arrival time

                  0.15    0.00    0.00   clock clk (rise edge)
                          0.00    0.00   clock network delay (ideal)
                          0.25    0.25   clock uncertainty
                          0.00    0.25   clock reconvergence pessimism
                                  0.25 ^ _1269_/CLK (sky130_fd_sc_hd__dfrtp_2)
                         -0.02    0.23   library hold time
                                  0.23   data required time
-----------------------------------------------------------------------------
                                  0.23   data required time
                                 -0.53   data arrival time
-----------------------------------------------------------------------------
                                  0.30   slack (MET)


Startpoint: _1335_ (rising edge-triggered flip-flop clocked by clk)
Endpoint: _1335_ (rising edge-triggered flip-flop clocked by clk)
Path Group: clk
Path Type: min

Fanout     Cap    Slew   Delay    Time   Description
-----------------------------------------------------------------------------
                  0.15    0.00    0.00   clock clk (rise edge)
                          0.00    0.00   clock network delay (ideal)
                  0.15    0.00    0.00 ^ _1335_/CLK (sky130_fd_sc_hd__dfxtp_2)
                  0.09    0.37    0.37 ^ _1335_/Q (sky130_fd_sc_hd__dfxtp_2)
     9    0.02                           i_spi_reg.reg_rw (net)
                  0.09    0.00    0.37 ^ _1108_/A1 (sky130_fd_sc_hd__o211a_2)
                  0.04    0.16    0.53 ^ _1108_/X (sky130_fd_sc_hd__o211a_2)
     1    0.00                           _0167_ (net)
                  0.04    0.00    0.53 ^ _1335_/D (sky130_fd_sc_hd__dfxtp_2)
                                  0.53   data arrival time

                  0.15    0.00    0.00   clock clk (rise edge)
                          0.00    0.00   clock network delay (ideal)
                          0.25    0.25   clock uncertainty
                          0.00    0.25   clock reconvergence pessimism
                                  0.25 ^ _1335_/CLK (sky130_fd_sc_hd__dfxtp_2)
                         -0.02    0.23   library hold time
                                  0.23   data required time
-----------------------------------------------------------------------------
                                  0.23   data required time
                                 -0.53   data arrival time
-----------------------------------------------------------------------------
                                  0.30   slack (MET)


Startpoint: _1328_ (rising edge-triggered flip-flop clocked by clk)
Endpoint: _1207_ (rising edge-triggered flip-flop clocked by clk)
Path Group: clk
Path Type: min

Fanout     Cap    Slew   Delay    Time   Description
-----------------------------------------------------------------------------
                  0.15    0.00    0.00   clock clk (rise edge)
                          0.00    0.00   clock network delay (ideal)
                  0.15    0.00    0.00 ^ _1328_/CLK (sky130_fd_sc_hd__dfxtp_2)
                  0.05    0.34    0.34 ^ _1328_/Q (sky130_fd_sc_hd__dfxtp_2)
     4    0.01                           dut.data_in[3] (net)
                  0.05    0.00    0.34 ^ _0824_/A1 (sky130_fd_sc_hd__mux2_2)
                  0.03    0.13    0.47 ^ _0824_/X (sky130_fd_sc_hd__mux2_2)
     1    0.00                           _0377_ (net)
                  0.03    0.00    0.47 ^ _0825_/A (sky130_fd_sc_hd__buf_1)
                  0.04    0.07    0.54 ^ _0825_/X (sky130_fd_sc_hd__buf_1)
     1    0.00                           _0057_ (net)
                  0.04    0.00    0.54 ^ _1207_/D (sky130_fd_sc_hd__dfrtp_2)
                                  0.54   data arrival time

                  0.15    0.00    0.00   clock clk (rise edge)
                          0.00    0.00   clock network delay (ideal)
                          0.25    0.25   clock uncertainty
                          0.00    0.25   clock reconvergence pessimism
                                  0.25 ^ _1207_/CLK (sky130_fd_sc_hd__dfrtp_2)
                         -0.02    0.23   library hold time
                                  0.23   data required time
-----------------------------------------------------------------------------
                                  0.23   data required time
                                 -0.54   data arrival time
-----------------------------------------------------------------------------
                                  0.30   slack (MET)


Startpoint: _1186_ (rising edge-triggered flip-flop clocked by clk)
Endpoint: _1198_ (rising edge-triggered flip-flop clocked by clk)
Path Group: clk
Path Type: min

Fanout     Cap    Slew   Delay    Time   Description
-----------------------------------------------------------------------------
                  0.15    0.00    0.00   clock clk (rise edge)
                          0.00    0.00   clock network delay (ideal)
                  0.15    0.00    0.00 ^ _1186_/CLK (sky130_fd_sc_hd__dfrtp_2)
                  0.06    0.42    0.42 v _1186_/Q (sky130_fd_sc_hd__dfrtp_2)
     5    0.01                           dut.ctrl_enable (net)
                  0.06    0.00    0.42 v _0704_/D1 (sky130_fd_sc_hd__o2111a_2)
                  0.03    0.12    0.54 v _0704_/X (sky130_fd_sc_hd__o2111a_2)
     2    0.00                           dut.wifi_above_threshold (net)
                  0.03    0.00    0.54 v _1198_/D (sky130_fd_sc_hd__dfrtp_2)
                                  0.54   data arrival time

                  0.15    0.00    0.00   clock clk (rise edge)
                          0.00    0.00   clock network delay (ideal)
                          0.25    0.25   clock uncertainty
                          0.00    0.25   clock reconvergence pessimism
                                  0.25 ^ _1198_/CLK (sky130_fd_sc_hd__dfrtp_2)
                         -0.01    0.24   library hold time
                                  0.24   data required time
-----------------------------------------------------------------------------
                                  0.24   data required time
                                 -0.54   data arrival time
-----------------------------------------------------------------------------
                                  0.31   slack (MET)


Startpoint: _1328_ (rising edge-triggered flip-flop clocked by clk)
Endpoint: _1228_ (rising edge-triggered flip-flop clocked by clk)
Path Group: clk
Path Type: min

Fanout     Cap    Slew   Delay    Time   Description
-----------------------------------------------------------------------------
                  0.15    0.00    0.00   clock clk (rise edge)
                          0.00    0.00   clock network delay (ideal)
                  0.15    0.00    0.00 ^ _1328_/CLK (sky130_fd_sc_hd__dfxtp_2)
                  0.05    0.34    0.34 ^ _1328_/Q (sky130_fd_sc_hd__dfxtp_2)
     4    0.01                           dut.data_in[3] (net)
                  0.05    0.00    0.34 ^ _0897_/A1 (sky130_fd_sc_hd__mux2_2)
                  0.03    0.13    0.47 ^ _0897_/X (sky130_fd_sc_hd__mux2_2)
     1    0.00                           _0430_ (net)
                  0.03    0.00    0.47 ^ _0898_/A (sky130_fd_sc_hd__buf_1)
                  0.04    0.07    0.54 ^ _0898_/X (sky130_fd_sc_hd__buf_1)
     1    0.00                           _0077_ (net)
                  0.04    0.00    0.54 ^ _1228_/D (sky130_fd_sc_hd__dfstp_2)
                                  0.54   data arrival time

                  0.15    0.00    0.00   clock clk (rise edge)
                          0.00    0.00   clock network delay (ideal)
                          0.25    0.25   clock uncertainty
                          0.00    0.25   clock reconvergence pessimism
                                  0.25 ^ _1228_/CLK (sky130_fd_sc_hd__dfstp_2)
                         -0.02    0.23   library hold time
                                  0.23   data required time
-----------------------------------------------------------------------------
                                  0.23   data required time
                                 -0.54   data arrival time
-----------------------------------------------------------------------------
                                  0.31   slack (MET)


Startpoint: _1326_ (rising edge-triggered flip-flop clocked by clk)
Endpoint: _1205_ (rising edge-triggered flip-flop clocked by clk)
Path Group: clk
Path Type: min

Fanout     Cap    Slew   Delay    Time   Description
-----------------------------------------------------------------------------
                  0.15    0.00    0.00   clock clk (rise edge)
                          0.00    0.00   clock network delay (ideal)
                  0.15    0.00    0.00 ^ _1326_/CLK (sky130_fd_sc_hd__dfxtp_2)
                  0.06    0.35    0.35 ^ _1326_/Q (sky130_fd_sc_hd__dfxtp_2)
     5    0.01                           dut.data_in[1] (net)
                  0.06    0.00    0.35 ^ _0818_/A1 (sky130_fd_sc_hd__mux2_2)
                  0.03    0.13    0.48 ^ _0818_/X (sky130_fd_sc_hd__mux2_2)
     1    0.00                           _0373_ (net)
                  0.03    0.00    0.48 ^ _0819_/A (sky130_fd_sc_hd__buf_1)
                  0.04    0.07    0.54 ^ _0819_/X (sky130_fd_sc_hd__buf_1)
     1    0.00                           _0055_ (net)
                  0.04    0.00    0.54 ^ _1205_/D (sky130_fd_sc_hd__dfrtp_2)
                                  0.54   data arrival time

                  0.15    0.00    0.00   clock clk (rise edge)
                          0.00    0.00   clock network delay (ideal)
                          0.25    0.25   clock uncertainty
                          0.00    0.25   clock reconvergence pessimism
                                  0.25 ^ _1205_/CLK (sky130_fd_sc_hd__dfrtp_2)
                         -0.02    0.23   library hold time
                                  0.23   data required time
-----------------------------------------------------------------------------
                                  0.23   data required time
                                 -0.54   data arrival time
-----------------------------------------------------------------------------
                                  0.31   slack (MET)


Startpoint: _1326_ (rising edge-triggered flip-flop clocked by clk)
Endpoint: _1226_ (rising edge-triggered flip-flop clocked by clk)
Path Group: clk
Path Type: min

Fanout     Cap    Slew   Delay    Time   Description
-----------------------------------------------------------------------------
                  0.15    0.00    0.00   clock clk (rise edge)
                          0.00    0.00   clock network delay (ideal)
                  0.15    0.00    0.00 ^ _1326_/CLK (sky130_fd_sc_hd__dfxtp_2)
                  0.06    0.35    0.35 ^ _1326_/Q (sky130_fd_sc_hd__dfxtp_2)
     5    0.01                           dut.data_in[1] (net)
                  0.06    0.00    0.35 ^ _0893_/A1 (sky130_fd_sc_hd__mux2_2)
                  0.03    0.13    0.48 ^ _0893_/X (sky130_fd_sc_hd__mux2_2)
     1    0.00                           _0428_ (net)
                  0.03    0.00    0.48 ^ _0894_/A (sky130_fd_sc_hd__buf_1)
                  0.04    0.07    0.54 ^ _0894_/X (sky130_fd_sc_hd__buf_1)
     1    0.00                           _0075_ (net)
                  0.04    0.00    0.54 ^ _1226_/D (sky130_fd_sc_hd__dfrtp_2)
                                  0.54   data arrival time

                  0.15    0.00    0.00   clock clk (rise edge)
                          0.00    0.00   clock network delay (ideal)
                          0.25    0.25   clock uncertainty
                          0.00    0.25   clock reconvergence pessimism
                                  0.25 ^ _1226_/CLK (sky130_fd_sc_hd__dfrtp_2)
                         -0.02    0.23   library hold time
                                  0.23   data required time
-----------------------------------------------------------------------------
                                  0.23   data required time
                                 -0.54   data arrival time
-----------------------------------------------------------------------------
                                  0.31   slack (MET)


Startpoint: _1326_ (rising edge-triggered flip-flop clocked by clk)
Endpoint: _1187_ (rising edge-triggered flip-flop clocked by clk)
Path Group: clk
Path Type: min

Fanout     Cap    Slew   Delay    Time   Description
-----------------------------------------------------------------------------
                  0.15    0.00    0.00   clock clk (rise edge)
                          0.00    0.00   clock network delay (ideal)
                  0.15    0.00    0.00 ^ _1326_/CLK (sky130_fd_sc_hd__dfxtp_2)
                  0.06    0.35    0.35 ^ _1326_/Q (sky130_fd_sc_hd__dfxtp_2)
     5    0.01                           dut.data_in[1] (net)
                  0.06    0.00    0.35 ^ _0800_/A1 (sky130_fd_sc_hd__mux2_2)
                  0.03    0.13    0.48 ^ _0800_/X (sky130_fd_sc_hd__mux2_2)
     1    0.00                           _0361_ (net)
                  0.03    0.00    0.48 ^ _0801_/A (sky130_fd_sc_hd__buf_1)
                  0.04    0.07    0.55 ^ _0801_/X (sky130_fd_sc_hd__buf_1)
     1    0.00                           _0049_ (net)
                  0.04    0.00    0.55 ^ _1187_/D (sky130_fd_sc_hd__dfrtp_2)
                                  0.55   data arrival time

                  0.15    0.00    0.00   clock clk (rise edge)
                          0.00    0.00   clock network delay (ideal)
                          0.25    0.25   clock uncertainty
                          0.00    0.25   clock reconvergence pessimism
                                  0.25 ^ _1187_/CLK (sky130_fd_sc_hd__dfrtp_2)
                         -0.02    0.23   library hold time
                                  0.23   data required time
-----------------------------------------------------------------------------
                                  0.23   data required time
                                 -0.55   data arrival time
-----------------------------------------------------------------------------
                                  0.31   slack (MET)


Startpoint: _1304_ (rising edge-triggered flip-flop clocked by clk)
Endpoint: _1199_ (rising edge-triggered flip-flop clocked by clk)
Path Group: clk
Path Type: min

Fanout     Cap    Slew   Delay    Time   Description
-----------------------------------------------------------------------------
                  0.15    0.00    0.00   clock clk (rise edge)
                          0.00    0.00   clock network delay (ideal)
                  0.15    0.00    0.00 ^ _1304_/CLK (sky130_fd_sc_hd__dfrtp_2)
                  0.05    0.36    0.36 ^ _1304_/Q (sky130_fd_sc_hd__dfrtp_2)
     3    0.01                           dut.loop_inactive_stable (net)
                  0.05    0.00    0.36 ^ _0705_/A (sky130_fd_sc_hd__and2_2)
                  0.03    0.12    0.48 ^ _0705_/X (sky130_fd_sc_hd__and2_2)
     1    0.00                           _0311_ (net)
                  0.03    0.00    0.48 ^ _0706_/A (sky130_fd_sc_hd__buf_1)
                  0.04    0.07    0.55 ^ _0706_/X (sky130_fd_sc_hd__buf_1)
     1    0.00                           _0006_ (net)
                  0.04    0.00    0.55 ^ _1199_/D (sky130_fd_sc_hd__dfrtp_2)
                                  0.55   data arrival time

                  0.15    0.00    0.00   clock clk (rise edge)
                          0.00    0.00   clock network delay (ideal)
                          0.25    0.25   clock uncertainty
                          0.00    0.25   clock reconvergence pessimism
                                  0.25 ^ _1199_/CLK (sky130_fd_sc_hd__dfrtp_2)
                         -0.02    0.23   library hold time
                                  0.23   data required time
-----------------------------------------------------------------------------
                                  0.23   data required time
                                 -0.55   data arrival time
-----------------------------------------------------------------------------
                                  0.31   slack (MET)


Startpoint: _1325_ (rising edge-triggered flip-flop clocked by clk)
Endpoint: _1204_ (rising edge-triggered flip-flop clocked by clk)
Path Group: clk
Path Type: min

Fanout     Cap    Slew   Delay    Time   Description
-----------------------------------------------------------------------------
                  0.15    0.00    0.00   clock clk (rise edge)
                          0.00    0.00   clock network delay (ideal)
                  0.15    0.00    0.00 ^ _1325_/CLK (sky130_fd_sc_hd__dfxtp_2)
                  0.06    0.35    0.35 ^ _1325_/Q (sky130_fd_sc_hd__dfxtp_2)
     4    0.01                           dut.data_in[0] (net)
                  0.06    0.00    0.35 ^ _0815_/A1 (sky130_fd_sc_hd__mux2_2)
                  0.03    0.13    0.48 ^ _0815_/X (sky130_fd_sc_hd__mux2_2)
     1    0.00                           _0371_ (net)
                  0.03    0.00    0.48 ^ _0816_/A (sky130_fd_sc_hd__buf_1)
                  0.04    0.07    0.55 ^ _0816_/X (sky130_fd_sc_hd__buf_1)
     1    0.00                           _0054_ (net)
                  0.04    0.00    0.55 ^ _1204_/D (sky130_fd_sc_hd__dfrtp_2)
                                  0.55   data arrival time

                  0.15    0.00    0.00   clock clk (rise edge)
                          0.00    0.00   clock network delay (ideal)
                          0.25    0.25   clock uncertainty
                          0.00    0.25   clock reconvergence pessimism
                                  0.25 ^ _1204_/CLK (sky130_fd_sc_hd__dfrtp_2)
                         -0.02    0.23   library hold time
                                  0.23   data required time
-----------------------------------------------------------------------------
                                  0.23   data required time
                                 -0.55   data arrival time
-----------------------------------------------------------------------------
                                  0.32   slack (MET)


Startpoint: _1325_ (rising edge-triggered flip-flop clocked by clk)
Endpoint: _1186_ (rising edge-triggered flip-flop clocked by clk)
Path Group: clk
Path Type: min

Fanout     Cap    Slew   Delay    Time   Description
-----------------------------------------------------------------------------
                  0.15    0.00    0.00   clock clk (rise edge)
                          0.00    0.00   clock network delay (ideal)
                  0.15    0.00    0.00 ^ _1325_/CLK (sky130_fd_sc_hd__dfxtp_2)
                  0.06    0.35    0.35 ^ _1325_/Q (sky130_fd_sc_hd__dfxtp_2)
     4    0.01                           dut.data_in[0] (net)
                  0.06    0.00    0.35 ^ _0798_/A1 (sky130_fd_sc_hd__mux2_2)
                  0.03    0.13    0.48 ^ _0798_/X (sky130_fd_sc_hd__mux2_2)
     1    0.00                           _0360_ (net)
                  0.03    0.00    0.48 ^ _0799_/A (sky130_fd_sc_hd__buf_1)
                  0.04    0.07    0.55 ^ _0799_/X (sky130_fd_sc_hd__buf_1)
     1    0.00                           _0048_ (net)
                  0.04    0.00    0.55 ^ _1186_/D (sky130_fd_sc_hd__dfrtp_2)
                                  0.55   data arrival time

                  0.15    0.00    0.00   clock clk (rise edge)
                          0.00    0.00   clock network delay (ideal)
                          0.25    0.25   clock uncertainty
                          0.00    0.25   clock reconvergence pessimism
                                  0.25 ^ _1186_/CLK (sky130_fd_sc_hd__dfrtp_2)
                         -0.02    0.23   library hold time
                                  0.23   data required time
-----------------------------------------------------------------------------
                                  0.23   data required time
                                 -0.55   data arrival time
-----------------------------------------------------------------------------
                                  0.32   slack (MET)


Startpoint: _1175_ (rising edge-triggered flip-flop clocked by clk)
Endpoint: _1290_ (rising edge-triggered flip-flop clocked by clk)
Path Group: clk
Path Type: min

Fanout     Cap    Slew   Delay    Time   Description
-----------------------------------------------------------------------------
                  0.15    0.00    0.00   clock clk (rise edge)
                          0.00    0.00   clock network delay (ideal)
                  0.15    0.00    0.00 ^ _1175_/CLK (sky130_fd_sc_hd__dfrtp_2)
                  0.05    0.36    0.36 ^ _1175_/Q (sky130_fd_sc_hd__dfrtp_2)
     2    0.00                           dut.spi_mosi_s2 (net)
                  0.05    0.00    0.36 ^ _1003_/A0 (sky130_fd_sc_hd__mux2_2)
                  0.03    0.12    0.48 ^ _1003_/X (sky130_fd_sc_hd__mux2_2)
     1    0.00                           _0474_ (net)
                  0.03    0.00    0.48 ^ _1004_/A (sky130_fd_sc_hd__buf_1)
                  0.04    0.07    0.55 ^ _1004_/X (sky130_fd_sc_hd__buf_1)
     1    0.00                           _0139_ (net)
                  0.04    0.00    0.55 ^ _1290_/D (sky130_fd_sc_hd__dfrtp_2)
                                  0.55   data arrival time

                  0.15    0.00    0.00   clock clk (rise edge)
                          0.00    0.00   clock network delay (ideal)
                          0.25    0.25   clock uncertainty
                          0.00    0.25   clock reconvergence pessimism
                                  0.25 ^ _1290_/CLK (sky130_fd_sc_hd__dfrtp_2)
                         -0.02    0.23   library hold time
                                  0.23   data required time
-----------------------------------------------------------------------------
                                  0.23   data required time
                                 -0.55   data arrival time
-----------------------------------------------------------------------------
                                  0.32   slack (MET)


Startpoint: _1268_ (rising edge-triggered flip-flop clocked by clk)
Endpoint: _1298_ (rising edge-triggered flip-flop clocked by clk)
Path Group: clk
Path Type: min

Fanout     Cap    Slew   Delay    Time   Description
-----------------------------------------------------------------------------
                  0.15    0.00    0.00   clock clk (rise edge)
                          0.00    0.00   clock network delay (ideal)
                  0.15    0.00    0.00 ^ _1268_/CLK (sky130_fd_sc_hd__dfrtp_2)
                  0.05    0.36    0.36 ^ _1268_/Q (sky130_fd_sc_hd__dfrtp_2)
     2    0.00                           dut.spi_shift[30] (net)
                  0.05    0.00    0.36 ^ _1019_/A0 (sky130_fd_sc_hd__mux2_2)
                  0.03    0.12    0.48 ^ _1019_/X (sky130_fd_sc_hd__mux2_2)
     1    0.00                           _0482_ (net)
                  0.03    0.00    0.48 ^ _1020_/A (sky130_fd_sc_hd__buf_1)
                  0.04    0.07    0.55 ^ _1020_/X (sky130_fd_sc_hd__buf_1)
     1    0.00                           _0147_ (net)
                  0.04    0.00    0.55 ^ _1298_/D (sky130_fd_sc_hd__dfrtp_2)
                                  0.55   data arrival time

                  0.15    0.00    0.00   clock clk (rise edge)
                          0.00    0.00   clock network delay (ideal)
                          0.25    0.25   clock uncertainty
                          0.00    0.25   clock reconvergence pessimism
                                  0.25 ^ _1298_/CLK (sky130_fd_sc_hd__dfrtp_2)
                         -0.02    0.23   library hold time
                                  0.23   data required time
-----------------------------------------------------------------------------
                                  0.23   data required time
                                 -0.55   data arrival time
-----------------------------------------------------------------------------
                                  0.32   slack (MET)


Startpoint: _1209_ (rising edge-triggered flip-flop clocked by clk)
Endpoint: _1209_ (rising edge-triggered flip-flop clocked by clk)
Path Group: clk
Path Type: min

Fanout     Cap    Slew   Delay    Time   Description
-----------------------------------------------------------------------------
                  0.15    0.00    0.00   clock clk (rise edge)
                          0.00    0.00   clock network delay (ideal)
                  0.15    0.00    0.00 ^ _1209_/CLK (sky130_fd_sc_hd__dfrtp_2)
                  0.07    0.38    0.38 ^ _1209_/Q (sky130_fd_sc_hd__dfrtp_2)
     4    0.01                           dut.wifi_timeout[0] (net)
                  0.07    0.00    0.38 ^ _0826_/A (sky130_fd_sc_hd__or3b_2)
                  0.05    0.12    0.50 ^ _0826_/X (sky130_fd_sc_hd__or3b_2)
     2    0.01                           _0378_ (net)
                  0.05    0.00    0.50 ^ _0829_/B (sky130_fd_sc_hd__nand3b_2)
                  0.04    0.06    0.55 v _0829_/Y (sky130_fd_sc_hd__nand3b_2)
     1    0.00                           _0058_ (net)
                  0.04    0.00    0.55 v _1209_/D (sky130_fd_sc_hd__dfrtp_2)
                                  0.55   data arrival time

                  0.15    0.00    0.00   clock clk (rise edge)
                          0.00    0.00   clock network delay (ideal)
                          0.25    0.25   clock uncertainty
                          0.00    0.25   clock reconvergence pessimism
                                  0.25 ^ _1209_/CLK (sky130_fd_sc_hd__dfrtp_2)
                         -0.02    0.23   library hold time
                                  0.23   data required time
-----------------------------------------------------------------------------
                                  0.23   data required time
                                 -0.55   data arrival time
-----------------------------------------------------------------------------
                                  0.32   slack (MET)


Startpoint: _1231_ (rising edge-triggered flip-flop clocked by clk)
Endpoint: _1231_ (rising edge-triggered flip-flop clocked by clk)
Path Group: clk
Path Type: min

Fanout     Cap    Slew   Delay    Time   Description
-----------------------------------------------------------------------------
                  0.15    0.00    0.00   clock clk (rise edge)
                          0.00    0.00   clock network delay (ideal)
                  0.15    0.00    0.00 ^ _1231_/CLK (sky130_fd_sc_hd__dfrtp_2)
                  0.05    0.36    0.36 ^ _1231_/Q (sky130_fd_sc_hd__dfrtp_2)
     3    0.01                           dut.last_spi_seq[2] (net)
                  0.05    0.00    0.36 ^ _0903_/A0 (sky130_fd_sc_hd__mux2_2)
                  0.03    0.13    0.49 ^ _0903_/X (sky130_fd_sc_hd__mux2_2)
     1    0.00                           _0433_ (net)
                  0.03    0.00    0.49 ^ _0904_/A (sky130_fd_sc_hd__buf_1)
                  0.04    0.07    0.56 ^ _0904_/X (sky130_fd_sc_hd__buf_1)
     1    0.00                           _0080_ (net)
                  0.04    0.00    0.56 ^ _1231_/D (sky130_fd_sc_hd__dfrtp_2)
                                  0.56   data arrival time

                  0.15    0.00    0.00   clock clk (rise edge)
                          0.00    0.00   clock network delay (ideal)
                          0.25    0.25   clock uncertainty
                          0.00    0.25   clock reconvergence pessimism
                                  0.25 ^ _1231_/CLK (sky130_fd_sc_hd__dfrtp_2)
                         -0.02    0.23   library hold time
                                  0.23   data required time
-----------------------------------------------------------------------------
                                  0.23   data required time
                                 -0.56   data arrival time
-----------------------------------------------------------------------------
                                  0.33   slack (MET)


Startpoint: _1272_ (rising edge-triggered flip-flop clocked by clk)
Endpoint: _1272_ (rising edge-triggered flip-flop clocked by clk)
Path Group: clk
Path Type: min

Fanout     Cap    Slew   Delay    Time   Description
-----------------------------------------------------------------------------
                  0.15    0.00    0.00   clock clk (rise edge)
                          0.00    0.00   clock network delay (ideal)
                  0.15    0.00    0.00 ^ _1272_/CLK (sky130_fd_sc_hd__dfrtp_2)
                  0.05    0.36    0.36 ^ _1272_/Q (sky130_fd_sc_hd__dfrtp_2)
     2    0.00                           dut.spi_bit_count[3] (net)
                  0.05    0.00    0.36 ^ _0965_/S (sky130_fd_sc_hd__mux2_2)
                  0.03    0.13    0.49 ^ _0965_/X (sky130_fd_sc_hd__mux2_2)
     1    0.00                           _0454_ (net)
                  0.03    0.00    0.49 ^ _0966_/A (sky130_fd_sc_hd__buf_1)
                  0.04    0.07    0.56 ^ _0966_/X (sky130_fd_sc_hd__buf_1)
     1    0.00                           _0121_ (net)
                  0.04    0.00    0.56 ^ _1272_/D (sky130_fd_sc_hd__dfrtp_2)
                                  0.56   data arrival time

                  0.15    0.00    0.00   clock clk (rise edge)
                          0.00    0.00   clock network delay (ideal)
                          0.25    0.25   clock uncertainty
                          0.00    0.25   clock reconvergence pessimism
                                  0.25 ^ _1272_/CLK (sky130_fd_sc_hd__dfrtp_2)
                         -0.02    0.23   library hold time
                                  0.23   data required time
-----------------------------------------------------------------------------
                                  0.23   data required time
                                 -0.56   data arrival time
-----------------------------------------------------------------------------
                                  0.33   slack (MET)


Startpoint: _1235_ (rising edge-triggered flip-flop clocked by clk)
Endpoint: _1235_ (rising edge-triggered flip-flop clocked by clk)
Path Group: clk
Path Type: min

Fanout     Cap    Slew   Delay    Time   Description
-----------------------------------------------------------------------------
                  0.15    0.00    0.00   clock clk (rise edge)
                          0.00    0.00   clock network delay (ideal)
                  0.15    0.00    0.00 ^ _1235_/CLK (sky130_fd_sc_hd__dfrtp_2)
                  0.05    0.37    0.37 ^ _1235_/Q (sky130_fd_sc_hd__dfrtp_2)
     3    0.01                           dut.last_spi_seq[6] (net)
                  0.05    0.00    0.37 ^ _0911_/A0 (sky130_fd_sc_hd__mux2_2)
                  0.03    0.13    0.49 ^ _0911_/X (sky130_fd_sc_hd__mux2_2)
     1    0.00                           _0437_ (net)
                  0.03    0.00    0.49 ^ _0912_/A (sky130_fd_sc_hd__buf_1)
                  0.04    0.07    0.56 ^ _0912_/X (sky130_fd_sc_hd__buf_1)
     1    0.00                           _0084_ (net)
                  0.04    0.00    0.56 ^ _1235_/D (sky130_fd_sc_hd__dfrtp_2)
                                  0.56   data arrival time

                  0.15    0.00    0.00   clock clk (rise edge)
                          0.00    0.00   clock network delay (ideal)
                          0.25    0.25   clock uncertainty
                          0.00    0.25   clock reconvergence pessimism
                                  0.25 ^ _1235_/CLK (sky130_fd_sc_hd__dfrtp_2)
                         -0.02    0.23   library hold time
                                  0.23   data required time
-----------------------------------------------------------------------------
                                  0.23   data required time
                                 -0.56   data arrival time
-----------------------------------------------------------------------------
                                  0.33   slack (MET)


Startpoint: _1269_ (rising edge-triggered flip-flop clocked by clk)
Endpoint: _1270_ (rising edge-triggered flip-flop clocked by clk)
Path Group: clk
Path Type: min

Fanout     Cap    Slew   Delay    Time   Description
-----------------------------------------------------------------------------
                  0.15    0.00    0.00   clock clk (rise edge)
                          0.00    0.00   clock network delay (ideal)
                  0.15    0.00    0.00 ^ _1269_/CLK (sky130_fd_sc_hd__dfrtp_2)
                  0.11    0.41    0.41 ^ _1269_/Q (sky130_fd_sc_hd__dfrtp_2)
     7    0.02                           dut.spi_bit_count[0] (net)
                  0.11    0.00    0.41 ^ _0960_/A2 (sky130_fd_sc_hd__a31o_2)
                  0.03    0.15    0.56 ^ _0960_/X (sky130_fd_sc_hd__a31o_2)
     1    0.00                           _0119_ (net)
                  0.03    0.00    0.56 ^ _1270_/D (sky130_fd_sc_hd__dfrtp_2)
                                  0.56   data arrival time

                  0.15    0.00    0.00   clock clk (rise edge)
                          0.00    0.00   clock network delay (ideal)
                          0.25    0.25   clock uncertainty
                          0.00    0.25   clock reconvergence pessimism
                                  0.25 ^ _1270_/CLK (sky130_fd_sc_hd__dfrtp_2)
                         -0.02    0.23   library hold time
                                  0.23   data required time
-----------------------------------------------------------------------------
                                  0.23   data required time
                                 -0.56   data arrival time
-----------------------------------------------------------------------------
                                  0.33   slack (MET)


Startpoint: _1234_ (rising edge-triggered flip-flop clocked by clk)
Endpoint: _1234_ (rising edge-triggered flip-flop clocked by clk)
Path Group: clk
Path Type: min

Fanout     Cap    Slew   Delay    Time   Description
-----------------------------------------------------------------------------
                  0.15    0.00    0.00   clock clk (rise edge)
                          0.00    0.00   clock network delay (ideal)
                  0.15    0.00    0.00 ^ _1234_/CLK (sky130_fd_sc_hd__dfrtp_2)
                  0.05    0.37    0.37 ^ _1234_/Q (sky130_fd_sc_hd__dfrtp_2)
     3    0.01                           dut.last_spi_seq[5] (net)
                  0.05    0.00    0.37 ^ _0909_/A0 (sky130_fd_sc_hd__mux2_2)
                  0.03    0.13    0.49 ^ _0909_/X (sky130_fd_sc_hd__mux2_2)
     1    0.00                           _0436_ (net)
                  0.03    0.00    0.49 ^ _0910_/A (sky130_fd_sc_hd__buf_1)
                  0.04    0.07    0.56 ^ _0910_/X (sky130_fd_sc_hd__buf_1)
     1    0.00                           _0083_ (net)
                  0.04    0.00    0.56 ^ _1234_/D (sky130_fd_sc_hd__dfrtp_2)
                                  0.56   data arrival time

                  0.15    0.00    0.00   clock clk (rise edge)
                          0.00    0.00   clock network delay (ideal)
                          0.25    0.25   clock uncertainty
                          0.00    0.25   clock reconvergence pessimism
                                  0.25 ^ _1234_/CLK (sky130_fd_sc_hd__dfrtp_2)
                         -0.02    0.23   library hold time
                                  0.23   data required time
-----------------------------------------------------------------------------
                                  0.23   data required time
                                 -0.56   data arrival time
-----------------------------------------------------------------------------
                                  0.33   slack (MET)


Startpoint: _1202_ (rising edge-triggered flip-flop clocked by clk)
Endpoint: _1202_ (rising edge-triggered flip-flop clocked by clk)
Path Group: clk
Path Type: min

Fanout     Cap    Slew   Delay    Time   Description
-----------------------------------------------------------------------------
                  0.15    0.00    0.00   clock clk (rise edge)
                          0.00    0.00   clock network delay (ideal)
                  0.15    0.00    0.00 ^ _1202_/CLK (sky130_fd_sc_hd__dfrtp_2)
                  0.05    0.36    0.36 ^ _1202_/Q (sky130_fd_sc_hd__dfrtp_2)
     3    0.01                           dut.pulse_count[2] (net)
                  0.05    0.00    0.36 ^ _0809_/B1 (sky130_fd_sc_hd__o21a_2)
                  0.03    0.11    0.47 ^ _0809_/X (sky130_fd_sc_hd__o21a_2)
     1    0.00                           _0367_ (net)
                  0.03    0.00    0.47 ^ _0810_/A2 (sky130_fd_sc_hd__o21a_2)
                  0.03    0.09    0.56 ^ _0810_/X (sky130_fd_sc_hd__o21a_2)
     1    0.00                           _0052_ (net)
                  0.03    0.00    0.56 ^ _1202_/D (sky130_fd_sc_hd__dfrtp_2)
                                  0.56   data arrival time

                  0.15    0.00    0.00   clock clk (rise edge)
                          0.00    0.00   clock network delay (ideal)
                          0.25    0.25   clock uncertainty
                          0.00    0.25   clock reconvergence pessimism
                                  0.25 ^ _1202_/CLK (sky130_fd_sc_hd__dfrtp_2)
                         -0.02    0.23   library hold time
                                  0.23   data required time
-----------------------------------------------------------------------------
                                  0.23   data required time
                                 -0.56   data arrival time
-----------------------------------------------------------------------------
                                  0.33   slack (MET)


Startpoint: _1327_ (rising edge-triggered flip-flop clocked by clk)
Endpoint: _1206_ (rising edge-triggered flip-flop clocked by clk)
Path Group: clk
Path Type: min

Fanout     Cap    Slew   Delay    Time   Description
-----------------------------------------------------------------------------
                  0.15    0.00    0.00   clock clk (rise edge)
                          0.00    0.00   clock network delay (ideal)
                  0.15    0.00    0.00 ^ _1327_/CLK (sky130_fd_sc_hd__dfxtp_2)
                  0.08    0.36    0.36 ^ _1327_/Q (sky130_fd_sc_hd__dfxtp_2)
     5    0.01                           dut.data_in[2] (net)
                  0.08    0.00    0.36 ^ _0821_/A1 (sky130_fd_sc_hd__mux2_2)
                  0.03    0.13    0.49 ^ _0821_/X (sky130_fd_sc_hd__mux2_2)
     1    0.00                           _0375_ (net)
                  0.03    0.00    0.49 ^ _0822_/A (sky130_fd_sc_hd__buf_1)
                  0.04    0.07    0.56 ^ _0822_/X (sky130_fd_sc_hd__buf_1)
     1    0.00                           _0056_ (net)
                  0.04    0.00    0.56 ^ _1206_/D (sky130_fd_sc_hd__dfrtp_2)
                                  0.56   data arrival time

                  0.15    0.00    0.00   clock clk (rise edge)
                          0.00    0.00   clock network delay (ideal)
                          0.25    0.25   clock uncertainty
                          0.00    0.25   clock reconvergence pessimism
                                  0.25 ^ _1206_/CLK (sky130_fd_sc_hd__dfrtp_2)
                         -0.02    0.23   library hold time
                                  0.23   data required time
-----------------------------------------------------------------------------
                                  0.23   data required time
                                 -0.56   data arrival time
-----------------------------------------------------------------------------
                                  0.33   slack (MET)


Startpoint: _1327_ (rising edge-triggered flip-flop clocked by clk)
Endpoint: _1227_ (rising edge-triggered flip-flop clocked by clk)
Path Group: clk
Path Type: min

Fanout     Cap    Slew   Delay    Time   Description
-----------------------------------------------------------------------------
                  0.15    0.00    0.00   clock clk (rise edge)
                          0.00    0.00   clock network delay (ideal)
                  0.15    0.00    0.00 ^ _1327_/CLK (sky130_fd_sc_hd__dfxtp_2)
                  0.08    0.36    0.36 ^ _1327_/Q (sky130_fd_sc_hd__dfxtp_2)
     5    0.01                           dut.data_in[2] (net)
                  0.08    0.00    0.36 ^ _0895_/A1 (sky130_fd_sc_hd__mux2_2)
                  0.03    0.13    0.49 ^ _0895_/X (sky130_fd_sc_hd__mux2_2)
     1    0.00                           _0429_ (net)
                  0.03    0.00    0.49 ^ _0896_/A (sky130_fd_sc_hd__buf_1)
                  0.04    0.07    0.56 ^ _0896_/X (sky130_fd_sc_hd__buf_1)
     1    0.00                           _0076_ (net)
                  0.04    0.00    0.56 ^ _1227_/D (sky130_fd_sc_hd__dfrtp_2)
                                  0.56   data arrival time

                  0.15    0.00    0.00   clock clk (rise edge)
                          0.00    0.00   clock network delay (ideal)
                          0.25    0.25   clock uncertainty
                          0.00    0.25   clock reconvergence pessimism
                                  0.25 ^ _1227_/CLK (sky130_fd_sc_hd__dfrtp_2)
                         -0.02    0.23   library hold time
                                  0.23   data required time
-----------------------------------------------------------------------------
                                  0.23   data required time
                                 -0.56   data arrival time
-----------------------------------------------------------------------------
                                  0.33   slack (MET)


Startpoint: _1229_ (rising edge-triggered flip-flop clocked by clk)
Endpoint: _1229_ (rising edge-triggered flip-flop clocked by clk)
Path Group: clk
Path Type: min

Fanout     Cap    Slew   Delay    Time   Description
-----------------------------------------------------------------------------
                  0.15    0.00    0.00   clock clk (rise edge)
                          0.00    0.00   clock network delay (ideal)
                  0.15    0.00    0.00 ^ _1229_/CLK (sky130_fd_sc_hd__dfrtp_2)
                  0.06    0.37    0.37 ^ _1229_/Q (sky130_fd_sc_hd__dfrtp_2)
     2    0.01                           dut.last_spi_seq[0] (net)
                  0.06    0.00    0.37 ^ _0899_/A0 (sky130_fd_sc_hd__mux2_2)
                  0.03    0.13    0.49 ^ _0899_/X (sky130_fd_sc_hd__mux2_2)
     1    0.00                           _0431_ (net)
                  0.03    0.00    0.49 ^ _0900_/A (sky130_fd_sc_hd__buf_1)
                  0.04    0.07    0.56 ^ _0900_/X (sky130_fd_sc_hd__buf_1)
     1    0.00                           _0078_ (net)
                  0.04    0.00    0.56 ^ _1229_/D (sky130_fd_sc_hd__dfrtp_2)
                                  0.56   data arrival time

                  0.15    0.00    0.00   clock clk (rise edge)
                          0.00    0.00   clock network delay (ideal)
                          0.25    0.25   clock uncertainty
                          0.00    0.25   clock reconvergence pessimism
                                  0.25 ^ _1229_/CLK (sky130_fd_sc_hd__dfrtp_2)
                         -0.02    0.23   library hold time
                                  0.23   data required time
-----------------------------------------------------------------------------
                                  0.23   data required time
                                 -0.56   data arrival time
-----------------------------------------------------------------------------
                                  0.33   slack (MET)


Startpoint: _1230_ (rising edge-triggered flip-flop clocked by clk)
Endpoint: _1230_ (rising edge-triggered flip-flop clocked by clk)
Path Group: clk
Path Type: min

Fanout     Cap    Slew   Delay    Time   Description
-----------------------------------------------------------------------------
                  0.15    0.00    0.00   clock clk (rise edge)
                          0.00    0.00   clock network delay (ideal)
                  0.15    0.00    0.00 ^ _1230_/CLK (sky130_fd_sc_hd__dfrtp_2)
                  0.06    0.37    0.37 ^ _1230_/Q (sky130_fd_sc_hd__dfrtp_2)
     2    0.01                           dut.last_spi_seq[1] (net)
                  0.06    0.00    0.37 ^ _0901_/A0 (sky130_fd_sc_hd__mux2_2)
                  0.03    0.13    0.49 ^ _0901_/X (sky130_fd_sc_hd__mux2_2)
     1    0.00                           _0432_ (net)
                  0.03    0.00    0.49 ^ _0902_/A (sky130_fd_sc_hd__buf_1)
                  0.04    0.07    0.56 ^ _0902_/X (sky130_fd_sc_hd__buf_1)
     1    0.00                           _0079_ (net)
                  0.04    0.00    0.56 ^ _1230_/D (sky130_fd_sc_hd__dfrtp_2)
                                  0.56   data arrival time

                  0.15    0.00    0.00   clock clk (rise edge)
                          0.00    0.00   clock network delay (ideal)
                          0.25    0.25   clock uncertainty
                          0.00    0.25   clock reconvergence pessimism
                                  0.25 ^ _1230_/CLK (sky130_fd_sc_hd__dfrtp_2)
                         -0.02    0.23   library hold time
                                  0.23   data required time
-----------------------------------------------------------------------------
                                  0.23   data required time
                                 -0.56   data arrival time
-----------------------------------------------------------------------------
                                  0.33   slack (MET)


Startpoint: _1232_ (rising edge-triggered flip-flop clocked by clk)
Endpoint: _1232_ (rising edge-triggered flip-flop clocked by clk)
Path Group: clk
Path Type: min

Fanout     Cap    Slew   Delay    Time   Description
-----------------------------------------------------------------------------
                  0.15    0.00    0.00   clock clk (rise edge)
                          0.00    0.00   clock network delay (ideal)
                  0.15    0.00    0.00 ^ _1232_/CLK (sky130_fd_sc_hd__dfrtp_2)
                  0.06    0.37    0.37 ^ _1232_/Q (sky130_fd_sc_hd__dfrtp_2)
     2    0.01                           dut.last_spi_seq[3] (net)
                  0.06    0.00    0.37 ^ _0905_/A0 (sky130_fd_sc_hd__mux2_2)
                  0.03    0.13    0.49 ^ _0905_/X (sky130_fd_sc_hd__mux2_2)
     1    0.00                           _0434_ (net)
                  0.03    0.00    0.49 ^ _0906_/A (sky130_fd_sc_hd__buf_1)
                  0.04    0.07    0.56 ^ _0906_/X (sky130_fd_sc_hd__buf_1)
     1    0.00                           _0081_ (net)
                  0.04    0.00    0.56 ^ _1232_/D (sky130_fd_sc_hd__dfrtp_2)
                                  0.56   data arrival time

                  0.15    0.00    0.00   clock clk (rise edge)
                          0.00    0.00   clock network delay (ideal)
                          0.25    0.25   clock uncertainty
                          0.00    0.25   clock reconvergence pessimism
                                  0.25 ^ _1232_/CLK (sky130_fd_sc_hd__dfrtp_2)
                         -0.02    0.23   library hold time
                                  0.23   data required time
-----------------------------------------------------------------------------
                                  0.23   data required time
                                 -0.56   data arrival time
-----------------------------------------------------------------------------
                                  0.33   slack (MET)


Startpoint: _1243_ (rising edge-triggered flip-flop clocked by clk)
Endpoint: _1296_ (rising edge-triggered flip-flop clocked by clk)
Path Group: clk
Path Type: min

Fanout     Cap    Slew   Delay    Time   Description
-----------------------------------------------------------------------------
                  0.15    0.00    0.00   clock clk (rise edge)
                          0.00    0.00   clock network delay (ideal)
                  0.15    0.00    0.00 ^ _1243_/CLK (sky130_fd_sc_hd__dfrtp_2)
                  0.06    0.37    0.37 ^ _1243_/Q (sky130_fd_sc_hd__dfrtp_2)
     3    0.01                           dut.spi_shift[5] (net)
                  0.06    0.00    0.37 ^ _1015_/A0 (sky130_fd_sc_hd__mux2_2)
                  0.03    0.13    0.50 ^ _1015_/X (sky130_fd_sc_hd__mux2_2)
     1    0.00                           _0480_ (net)
                  0.03    0.00    0.50 ^ _1016_/A (sky130_fd_sc_hd__buf_1)
                  0.04    0.07    0.56 ^ _1016_/X (sky130_fd_sc_hd__buf_1)
     1    0.00                           _0145_ (net)
                  0.04    0.00    0.56 ^ _1296_/D (sky130_fd_sc_hd__dfrtp_2)
                                  0.56   data arrival time

                  0.15    0.00    0.00   clock clk (rise edge)
                          0.00    0.00   clock network delay (ideal)
                          0.25    0.25   clock uncertainty
                          0.00    0.25   clock reconvergence pessimism
                                  0.25 ^ _1296_/CLK (sky130_fd_sc_hd__dfrtp_2)
                         -0.02    0.23   library hold time
                                  0.23   data required time
-----------------------------------------------------------------------------
                                  0.23   data required time
                                 -0.56   data arrival time
-----------------------------------------------------------------------------
                                  0.33   slack (MET)


Startpoint: _1244_ (rising edge-triggered flip-flop clocked by clk)
Endpoint: _1297_ (rising edge-triggered flip-flop clocked by clk)
Path Group: clk
Path Type: min

Fanout     Cap    Slew   Delay    Time   Description
-----------------------------------------------------------------------------
                  0.15    0.00    0.00   clock clk (rise edge)
                          0.00    0.00   clock network delay (ideal)
                  0.15    0.00    0.00 ^ _1244_/CLK (sky130_fd_sc_hd__dfrtp_2)
                  0.06    0.37    0.37 ^ _1244_/Q (sky130_fd_sc_hd__dfrtp_2)
     3    0.01                           dut.spi_shift[6] (net)
                  0.06    0.00    0.37 ^ _1017_/A0 (sky130_fd_sc_hd__mux2_2)
                  0.03    0.13    0.50 ^ _1017_/X (sky130_fd_sc_hd__mux2_2)
     1    0.00                           _0481_ (net)
                  0.03    0.00    0.50 ^ _1018_/A (sky130_fd_sc_hd__buf_1)
                  0.04    0.07    0.56 ^ _1018_/X (sky130_fd_sc_hd__buf_1)
     1    0.00                           _0146_ (net)
                  0.04    0.00    0.56 ^ _1297_/D (sky130_fd_sc_hd__dfrtp_2)
                                  0.56   data arrival time

                  0.15    0.00    0.00   clock clk (rise edge)
                          0.00    0.00   clock network delay (ideal)
                          0.25    0.25   clock uncertainty
                          0.00    0.25   clock reconvergence pessimism
                                  0.25 ^ _1297_/CLK (sky130_fd_sc_hd__dfrtp_2)
                         -0.02    0.23   library hold time
                                  0.23   data required time
-----------------------------------------------------------------------------
                                  0.23   data required time
                                 -0.56   data arrival time
-----------------------------------------------------------------------------
                                  0.33   slack (MET)


Startpoint: _1245_ (rising edge-triggered flip-flop clocked by clk)
Endpoint: _1177_ (rising edge-triggered flip-flop clocked by clk)
Path Group: clk
Path Type: min

Fanout     Cap    Slew   Delay    Time   Description
-----------------------------------------------------------------------------
                  0.15    0.00    0.00   clock clk (rise edge)
                          0.00    0.00   clock network delay (ideal)
                  0.15    0.00    0.00 ^ _1245_/CLK (sky130_fd_sc_hd__dfrtp_2)
                  0.06    0.37    0.37 ^ _1245_/Q (sky130_fd_sc_hd__dfrtp_2)
     3    0.01                           dut.spi_shift[7] (net)
                  0.06    0.00    0.37 ^ _0782_/A0 (sky130_fd_sc_hd__mux2_2)
                  0.03    0.13    0.50 ^ _0782_/X (sky130_fd_sc_hd__mux2_2)
     1    0.00                           _0352_ (net)
                  0.03    0.00    0.50 ^ _0783_/A (sky130_fd_sc_hd__buf_1)
                  0.04    0.07    0.56 ^ _0783_/X (sky130_fd_sc_hd__buf_1)
     1    0.00                           _0040_ (net)
                  0.04    0.00    0.56 ^ _1177_/D (sky130_fd_sc_hd__dfrtp_2)
                                  0.56   data arrival time

                  0.15    0.00    0.00   clock clk (rise edge)
                          0.00    0.00   clock network delay (ideal)
                          0.25    0.25   clock uncertainty
                          0.00    0.25   clock reconvergence pessimism
                                  0.25 ^ _1177_/CLK (sky130_fd_sc_hd__dfrtp_2)
                         -0.02    0.23   library hold time
                                  0.23   data required time
-----------------------------------------------------------------------------
                                  0.23   data required time
                                 -0.56   data arrival time
-----------------------------------------------------------------------------
                                  0.33   slack (MET)


Startpoint: _1246_ (rising edge-triggered flip-flop clocked by clk)
Endpoint: _1178_ (rising edge-triggered flip-flop clocked by clk)
Path Group: clk
Path Type: min

Fanout     Cap    Slew   Delay    Time   Description
-----------------------------------------------------------------------------
                  0.15    0.00    0.00   clock clk (rise edge)
                          0.00    0.00   clock network delay (ideal)
                  0.15    0.00    0.00 ^ _1246_/CLK (sky130_fd_sc_hd__dfrtp_2)
                  0.06    0.37    0.37 ^ _1246_/Q (sky130_fd_sc_hd__dfrtp_2)
     3    0.01                           dut.spi_shift[8] (net)
                  0.06    0.00    0.37 ^ _0784_/A0 (sky130_fd_sc_hd__mux2_2)
                  0.03    0.13    0.50 ^ _0784_/X (sky130_fd_sc_hd__mux2_2)
     1    0.00                           _0353_ (net)
                  0.03    0.00    0.50 ^ _0785_/A (sky130_fd_sc_hd__buf_1)
                  0.04    0.07    0.56 ^ _0785_/X (sky130_fd_sc_hd__buf_1)
     1    0.00                           _0041_ (net)
                  0.04    0.00    0.56 ^ _1178_/D (sky130_fd_sc_hd__dfrtp_2)
                                  0.56   data arrival time

                  0.15    0.00    0.00   clock clk (rise edge)
                          0.00    0.00   clock network delay (ideal)
                          0.25    0.25   clock uncertainty
                          0.00    0.25   clock reconvergence pessimism
                                  0.25 ^ _1178_/CLK (sky130_fd_sc_hd__dfrtp_2)
                         -0.02    0.23   library hold time
                                  0.23   data required time
-----------------------------------------------------------------------------
                                  0.23   data required time
                                 -0.56   data arrival time
-----------------------------------------------------------------------------
                                  0.33   slack (MET)


Startpoint: _1247_ (rising edge-triggered flip-flop clocked by clk)
Endpoint: _1179_ (rising edge-triggered flip-flop clocked by clk)
Path Group: clk
Path Type: min

Fanout     Cap    Slew   Delay    Time   Description
-----------------------------------------------------------------------------
                  0.15    0.00    0.00   clock clk (rise edge)
                          0.00    0.00   clock network delay (ideal)
                  0.15    0.00    0.00 ^ _1247_/CLK (sky130_fd_sc_hd__dfrtp_2)
                  0.06    0.37    0.37 ^ _1247_/Q (sky130_fd_sc_hd__dfrtp_2)
     3    0.01                           dut.spi_shift[9] (net)
                  0.06    0.00    0.37 ^ _0786_/A0 (sky130_fd_sc_hd__mux2_2)
                  0.03    0.13    0.50 ^ _0786_/X (sky130_fd_sc_hd__mux2_2)
     1    0.00                           _0354_ (net)
                  0.03    0.00    0.50 ^ _0787_/A (sky130_fd_sc_hd__buf_1)
                  0.04    0.07    0.56 ^ _0787_/X (sky130_fd_sc_hd__buf_1)
     1    0.00                           _0042_ (net)
                  0.04    0.00    0.56 ^ _1179_/D (sky130_fd_sc_hd__dfrtp_2)
                                  0.56   data arrival time

                  0.15    0.00    0.00   clock clk (rise edge)
                          0.00    0.00   clock network delay (ideal)
                          0.25    0.25   clock uncertainty
                          0.00    0.25   clock reconvergence pessimism
                                  0.25 ^ _1179_/CLK (sky130_fd_sc_hd__dfrtp_2)
                         -0.02    0.23   library hold time
                                  0.23   data required time
-----------------------------------------------------------------------------
                                  0.23   data required time
                                 -0.56   data arrival time
-----------------------------------------------------------------------------
                                  0.33   slack (MET)


Startpoint: _1248_ (rising edge-triggered flip-flop clocked by clk)
Endpoint: _1180_ (rising edge-triggered flip-flop clocked by clk)
Path Group: clk
Path Type: min

Fanout     Cap    Slew   Delay    Time   Description
-----------------------------------------------------------------------------
                  0.15    0.00    0.00   clock clk (rise edge)
                          0.00    0.00   clock network delay (ideal)
                  0.15    0.00    0.00 ^ _1248_/CLK (sky130_fd_sc_hd__dfrtp_2)
                  0.06    0.37    0.37 ^ _1248_/Q (sky130_fd_sc_hd__dfrtp_2)
     3    0.01                           dut.spi_shift[10] (net)
                  0.06    0.00    0.37 ^ _0788_/A0 (sky130_fd_sc_hd__mux2_2)
                  0.03    0.13    0.50 ^ _0788_/X (sky130_fd_sc_hd__mux2_2)
     1    0.00                           _0355_ (net)
                  0.03    0.00    0.50 ^ _0789_/A (sky130_fd_sc_hd__buf_1)
                  0.04    0.07    0.56 ^ _0789_/X (sky130_fd_sc_hd__buf_1)
     1    0.00                           _0043_ (net)
                  0.04    0.00    0.56 ^ _1180_/D (sky130_fd_sc_hd__dfrtp_2)
                                  0.56   data arrival time

                  0.15    0.00    0.00   clock clk (rise edge)
                          0.00    0.00   clock network delay (ideal)
                          0.25    0.25   clock uncertainty
                          0.00    0.25   clock reconvergence pessimism
                                  0.25 ^ _1180_/CLK (sky130_fd_sc_hd__dfrtp_2)
                         -0.02    0.23   library hold time
                                  0.23   data required time
-----------------------------------------------------------------------------
                                  0.23   data required time
                                 -0.56   data arrival time
-----------------------------------------------------------------------------
                                  0.33   slack (MET)


Startpoint: _1249_ (rising edge-triggered flip-flop clocked by clk)
Endpoint: _1181_ (rising edge-triggered flip-flop clocked by clk)
Path Group: clk
Path Type: min

Fanout     Cap    Slew   Delay    Time   Description
-----------------------------------------------------------------------------
                  0.15    0.00    0.00   clock clk (rise edge)
                          0.00    0.00   clock network delay (ideal)
                  0.15    0.00    0.00 ^ _1249_/CLK (sky130_fd_sc_hd__dfrtp_2)
                  0.06    0.37    0.37 ^ _1249_/Q (sky130_fd_sc_hd__dfrtp_2)
     3    0.01                           dut.spi_shift[11] (net)
                  0.06    0.00    0.37 ^ _0790_/A0 (sky130_fd_sc_hd__mux2_2)
                  0.03    0.13    0.50 ^ _0790_/X (sky130_fd_sc_hd__mux2_2)
     1    0.00                           _0356_ (net)
                  0.03    0.00    0.50 ^ _0791_/A (sky130_fd_sc_hd__buf_1)
                  0.04    0.07    0.56 ^ _0791_/X (sky130_fd_sc_hd__buf_1)
     1    0.00                           _0044_ (net)
                  0.04    0.00    0.56 ^ _1181_/D (sky130_fd_sc_hd__dfrtp_2)
                                  0.56   data arrival time

                  0.15    0.00    0.00   clock clk (rise edge)
                          0.00    0.00   clock network delay (ideal)
                          0.25    0.25   clock uncertainty
                          0.00    0.25   clock reconvergence pessimism
                                  0.25 ^ _1181_/CLK (sky130_fd_sc_hd__dfrtp_2)
                         -0.02    0.23   library hold time
                                  0.23   data required time
-----------------------------------------------------------------------------
                                  0.23   data required time
                                 -0.56   data arrival time
-----------------------------------------------------------------------------
                                  0.33   slack (MET)


Startpoint: _1250_ (rising edge-triggered flip-flop clocked by clk)
Endpoint: _1182_ (rising edge-triggered flip-flop clocked by clk)
Path Group: clk
Path Type: min

Fanout     Cap    Slew   Delay    Time   Description
-----------------------------------------------------------------------------
                  0.15    0.00    0.00   clock clk (rise edge)
                          0.00    0.00   clock network delay (ideal)
                  0.15    0.00    0.00 ^ _1250_/CLK (sky130_fd_sc_hd__dfrtp_2)
                  0.06    0.37    0.37 ^ _1250_/Q (sky130_fd_sc_hd__dfrtp_2)
     3    0.01                           dut.spi_shift[12] (net)
                  0.06    0.00    0.37 ^ _0792_/A0 (sky130_fd_sc_hd__mux2_2)
                  0.03    0.13    0.50 ^ _0792_/X (sky130_fd_sc_hd__mux2_2)
     1    0.00                           _0357_ (net)
                  0.03    0.00    0.50 ^ _0793_/A (sky130_fd_sc_hd__buf_1)
                  0.04    0.07    0.56 ^ _0793_/X (sky130_fd_sc_hd__buf_1)
     1    0.00                           _0045_ (net)
                  0.04    0.00    0.56 ^ _1182_/D (sky130_fd_sc_hd__dfrtp_2)
                                  0.56   data arrival time

                  0.15    0.00    0.00   clock clk (rise edge)
                          0.00    0.00   clock network delay (ideal)
                          0.25    0.25   clock uncertainty
                          0.00    0.25   clock reconvergence pessimism
                                  0.25 ^ _1182_/CLK (sky130_fd_sc_hd__dfrtp_2)
                         -0.02    0.23   library hold time
                                  0.23   data required time
-----------------------------------------------------------------------------
                                  0.23   data required time
                                 -0.56   data arrival time
-----------------------------------------------------------------------------
                                  0.33   slack (MET)


Startpoint: _1251_ (rising edge-triggered flip-flop clocked by clk)
Endpoint: _1183_ (rising edge-triggered flip-flop clocked by clk)
Path Group: clk
Path Type: min

Fanout     Cap    Slew   Delay    Time   Description
-----------------------------------------------------------------------------
                  0.15    0.00    0.00   clock clk (rise edge)
                          0.00    0.00   clock network delay (ideal)
                  0.15    0.00    0.00 ^ _1251_/CLK (sky130_fd_sc_hd__dfrtp_2)
                  0.06    0.37    0.37 ^ _1251_/Q (sky130_fd_sc_hd__dfrtp_2)
     3    0.01                           dut.spi_shift[13] (net)
                  0.06    0.00    0.37 ^ _0794_/A0 (sky130_fd_sc_hd__mux2_2)
                  0.03    0.13    0.50 ^ _0794_/X (sky130_fd_sc_hd__mux2_2)
     1    0.00                           _0358_ (net)
                  0.03    0.00    0.50 ^ _0795_/A (sky130_fd_sc_hd__buf_1)
                  0.04    0.07    0.56 ^ _0795_/X (sky130_fd_sc_hd__buf_1)
     1    0.00                           _0046_ (net)
                  0.04    0.00    0.56 ^ _1183_/D (sky130_fd_sc_hd__dfrtp_2)
                                  0.56   data arrival time

                  0.15    0.00    0.00   clock clk (rise edge)
                          0.00    0.00   clock network delay (ideal)
                          0.25    0.25   clock uncertainty
                          0.00    0.25   clock reconvergence pessimism
                                  0.25 ^ _1183_/CLK (sky130_fd_sc_hd__dfrtp_2)
                         -0.02    0.23   library hold time
                                  0.23   data required time
-----------------------------------------------------------------------------
                                  0.23   data required time
                                 -0.56   data arrival time
-----------------------------------------------------------------------------
                                  0.33   slack (MET)


Startpoint: _1252_ (rising edge-triggered flip-flop clocked by clk)
Endpoint: _1184_ (rising edge-triggered flip-flop clocked by clk)
Path Group: clk
Path Type: min

Fanout     Cap    Slew   Delay    Time   Description
-----------------------------------------------------------------------------
                  0.15    0.00    0.00   clock clk (rise edge)
                          0.00    0.00   clock network delay (ideal)
                  0.15    0.00    0.00 ^ _1252_/CLK (sky130_fd_sc_hd__dfrtp_2)
                  0.06    0.37    0.37 ^ _1252_/Q (sky130_fd_sc_hd__dfrtp_2)
     3    0.01                           dut.spi_shift[14] (net)
                  0.06    0.00    0.37 ^ _0796_/A0 (sky130_fd_sc_hd__mux2_2)
                  0.03    0.13    0.50 ^ _0796_/X (sky130_fd_sc_hd__mux2_2)
     1    0.00                           _0359_ (net)
                  0.03    0.00    0.50 ^ _0797_/A (sky130_fd_sc_hd__buf_1)
                  0.04    0.07    0.56 ^ _0797_/X (sky130_fd_sc_hd__buf_1)
     1    0.00                           _0047_ (net)
                  0.04    0.00    0.56 ^ _1184_/D (sky130_fd_sc_hd__dfrtp_2)
                                  0.56   data arrival time

                  0.15    0.00    0.00   clock clk (rise edge)
                          0.00    0.00   clock network delay (ideal)
                          0.25    0.25   clock uncertainty
                          0.00    0.25   clock reconvergence pessimism
                                  0.25 ^ _1184_/CLK (sky130_fd_sc_hd__dfrtp_2)
                         -0.02    0.23   library hold time
                                  0.23   data required time
-----------------------------------------------------------------------------
                                  0.23   data required time
                                 -0.56   data arrival time
-----------------------------------------------------------------------------
                                  0.33   slack (MET)


Startpoint: _1261_ (rising edge-triggered flip-flop clocked by clk)
Endpoint: _1275_ (rising edge-triggered flip-flop clocked by clk)
Path Group: clk
Path Type: min

Fanout     Cap    Slew   Delay    Time   Description
-----------------------------------------------------------------------------
                  0.15    0.00    0.00   clock clk (rise edge)
                          0.00    0.00   clock network delay (ideal)
                  0.15    0.00    0.00 ^ _1261_/CLK (sky130_fd_sc_hd__dfrtp_2)
                  0.06    0.37    0.37 ^ _1261_/Q (sky130_fd_sc_hd__dfrtp_2)
     3    0.01                           dut.spi_shift[23] (net)
                  0.06    0.00    0.37 ^ _0971_/A0 (sky130_fd_sc_hd__mux2_2)
                  0.03    0.13    0.50 ^ _0971_/X (sky130_fd_sc_hd__mux2_2)
     1    0.00                           _0457_ (net)
                  0.03    0.00    0.50 ^ _0972_/A (sky130_fd_sc_hd__buf_1)
                  0.04    0.07    0.56 ^ _0972_/X (sky130_fd_sc_hd__buf_1)
     1    0.00                           _0124_ (net)
                  0.04    0.00    0.56 ^ _1275_/D (sky130_fd_sc_hd__dfrtp_2)
                                  0.56   data arrival time

                  0.15    0.00    0.00   clock clk (rise edge)
                          0.00    0.00   clock network delay (ideal)
                          0.25    0.25   clock uncertainty
                          0.00    0.25   clock reconvergence pessimism
                                  0.25 ^ _1275_/CLK (sky130_fd_sc_hd__dfrtp_2)
                         -0.02    0.23   library hold time
                                  0.23   data required time
-----------------------------------------------------------------------------
                                  0.23   data required time
                                 -0.56   data arrival time
-----------------------------------------------------------------------------
                                  0.33   slack (MET)


Startpoint: _1262_ (rising edge-triggered flip-flop clocked by clk)
Endpoint: _1276_ (rising edge-triggered flip-flop clocked by clk)
Path Group: clk
Path Type: min

Fanout     Cap    Slew   Delay    Time   Description
-----------------------------------------------------------------------------
                  0.15    0.00    0.00   clock clk (rise edge)
                          0.00    0.00   clock network delay (ideal)
                  0.15    0.00    0.00 ^ _1262_/CLK (sky130_fd_sc_hd__dfrtp_2)
                  0.06    0.37    0.37 ^ _1262_/Q (sky130_fd_sc_hd__dfrtp_2)
     3    0.01                           dut.spi_shift[24] (net)
                  0.06    0.00    0.37 ^ _0974_/A0 (sky130_fd_sc_hd__mux2_2)
                  0.03    0.13    0.50 ^ _0974_/X (sky130_fd_sc_hd__mux2_2)
     1    0.00                           _0459_ (net)
                  0.03    0.00    0.50 ^ _0975_/A (sky130_fd_sc_hd__buf_1)
                  0.04    0.07    0.56 ^ _0975_/X (sky130_fd_sc_hd__buf_1)
     1    0.00                           _0125_ (net)
                  0.04    0.00    0.56 ^ _1276_/D (sky130_fd_sc_hd__dfrtp_2)
                                  0.56   data arrival time

                  0.15    0.00    0.00   clock clk (rise edge)
                          0.00    0.00   clock network delay (ideal)
                          0.25    0.25   clock uncertainty
                          0.00    0.25   clock reconvergence pessimism
                                  0.25 ^ _1276_/CLK (sky130_fd_sc_hd__dfrtp_2)
                         -0.02    0.23   library hold time
                                  0.23   data required time
-----------------------------------------------------------------------------
                                  0.23   data required time
                                 -0.56   data arrival time
-----------------------------------------------------------------------------
                                  0.33   slack (MET)


Startpoint: _1263_ (rising edge-triggered flip-flop clocked by clk)
Endpoint: _1277_ (rising edge-triggered flip-flop clocked by clk)
Path Group: clk
Path Type: min

Fanout     Cap    Slew   Delay    Time   Description
-----------------------------------------------------------------------------
                  0.15    0.00    0.00   clock clk (rise edge)
                          0.00    0.00   clock network delay (ideal)
                  0.15    0.00    0.00 ^ _1263_/CLK (sky130_fd_sc_hd__dfrtp_2)
                  0.06    0.37    0.37 ^ _1263_/Q (sky130_fd_sc_hd__dfrtp_2)
     3    0.01                           dut.spi_shift[25] (net)
                  0.06    0.00    0.37 ^ _0976_/A0 (sky130_fd_sc_hd__mux2_2)
                  0.03    0.13    0.50 ^ _0976_/X (sky130_fd_sc_hd__mux2_2)
     1    0.00                           _0460_ (net)
                  0.03    0.00    0.50 ^ _0977_/A (sky130_fd_sc_hd__buf_1)
                  0.04    0.07    0.56 ^ _0977_/X (sky130_fd_sc_hd__buf_1)
     1    0.00                           _0126_ (net)
                  0.04    0.00    0.56 ^ _1277_/D (sky130_fd_sc_hd__dfrtp_2)
                                  0.56   data arrival time

                  0.15    0.00    0.00   clock clk (rise edge)
                          0.00    0.00   clock network delay (ideal)
                          0.25    0.25   clock uncertainty
                          0.00    0.25   clock reconvergence pessimism
                                  0.25 ^ _1277_/CLK (sky130_fd_sc_hd__dfrtp_2)
                         -0.02    0.23   library hold time
                                  0.23   data required time
-----------------------------------------------------------------------------
                                  0.23   data required time
                                 -0.56   data arrival time
-----------------------------------------------------------------------------
                                  0.33   slack (MET)


Startpoint: _1264_ (rising edge-triggered flip-flop clocked by clk)
Endpoint: _1278_ (rising edge-triggered flip-flop clocked by clk)
Path Group: clk
Path Type: min

Fanout     Cap    Slew   Delay    Time   Description
-----------------------------------------------------------------------------
                  0.15    0.00    0.00   clock clk (rise edge)
                          0.00    0.00   clock network delay (ideal)
                  0.15    0.00    0.00 ^ _1264_/CLK (sky130_fd_sc_hd__dfrtp_2)
                  0.06    0.37    0.37 ^ _1264_/Q (sky130_fd_sc_hd__dfrtp_2)
     3    0.01                           dut.spi_shift[26] (net)
                  0.06    0.00    0.37 ^ _0978_/A0 (sky130_fd_sc_hd__mux2_2)
                  0.03    0.13    0.50 ^ _0978_/X (sky130_fd_sc_hd__mux2_2)
     1    0.00                           _0461_ (net)
                  0.03    0.00    0.50 ^ _0979_/A (sky130_fd_sc_hd__buf_1)
                  0.04    0.07    0.56 ^ _0979_/X (sky130_fd_sc_hd__buf_1)
     1    0.00                           _0127_ (net)
                  0.04    0.00    0.56 ^ _1278_/D (sky130_fd_sc_hd__dfrtp_2)
                                  0.56   data arrival time

                  0.15    0.00    0.00   clock clk (rise edge)
                          0.00    0.00   clock network delay (ideal)
                          0.25    0.25   clock uncertainty
                          0.00    0.25   clock reconvergence pessimism
                                  0.25 ^ _1278_/CLK (sky130_fd_sc_hd__dfrtp_2)
                         -0.02    0.23   library hold time
                                  0.23   data required time
-----------------------------------------------------------------------------
                                  0.23   data required time
                                 -0.56   data arrival time
-----------------------------------------------------------------------------
                                  0.33   slack (MET)


Startpoint: _1265_ (rising edge-triggered flip-flop clocked by clk)
Endpoint: _1279_ (rising edge-triggered flip-flop clocked by clk)
Path Group: clk
Path Type: min

Fanout     Cap    Slew   Delay    Time   Description
-----------------------------------------------------------------------------
                  0.15    0.00    0.00   clock clk (rise edge)
                          0.00    0.00   clock network delay (ideal)
                  0.15    0.00    0.00 ^ _1265_/CLK (sky130_fd_sc_hd__dfrtp_2)
                  0.06    0.37    0.37 ^ _1265_/Q (sky130_fd_sc_hd__dfrtp_2)
     3    0.01                           dut.spi_shift[27] (net)
                  0.06    0.00    0.37 ^ _0980_/A0 (sky130_fd_sc_hd__mux2_2)
                  0.03    0.13    0.50 ^ _0980_/X (sky130_fd_sc_hd__mux2_2)
     1    0.00                           _0462_ (net)
                  0.03    0.00    0.50 ^ _0981_/A (sky130_fd_sc_hd__buf_1)
                  0.04    0.07    0.56 ^ _0981_/X (sky130_fd_sc_hd__buf_1)
     1    0.00                           _0128_ (net)
                  0.04    0.00    0.56 ^ _1279_/D (sky130_fd_sc_hd__dfrtp_2)
                                  0.56   data arrival time

                  0.15    0.00    0.00   clock clk (rise edge)
                          0.00    0.00   clock network delay (ideal)
                          0.25    0.25   clock uncertainty
                          0.00    0.25   clock reconvergence pessimism
                                  0.25 ^ _1279_/CLK (sky130_fd_sc_hd__dfrtp_2)
                         -0.02    0.23   library hold time
                                  0.23   data required time
-----------------------------------------------------------------------------
                                  0.23   data required time
                                 -0.56   data arrival time
-----------------------------------------------------------------------------
                                  0.33   slack (MET)


Startpoint: _1266_ (rising edge-triggered flip-flop clocked by clk)
Endpoint: _1280_ (rising edge-triggered flip-flop clocked by clk)
Path Group: clk
Path Type: min

Fanout     Cap    Slew   Delay    Time   Description
-----------------------------------------------------------------------------
                  0.15    0.00    0.00   clock clk (rise edge)
                          0.00    0.00   clock network delay (ideal)
                  0.15    0.00    0.00 ^ _1266_/CLK (sky130_fd_sc_hd__dfrtp_2)
                  0.06    0.37    0.37 ^ _1266_/Q (sky130_fd_sc_hd__dfrtp_2)
     3    0.01                           dut.spi_shift[28] (net)
                  0.06    0.00    0.37 ^ _0982_/A0 (sky130_fd_sc_hd__mux2_2)
                  0.03    0.13    0.50 ^ _0982_/X (sky130_fd_sc_hd__mux2_2)
     1    0.00                           _0463_ (net)
                  0.03    0.00    0.50 ^ _0983_/A (sky130_fd_sc_hd__buf_1)
                  0.04    0.07    0.56 ^ _0983_/X (sky130_fd_sc_hd__buf_1)
     1    0.00                           _0129_ (net)
                  0.04    0.00    0.56 ^ _1280_/D (sky130_fd_sc_hd__dfrtp_2)
                                  0.56   data arrival time

                  0.15    0.00    0.00   clock clk (rise edge)
                          0.00    0.00   clock network delay (ideal)
                          0.25    0.25   clock uncertainty
                          0.00    0.25   clock reconvergence pessimism
                                  0.25 ^ _1280_/CLK (sky130_fd_sc_hd__dfrtp_2)
                         -0.02    0.23   library hold time
                                  0.23   data required time
-----------------------------------------------------------------------------
                                  0.23   data required time
                                 -0.56   data arrival time
-----------------------------------------------------------------------------
                                  0.33   slack (MET)


Startpoint: _1267_ (rising edge-triggered flip-flop clocked by clk)
Endpoint: _1281_ (rising edge-triggered flip-flop clocked by clk)
Path Group: clk
Path Type: min

Fanout     Cap    Slew   Delay    Time   Description
-----------------------------------------------------------------------------
                  0.15    0.00    0.00   clock clk (rise edge)
                          0.00    0.00   clock network delay (ideal)
                  0.15    0.00    0.00 ^ _1267_/CLK (sky130_fd_sc_hd__dfrtp_2)
                  0.06    0.37    0.37 ^ _1267_/Q (sky130_fd_sc_hd__dfrtp_2)
     3    0.01                           dut.spi_shift[29] (net)
                  0.06    0.00    0.37 ^ _0984_/A0 (sky130_fd_sc_hd__mux2_2)
                  0.03    0.13    0.50 ^ _0984_/X (sky130_fd_sc_hd__mux2_2)
     1    0.00                           _0464_ (net)
                  0.03    0.00    0.50 ^ _0985_/A (sky130_fd_sc_hd__buf_1)
                  0.04    0.07    0.56 ^ _0985_/X (sky130_fd_sc_hd__buf_1)
     1    0.00                           _0130_ (net)
                  0.04    0.00    0.56 ^ _1281_/D (sky130_fd_sc_hd__dfrtp_2)
                                  0.56   data arrival time

                  0.15    0.00    0.00   clock clk (rise edge)
                          0.00    0.00   clock network delay (ideal)
                          0.25    0.25   clock uncertainty
                          0.00    0.25   clock reconvergence pessimism
                                  0.25 ^ _1281_/CLK (sky130_fd_sc_hd__dfrtp_2)
                         -0.02    0.23   library hold time
                                  0.23   data required time
-----------------------------------------------------------------------------
                                  0.23   data required time
                                 -0.56   data arrival time
-----------------------------------------------------------------------------
                                  0.33   slack (MET)


Startpoint: _1253_ (rising edge-triggered flip-flop clocked by clk)
Endpoint: _1282_ (rising edge-triggered flip-flop clocked by clk)
Path Group: clk
Path Type: min

Fanout     Cap    Slew   Delay    Time   Description
-----------------------------------------------------------------------------
                  0.15    0.00    0.00   clock clk (rise edge)
                          0.00    0.00   clock network delay (ideal)
                  0.15    0.00    0.00 ^ _1253_/CLK (sky130_fd_sc_hd__dfrtp_2)
                  0.06    0.37    0.37 ^ _1253_/Q (sky130_fd_sc_hd__dfrtp_2)
     3    0.01                           dut.spi_shift[15] (net)
                  0.06    0.00    0.37 ^ _0986_/A0 (sky130_fd_sc_hd__mux2_2)
                  0.03    0.13    0.50 ^ _0986_/X (sky130_fd_sc_hd__mux2_2)
     1    0.00                           _0465_ (net)
                  0.03    0.00    0.50 ^ _0987_/A (sky130_fd_sc_hd__buf_1)
                  0.04    0.07    0.56 ^ _0987_/X (sky130_fd_sc_hd__buf_1)
     1    0.00                           _0131_ (net)
                  0.04    0.00    0.56 ^ _1282_/D (sky130_fd_sc_hd__dfrtp_2)
                                  0.56   data arrival time

                  0.15    0.00    0.00   clock clk (rise edge)
                          0.00    0.00   clock network delay (ideal)
                          0.25    0.25   clock uncertainty
                          0.00    0.25   clock reconvergence pessimism
                                  0.25 ^ _1282_/CLK (sky130_fd_sc_hd__dfrtp_2)
                         -0.02    0.23   library hold time
                                  0.23   data required time
-----------------------------------------------------------------------------
                                  0.23   data required time
                                 -0.56   data arrival time
-----------------------------------------------------------------------------
                                  0.33   slack (MET)


Startpoint: _1254_ (rising edge-triggered flip-flop clocked by clk)
Endpoint: _1283_ (rising edge-triggered flip-flop clocked by clk)
Path Group: clk
Path Type: min

Fanout     Cap    Slew   Delay    Time   Description
-----------------------------------------------------------------------------
                  0.15    0.00    0.00   clock clk (rise edge)
                          0.00    0.00   clock network delay (ideal)
                  0.15    0.00    0.00 ^ _1254_/CLK (sky130_fd_sc_hd__dfrtp_2)
                  0.06    0.37    0.37 ^ _1254_/Q (sky130_fd_sc_hd__dfrtp_2)
     3    0.01                           dut.spi_shift[16] (net)
                  0.06    0.00    0.37 ^ _0988_/A0 (sky130_fd_sc_hd__mux2_2)
                  0.03    0.13    0.50 ^ _0988_/X (sky130_fd_sc_hd__mux2_2)
     1    0.00                           _0466_ (net)
                  0.03    0.00    0.50 ^ _0989_/A (sky130_fd_sc_hd__buf_1)
                  0.04    0.07    0.56 ^ _0989_/X (sky130_fd_sc_hd__buf_1)
     1    0.00                           _0132_ (net)
                  0.04    0.00    0.56 ^ _1283_/D (sky130_fd_sc_hd__dfrtp_2)
                                  0.56   data arrival time

                  0.15    0.00    0.00   clock clk (rise edge)
                          0.00    0.00   clock network delay (ideal)
                          0.25    0.25   clock uncertainty
                          0.00    0.25   clock reconvergence pessimism
                                  0.25 ^ _1283_/CLK (sky130_fd_sc_hd__dfrtp_2)
                         -0.02    0.23   library hold time
                                  0.23   data required time
-----------------------------------------------------------------------------
                                  0.23   data required time
                                 -0.56   data arrival time
-----------------------------------------------------------------------------
                                  0.33   slack (MET)


Startpoint: _1255_ (rising edge-triggered flip-flop clocked by clk)
Endpoint: _1284_ (rising edge-triggered flip-flop clocked by clk)
Path Group: clk
Path Type: min

Fanout     Cap    Slew   Delay    Time   Description
-----------------------------------------------------------------------------
                  0.15    0.00    0.00   clock clk (rise edge)
                          0.00    0.00   clock network delay (ideal)
                  0.15    0.00    0.00 ^ _1255_/CLK (sky130_fd_sc_hd__dfrtp_2)
                  0.06    0.37    0.37 ^ _1255_/Q (sky130_fd_sc_hd__dfrtp_2)
     3    0.01                           dut.spi_shift[17] (net)
                  0.06    0.00    0.37 ^ _0990_/A0 (sky130_fd_sc_hd__mux2_2)
                  0.03    0.13    0.50 ^ _0990_/X (sky130_fd_sc_hd__mux2_2)
     1    0.00                           _0467_ (net)
                  0.03    0.00    0.50 ^ _0991_/A (sky130_fd_sc_hd__buf_1)
                  0.04    0.07    0.56 ^ _0991_/X (sky130_fd_sc_hd__buf_1)
     1    0.00                           _0133_ (net)
                  0.04    0.00    0.56 ^ _1284_/D (sky130_fd_sc_hd__dfrtp_2)
                                  0.56   data arrival time

                  0.15    0.00    0.00   clock clk (rise edge)
                          0.00    0.00   clock network delay (ideal)
                          0.25    0.25   clock uncertainty
                          0.00    0.25   clock reconvergence pessimism
                                  0.25 ^ _1284_/CLK (sky130_fd_sc_hd__dfrtp_2)
                         -0.02    0.23   library hold time
                                  0.23   data required time
-----------------------------------------------------------------------------
                                  0.23   data required time
                                 -0.56   data arrival time
-----------------------------------------------------------------------------
                                  0.33   slack (MET)


Startpoint: _1256_ (rising edge-triggered flip-flop clocked by clk)
Endpoint: _1285_ (rising edge-triggered flip-flop clocked by clk)
Path Group: clk
Path Type: min

Fanout     Cap    Slew   Delay    Time   Description
-----------------------------------------------------------------------------
                  0.15    0.00    0.00   clock clk (rise edge)
                          0.00    0.00   clock network delay (ideal)
                  0.15    0.00    0.00 ^ _1256_/CLK (sky130_fd_sc_hd__dfrtp_2)
                  0.06    0.37    0.37 ^ _1256_/Q (sky130_fd_sc_hd__dfrtp_2)
     3    0.01                           dut.spi_shift[18] (net)
                  0.06    0.00    0.37 ^ _0992_/A0 (sky130_fd_sc_hd__mux2_2)
                  0.03    0.13    0.50 ^ _0992_/X (sky130_fd_sc_hd__mux2_2)
     1    0.00                           _0468_ (net)
                  0.03    0.00    0.50 ^ _0993_/A (sky130_fd_sc_hd__buf_1)
                  0.04    0.07    0.56 ^ _0993_/X (sky130_fd_sc_hd__buf_1)
     1    0.00                           _0134_ (net)
                  0.04    0.00    0.56 ^ _1285_/D (sky130_fd_sc_hd__dfrtp_2)
                                  0.56   data arrival time

                  0.15    0.00    0.00   clock clk (rise edge)
                          0.00    0.00   clock network delay (ideal)
                          0.25    0.25   clock uncertainty
                          0.00    0.25   clock reconvergence pessimism
                                  0.25 ^ _1285_/CLK (sky130_fd_sc_hd__dfrtp_2)
                         -0.02    0.23   library hold time
                                  0.23   data required time
-----------------------------------------------------------------------------
                                  0.23   data required time
                                 -0.56   data arrival time
-----------------------------------------------------------------------------
                                  0.33   slack (MET)


Startpoint: _1257_ (rising edge-triggered flip-flop clocked by clk)
Endpoint: _1286_ (rising edge-triggered flip-flop clocked by clk)
Path Group: clk
Path Type: min

Fanout     Cap    Slew   Delay    Time   Description
-----------------------------------------------------------------------------
                  0.15    0.00    0.00   clock clk (rise edge)
                          0.00    0.00   clock network delay (ideal)
                  0.15    0.00    0.00 ^ _1257_/CLK (sky130_fd_sc_hd__dfrtp_2)
                  0.06    0.37    0.37 ^ _1257_/Q (sky130_fd_sc_hd__dfrtp_2)
     3    0.01                           dut.spi_shift[19] (net)
                  0.06    0.00    0.37 ^ _0995_/A0 (sky130_fd_sc_hd__mux2_2)
                  0.03    0.13    0.50 ^ _0995_/X (sky130_fd_sc_hd__mux2_2)
     1    0.00                           _0470_ (net)
                  0.03    0.00    0.50 ^ _0996_/A (sky130_fd_sc_hd__buf_1)
                  0.04    0.07    0.56 ^ _0996_/X (sky130_fd_sc_hd__buf_1)
     1    0.00                           _0135_ (net)
                  0.04    0.00    0.56 ^ _1286_/D (sky130_fd_sc_hd__dfrtp_2)
                                  0.56   data arrival time

                  0.15    0.00    0.00   clock clk (rise edge)
                          0.00    0.00   clock network delay (ideal)
                          0.25    0.25   clock uncertainty
                          0.00    0.25   clock reconvergence pessimism
                                  0.25 ^ _1286_/CLK (sky130_fd_sc_hd__dfrtp_2)
                         -0.02    0.23   library hold time
                                  0.23   data required time
-----------------------------------------------------------------------------
                                  0.23   data required time
                                 -0.56   data arrival time
-----------------------------------------------------------------------------
                                  0.33   slack (MET)


Startpoint: _1258_ (rising edge-triggered flip-flop clocked by clk)
Endpoint: _1287_ (rising edge-triggered flip-flop clocked by clk)
Path Group: clk
Path Type: min

Fanout     Cap    Slew   Delay    Time   Description
-----------------------------------------------------------------------------
                  0.15    0.00    0.00   clock clk (rise edge)
                          0.00    0.00   clock network delay (ideal)
                  0.15    0.00    0.00 ^ _1258_/CLK (sky130_fd_sc_hd__dfrtp_2)
                  0.06    0.37    0.37 ^ _1258_/Q (sky130_fd_sc_hd__dfrtp_2)
     3    0.01                           dut.spi_shift[20] (net)
                  0.06    0.00    0.37 ^ _0997_/A0 (sky130_fd_sc_hd__mux2_2)
                  0.03    0.13    0.50 ^ _0997_/X (sky130_fd_sc_hd__mux2_2)
     1    0.00                           _0471_ (net)
                  0.03    0.00    0.50 ^ _0998_/A (sky130_fd_sc_hd__buf_1)
                  0.04    0.07    0.56 ^ _0998_/X (sky130_fd_sc_hd__buf_1)
     1    0.00                           _0136_ (net)
                  0.04    0.00    0.56 ^ _1287_/D (sky130_fd_sc_hd__dfrtp_2)
                                  0.56   data arrival time

                  0.15    0.00    0.00   clock clk (rise edge)
                          0.00    0.00   clock network delay (ideal)
                          0.25    0.25   clock uncertainty
                          0.00    0.25   clock reconvergence pessimism
                                  0.25 ^ _1287_/CLK (sky130_fd_sc_hd__dfrtp_2)
                         -0.02    0.23   library hold time
                                  0.23   data required time
-----------------------------------------------------------------------------
                                  0.23   data required time
                                 -0.56   data arrival time
-----------------------------------------------------------------------------
                                  0.33   slack (MET)


Startpoint: _1259_ (rising edge-triggered flip-flop clocked by clk)
Endpoint: _1288_ (rising edge-triggered flip-flop clocked by clk)
Path Group: clk
Path Type: min

Fanout     Cap    Slew   Delay    Time   Description
-----------------------------------------------------------------------------
                  0.15    0.00    0.00   clock clk (rise edge)
                          0.00    0.00   clock network delay (ideal)
                  0.15    0.00    0.00 ^ _1259_/CLK (sky130_fd_sc_hd__dfrtp_2)
                  0.06    0.37    0.37 ^ _1259_/Q (sky130_fd_sc_hd__dfrtp_2)
     3    0.01                           dut.spi_shift[21] (net)
                  0.06    0.00    0.37 ^ _0999_/A0 (sky130_fd_sc_hd__mux2_2)
                  0.03    0.13    0.50 ^ _0999_/X (sky130_fd_sc_hd__mux2_2)
     1    0.00                           _0472_ (net)
                  0.03    0.00    0.50 ^ _1000_/A (sky130_fd_sc_hd__buf_1)
                  0.04    0.07    0.56 ^ _1000_/X (sky130_fd_sc_hd__buf_1)
     1    0.00                           _0137_ (net)
                  0.04    0.00    0.56 ^ _1288_/D (sky130_fd_sc_hd__dfrtp_2)
                                  0.56   data arrival time

                  0.15    0.00    0.00   clock clk (rise edge)
                          0.00    0.00   clock network delay (ideal)
                          0.25    0.25   clock uncertainty
                          0.00    0.25   clock reconvergence pessimism
                                  0.25 ^ _1288_/CLK (sky130_fd_sc_hd__dfrtp_2)
                         -0.02    0.23   library hold time
                                  0.23   data required time
-----------------------------------------------------------------------------
                                  0.23   data required time
                                 -0.56   data arrival time
-----------------------------------------------------------------------------
                                  0.33   slack (MET)


Startpoint: _1260_ (rising edge-triggered flip-flop clocked by clk)
Endpoint: _1289_ (rising edge-triggered flip-flop clocked by clk)
Path Group: clk
Path Type: min

Fanout     Cap    Slew   Delay    Time   Description
-----------------------------------------------------------------------------
                  0.15    0.00    0.00   clock clk (rise edge)
                          0.00    0.00   clock network delay (ideal)
                  0.15    0.00    0.00 ^ _1260_/CLK (sky130_fd_sc_hd__dfrtp_2)
                  0.06    0.37    0.37 ^ _1260_/Q (sky130_fd_sc_hd__dfrtp_2)
     3    0.01                           dut.spi_shift[22] (net)
                  0.06    0.00    0.37 ^ _1001_/A0 (sky130_fd_sc_hd__mux2_2)
                  0.03    0.13    0.50 ^ _1001_/X (sky130_fd_sc_hd__mux2_2)
     1    0.00                           _0473_ (net)
                  0.03    0.00    0.50 ^ _1002_/A (sky130_fd_sc_hd__buf_1)
                  0.04    0.07    0.56 ^ _1002_/X (sky130_fd_sc_hd__buf_1)
     1    0.00                           _0138_ (net)
                  0.04    0.00    0.56 ^ _1289_/D (sky130_fd_sc_hd__dfrtp_2)
                                  0.56   data arrival time

                  0.15    0.00    0.00   clock clk (rise edge)
                          0.00    0.00   clock network delay (ideal)
                          0.25    0.25   clock uncertainty
                          0.00    0.25   clock reconvergence pessimism
                                  0.25 ^ _1289_/CLK (sky130_fd_sc_hd__dfrtp_2)
                         -0.02    0.23   library hold time
                                  0.23   data required time
-----------------------------------------------------------------------------
                                  0.23   data required time
                                 -0.56   data arrival time
-----------------------------------------------------------------------------
                                  0.33   slack (MET)


Startpoint: _1238_ (rising edge-triggered flip-flop clocked by clk)
Endpoint: _1291_ (rising edge-triggered flip-flop clocked by clk)
Path Group: clk
Path Type: min

Fanout     Cap    Slew   Delay    Time   Description
-----------------------------------------------------------------------------
                  0.15    0.00    0.00   clock clk (rise edge)
                          0.00    0.00   clock network delay (ideal)
                  0.15    0.00    0.00 ^ _1238_/CLK (sky130_fd_sc_hd__dfrtp_2)
                  0.06    0.37    0.37 ^ _1238_/Q (sky130_fd_sc_hd__dfrtp_2)
     3    0.01                           dut.spi_shift[0] (net)
                  0.06    0.00    0.37 ^ _1005_/A0 (sky130_fd_sc_hd__mux2_2)
                  0.03    0.13    0.50 ^ _1005_/X (sky130_fd_sc_hd__mux2_2)
     1    0.00                           _0475_ (net)
                  0.03    0.00    0.50 ^ _1006_/A (sky130_fd_sc_hd__buf_1)
                  0.04    0.07    0.56 ^ _1006_/X (sky130_fd_sc_hd__buf_1)
     1    0.00                           _0140_ (net)
                  0.04    0.00    0.56 ^ _1291_/D (sky130_fd_sc_hd__dfrtp_2)
                                  0.56   data arrival time

                  0.15    0.00    0.00   clock clk (rise edge)
                          0.00    0.00   clock network delay (ideal)
                          0.25    0.25   clock uncertainty
                          0.00    0.25   clock reconvergence pessimism
                                  0.25 ^ _1291_/CLK (sky130_fd_sc_hd__dfrtp_2)
                         -0.02    0.23   library hold time
                                  0.23   data required time
-----------------------------------------------------------------------------
                                  0.23   data required time
                                 -0.56   data arrival time
-----------------------------------------------------------------------------
                                  0.33   slack (MET)


Startpoint: _1239_ (rising edge-triggered flip-flop clocked by clk)
Endpoint: _1292_ (rising edge-triggered flip-flop clocked by clk)
Path Group: clk
Path Type: min

Fanout     Cap    Slew   Delay    Time   Description
-----------------------------------------------------------------------------
                  0.15    0.00    0.00   clock clk (rise edge)
                          0.00    0.00   clock network delay (ideal)
                  0.15    0.00    0.00 ^ _1239_/CLK (sky130_fd_sc_hd__dfrtp_2)
                  0.06    0.37    0.37 ^ _1239_/Q (sky130_fd_sc_hd__dfrtp_2)
     3    0.01                           dut.spi_shift[1] (net)
                  0.06    0.00    0.37 ^ _1007_/A0 (sky130_fd_sc_hd__mux2_2)
                  0.03    0.13    0.50 ^ _1007_/X (sky130_fd_sc_hd__mux2_2)
     1    0.00                           _0476_ (net)
                  0.03    0.00    0.50 ^ _1008_/A (sky130_fd_sc_hd__buf_1)
                  0.04    0.07    0.56 ^ _1008_/X (sky130_fd_sc_hd__buf_1)
     1    0.00                           _0141_ (net)
                  0.04    0.00    0.56 ^ _1292_/D (sky130_fd_sc_hd__dfrtp_2)
                                  0.56   data arrival time

                  0.15    0.00    0.00   clock clk (rise edge)
                          0.00    0.00   clock network delay (ideal)
                          0.25    0.25   clock uncertainty
                          0.00    0.25   clock reconvergence pessimism
                                  0.25 ^ _1292_/CLK (sky130_fd_sc_hd__dfrtp_2)
                         -0.02    0.23   library hold time
                                  0.23   data required time
-----------------------------------------------------------------------------
                                  0.23   data required time
                                 -0.56   data arrival time
-----------------------------------------------------------------------------
                                  0.33   slack (MET)


Startpoint: _1240_ (rising edge-triggered flip-flop clocked by clk)
Endpoint: _1293_ (rising edge-triggered flip-flop clocked by clk)
Path Group: clk
Path Type: min

Fanout     Cap    Slew   Delay    Time   Description
-----------------------------------------------------------------------------
                  0.15    0.00    0.00   clock clk (rise edge)
                          0.00    0.00   clock network delay (ideal)
                  0.15    0.00    0.00 ^ _1240_/CLK (sky130_fd_sc_hd__dfrtp_2)
                  0.06    0.37    0.37 ^ _1240_/Q (sky130_fd_sc_hd__dfrtp_2)
     3    0.01                           dut.spi_shift[2] (net)
                  0.06    0.00    0.37 ^ _1009_/A0 (sky130_fd_sc_hd__mux2_2)
                  0.03    0.13    0.50 ^ _1009_/X (sky130_fd_sc_hd__mux2_2)
     1    0.00                           _0477_ (net)
                  0.03    0.00    0.50 ^ _1010_/A (sky130_fd_sc_hd__buf_1)
                  0.04    0.07    0.56 ^ _1010_/X (sky130_fd_sc_hd__buf_1)
     1    0.00                           _0142_ (net)
                  0.04    0.00    0.56 ^ _1293_/D (sky130_fd_sc_hd__dfrtp_2)
                                  0.56   data arrival time

                  0.15    0.00    0.00   clock clk (rise edge)
                          0.00    0.00   clock network delay (ideal)
                          0.25    0.25   clock uncertainty
                          0.00    0.25   clock reconvergence pessimism
                                  0.25 ^ _1293_/CLK (sky130_fd_sc_hd__dfrtp_2)
                         -0.02    0.23   library hold time
                                  0.23   data required time
-----------------------------------------------------------------------------
                                  0.23   data required time
                                 -0.56   data arrival time
-----------------------------------------------------------------------------
                                  0.33   slack (MET)


Startpoint: _1241_ (rising edge-triggered flip-flop clocked by clk)
Endpoint: _1294_ (rising edge-triggered flip-flop clocked by clk)
Path Group: clk
Path Type: min

Fanout     Cap    Slew   Delay    Time   Description
-----------------------------------------------------------------------------
                  0.15    0.00    0.00   clock clk (rise edge)
                          0.00    0.00   clock network delay (ideal)
                  0.15    0.00    0.00 ^ _1241_/CLK (sky130_fd_sc_hd__dfrtp_2)
                  0.06    0.37    0.37 ^ _1241_/Q (sky130_fd_sc_hd__dfrtp_2)
     3    0.01                           dut.spi_shift[3] (net)
                  0.06    0.00    0.37 ^ _1011_/A0 (sky130_fd_sc_hd__mux2_2)
                  0.03    0.13    0.50 ^ _1011_/X (sky130_fd_sc_hd__mux2_2)
     1    0.00                           _0478_ (net)
                  0.03    0.00    0.50 ^ _1012_/A (sky130_fd_sc_hd__buf_1)
                  0.04    0.07    0.56 ^ _1012_/X (sky130_fd_sc_hd__buf_1)
     1    0.00                           _0143_ (net)
                  0.04    0.00    0.56 ^ _1294_/D (sky130_fd_sc_hd__dfrtp_2)
                                  0.56   data arrival time

                  0.15    0.00    0.00   clock clk (rise edge)
                          0.00    0.00   clock network delay (ideal)
                          0.25    0.25   clock uncertainty
                          0.00    0.25   clock reconvergence pessimism
                                  0.25 ^ _1294_/CLK (sky130_fd_sc_hd__dfrtp_2)
                         -0.02    0.23   library hold time
                                  0.23   data required time
-----------------------------------------------------------------------------
                                  0.23   data required time
                                 -0.56   data arrival time
-----------------------------------------------------------------------------
                                  0.33   slack (MET)


Startpoint: _1242_ (rising edge-triggered flip-flop clocked by clk)
Endpoint: _1295_ (rising edge-triggered flip-flop clocked by clk)
Path Group: clk
Path Type: min

Fanout     Cap    Slew   Delay    Time   Description
-----------------------------------------------------------------------------
                  0.15    0.00    0.00   clock clk (rise edge)
                          0.00    0.00   clock network delay (ideal)
                  0.15    0.00    0.00 ^ _1242_/CLK (sky130_fd_sc_hd__dfrtp_2)
                  0.06    0.37    0.37 ^ _1242_/Q (sky130_fd_sc_hd__dfrtp_2)
     3    0.01                           dut.spi_shift[4] (net)
                  0.06    0.00    0.37 ^ _1013_/A0 (sky130_fd_sc_hd__mux2_2)
                  0.03    0.13    0.50 ^ _1013_/X (sky130_fd_sc_hd__mux2_2)
     1    0.00                           _0479_ (net)
                  0.03    0.00    0.50 ^ _1014_/A (sky130_fd_sc_hd__buf_1)
                  0.04    0.07    0.56 ^ _1014_/X (sky130_fd_sc_hd__buf_1)
     1    0.00                           _0144_ (net)
                  0.04    0.00    0.56 ^ _1295_/D (sky130_fd_sc_hd__dfrtp_2)
                                  0.56   data arrival time

                  0.15    0.00    0.00   clock clk (rise edge)
                          0.00    0.00   clock network delay (ideal)
                          0.25    0.25   clock uncertainty
                          0.00    0.25   clock reconvergence pessimism
                                  0.25 ^ _1295_/CLK (sky130_fd_sc_hd__dfrtp_2)
                         -0.02    0.23   library hold time
                                  0.23   data required time
-----------------------------------------------------------------------------
                                  0.23   data required time
                                 -0.56   data arrival time
-----------------------------------------------------------------------------
                                  0.33   slack (MET)


Startpoint: _1233_ (rising edge-triggered flip-flop clocked by clk)
Endpoint: _1233_ (rising edge-triggered flip-flop clocked by clk)
Path Group: clk
Path Type: min

Fanout     Cap    Slew   Delay    Time   Description
-----------------------------------------------------------------------------
                  0.15    0.00    0.00   clock clk (rise edge)
                          0.00    0.00   clock network delay (ideal)
                  0.15    0.00    0.00 ^ _1233_/CLK (sky130_fd_sc_hd__dfrtp_2)
                  0.06    0.37    0.37 ^ _1233_/Q (sky130_fd_sc_hd__dfrtp_2)
     3    0.01                           dut.last_spi_seq[4] (net)
                  0.06    0.00    0.37 ^ _0907_/A0 (sky130_fd_sc_hd__mux2_2)
                  0.03    0.13    0.50 ^ _0907_/X (sky130_fd_sc_hd__mux2_2)
     1    0.00                           _0435_ (net)
                  0.03    0.00    0.50 ^ _0908_/A (sky130_fd_sc_hd__buf_1)
                  0.04    0.07    0.56 ^ _0908_/X (sky130_fd_sc_hd__buf_1)
     1    0.00                           _0082_ (net)
                  0.04    0.00    0.56 ^ _1233_/D (sky130_fd_sc_hd__dfrtp_2)
                                  0.56   data arrival time

                  0.15    0.00    0.00   clock clk (rise edge)
                          0.00    0.00   clock network delay (ideal)
                          0.25    0.25   clock uncertainty
                          0.00    0.25   clock reconvergence pessimism
                                  0.25 ^ _1233_/CLK (sky130_fd_sc_hd__dfrtp_2)
                         -0.02    0.23   library hold time
                                  0.23   data required time
-----------------------------------------------------------------------------
                                  0.23   data required time
                                 -0.56   data arrival time
-----------------------------------------------------------------------------
                                  0.33   slack (MET)


Startpoint: _1323_ (rising edge-triggered flip-flop clocked by clk)
Endpoint: _1323_ (rising edge-triggered flip-flop clocked by clk)
Path Group: clk
Path Type: min

Fanout     Cap    Slew   Delay    Time   Description
-----------------------------------------------------------------------------
                  0.15    0.00    0.00   clock clk (rise edge)
                          0.00    0.00   clock network delay (ideal)
                  0.15    0.00    0.00 ^ _1323_/CLK (sky130_fd_sc_hd__dfxtp_2)
                  0.05    0.35    0.35 v _1323_/Q (sky130_fd_sc_hd__dfxtp_2)
     5    0.01                           i_spi_reg.state[1] (net)
                  0.05    0.00    0.35 v _0683_/A (sky130_fd_sc_hd__inv_2)
                  0.09    0.08    0.43 ^ _0683_/Y (sky130_fd_sc_hd__inv_2)
     6    0.02                           _0293_ (net)
                  0.09    0.00    0.43 ^ _0684_/B1 (sky130_fd_sc_hd__a21o_2)
                  0.04    0.10    0.53 ^ _0684_/X (sky130_fd_sc_hd__a21o_2)
     1    0.01                           _0294_ (net)
                  0.04    0.00    0.53 ^ _0686_/A2 (sky130_fd_sc_hd__a21boi_2)
                  0.03    0.04    0.57 v _0686_/Y (sky130_fd_sc_hd__a21boi_2)
     1    0.00                           _0001_ (net)
                  0.03    0.00    0.57 v _1323_/D (sky130_fd_sc_hd__dfxtp_2)
                                  0.57   data arrival time

                  0.15    0.00    0.00   clock clk (rise edge)
                          0.00    0.00   clock network delay (ideal)
                          0.25    0.25   clock uncertainty
                          0.00    0.25   clock reconvergence pessimism
                                  0.25 ^ _1323_/CLK (sky130_fd_sc_hd__dfxtp_2)
                         -0.01    0.24   library hold time
                                  0.24   data required time
-----------------------------------------------------------------------------
                                  0.24   data required time
                                 -0.57   data arrival time
-----------------------------------------------------------------------------
                                  0.33   slack (MET)


Startpoint: _1337_ (rising edge-triggered flip-flop clocked by clk)
Endpoint: _1337_ (rising edge-triggered flip-flop clocked by clk)
Path Group: clk
Path Type: min

Fanout     Cap    Slew   Delay    Time   Description
-----------------------------------------------------------------------------
                  0.15    0.00    0.00   clock clk (rise edge)
                          0.00    0.00   clock network delay (ideal)
                  0.15    0.00    0.00 ^ _1337_/CLK (sky130_fd_sc_hd__dfxtp_2)
                  0.19    0.44    0.44 ^ _1337_/Q (sky130_fd_sc_hd__dfxtp_2)
     2    0.04                           uio_out[1] (net)
                  0.19    0.00    0.44 ^ _1113_/A1 (sky130_fd_sc_hd__o21a_2)
                  0.03    0.14    0.58 ^ _1113_/X (sky130_fd_sc_hd__o21a_2)
     1    0.00                           _0169_ (net)
                  0.03    0.00    0.58 ^ _1337_/D (sky130_fd_sc_hd__dfxtp_2)
                                  0.58   data arrival time

                  0.15    0.00    0.00   clock clk (rise edge)
                          0.00    0.00   clock network delay (ideal)
                          0.25    0.25   clock uncertainty
                          0.00    0.25   clock reconvergence pessimism
                                  0.25 ^ _1337_/CLK (sky130_fd_sc_hd__dfxtp_2)
                         -0.01    0.24   library hold time
                                  0.24   data required time
-----------------------------------------------------------------------------
                                  0.24   data required time
                                 -0.58   data arrival time
-----------------------------------------------------------------------------
                                  0.34   slack (MET)


Startpoint: _1236_ (rising edge-triggered flip-flop clocked by clk)
Endpoint: _1236_ (rising edge-triggered flip-flop clocked by clk)
Path Group: clk
Path Type: min

Fanout     Cap    Slew   Delay    Time   Description
-----------------------------------------------------------------------------
                  0.15    0.00    0.00   clock clk (rise edge)
                          0.00    0.00   clock network delay (ideal)
                  0.15    0.00    0.00 ^ _1236_/CLK (sky130_fd_sc_hd__dfrtp_2)
                  0.07    0.38    0.38 ^ _1236_/Q (sky130_fd_sc_hd__dfrtp_2)
     2    0.01                           dut.last_spi_seq[7] (net)
                  0.07    0.00    0.38 ^ _0913_/A0 (sky130_fd_sc_hd__mux2_2)
                  0.03    0.13    0.51 ^ _0913_/X (sky130_fd_sc_hd__mux2_2)
     1    0.00                           _0438_ (net)
                  0.03    0.00    0.51 ^ _0914_/A (sky130_fd_sc_hd__buf_1)
                  0.04    0.07    0.58 ^ _0914_/X (sky130_fd_sc_hd__buf_1)
     1    0.00                           _0085_ (net)
                  0.04    0.00    0.58 ^ _1236_/D (sky130_fd_sc_hd__dfrtp_2)
                                  0.58   data arrival time

                  0.15    0.00    0.00   clock clk (rise edge)
                          0.00    0.00   clock network delay (ideal)
                          0.25    0.25   clock uncertainty
                          0.00    0.25   clock reconvergence pessimism
                                  0.25 ^ _1236_/CLK (sky130_fd_sc_hd__dfrtp_2)
                         -0.02    0.23   library hold time
                                  0.23   data required time
-----------------------------------------------------------------------------
                                  0.23   data required time
                                 -0.58   data arrival time
-----------------------------------------------------------------------------
                                  0.35   slack (MET)


Startpoint: _1336_ (rising edge-triggered flip-flop clocked by clk)
Endpoint: _1336_ (rising edge-triggered flip-flop clocked by clk)
Path Group: clk
Path Type: min

Fanout     Cap    Slew   Delay    Time   Description
-----------------------------------------------------------------------------
                  0.15    0.00    0.00   clock clk (rise edge)
                          0.00    0.00   clock network delay (ideal)
                  0.15    0.00    0.00 ^ _1336_/CLK (sky130_fd_sc_hd__dfxtp_2)
                  0.05    0.34    0.34 ^ _1336_/Q (sky130_fd_sc_hd__dfxtp_2)
     4    0.01                           i_spi_reg.reg_data_o_dv (net)
                  0.05    0.00    0.34 ^ _1109_/B1 (sky130_fd_sc_hd__a21o_2)
                  0.02    0.07    0.41 ^ _1109_/X (sky130_fd_sc_hd__a21o_2)
     1    0.00                           _0551_ (net)
                  0.02    0.00    0.41 ^ _1110_/B (sky130_fd_sc_hd__and2_2)
                  0.03    0.11    0.52 ^ _1110_/X (sky130_fd_sc_hd__and2_2)
     1    0.00                           _0552_ (net)
                  0.03    0.00    0.52 ^ _1111_/A (sky130_fd_sc_hd__buf_1)
                  0.03    0.06    0.59 ^ _1111_/X (sky130_fd_sc_hd__buf_1)
     1    0.00                           _0168_ (net)
                  0.03    0.00    0.59 ^ _1336_/D (sky130_fd_sc_hd__dfxtp_2)
                                  0.59   data arrival time

                  0.15    0.00    0.00   clock clk (rise edge)
                          0.00    0.00   clock network delay (ideal)
                          0.25    0.25   clock uncertainty
                          0.00    0.25   clock reconvergence pessimism
                                  0.25 ^ _1336_/CLK (sky130_fd_sc_hd__dfxtp_2)
                         -0.01    0.24   library hold time
                                  0.24   data required time
-----------------------------------------------------------------------------
                                  0.24   data required time
                                 -0.59   data arrival time
-----------------------------------------------------------------------------
                                  0.35   slack (MET)


Startpoint: _1344_ (rising edge-triggered flip-flop clocked by clk)
Endpoint: _1344_ (rising edge-triggered flip-flop clocked by clk)
Path Group: clk
Path Type: min

Fanout     Cap    Slew   Delay    Time   Description
-----------------------------------------------------------------------------
                  0.15    0.00    0.00   clock clk (rise edge)
                          0.00    0.00   clock network delay (ideal)
                  0.15    0.00    0.00 ^ _1344_/CLK (sky130_fd_sc_hd__dfxtp_2)
                  0.11    0.38    0.38 ^ _1344_/Q (sky130_fd_sc_hd__dfxtp_2)
     6    0.02                           dut.address[5] (net)
                  0.11    0.00    0.38 ^ _1129_/A0 (sky130_fd_sc_hd__mux2_2)
                  0.03    0.14    0.52 ^ _1129_/X (sky130_fd_sc_hd__mux2_2)
     1    0.00                           _0563_ (net)
                  0.03    0.00    0.52 ^ _1130_/A (sky130_fd_sc_hd__buf_1)
                  0.03    0.06    0.59 ^ _1130_/X (sky130_fd_sc_hd__buf_1)
     1    0.00                           _0176_ (net)
                  0.03    0.00    0.59 ^ _1344_/D (sky130_fd_sc_hd__dfxtp_2)
                                  0.59   data arrival time

                  0.15    0.00    0.00   clock clk (rise edge)
                          0.00    0.00   clock network delay (ideal)
                          0.25    0.25   clock uncertainty
                          0.00    0.25   clock reconvergence pessimism
                                  0.25 ^ _1344_/CLK (sky130_fd_sc_hd__dfxtp_2)
                         -0.01    0.24   library hold time
                                  0.24   data required time
-----------------------------------------------------------------------------
                                  0.24   data required time
                                 -0.59   data arrival time
-----------------------------------------------------------------------------
                                  0.35   slack (MET)


Startpoint: _1201_ (rising edge-triggered flip-flop clocked by clk)
Endpoint: _1201_ (rising edge-triggered flip-flop clocked by clk)
Path Group: clk
Path Type: min

Fanout     Cap    Slew   Delay    Time   Description
-----------------------------------------------------------------------------
                  0.15    0.00    0.00   clock clk (rise edge)
                          0.00    0.00   clock network delay (ideal)
                  0.15    0.00    0.00 ^ _1201_/CLK (sky130_fd_sc_hd__dfrtp_2)
                  0.07    0.38    0.38 ^ _1201_/Q (sky130_fd_sc_hd__dfrtp_2)
     4    0.01                           dut.pulse_count[1] (net)
                  0.07    0.00    0.38 ^ _0805_/B (sky130_fd_sc_hd__nor2_2)
                  0.02    0.04    0.42 v _0805_/Y (sky130_fd_sc_hd__nor2_2)
     2    0.00                           _0364_ (net)
                  0.02    0.00    0.42 v _0807_/A1 (sky130_fd_sc_hd__o21a_2)
                  0.02    0.18    0.60 v _0807_/X (sky130_fd_sc_hd__o21a_2)
     1    0.00                           _0051_ (net)
                  0.02    0.00    0.60 v _1201_/D (sky130_fd_sc_hd__dfrtp_2)
                                  0.60   data arrival time

                  0.15    0.00    0.00   clock clk (rise edge)
                          0.00    0.00   clock network delay (ideal)
                          0.25    0.25   clock uncertainty
                          0.00    0.25   clock reconvergence pessimism
                                  0.25 ^ _1201_/CLK (sky130_fd_sc_hd__dfrtp_2)
                         -0.01    0.24   library hold time
                                  0.24   data required time
-----------------------------------------------------------------------------
                                  0.24   data required time
                                 -0.60   data arrival time
-----------------------------------------------------------------------------
                                  0.36   slack (MET)


Startpoint: _1341_ (rising edge-triggered flip-flop clocked by clk)
Endpoint: _1342_ (rising edge-triggered flip-flop clocked by clk)
Path Group: clk
Path Type: min

Fanout     Cap    Slew   Delay    Time   Description
-----------------------------------------------------------------------------
                  0.15    0.00    0.00   clock clk (rise edge)
                          0.00    0.00   clock network delay (ideal)
                  0.15    0.00    0.00 ^ _1341_/CLK (sky130_fd_sc_hd__dfxtp_2)
                  0.11    0.39    0.39 ^ _1341_/Q (sky130_fd_sc_hd__dfxtp_2)
     9    0.02                           dut.address[2] (net)
                  0.11    0.00    0.39 ^ _1125_/A1 (sky130_fd_sc_hd__mux2_2)
                  0.03    0.15    0.53 ^ _1125_/X (sky130_fd_sc_hd__mux2_2)
     1    0.00                           _0561_ (net)
                  0.03    0.00    0.53 ^ _1126_/A (sky130_fd_sc_hd__buf_1)
                  0.03    0.06    0.60 ^ _1126_/X (sky130_fd_sc_hd__buf_1)
     1    0.00                           _0174_ (net)
                  0.03    0.00    0.60 ^ _1342_/D (sky130_fd_sc_hd__dfxtp_2)
                                  0.60   data arrival time

                  0.15    0.00    0.00   clock clk (rise edge)
                          0.00    0.00   clock network delay (ideal)
                          0.25    0.25   clock uncertainty
                          0.00    0.25   clock reconvergence pessimism
                                  0.25 ^ _1342_/CLK (sky130_fd_sc_hd__dfxtp_2)
                         -0.01    0.24   library hold time
                                  0.24   data required time
-----------------------------------------------------------------------------
                                  0.24   data required time
                                 -0.60   data arrival time
-----------------------------------------------------------------------------
                                  0.36   slack (MET)


Startpoint: _1342_ (rising edge-triggered flip-flop clocked by clk)
Endpoint: _1343_ (rising edge-triggered flip-flop clocked by clk)
Path Group: clk
Path Type: min

Fanout     Cap    Slew   Delay    Time   Description
-----------------------------------------------------------------------------
                  0.15    0.00    0.00   clock clk (rise edge)
                          0.00    0.00   clock network delay (ideal)
                  0.15    0.00    0.00 ^ _1342_/CLK (sky130_fd_sc_hd__dfxtp_2)
                  0.11    0.39    0.39 ^ _1342_/Q (sky130_fd_sc_hd__dfxtp_2)
     9    0.02                           dut.address[3] (net)
                  0.11    0.00    0.39 ^ _1127_/A1 (sky130_fd_sc_hd__mux2_2)
                  0.03    0.15    0.53 ^ _1127_/X (sky130_fd_sc_hd__mux2_2)
     1    0.00                           _0562_ (net)
                  0.03    0.00    0.53 ^ _1128_/A (sky130_fd_sc_hd__buf_1)
                  0.03    0.06    0.60 ^ _1128_/X (sky130_fd_sc_hd__buf_1)
     1    0.00                           _0175_ (net)
                  0.03    0.00    0.60 ^ _1343_/D (sky130_fd_sc_hd__dfxtp_2)
                                  0.60   data arrival time

                  0.15    0.00    0.00   clock clk (rise edge)
                          0.00    0.00   clock network delay (ideal)
                          0.25    0.25   clock uncertainty
                          0.00    0.25   clock reconvergence pessimism
                                  0.25 ^ _1343_/CLK (sky130_fd_sc_hd__dfxtp_2)
                         -0.01    0.24   library hold time
                                  0.24   data required time
-----------------------------------------------------------------------------
                                  0.24   data required time
                                 -0.60   data arrival time
-----------------------------------------------------------------------------
                                  0.36   slack (MET)


Startpoint: _1223_ (rising edge-triggered flip-flop clocked by clk)
Endpoint: _1223_ (rising edge-triggered flip-flop clocked by clk)
Path Group: clk
Path Type: min

Fanout     Cap    Slew   Delay    Time   Description
-----------------------------------------------------------------------------
                  0.15    0.00    0.00   clock clk (rise edge)
                          0.00    0.00   clock network delay (ideal)
                  0.15    0.00    0.00 ^ _1223_/CLK (sky130_fd_sc_hd__dfrtp_2)
                  0.05    0.36    0.36 ^ _1223_/Q (sky130_fd_sc_hd__dfrtp_2)
     3    0.01                           dut.wifi_timeout[14] (net)
                  0.05    0.00    0.36 ^ _0882_/B1 (sky130_fd_sc_hd__o21a_2)
                  0.02    0.10    0.47 ^ _0882_/X (sky130_fd_sc_hd__o21a_2)
     1    0.00                           _0420_ (net)
                  0.02    0.00    0.47 ^ _0884_/A (sky130_fd_sc_hd__or3b_2)
                  0.03    0.09    0.55 ^ _0884_/X (sky130_fd_sc_hd__or3b_2)
     1    0.00                           _0422_ (net)
                  0.03    0.00    0.55 ^ _0885_/A (sky130_fd_sc_hd__buf_1)
                  0.04    0.07    0.62 ^ _0885_/X (sky130_fd_sc_hd__buf_1)
     1    0.00                           _0072_ (net)
                  0.04    0.00    0.62 ^ _1223_/D (sky130_fd_sc_hd__dfrtp_2)
                                  0.62   data arrival time

                  0.15    0.00    0.00   clock clk (rise edge)
                          0.00    0.00   clock network delay (ideal)
                          0.25    0.25   clock uncertainty
                          0.00    0.25   clock reconvergence pessimism
                                  0.25 ^ _1223_/CLK (sky130_fd_sc_hd__dfrtp_2)
                         -0.02    0.23   library hold time
                                  0.23   data required time
-----------------------------------------------------------------------------
                                  0.23   data required time
                                 -0.62   data arrival time
-----------------------------------------------------------------------------
                                  0.39   slack (MET)


Startpoint: _1220_ (rising edge-triggered flip-flop clocked by clk)
Endpoint: _1220_ (rising edge-triggered flip-flop clocked by clk)
Path Group: clk
Path Type: min

Fanout     Cap    Slew   Delay    Time   Description
-----------------------------------------------------------------------------
                  0.15    0.00    0.00   clock clk (rise edge)
                          0.00    0.00   clock network delay (ideal)
                  0.15    0.00    0.00 ^ _1220_/CLK (sky130_fd_sc_hd__dfrtp_2)
                  0.05    0.36    0.36 ^ _1220_/Q (sky130_fd_sc_hd__dfrtp_2)
     3    0.01                           dut.wifi_timeout[11] (net)
                  0.05    0.00    0.36 ^ _0870_/B1 (sky130_fd_sc_hd__o21a_2)
                  0.02    0.10    0.47 ^ _0870_/X (sky130_fd_sc_hd__o21a_2)
     1    0.00                           _0411_ (net)
                  0.02    0.00    0.47 ^ _0872_/A (sky130_fd_sc_hd__or3b_2)
                  0.03    0.09    0.55 ^ _0872_/X (sky130_fd_sc_hd__or3b_2)
     1    0.00                           _0413_ (net)
                  0.03    0.00    0.55 ^ _0873_/A (sky130_fd_sc_hd__buf_1)
                  0.04    0.07    0.62 ^ _0873_/X (sky130_fd_sc_hd__buf_1)
     1    0.00                           _0069_ (net)
                  0.04    0.00    0.62 ^ _1220_/D (sky130_fd_sc_hd__dfrtp_2)
                                  0.62   data arrival time

                  0.15    0.00    0.00   clock clk (rise edge)
                          0.00    0.00   clock network delay (ideal)
                          0.25    0.25   clock uncertainty
                          0.00    0.25   clock reconvergence pessimism
                                  0.25 ^ _1220_/CLK (sky130_fd_sc_hd__dfrtp_2)
                         -0.02    0.23   library hold time
                                  0.23   data required time
-----------------------------------------------------------------------------
                                  0.23   data required time
                                 -0.62   data arrival time
-----------------------------------------------------------------------------
                                  0.39   slack (MET)


Startpoint: _1212_ (rising edge-triggered flip-flop clocked by clk)
Endpoint: _1212_ (rising edge-triggered flip-flop clocked by clk)
Path Group: clk
Path Type: min

Fanout     Cap    Slew   Delay    Time   Description
-----------------------------------------------------------------------------
                  0.15    0.00    0.00   clock clk (rise edge)
                          0.00    0.00   clock network delay (ideal)
                  0.15    0.00    0.00 ^ _1212_/CLK (sky130_fd_sc_hd__dfrtp_2)
                  0.05    0.36    0.36 ^ _1212_/Q (sky130_fd_sc_hd__dfrtp_2)
     3    0.01                           dut.wifi_timeout[3] (net)
                  0.05    0.00    0.36 ^ _0838_/B1 (sky130_fd_sc_hd__o21a_2)
                  0.02    0.10    0.47 ^ _0838_/X (sky130_fd_sc_hd__o21a_2)
     1    0.00                           _0387_ (net)
                  0.02    0.00    0.47 ^ _0840_/A (sky130_fd_sc_hd__or3b_2)
                  0.03    0.09    0.55 ^ _0840_/X (sky130_fd_sc_hd__or3b_2)
     1    0.00                           _0389_ (net)
                  0.03    0.00    0.55 ^ _0841_/A (sky130_fd_sc_hd__buf_1)
                  0.04    0.07    0.62 ^ _0841_/X (sky130_fd_sc_hd__buf_1)
     1    0.00                           _0061_ (net)
                  0.04    0.00    0.62 ^ _1212_/D (sky130_fd_sc_hd__dfrtp_2)
                                  0.62   data arrival time

                  0.15    0.00    0.00   clock clk (rise edge)
                          0.00    0.00   clock network delay (ideal)
                          0.25    0.25   clock uncertainty
                          0.00    0.25   clock reconvergence pessimism
                                  0.25 ^ _1212_/CLK (sky130_fd_sc_hd__dfrtp_2)
                         -0.02    0.23   library hold time
                                  0.23   data required time
-----------------------------------------------------------------------------
                                  0.23   data required time
                                 -0.62   data arrival time
-----------------------------------------------------------------------------
                                  0.39   slack (MET)


Startpoint: _1217_ (rising edge-triggered flip-flop clocked by clk)
Endpoint: _1217_ (rising edge-triggered flip-flop clocked by clk)
Path Group: clk
Path Type: min

Fanout     Cap    Slew   Delay    Time   Description
-----------------------------------------------------------------------------
                  0.15    0.00    0.00   clock clk (rise edge)
                          0.00    0.00   clock network delay (ideal)
                  0.15    0.00    0.00 ^ _1217_/CLK (sky130_fd_sc_hd__dfrtp_2)
                  0.05    0.36    0.36 ^ _1217_/Q (sky130_fd_sc_hd__dfrtp_2)
     3    0.01                           dut.wifi_timeout[8] (net)
                  0.05    0.00    0.36 ^ _0858_/B1 (sky130_fd_sc_hd__o21a_2)
                  0.02    0.10    0.47 ^ _0858_/X (sky130_fd_sc_hd__o21a_2)
     1    0.00                           _0402_ (net)
                  0.02    0.00    0.47 ^ _0860_/A (sky130_fd_sc_hd__or3b_2)
                  0.03    0.09    0.55 ^ _0860_/X (sky130_fd_sc_hd__or3b_2)
     1    0.00                           _0404_ (net)
                  0.03    0.00    0.55 ^ _0861_/A (sky130_fd_sc_hd__buf_1)
                  0.04    0.07    0.62 ^ _0861_/X (sky130_fd_sc_hd__buf_1)
     1    0.00                           _0066_ (net)
                  0.04    0.00    0.62 ^ _1217_/D (sky130_fd_sc_hd__dfrtp_2)
                                  0.62   data arrival time

                  0.15    0.00    0.00   clock clk (rise edge)
                          0.00    0.00   clock network delay (ideal)
                          0.25    0.25   clock uncertainty
                          0.00    0.25   clock reconvergence pessimism
                                  0.25 ^ _1217_/CLK (sky130_fd_sc_hd__dfrtp_2)
                         -0.02    0.23   library hold time
                                  0.23   data required time
-----------------------------------------------------------------------------
                                  0.23   data required time
                                 -0.62   data arrival time
-----------------------------------------------------------------------------
                                  0.39   slack (MET)


Startpoint: _1338_ (rising edge-triggered flip-flop clocked by clk)
Endpoint: _1338_ (rising edge-triggered flip-flop clocked by clk)
Path Group: clk
Path Type: min

Fanout     Cap    Slew   Delay    Time   Description
-----------------------------------------------------------------------------
                  0.15    0.00    0.00   clock clk (rise edge)
                          0.00    0.00   clock network delay (ideal)
                  0.15    0.00    0.00 ^ _1338_/CLK (sky130_fd_sc_hd__dfxtp_2)
                  0.03    0.33    0.33 ^ _1338_/Q (sky130_fd_sc_hd__dfxtp_2)
     2    0.00                           i_spi_reg.reg_addr_v (net)
                  0.03    0.00    0.33 ^ _1115_/B2 (sky130_fd_sc_hd__a2bb2o_2)
                  0.03    0.12    0.45 ^ _1115_/X (sky130_fd_sc_hd__a2bb2o_2)
     1    0.00                           _0555_ (net)
                  0.03    0.00    0.45 ^ _1116_/B (sky130_fd_sc_hd__and2_2)
                  0.03    0.11    0.56 ^ _1116_/X (sky130_fd_sc_hd__and2_2)
     1    0.00                           _0556_ (net)
                  0.03    0.00    0.56 ^ _1117_/A (sky130_fd_sc_hd__buf_1)
                  0.03    0.06    0.62 ^ _1117_/X (sky130_fd_sc_hd__buf_1)
     1    0.00                           _0170_ (net)
                  0.03    0.00    0.62 ^ _1338_/D (sky130_fd_sc_hd__dfxtp_2)
                                  0.62   data arrival time

                  0.15    0.00    0.00   clock clk (rise edge)
                          0.00    0.00   clock network delay (ideal)
                          0.25    0.25   clock uncertainty
                          0.00    0.25   clock reconvergence pessimism
                                  0.25 ^ _1338_/CLK (sky130_fd_sc_hd__dfxtp_2)
                         -0.01    0.24   library hold time
                                  0.24   data required time
-----------------------------------------------------------------------------
                                  0.24   data required time
                                 -0.62   data arrival time
-----------------------------------------------------------------------------
                                  0.39   slack (MET)


Startpoint: _1215_ (rising edge-triggered flip-flop clocked by clk)
Endpoint: _1215_ (rising edge-triggered flip-flop clocked by clk)
Path Group: clk
Path Type: min

Fanout     Cap    Slew   Delay    Time   Description
-----------------------------------------------------------------------------
                  0.15    0.00    0.00   clock clk (rise edge)
                          0.00    0.00   clock network delay (ideal)
                  0.15    0.00    0.00 ^ _1215_/CLK (sky130_fd_sc_hd__dfrtp_2)
                  0.05    0.36    0.36 ^ _1215_/Q (sky130_fd_sc_hd__dfrtp_2)
     3    0.00                           dut.wifi_timeout[6] (net)
                  0.05    0.00    0.36 ^ _0850_/A (sky130_fd_sc_hd__and2_2)
                  0.03    0.11    0.47 ^ _0850_/X (sky130_fd_sc_hd__and2_2)
     1    0.00                           _0396_ (net)
                  0.03    0.00    0.47 ^ _0852_/B (sky130_fd_sc_hd__or3b_2)
                  0.03    0.09    0.56 ^ _0852_/X (sky130_fd_sc_hd__or3b_2)
     1    0.00                           _0398_ (net)
                  0.03    0.00    0.56 ^ _0853_/A (sky130_fd_sc_hd__buf_1)
                  0.04    0.06    0.62 ^ _0853_/X (sky130_fd_sc_hd__buf_1)
     1    0.00                           _0064_ (net)
                  0.04    0.00    0.62 ^ _1215_/D (sky130_fd_sc_hd__dfrtp_2)
                                  0.62   data arrival time

                  0.15    0.00    0.00   clock clk (rise edge)
                          0.00    0.00   clock network delay (ideal)
                          0.25    0.25   clock uncertainty
                          0.00    0.25   clock reconvergence pessimism
                                  0.25 ^ _1215_/CLK (sky130_fd_sc_hd__dfrtp_2)
                         -0.02    0.23   library hold time
                                  0.23   data required time
-----------------------------------------------------------------------------
                                  0.23   data required time
                                 -0.62   data arrival time
-----------------------------------------------------------------------------
                                  0.39   slack (MET)


Startpoint: _1210_ (rising edge-triggered flip-flop clocked by clk)
Endpoint: _1210_ (rising edge-triggered flip-flop clocked by clk)
Path Group: clk
Path Type: min

Fanout     Cap    Slew   Delay    Time   Description
-----------------------------------------------------------------------------
                  0.15    0.00    0.00   clock clk (rise edge)
                          0.00    0.00   clock network delay (ideal)
                  0.15    0.00    0.00 ^ _1210_/CLK (sky130_fd_sc_hd__dfrtp_2)
                  0.05    0.36    0.36 ^ _1210_/Q (sky130_fd_sc_hd__dfrtp_2)
     3    0.00                           dut.wifi_timeout[1] (net)
                  0.05    0.00    0.36 ^ _0830_/A (sky130_fd_sc_hd__and2_2)
                  0.03    0.11    0.47 ^ _0830_/X (sky130_fd_sc_hd__and2_2)
     1    0.00                           _0381_ (net)
                  0.03    0.00    0.47 ^ _0832_/A (sky130_fd_sc_hd__or3b_2)
                  0.03    0.09    0.56 ^ _0832_/X (sky130_fd_sc_hd__or3b_2)
     1    0.00                           _0383_ (net)
                  0.03    0.00    0.56 ^ _0833_/A (sky130_fd_sc_hd__buf_1)
                  0.04    0.07    0.62 ^ _0833_/X (sky130_fd_sc_hd__buf_1)
     1    0.00                           _0059_ (net)
                  0.04    0.00    0.62 ^ _1210_/D (sky130_fd_sc_hd__dfrtp_2)
                                  0.62   data arrival time

                  0.15    0.00    0.00   clock clk (rise edge)
                          0.00    0.00   clock network delay (ideal)
                          0.25    0.25   clock uncertainty
                          0.00    0.25   clock reconvergence pessimism
                                  0.25 ^ _1210_/CLK (sky130_fd_sc_hd__dfrtp_2)
                         -0.02    0.23   library hold time
                                  0.23   data required time
-----------------------------------------------------------------------------
                                  0.23   data required time
                                 -0.62   data arrival time
-----------------------------------------------------------------------------
                                  0.39   slack (MET)


Startpoint: _1218_ (rising edge-triggered flip-flop clocked by clk)
Endpoint: _1218_ (rising edge-triggered flip-flop clocked by clk)
Path Group: clk
Path Type: min

Fanout     Cap    Slew   Delay    Time   Description
-----------------------------------------------------------------------------
                  0.15    0.00    0.00   clock clk (rise edge)
                          0.00    0.00   clock network delay (ideal)
                  0.15    0.00    0.00 ^ _1218_/CLK (sky130_fd_sc_hd__dfrtp_2)
                  0.05    0.36    0.36 ^ _1218_/Q (sky130_fd_sc_hd__dfrtp_2)
     3    0.00                           dut.wifi_timeout[9] (net)
                  0.05    0.00    0.36 ^ _0862_/A (sky130_fd_sc_hd__and2_2)
                  0.03    0.11    0.47 ^ _0862_/X (sky130_fd_sc_hd__and2_2)
     1    0.00                           _0405_ (net)
                  0.03    0.00    0.47 ^ _0864_/A (sky130_fd_sc_hd__or3b_2)
                  0.03    0.09    0.56 ^ _0864_/X (sky130_fd_sc_hd__or3b_2)
     1    0.00                           _0407_ (net)
                  0.03    0.00    0.56 ^ _0865_/A (sky130_fd_sc_hd__buf_1)
                  0.04    0.07    0.62 ^ _0865_/X (sky130_fd_sc_hd__buf_1)
     1    0.00                           _0067_ (net)
                  0.04    0.00    0.62 ^ _1218_/D (sky130_fd_sc_hd__dfrtp_2)
                                  0.62   data arrival time

                  0.15    0.00    0.00   clock clk (rise edge)
                          0.00    0.00   clock network delay (ideal)
                          0.25    0.25   clock uncertainty
                          0.00    0.25   clock reconvergence pessimism
                                  0.25 ^ _1218_/CLK (sky130_fd_sc_hd__dfrtp_2)
                         -0.02    0.23   library hold time
                                  0.23   data required time
-----------------------------------------------------------------------------
                                  0.23   data required time
                                 -0.62   data arrival time
-----------------------------------------------------------------------------
                                  0.39   slack (MET)


Startpoint: _1331_ (rising edge-triggered flip-flop clocked by clk)
Endpoint: _1331_ (rising edge-triggered flip-flop clocked by clk)
Path Group: clk
Path Type: min

Fanout     Cap    Slew   Delay    Time   Description
-----------------------------------------------------------------------------
                  0.15    0.00    0.00   clock clk (rise edge)
                          0.00    0.00   clock network delay (ideal)
                  0.15    0.00    0.00 ^ _1331_/CLK (sky130_fd_sc_hd__dfxtp_2)
                  0.05    0.34    0.34 ^ _1331_/Q (sky130_fd_sc_hd__dfxtp_2)
     4    0.01                           i_spi_reg.bit_cnt[2] (net)
                  0.05    0.00    0.34 ^ _1091_/B1 (sky130_fd_sc_hd__a31o_2)
                  0.03    0.08    0.42 ^ _1091_/X (sky130_fd_sc_hd__a31o_2)
     1    0.00                           _0538_ (net)
                  0.03    0.00    0.42 ^ _1093_/B (sky130_fd_sc_hd__and3_2)
                  0.04    0.14    0.56 ^ _1093_/X (sky130_fd_sc_hd__and3_2)
     1    0.00                           _0540_ (net)
                  0.04    0.00    0.56 ^ _1094_/A (sky130_fd_sc_hd__buf_1)
                  0.03    0.07    0.63 ^ _1094_/X (sky130_fd_sc_hd__buf_1)
     1    0.00                           _0163_ (net)
                  0.03    0.00    0.63 ^ _1331_/D (sky130_fd_sc_hd__dfxtp_2)
                                  0.63   data arrival time

                  0.15    0.00    0.00   clock clk (rise edge)
                          0.00    0.00   clock network delay (ideal)
                          0.25    0.25   clock uncertainty
                          0.00    0.25   clock reconvergence pessimism
                                  0.25 ^ _1331_/CLK (sky130_fd_sc_hd__dfxtp_2)
                         -0.01    0.24   library hold time
                                  0.24   data required time
-----------------------------------------------------------------------------
                                  0.24   data required time
                                 -0.63   data arrival time
-----------------------------------------------------------------------------
                                  0.39   slack (MET)


Startpoint: _1221_ (rising edge-triggered flip-flop clocked by clk)
Endpoint: _1221_ (rising edge-triggered flip-flop clocked by clk)
Path Group: clk
Path Type: min

Fanout     Cap    Slew   Delay    Time   Description
-----------------------------------------------------------------------------
                  0.15    0.00    0.00   clock clk (rise edge)
                          0.00    0.00   clock network delay (ideal)
                  0.15    0.00    0.00 ^ _1221_/CLK (sky130_fd_sc_hd__dfrtp_2)
                  0.05    0.36    0.36 ^ _1221_/Q (sky130_fd_sc_hd__dfrtp_2)
     3    0.00                           dut.wifi_timeout[12] (net)
                  0.05    0.00    0.36 ^ _0874_/A (sky130_fd_sc_hd__and2_2)
                  0.03    0.11    0.47 ^ _0874_/X (sky130_fd_sc_hd__and2_2)
     1    0.00                           _0414_ (net)
                  0.03    0.00    0.47 ^ _0876_/B (sky130_fd_sc_hd__or3b_2)
                  0.03    0.09    0.56 ^ _0876_/X (sky130_fd_sc_hd__or3b_2)
     1    0.00                           _0416_ (net)
                  0.03    0.00    0.56 ^ _0877_/A (sky130_fd_sc_hd__buf_1)
                  0.04    0.06    0.62 ^ _0877_/X (sky130_fd_sc_hd__buf_1)
     1    0.00                           _0070_ (net)
                  0.04    0.00    0.62 ^ _1221_/D (sky130_fd_sc_hd__dfrtp_2)
                                  0.62   data arrival time

                  0.15    0.00    0.00   clock clk (rise edge)
                          0.00    0.00   clock network delay (ideal)
                          0.25    0.25   clock uncertainty
                          0.00    0.25   clock reconvergence pessimism
                                  0.25 ^ _1221_/CLK (sky130_fd_sc_hd__dfrtp_2)
                         -0.02    0.23   library hold time
                                  0.23   data required time
-----------------------------------------------------------------------------
                                  0.23   data required time
                                 -0.62   data arrival time
-----------------------------------------------------------------------------
                                  0.39   slack (MET)


Startpoint: _1332_ (rising edge-triggered flip-flop clocked by clk)
Endpoint: _1332_ (rising edge-triggered flip-flop clocked by clk)
Path Group: clk
Path Type: min

Fanout     Cap    Slew   Delay    Time   Description
-----------------------------------------------------------------------------
                  0.15    0.00    0.00   clock clk (rise edge)
                          0.00    0.00   clock network delay (ideal)
                  0.15    0.00    0.00 ^ _1332_/CLK (sky130_fd_sc_hd__dfxtp_2)
                  0.05    0.34    0.34 ^ _1332_/Q (sky130_fd_sc_hd__dfxtp_2)
     4    0.01                           i_spi_reg.bit_cnt[3] (net)
                  0.05    0.00    0.34 ^ _1096_/B1 (sky130_fd_sc_hd__a21o_2)
                  0.02    0.07    0.41 ^ _1096_/X (sky130_fd_sc_hd__a21o_2)
     1    0.00                           _0542_ (net)
                  0.02    0.00    0.41 ^ _1097_/C (sky130_fd_sc_hd__and3b_2)
                  0.04    0.15    0.56 ^ _1097_/X (sky130_fd_sc_hd__and3b_2)
     1    0.00                           _0543_ (net)
                  0.04    0.00    0.56 ^ _1098_/A (sky130_fd_sc_hd__buf_1)
                  0.03    0.07    0.63 ^ _1098_/X (sky130_fd_sc_hd__buf_1)
     1    0.00                           _0164_ (net)
                  0.03    0.00    0.63 ^ _1332_/D (sky130_fd_sc_hd__dfxtp_2)
                                  0.63   data arrival time

                  0.15    0.00    0.00   clock clk (rise edge)
                          0.00    0.00   clock network delay (ideal)
                          0.25    0.25   clock uncertainty
                          0.00    0.25   clock reconvergence pessimism
                                  0.25 ^ _1332_/CLK (sky130_fd_sc_hd__dfxtp_2)
                         -0.01    0.24   library hold time
                                  0.24   data required time
-----------------------------------------------------------------------------
                                  0.24   data required time
                                 -0.63   data arrival time
-----------------------------------------------------------------------------
                                  0.39   slack (MET)


Startpoint: _1214_ (rising edge-triggered flip-flop clocked by clk)
Endpoint: _1214_ (rising edge-triggered flip-flop clocked by clk)
Path Group: clk
Path Type: min

Fanout     Cap    Slew   Delay    Time   Description
-----------------------------------------------------------------------------
                  0.15    0.00    0.00   clock clk (rise edge)
                          0.00    0.00   clock network delay (ideal)
                  0.15    0.00    0.00 ^ _1214_/CLK (sky130_fd_sc_hd__dfrtp_2)
                  0.06    0.37    0.37 ^ _1214_/Q (sky130_fd_sc_hd__dfrtp_2)
     4    0.01                           dut.wifi_timeout[5] (net)
                  0.06    0.00    0.37 ^ _0846_/B1 (sky130_fd_sc_hd__o21a_2)
                  0.02    0.11    0.48 ^ _0846_/X (sky130_fd_sc_hd__o21a_2)
     1    0.00                           _0393_ (net)
                  0.02    0.00    0.48 ^ _0848_/A (sky130_fd_sc_hd__or3b_2)
                  0.03    0.09    0.56 ^ _0848_/X (sky130_fd_sc_hd__or3b_2)
     1    0.00                           _0395_ (net)
                  0.03    0.00    0.56 ^ _0849_/A (sky130_fd_sc_hd__buf_1)
                  0.04    0.07    0.63 ^ _0849_/X (sky130_fd_sc_hd__buf_1)
     1    0.00                           _0063_ (net)
                  0.04    0.00    0.63 ^ _1214_/D (sky130_fd_sc_hd__dfrtp_2)
                                  0.63   data arrival time

                  0.15    0.00    0.00   clock clk (rise edge)
                          0.00    0.00   clock network delay (ideal)
                          0.25    0.25   clock uncertainty
                          0.00    0.25   clock reconvergence pessimism
                                  0.25 ^ _1214_/CLK (sky130_fd_sc_hd__dfrtp_2)
                         -0.02    0.23   library hold time
                                  0.23   data required time
-----------------------------------------------------------------------------
                                  0.23   data required time
                                 -0.63   data arrival time
-----------------------------------------------------------------------------
                                  0.39   slack (MET)


Startpoint: _1333_ (rising edge-triggered flip-flop clocked by clk)
Endpoint: _1333_ (rising edge-triggered flip-flop clocked by clk)
Path Group: clk
Path Type: min

Fanout     Cap    Slew   Delay    Time   Description
-----------------------------------------------------------------------------
                  0.15    0.00    0.00   clock clk (rise edge)
                          0.00    0.00   clock network delay (ideal)
                  0.15    0.00    0.00 ^ _1333_/CLK (sky130_fd_sc_hd__dfxtp_2)
                  0.05    0.34    0.34 ^ _1333_/Q (sky130_fd_sc_hd__dfxtp_2)
     4    0.01                           i_spi_reg.bit_cnt[4] (net)
                  0.05    0.00    0.34 ^ _1100_/A (sky130_fd_sc_hd__or2_2)
                  0.02    0.09    0.42 ^ _1100_/X (sky130_fd_sc_hd__or2_2)
     1    0.00                           _0545_ (net)
                  0.02    0.00    0.42 ^ _1101_/C (sky130_fd_sc_hd__and3b_2)
                  0.04    0.15    0.58 ^ _1101_/X (sky130_fd_sc_hd__and3b_2)
     1    0.00                           _0546_ (net)
                  0.04    0.00    0.58 ^ _1102_/A (sky130_fd_sc_hd__buf_1)
                  0.03    0.07    0.64 ^ _1102_/X (sky130_fd_sc_hd__buf_1)
     1    0.00                           _0165_ (net)
                  0.03    0.00    0.64 ^ _1333_/D (sky130_fd_sc_hd__dfxtp_2)
                                  0.64   data arrival time

                  0.15    0.00    0.00   clock clk (rise edge)
                          0.00    0.00   clock network delay (ideal)
                          0.25    0.25   clock uncertainty
                          0.00    0.25   clock reconvergence pessimism
                                  0.25 ^ _1333_/CLK (sky130_fd_sc_hd__dfxtp_2)
                         -0.01    0.24   library hold time
                                  0.24   data required time
-----------------------------------------------------------------------------
                                  0.24   data required time
                                 -0.64   data arrival time
-----------------------------------------------------------------------------
                                  0.41   slack (MET)


Startpoint: _1200_ (rising edge-triggered flip-flop clocked by clk)
Endpoint: _1200_ (rising edge-triggered flip-flop clocked by clk)
Path Group: clk
Path Type: min

Fanout     Cap    Slew   Delay    Time   Description
-----------------------------------------------------------------------------
                  0.15    0.00    0.00   clock clk (rise edge)
                          0.00    0.00   clock network delay (ideal)
                  0.15    0.00    0.00 ^ _1200_/CLK (sky130_fd_sc_hd__dfrtp_2)
                  0.08    0.39    0.39 ^ _1200_/Q (sky130_fd_sc_hd__dfrtp_2)
     5    0.01                           dut.pulse_count[0] (net)
                  0.08    0.00    0.39 ^ _0803_/A_N (sky130_fd_sc_hd__and2b_2)
                  0.03    0.20    0.59 v _0803_/X (sky130_fd_sc_hd__and2b_2)
     1    0.00                           _0363_ (net)
                  0.03    0.00    0.59 v _0804_/A (sky130_fd_sc_hd__buf_1)
                  0.02    0.07    0.66 v _0804_/X (sky130_fd_sc_hd__buf_1)
     1    0.00                           _0050_ (net)
                  0.02    0.00    0.66 v _1200_/D (sky130_fd_sc_hd__dfrtp_2)
                                  0.66   data arrival time

                  0.15    0.00    0.00   clock clk (rise edge)
                          0.00    0.00   clock network delay (ideal)
                          0.25    0.25   clock uncertainty
                          0.00    0.25   clock reconvergence pessimism
                                  0.25 ^ _1200_/CLK (sky130_fd_sc_hd__dfrtp_2)
                         -0.01    0.24   library hold time
                                  0.24   data required time
-----------------------------------------------------------------------------
                                  0.24   data required time
                                 -0.66   data arrival time
-----------------------------------------------------------------------------
                                  0.42   slack (MET)


Startpoint: _1346_ (rising edge-triggered flip-flop clocked by clk)
Endpoint: _1346_ (rising edge-triggered flip-flop clocked by clk)
Path Group: clk
Path Type: min

Fanout     Cap    Slew   Delay    Time   Description
-----------------------------------------------------------------------------
                  0.15    0.00    0.00   clock clk (rise edge)
                          0.00    0.00   clock network delay (ideal)
                  0.15    0.00    0.00 ^ _1346_/CLK (sky130_fd_sc_hd__dfrtp_2)
                  0.08    0.39    0.39 ^ _1346_/Q (sky130_fd_sc_hd__dfrtp_2)
     4    0.01                           dut.loop_inactive_count[1] (net)
                  0.08    0.00    0.39 ^ _1133_/A1 (sky130_fd_sc_hd__o21a_2)
                  0.02    0.12    0.51 ^ _1133_/X (sky130_fd_sc_hd__o21a_2)
     1    0.00                           _0565_ (net)
                  0.02    0.00    0.51 ^ _1134_/B (sky130_fd_sc_hd__or2_2)
                  0.03    0.08    0.59 ^ _1134_/X (sky130_fd_sc_hd__or2_2)
     1    0.00                           _0566_ (net)
                  0.03    0.00    0.59 ^ _1135_/A (sky130_fd_sc_hd__buf_1)
                  0.04    0.06    0.65 ^ _1135_/X (sky130_fd_sc_hd__buf_1)
     1    0.00                           _0178_ (net)
                  0.04    0.00    0.65 ^ _1346_/D (sky130_fd_sc_hd__dfrtp_2)
                                  0.65   data arrival time

                  0.15    0.00    0.00   clock clk (rise edge)
                          0.00    0.00   clock network delay (ideal)
                          0.25    0.25   clock uncertainty
                          0.00    0.25   clock reconvergence pessimism
                                  0.25 ^ _1346_/CLK (sky130_fd_sc_hd__dfrtp_2)
                         -0.02    0.23   library hold time
                                  0.23   data required time
-----------------------------------------------------------------------------
                                  0.23   data required time
                                 -0.65   data arrival time
-----------------------------------------------------------------------------
                                  0.42   slack (MET)


Startpoint: _1211_ (rising edge-triggered flip-flop clocked by clk)
Endpoint: _1211_ (rising edge-triggered flip-flop clocked by clk)
Path Group: clk
Path Type: min

Fanout     Cap    Slew   Delay    Time   Description
-----------------------------------------------------------------------------
                  0.15    0.00    0.00   clock clk (rise edge)
                          0.00    0.00   clock network delay (ideal)
                  0.15    0.00    0.00 ^ _1211_/CLK (sky130_fd_sc_hd__dfrtp_2)
                  0.08    0.39    0.39 ^ _1211_/Q (sky130_fd_sc_hd__dfrtp_2)
     5    0.01                           dut.wifi_timeout[2] (net)
                  0.08    0.00    0.39 ^ _0835_/A (sky130_fd_sc_hd__and2_2)
                  0.03    0.12    0.51 ^ _0835_/X (sky130_fd_sc_hd__and2_2)
     1    0.00                           _0385_ (net)
                  0.03    0.00    0.51 ^ _0836_/C (sky130_fd_sc_hd__or3_2)
                  0.03    0.08    0.59 ^ _0836_/X (sky130_fd_sc_hd__or3_2)
     1    0.00                           _0386_ (net)
                  0.03    0.00    0.59 ^ _0837_/A (sky130_fd_sc_hd__buf_1)
                  0.04    0.06    0.66 ^ _0837_/X (sky130_fd_sc_hd__buf_1)
     1    0.00                           _0060_ (net)
                  0.04    0.00    0.66 ^ _1211_/D (sky130_fd_sc_hd__dfrtp_2)
                                  0.66   data arrival time

                  0.15    0.00    0.00   clock clk (rise edge)
                          0.00    0.00   clock network delay (ideal)
                          0.25    0.25   clock uncertainty
                          0.00    0.25   clock reconvergence pessimism
                                  0.25 ^ _1211_/CLK (sky130_fd_sc_hd__dfrtp_2)
                         -0.02    0.23   library hold time
                                  0.23   data required time
-----------------------------------------------------------------------------
                                  0.23   data required time
                                 -0.66   data arrival time
-----------------------------------------------------------------------------
                                  0.43   slack (MET)


Startpoint: _1219_ (rising edge-triggered flip-flop clocked by clk)
Endpoint: _1219_ (rising edge-triggered flip-flop clocked by clk)
Path Group: clk
Path Type: min

Fanout     Cap    Slew   Delay    Time   Description
-----------------------------------------------------------------------------
                  0.15    0.00    0.00   clock clk (rise edge)
                          0.00    0.00   clock network delay (ideal)
                  0.15    0.00    0.00 ^ _1219_/CLK (sky130_fd_sc_hd__dfrtp_2)
                  0.08    0.39    0.39 ^ _1219_/Q (sky130_fd_sc_hd__dfrtp_2)
     5    0.01                           dut.wifi_timeout[10] (net)
                  0.08    0.00    0.39 ^ _0867_/A (sky130_fd_sc_hd__and2_2)
                  0.03    0.12    0.51 ^ _0867_/X (sky130_fd_sc_hd__and2_2)
     1    0.00                           _0409_ (net)
                  0.03    0.00    0.51 ^ _0868_/C (sky130_fd_sc_hd__or3_2)
                  0.03    0.08    0.59 ^ _0868_/X (sky130_fd_sc_hd__or3_2)
     1    0.00                           _0410_ (net)
                  0.03    0.00    0.59 ^ _0869_/A (sky130_fd_sc_hd__buf_1)
                  0.04    0.06    0.66 ^ _0869_/X (sky130_fd_sc_hd__buf_1)
     1    0.00                           _0068_ (net)
                  0.04    0.00    0.66 ^ _1219_/D (sky130_fd_sc_hd__dfrtp_2)
                                  0.66   data arrival time

                  0.15    0.00    0.00   clock clk (rise edge)
                          0.00    0.00   clock network delay (ideal)
                          0.25    0.25   clock uncertainty
                          0.00    0.25   clock reconvergence pessimism
                                  0.25 ^ _1219_/CLK (sky130_fd_sc_hd__dfrtp_2)
                         -0.02    0.23   library hold time
                                  0.23   data required time
-----------------------------------------------------------------------------
                                  0.23   data required time
                                 -0.66   data arrival time
-----------------------------------------------------------------------------
                                  0.43   slack (MET)


Startpoint: _1216_ (rising edge-triggered flip-flop clocked by clk)
Endpoint: _1216_ (rising edge-triggered flip-flop clocked by clk)
Path Group: clk
Path Type: min

Fanout     Cap    Slew   Delay    Time   Description
-----------------------------------------------------------------------------
                  0.15    0.00    0.00   clock clk (rise edge)
                          0.00    0.00   clock network delay (ideal)
                  0.15    0.00    0.00 ^ _1216_/CLK (sky130_fd_sc_hd__dfrtp_2)
                  0.08    0.39    0.39 ^ _1216_/Q (sky130_fd_sc_hd__dfrtp_2)
     5    0.01                           dut.wifi_timeout[7] (net)
                  0.08    0.00    0.39 ^ _0855_/A (sky130_fd_sc_hd__and2_2)
                  0.03    0.12    0.51 ^ _0855_/X (sky130_fd_sc_hd__and2_2)
     1    0.00                           _0400_ (net)
                  0.03    0.00    0.51 ^ _0856_/C (sky130_fd_sc_hd__or3_2)
                  0.03    0.08    0.59 ^ _0856_/X (sky130_fd_sc_hd__or3_2)
     1    0.00                           _0401_ (net)
                  0.03    0.00    0.59 ^ _0857_/A (sky130_fd_sc_hd__buf_1)
                  0.04    0.06    0.66 ^ _0857_/X (sky130_fd_sc_hd__buf_1)
     1    0.00                           _0065_ (net)
                  0.04    0.00    0.66 ^ _1216_/D (sky130_fd_sc_hd__dfrtp_2)
                                  0.66   data arrival time

                  0.15    0.00    0.00   clock clk (rise edge)
                          0.00    0.00   clock network delay (ideal)
                          0.25    0.25   clock uncertainty
                          0.00    0.25   clock reconvergence pessimism
                                  0.25 ^ _1216_/CLK (sky130_fd_sc_hd__dfrtp_2)
                         -0.02    0.23   library hold time
                                  0.23   data required time
-----------------------------------------------------------------------------
                                  0.23   data required time
                                 -0.66   data arrival time
-----------------------------------------------------------------------------
                                  0.43   slack (MET)


Startpoint: _1222_ (rising edge-triggered flip-flop clocked by clk)
Endpoint: _1222_ (rising edge-triggered flip-flop clocked by clk)
Path Group: clk
Path Type: min

Fanout     Cap    Slew   Delay    Time   Description
-----------------------------------------------------------------------------
                  0.15    0.00    0.00   clock clk (rise edge)
                          0.00    0.00   clock network delay (ideal)
                  0.15    0.00    0.00 ^ _1222_/CLK (sky130_fd_sc_hd__dfrtp_2)
                  0.09    0.40    0.40 ^ _1222_/Q (sky130_fd_sc_hd__dfrtp_2)
     5    0.01                           dut.wifi_timeout[13] (net)
                  0.09    0.00    0.40 ^ _0879_/A (sky130_fd_sc_hd__nand2_2)
                  0.02    0.04    0.44 v _0879_/Y (sky130_fd_sc_hd__nand2_2)
     1    0.00                           _0418_ (net)
                  0.02    0.00    0.44 v _0880_/C_N (sky130_fd_sc_hd__or3b_2)
                  0.03    0.16    0.60 ^ _0880_/X (sky130_fd_sc_hd__or3b_2)
     1    0.00                           _0419_ (net)
                  0.03    0.00    0.60 ^ _0881_/A (sky130_fd_sc_hd__buf_1)
                  0.04    0.06    0.66 ^ _0881_/X (sky130_fd_sc_hd__buf_1)
     1    0.00                           _0071_ (net)
                  0.04    0.00    0.66 ^ _1222_/D (sky130_fd_sc_hd__dfrtp_2)
                                  0.66   data arrival time

                  0.15    0.00    0.00   clock clk (rise edge)
                          0.00    0.00   clock network delay (ideal)
                          0.25    0.25   clock uncertainty
                          0.00    0.25   clock reconvergence pessimism
                                  0.25 ^ _1222_/CLK (sky130_fd_sc_hd__dfrtp_2)
                         -0.02    0.23   library hold time
                                  0.23   data required time
-----------------------------------------------------------------------------
                                  0.23   data required time
                                 -0.66   data arrival time
-----------------------------------------------------------------------------
                                  0.43   slack (MET)


Startpoint: _1213_ (rising edge-triggered flip-flop clocked by clk)
Endpoint: _1213_ (rising edge-triggered flip-flop clocked by clk)
Path Group: clk
Path Type: min

Fanout     Cap    Slew   Delay    Time   Description
-----------------------------------------------------------------------------
                  0.15    0.00    0.00   clock clk (rise edge)
                          0.00    0.00   clock network delay (ideal)
                  0.15    0.00    0.00 ^ _1213_/CLK (sky130_fd_sc_hd__dfrtp_2)
                  0.07    0.43    0.43 v _1213_/Q (sky130_fd_sc_hd__dfrtp_2)
     6    0.01                           dut.wifi_timeout[4] (net)
                  0.07    0.00    0.43 v _0843_/A (sky130_fd_sc_hd__nor2_2)
                  0.05    0.09    0.52 ^ _0843_/Y (sky130_fd_sc_hd__nor2_2)
     1    0.00                           _0391_ (net)
                  0.05    0.00    0.52 ^ _0844_/C (sky130_fd_sc_hd__or3_2)
                  0.03    0.09    0.61 ^ _0844_/X (sky130_fd_sc_hd__or3_2)
     1    0.00                           _0392_ (net)
                  0.03    0.00    0.61 ^ _0845_/A (sky130_fd_sc_hd__buf_1)
                  0.04    0.06    0.67 ^ _0845_/X (sky130_fd_sc_hd__buf_1)
     1    0.00                           _0062_ (net)
                  0.04    0.00    0.67 ^ _1213_/D (sky130_fd_sc_hd__dfrtp_2)
                                  0.67   data arrival time

                  0.15    0.00    0.00   clock clk (rise edge)
                          0.00    0.00   clock network delay (ideal)
                          0.25    0.25   clock uncertainty
                          0.00    0.25   clock reconvergence pessimism
                                  0.25 ^ _1213_/CLK (sky130_fd_sc_hd__dfrtp_2)
                         -0.02    0.23   library hold time
                                  0.23   data required time
-----------------------------------------------------------------------------
                                  0.23   data required time
                                 -0.67   data arrival time
-----------------------------------------------------------------------------
                                  0.44   slack (MET)


Startpoint: _1195_ (rising edge-triggered flip-flop clocked by clk)
Endpoint: _1195_ (rising edge-triggered flip-flop clocked by clk)
Path Group: clk
Path Type: min

Fanout     Cap    Slew   Delay    Time   Description
-----------------------------------------------------------------------------
                  0.15    0.00    0.00   clock clk (rise edge)
                          0.00    0.00   clock network delay (ideal)
                  0.15    0.00    0.00 ^ _1195_/CLK (sky130_fd_sc_hd__dfrtp_2)
                  0.06    0.38    0.38 ^ _1195_/Q (sky130_fd_sc_hd__dfrtp_2)
     3    0.01                           dut.wifi_timeout_tick_count[7] (net)
                  0.06    0.00    0.38 ^ _0733_/A (sky130_fd_sc_hd__nand2_2)
                  0.03    0.05    0.42 v _0733_/Y (sky130_fd_sc_hd__nand2_2)
     3    0.00                           _0331_ (net)
                  0.03    0.00    0.42 v _0735_/C (sky130_fd_sc_hd__and4b_2)
                  0.04    0.19    0.61 v _0735_/X (sky130_fd_sc_hd__and4b_2)
     1    0.00                           _0333_ (net)
                  0.04    0.00    0.61 v _0736_/A (sky130_fd_sc_hd__buf_1)
                  0.02    0.07    0.69 v _0736_/X (sky130_fd_sc_hd__buf_1)
     1    0.00                           _0014_ (net)
                  0.02    0.00    0.69 v _1195_/D (sky130_fd_sc_hd__dfrtp_2)
                                  0.69   data arrival time

                  0.15    0.00    0.00   clock clk (rise edge)
                          0.00    0.00   clock network delay (ideal)
                          0.25    0.25   clock uncertainty
                          0.00    0.25   clock reconvergence pessimism
                                  0.25 ^ _1195_/CLK (sky130_fd_sc_hd__dfrtp_2)
                         -0.01    0.24   library hold time
                                  0.24   data required time
-----------------------------------------------------------------------------
                                  0.24   data required time
                                 -0.69   data arrival time
-----------------------------------------------------------------------------
                                  0.45   slack (MET)


Startpoint: _1189_ (rising edge-triggered flip-flop clocked by clk)
Endpoint: _1189_ (rising edge-triggered flip-flop clocked by clk)
Path Group: clk
Path Type: min

Fanout     Cap    Slew   Delay    Time   Description
-----------------------------------------------------------------------------
                  0.15    0.00    0.00   clock clk (rise edge)
                          0.00    0.00   clock network delay (ideal)
                  0.15    0.00    0.00 ^ _1189_/CLK (sky130_fd_sc_hd__dfrtp_2)
                  0.08    0.39    0.39 ^ _1189_/Q (sky130_fd_sc_hd__dfrtp_2)
     5    0.01                           dut.wifi_timeout_tick_count[1] (net)
                  0.08    0.00    0.39 ^ _0708_/A (sky130_fd_sc_hd__nand2_2)
                  0.03    0.04    0.42 v _0708_/Y (sky130_fd_sc_hd__nand2_2)
     1    0.00                           _0312_ (net)
                  0.03    0.00    0.42 v _0710_/C (sky130_fd_sc_hd__and4b_2)
                  0.04    0.19    0.61 v _0710_/X (sky130_fd_sc_hd__and4b_2)
     1    0.00                           _0314_ (net)
                  0.04    0.00    0.61 v _0711_/A (sky130_fd_sc_hd__buf_1)
                  0.02    0.07    0.69 v _0711_/X (sky130_fd_sc_hd__buf_1)
     1    0.00                           _0008_ (net)
                  0.02    0.00    0.69 v _1189_/D (sky130_fd_sc_hd__dfrtp_2)
                                  0.69   data arrival time

                  0.15    0.00    0.00   clock clk (rise edge)
                          0.00    0.00   clock network delay (ideal)
                          0.25    0.25   clock uncertainty
                          0.00    0.25   clock reconvergence pessimism
                                  0.25 ^ _1189_/CLK (sky130_fd_sc_hd__dfrtp_2)
                         -0.01    0.24   library hold time
                                  0.24   data required time
-----------------------------------------------------------------------------
                                  0.24   data required time
                                 -0.69   data arrival time
-----------------------------------------------------------------------------
                                  0.45   slack (MET)


Startpoint: _1193_ (rising edge-triggered flip-flop clocked by clk)
Endpoint: _1193_ (rising edge-triggered flip-flop clocked by clk)
Path Group: clk
Path Type: min

Fanout     Cap    Slew   Delay    Time   Description
-----------------------------------------------------------------------------
                  0.15    0.00    0.00   clock clk (rise edge)
                          0.00    0.00   clock network delay (ideal)
                  0.15    0.00    0.00 ^ _1193_/CLK (sky130_fd_sc_hd__dfrtp_2)
                  0.04    0.35    0.35 ^ _1193_/Q (sky130_fd_sc_hd__dfrtp_2)
     2    0.00                           dut.wifi_timeout_tick_count[5] (net)
                  0.04    0.00    0.35 ^ _0725_/A (sky130_fd_sc_hd__or2_2)
                  0.02    0.08    0.43 ^ _0725_/X (sky130_fd_sc_hd__or2_2)
     1    0.00                           _0325_ (net)
                  0.02    0.00    0.43 ^ _0726_/D (sky130_fd_sc_hd__and4bb_2)
                  0.05    0.19    0.63 ^ _0726_/X (sky130_fd_sc_hd__and4bb_2)
     1    0.00                           _0326_ (net)
                  0.05    0.00    0.63 ^ _0727_/A (sky130_fd_sc_hd__buf_1)
                  0.04    0.07    0.70 ^ _0727_/X (sky130_fd_sc_hd__buf_1)
     1    0.00                           _0012_ (net)
                  0.04    0.00    0.70 ^ _1193_/D (sky130_fd_sc_hd__dfrtp_2)
                                  0.70   data arrival time

                  0.15    0.00    0.00   clock clk (rise edge)
                          0.00    0.00   clock network delay (ideal)
                          0.25    0.25   clock uncertainty
                          0.00    0.25   clock reconvergence pessimism
                                  0.25 ^ _1193_/CLK (sky130_fd_sc_hd__dfrtp_2)
                         -0.02    0.23   library hold time
                                  0.23   data required time
-----------------------------------------------------------------------------
                                  0.23   data required time
                                 -0.70   data arrival time
-----------------------------------------------------------------------------
                                  0.47   slack (MET)


Startpoint: _1194_ (rising edge-triggered flip-flop clocked by clk)
Endpoint: _1194_ (rising edge-triggered flip-flop clocked by clk)
Path Group: clk
Path Type: min

Fanout     Cap    Slew   Delay    Time   Description
-----------------------------------------------------------------------------
                  0.15    0.00    0.00   clock clk (rise edge)
                          0.00    0.00   clock network delay (ideal)
                  0.15    0.00    0.00 ^ _1194_/CLK (sky130_fd_sc_hd__dfrtp_2)
                  0.04    0.35    0.35 ^ _1194_/Q (sky130_fd_sc_hd__dfrtp_2)
     2    0.00                           dut.wifi_timeout_tick_count[6] (net)
                  0.04    0.00    0.35 ^ _0730_/A (sky130_fd_sc_hd__or2_2)
                  0.02    0.08    0.43 ^ _0730_/X (sky130_fd_sc_hd__or2_2)
     1    0.00                           _0329_ (net)
                  0.02    0.00    0.43 ^ _0731_/D (sky130_fd_sc_hd__and4bb_2)
                  0.05    0.19    0.63 ^ _0731_/X (sky130_fd_sc_hd__and4bb_2)
     1    0.00                           _0330_ (net)
                  0.05    0.00    0.63 ^ _0732_/A (sky130_fd_sc_hd__buf_1)
                  0.04    0.07    0.70 ^ _0732_/X (sky130_fd_sc_hd__buf_1)
     1    0.00                           _0013_ (net)
                  0.04    0.00    0.70 ^ _1194_/D (sky130_fd_sc_hd__dfrtp_2)
                                  0.70   data arrival time

                  0.15    0.00    0.00   clock clk (rise edge)
                          0.00    0.00   clock network delay (ideal)
                          0.25    0.25   clock uncertainty
                          0.00    0.25   clock reconvergence pessimism
                                  0.25 ^ _1194_/CLK (sky130_fd_sc_hd__dfrtp_2)
                         -0.02    0.23   library hold time
                                  0.23   data required time
-----------------------------------------------------------------------------
                                  0.23   data required time
                                 -0.70   data arrival time
-----------------------------------------------------------------------------
                                  0.47   slack (MET)


Startpoint: _1191_ (rising edge-triggered flip-flop clocked by clk)
Endpoint: _1191_ (rising edge-triggered flip-flop clocked by clk)
Path Group: clk
Path Type: min

Fanout     Cap    Slew   Delay    Time   Description
-----------------------------------------------------------------------------
                  0.15    0.00    0.00   clock clk (rise edge)
                          0.00    0.00   clock network delay (ideal)
                  0.15    0.00    0.00 ^ _1191_/CLK (sky130_fd_sc_hd__dfrtp_2)
                  0.04    0.35    0.35 ^ _1191_/Q (sky130_fd_sc_hd__dfrtp_2)
     2    0.00                           dut.wifi_timeout_tick_count[3] (net)
                  0.04    0.00    0.35 ^ _0717_/A (sky130_fd_sc_hd__or2_2)
                  0.02    0.08    0.44 ^ _0717_/X (sky130_fd_sc_hd__or2_2)
     1    0.00                           _0319_ (net)
                  0.02    0.00    0.44 ^ _0718_/D (sky130_fd_sc_hd__and4bb_2)
                  0.05    0.19    0.63 ^ _0718_/X (sky130_fd_sc_hd__and4bb_2)
     1    0.00                           _0320_ (net)
                  0.05    0.00    0.63 ^ _0719_/A (sky130_fd_sc_hd__buf_1)
                  0.04    0.07    0.70 ^ _0719_/X (sky130_fd_sc_hd__buf_1)
     1    0.00                           _0010_ (net)
                  0.04    0.00    0.70 ^ _1191_/D (sky130_fd_sc_hd__dfrtp_2)
                                  0.70   data arrival time

                  0.15    0.00    0.00   clock clk (rise edge)
                          0.00    0.00   clock network delay (ideal)
                          0.25    0.25   clock uncertainty
                          0.00    0.25   clock reconvergence pessimism
                                  0.25 ^ _1191_/CLK (sky130_fd_sc_hd__dfrtp_2)
                         -0.02    0.23   library hold time
                                  0.23   data required time
-----------------------------------------------------------------------------
                                  0.23   data required time
                                 -0.70   data arrival time
-----------------------------------------------------------------------------
                                  0.47   slack (MET)


Startpoint: _1190_ (rising edge-triggered flip-flop clocked by clk)
Endpoint: _1190_ (rising edge-triggered flip-flop clocked by clk)
Path Group: clk
Path Type: min

Fanout     Cap    Slew   Delay    Time   Description
-----------------------------------------------------------------------------
                  0.15    0.00    0.00   clock clk (rise edge)
                          0.00    0.00   clock network delay (ideal)
                  0.15    0.00    0.00 ^ _1190_/CLK (sky130_fd_sc_hd__dfrtp_2)
                  0.05    0.36    0.36 ^ _1190_/Q (sky130_fd_sc_hd__dfrtp_2)
     3    0.01                           dut.wifi_timeout_tick_count[2] (net)
                  0.05    0.00    0.36 ^ _0713_/B1 (sky130_fd_sc_hd__a21o_2)
                  0.02    0.07    0.44 ^ _0713_/X (sky130_fd_sc_hd__a21o_2)
     1    0.00                           _0316_ (net)
                  0.02    0.00    0.44 ^ _0714_/D (sky130_fd_sc_hd__and4bb_2)
                  0.05    0.19    0.63 ^ _0714_/X (sky130_fd_sc_hd__and4bb_2)
     1    0.00                           _0317_ (net)
                  0.05    0.00    0.63 ^ _0715_/A (sky130_fd_sc_hd__buf_1)
                  0.04    0.07    0.70 ^ _0715_/X (sky130_fd_sc_hd__buf_1)
     1    0.00                           _0009_ (net)
                  0.04    0.00    0.70 ^ _1190_/D (sky130_fd_sc_hd__dfrtp_2)
                                  0.70   data arrival time

                  0.15    0.00    0.00   clock clk (rise edge)
                          0.00    0.00   clock network delay (ideal)
                          0.25    0.25   clock uncertainty
                          0.00    0.25   clock reconvergence pessimism
                                  0.25 ^ _1190_/CLK (sky130_fd_sc_hd__dfrtp_2)
                         -0.02    0.23   library hold time
                                  0.23   data required time
-----------------------------------------------------------------------------
                                  0.23   data required time
                                 -0.70   data arrival time
-----------------------------------------------------------------------------
                                  0.47   slack (MET)


Startpoint: _1192_ (rising edge-triggered flip-flop clocked by clk)
Endpoint: _1192_ (rising edge-triggered flip-flop clocked by clk)
Path Group: clk
Path Type: min

Fanout     Cap    Slew   Delay    Time   Description
-----------------------------------------------------------------------------
                  0.15    0.00    0.00   clock clk (rise edge)
                          0.00    0.00   clock network delay (ideal)
                  0.15    0.00    0.00 ^ _1192_/CLK (sky130_fd_sc_hd__dfrtp_2)
                  0.05    0.36    0.36 ^ _1192_/Q (sky130_fd_sc_hd__dfrtp_2)
     3    0.00                           dut.wifi_timeout_tick_count[4] (net)
                  0.05    0.00    0.36 ^ _0721_/A (sky130_fd_sc_hd__or2_2)
                  0.02    0.09    0.45 ^ _0721_/X (sky130_fd_sc_hd__or2_2)
     1    0.00                           _0322_ (net)
                  0.02    0.00    0.45 ^ _0722_/D (sky130_fd_sc_hd__and4bb_2)
                  0.05    0.19    0.64 ^ _0722_/X (sky130_fd_sc_hd__and4bb_2)
     1    0.00                           _0323_ (net)
                  0.05    0.00    0.64 ^ _0723_/A (sky130_fd_sc_hd__buf_1)
                  0.04    0.07    0.71 ^ _0723_/X (sky130_fd_sc_hd__buf_1)
     1    0.00                           _0011_ (net)
                  0.04    0.00    0.71 ^ _1192_/D (sky130_fd_sc_hd__dfrtp_2)
                                  0.71   data arrival time

                  0.15    0.00    0.00   clock clk (rise edge)
                          0.00    0.00   clock network delay (ideal)
                          0.25    0.25   clock uncertainty
                          0.00    0.25   clock reconvergence pessimism
                                  0.25 ^ _1192_/CLK (sky130_fd_sc_hd__dfrtp_2)
                         -0.02    0.23   library hold time
                                  0.23   data required time
-----------------------------------------------------------------------------
                                  0.23   data required time
                                 -0.71   data arrival time
-----------------------------------------------------------------------------
                                  0.48   slack (MET)


Startpoint: _1224_ (rising edge-triggered flip-flop clocked by clk)
Endpoint: _1208_ (rising edge-triggered flip-flop clocked by clk)
Path Group: clk
Path Type: min

Fanout     Cap    Slew   Delay    Time   Description
-----------------------------------------------------------------------------
                  0.15    0.00    0.00   clock clk (rise edge)
                          0.00    0.00   clock network delay (ideal)
                  0.15    0.00    0.00 ^ _1224_/CLK (sky130_fd_sc_hd__dfrtp_2)
                  0.05    0.36    0.36 ^ _1224_/Q (sky130_fd_sc_hd__dfrtp_2)
     2    0.00                           dut.wifi_timeout[15] (net)
                  0.05    0.00    0.36 ^ _0674_/C (sky130_fd_sc_hd__or4_2)
                  0.02    0.09    0.45 ^ _0674_/X (sky130_fd_sc_hd__or4_2)
     1    0.00                           _0285_ (net)
                  0.02    0.00    0.45 ^ _0676_/C (sky130_fd_sc_hd__or4_2)
                  0.04    0.10    0.55 ^ _0676_/X (sky130_fd_sc_hd__or4_2)
     3    0.01                           _0287_ (net)
                  0.04    0.00    0.55 ^ _0677_/A (sky130_fd_sc_hd__buf_1)
                  0.20    0.18    0.72 ^ _0677_/X (sky130_fd_sc_hd__buf_1)
    10    0.02                           _0288_ (net)
                  0.20    0.00    0.72 ^ _0678_/B (sky130_fd_sc_hd__or2_2)
                  0.03    0.13    0.85 ^ _0678_/X (sky130_fd_sc_hd__or2_2)
     1    0.00                           _0289_ (net)
                  0.03    0.00    0.85 ^ _0679_/A (sky130_fd_sc_hd__buf_1)
                  0.04    0.07    0.92 ^ _0679_/X (sky130_fd_sc_hd__buf_1)
     1    0.00                           _0002_ (net)
                  0.04    0.00    0.92 ^ _1208_/D (sky130_fd_sc_hd__dfrtp_2)
                                  0.92   data arrival time

                  0.15    0.00    0.00   clock clk (rise edge)
                          0.00    0.00   clock network delay (ideal)
                          0.25    0.25   clock uncertainty
                          0.00    0.25   clock reconvergence pessimism
                                  0.25 ^ _1208_/CLK (sky130_fd_sc_hd__dfrtp_2)
                         -0.02    0.23   library hold time
                                  0.23   data required time
-----------------------------------------------------------------------------
                                  0.23   data required time
                                 -0.92   data arrival time
-----------------------------------------------------------------------------
                                  0.69   slack (MET)


Startpoint: _1274_ (rising edge-triggered flip-flop clocked by clk)
Endpoint: _1185_ (rising edge-triggered flip-flop clocked by clk)
Path Group: clk
Path Type: min

Fanout     Cap    Slew   Delay    Time   Description
-----------------------------------------------------------------------------
                  0.15    0.00    0.00   clock clk (rise edge)
                          0.00    0.00   clock network delay (ideal)
                  0.15    0.00    0.00 ^ _1274_/CLK (sky130_fd_sc_hd__dfrtp_2)
                  0.05    0.36    0.36 ^ _1274_/Q (sky130_fd_sc_hd__dfrtp_2)
     2    0.00                           dut.spi_bit_count[5] (net)
                  0.05    0.00    0.36 ^ _0690_/A (sky130_fd_sc_hd__or3_2)
                  0.03    0.09    0.45 ^ _0690_/X (sky130_fd_sc_hd__or3_2)
     1    0.00                           _0299_ (net)
                  0.03    0.00    0.45 ^ _0691_/A (sky130_fd_sc_hd__buf_1)
                  0.20    0.17    0.62 ^ _0691_/X (sky130_fd_sc_hd__buf_1)
     6    0.02                           _0300_ (net)
                  0.20    0.00    0.62 ^ _0692_/A (sky130_fd_sc_hd__buf_1)
                  0.41    0.35    0.97 ^ _0692_/X (sky130_fd_sc_hd__buf_1)
    10    0.03                           _0301_ (net)
                  0.41    0.00    0.97 ^ _0693_/A (sky130_fd_sc_hd__inv_2)
                  0.07    0.05    1.03 v _0693_/Y (sky130_fd_sc_hd__inv_2)
     2    0.00                           _0003_ (net)
                  0.07    0.00    1.03 v _1185_/D (sky130_fd_sc_hd__dfrtp_2)
                                  1.03   data arrival time

                  0.15    0.00    0.00   clock clk (rise edge)
                          0.00    0.00   clock network delay (ideal)
                          0.25    0.25   clock uncertainty
                          0.00    0.25   clock reconvergence pessimism
                                  0.25 ^ _1185_/CLK (sky130_fd_sc_hd__dfrtp_2)
                         -0.03    0.22   library hold time
                                  0.22   data required time
-----------------------------------------------------------------------------
                                  0.22   data required time
                                 -1.03   data arrival time
-----------------------------------------------------------------------------
                                  0.80   slack (MET)


Startpoint: ui_in[0] (input port clocked by clk)
Endpoint: _1142_ (rising edge-triggered flip-flop clocked by clk)
Path Group: clk
Path Type: min

Fanout     Cap    Slew   Delay    Time   Description
-----------------------------------------------------------------------------
                  0.15    0.00    0.00   clock clk (rise edge)
                          0.00    0.00   clock network delay (ideal)
                          2.00    2.00 v input external delay
                  0.01    0.00    2.00 v ui_in[0] (in)
     1    0.00                           ui_in[0] (net)
                  0.01    0.00    2.00 v _1142_/D (sky130_fd_sc_hd__dfxtp_2)
                                  2.00   data arrival time

                  0.15    0.00    0.00   clock clk (rise edge)
                          0.00    0.00   clock network delay (ideal)
                          0.25    0.25   clock uncertainty
                          0.00    0.25   clock reconvergence pessimism
                                  0.25 ^ _1142_/CLK (sky130_fd_sc_hd__dfxtp_2)
                         -0.01    0.24   library hold time
                                  0.24   data required time
-----------------------------------------------------------------------------
                                  0.24   data required time
                                 -2.00   data arrival time
-----------------------------------------------------------------------------
                                  1.76   slack (MET)


Startpoint: ui_in[1] (input port clocked by clk)
Endpoint: _1143_ (rising edge-triggered flip-flop clocked by clk)
Path Group: clk
Path Type: min

Fanout     Cap    Slew   Delay    Time   Description
-----------------------------------------------------------------------------
                  0.15    0.00    0.00   clock clk (rise edge)
                          0.00    0.00   clock network delay (ideal)
                          2.00    2.00 v input external delay
                  0.01    0.00    2.00 v ui_in[1] (in)
     1    0.00                           ui_in[1] (net)
                  0.01    0.00    2.00 v _1143_/D (sky130_fd_sc_hd__dfxtp_2)
                                  2.00   data arrival time

                  0.15    0.00    0.00   clock clk (rise edge)
                          0.00    0.00   clock network delay (ideal)
                          0.25    0.25   clock uncertainty
                          0.00    0.25   clock reconvergence pessimism
                                  0.25 ^ _1143_/CLK (sky130_fd_sc_hd__dfxtp_2)
                         -0.01    0.24   library hold time
                                  0.24   data required time
-----------------------------------------------------------------------------
                                  0.24   data required time
                                 -2.00   data arrival time
-----------------------------------------------------------------------------
                                  1.76   slack (MET)


Startpoint: ui_in[2] (input port clocked by clk)
Endpoint: _1144_ (rising edge-triggered flip-flop clocked by clk)
Path Group: clk
Path Type: min

Fanout     Cap    Slew   Delay    Time   Description
-----------------------------------------------------------------------------
                  0.15    0.00    0.00   clock clk (rise edge)
                          0.00    0.00   clock network delay (ideal)
                          2.00    2.00 v input external delay
                  0.01    0.00    2.00 v ui_in[2] (in)
     1    0.00                           ui_in[2] (net)
                  0.01    0.00    2.00 v _1144_/D (sky130_fd_sc_hd__dfxtp_2)
                                  2.00   data arrival time

                  0.15    0.00    0.00   clock clk (rise edge)
                          0.00    0.00   clock network delay (ideal)
                          0.25    0.25   clock uncertainty
                          0.00    0.25   clock reconvergence pessimism
                                  0.25 ^ _1144_/CLK (sky130_fd_sc_hd__dfxtp_2)
                         -0.01    0.24   library hold time
                                  0.24   data required time
-----------------------------------------------------------------------------
                                  0.24   data required time
                                 -2.00   data arrival time
-----------------------------------------------------------------------------
                                  1.76   slack (MET)


Startpoint: ui_in[3] (input port clocked by clk)
Endpoint: _1145_ (rising edge-triggered flip-flop clocked by clk)
Path Group: clk
Path Type: min

Fanout     Cap    Slew   Delay    Time   Description
-----------------------------------------------------------------------------
                  0.15    0.00    0.00   clock clk (rise edge)
                          0.00    0.00   clock network delay (ideal)
                          2.00    2.00 v input external delay
                  0.01    0.00    2.00 v ui_in[3] (in)
     1    0.00                           ui_in[3] (net)
                  0.01    0.00    2.00 v _1145_/D (sky130_fd_sc_hd__dfxtp_2)
                                  2.00   data arrival time

                  0.15    0.00    0.00   clock clk (rise edge)
                          0.00    0.00   clock network delay (ideal)
                          0.25    0.25   clock uncertainty
                          0.00    0.25   clock reconvergence pessimism
                                  0.25 ^ _1145_/CLK (sky130_fd_sc_hd__dfxtp_2)
                         -0.01    0.24   library hold time
                                  0.24   data required time
-----------------------------------------------------------------------------
                                  0.24   data required time
                                 -2.00   data arrival time
-----------------------------------------------------------------------------
                                  1.76   slack (MET)


Startpoint: uio_in[4] (input port clocked by clk)
Endpoint: _1309_ (rising edge-triggered flip-flop clocked by clk)
Path Group: clk
Path Type: min

Fanout     Cap    Slew   Delay    Time   Description
-----------------------------------------------------------------------------
                  0.15    0.00    0.00   clock clk (rise edge)
                          0.00    0.00   clock network delay (ideal)
                          2.00    2.00 v input external delay
                  0.01    0.00    2.00 v uio_in[4] (in)
     1    0.00                           uio_in[4] (net)
                  0.01    0.00    2.00 v _1309_/D (sky130_fd_sc_hd__dfxtp_2)
                                  2.00   data arrival time

                  0.15    0.00    0.00   clock clk (rise edge)
                          0.00    0.00   clock network delay (ideal)
                          0.25    0.25   clock uncertainty
                          0.00    0.25   clock reconvergence pessimism
                                  0.25 ^ _1309_/CLK (sky130_fd_sc_hd__dfxtp_2)
                         -0.01    0.24   library hold time
                                  0.24   data required time
-----------------------------------------------------------------------------
                                  0.24   data required time
                                 -2.00   data arrival time
-----------------------------------------------------------------------------
                                  1.76   slack (MET)


Startpoint: uio_in[5] (input port clocked by clk)
Endpoint: _1311_ (rising edge-triggered flip-flop clocked by clk)
Path Group: clk
Path Type: min

Fanout     Cap    Slew   Delay    Time   Description
-----------------------------------------------------------------------------
                  0.15    0.00    0.00   clock clk (rise edge)
                          0.00    0.00   clock network delay (ideal)
                          2.00    2.00 v input external delay
                  0.01    0.00    2.00 v uio_in[5] (in)
     1    0.00                           uio_in[5] (net)
                  0.01    0.00    2.00 v _1311_/D (sky130_fd_sc_hd__dfxtp_2)
                                  2.00   data arrival time

                  0.15    0.00    0.00   clock clk (rise edge)
                          0.00    0.00   clock network delay (ideal)
                          0.25    0.25   clock uncertainty
                          0.00    0.25   clock reconvergence pessimism
                                  0.25 ^ _1311_/CLK (sky130_fd_sc_hd__dfxtp_2)
                         -0.01    0.24   library hold time
                                  0.24   data required time
-----------------------------------------------------------------------------
                                  0.24   data required time
                                 -2.00   data arrival time
-----------------------------------------------------------------------------
                                  1.76   slack (MET)


Startpoint: uio_in[6] (input port clocked by clk)
Endpoint: _1313_ (rising edge-triggered flip-flop clocked by clk)
Path Group: clk
Path Type: min

Fanout     Cap    Slew   Delay    Time   Description
-----------------------------------------------------------------------------
                  0.15    0.00    0.00   clock clk (rise edge)
                          0.00    0.00   clock network delay (ideal)
                          2.00    2.00 v input external delay
                  0.01    0.00    2.00 v uio_in[6] (in)
     1    0.00                           uio_in[6] (net)
                  0.01    0.00    2.00 v _1313_/D (sky130_fd_sc_hd__dfxtp_2)
                                  2.00   data arrival time

                  0.15    0.00    0.00   clock clk (rise edge)
                          0.00    0.00   clock network delay (ideal)
                          0.25    0.25   clock uncertainty
                          0.00    0.25   clock reconvergence pessimism
                                  0.25 ^ _1313_/CLK (sky130_fd_sc_hd__dfxtp_2)
                         -0.01    0.24   library hold time
                                  0.24   data required time
-----------------------------------------------------------------------------
                                  0.24   data required time
                                 -2.00   data arrival time
-----------------------------------------------------------------------------
                                  1.76   slack (MET)


Startpoint: _1349_ (rising edge-triggered flip-flop clocked by clk)
Endpoint: uio_out[3] (output port clocked by clk)
Path Group: clk
Path Type: min

Fanout     Cap    Slew   Delay    Time   Description
-----------------------------------------------------------------------------
                  0.15    0.00    0.00   clock clk (rise edge)
                          0.00    0.00   clock network delay (ideal)
                  0.15    0.00    0.00 ^ _1349_/CLK (sky130_fd_sc_hd__dfxtp_2)
                  0.09    0.39    0.39 v _1349_/Q (sky130_fd_sc_hd__dfxtp_2)
     2    0.03                           uio_out[3] (net)
                  0.09    0.00    0.39 v uio_out[3] (out)
                                  0.39   data arrival time

                  0.15    0.00    0.00   clock clk (rise edge)
                          0.00    0.00   clock network delay (ideal)
                          0.25    0.25   clock uncertainty
                          0.00    0.25   clock reconvergence pessimism
                         -2.00   -1.75   output external delay
                                 -1.75   data required time
-----------------------------------------------------------------------------
                                 -1.75   data required time
                                 -0.39   data arrival time
-----------------------------------------------------------------------------
                                  2.14   slack (MET)


Startpoint: _1337_ (rising edge-triggered flip-flop clocked by clk)
Endpoint: uio_out[1] (output port clocked by clk)
Path Group: clk
Path Type: min

Fanout     Cap    Slew   Delay    Time   Description
-----------------------------------------------------------------------------
                  0.15    0.00    0.00   clock clk (rise edge)
                          0.00    0.00   clock network delay (ideal)
                  0.15    0.00    0.00 ^ _1337_/CLK (sky130_fd_sc_hd__dfxtp_2)
                  0.09    0.39    0.39 v _1337_/Q (sky130_fd_sc_hd__dfxtp_2)
     2    0.04                           uio_out[1] (net)
                  0.09    0.00    0.39 v uio_out[1] (out)
                                  0.39   data arrival time

                  0.15    0.00    0.00   clock clk (rise edge)
                          0.00    0.00   clock network delay (ideal)
                          0.25    0.25   clock uncertainty
                          0.00    0.25   clock reconvergence pessimism
                         -2.00   -1.75   output external delay
                                 -1.75   data required time
-----------------------------------------------------------------------------
                                 -1.75   data required time
                                 -0.39   data arrival time
-----------------------------------------------------------------------------
                                  2.14   slack (MET)


Startpoint: _1198_ (rising edge-triggered flip-flop clocked by clk)
Endpoint: uo_out[1] (output port clocked by clk)
Path Group: clk
Path Type: min

Fanout     Cap    Slew   Delay    Time   Description
-----------------------------------------------------------------------------
                  0.15    0.00    0.00   clock clk (rise edge)
                          0.00    0.00   clock network delay (ideal)
                  0.15    0.00    0.00 ^ _1198_/CLK (sky130_fd_sc_hd__dfrtp_2)
                  0.18    0.47    0.47 ^ _1198_/Q (sky130_fd_sc_hd__dfrtp_2)
     2    0.04                           uo_out[1] (net)
                  0.18    0.00    0.47 ^ uo_out[1] (out)
                                  0.47   data arrival time

                  0.15    0.00    0.00   clock clk (rise edge)
                          0.00    0.00   clock network delay (ideal)
                          0.25    0.25   clock uncertainty
                          0.00    0.25   clock reconvergence pessimism
                         -2.00   -1.75   output external delay
                                 -1.75   data required time
-----------------------------------------------------------------------------
                                 -1.75   data required time
                                 -0.47   data arrival time
-----------------------------------------------------------------------------
                                  2.22   slack (MET)


Startpoint: _1196_ (rising edge-triggered flip-flop clocked by clk)
Endpoint: uio_out[0] (output port clocked by clk)
Path Group: clk
Path Type: min

Fanout     Cap    Slew   Delay    Time   Description
-----------------------------------------------------------------------------
                  0.15    0.00    0.00   clock clk (rise edge)
                          0.00    0.00   clock network delay (ideal)
                  0.15    0.00    0.00 ^ _1196_/CLK (sky130_fd_sc_hd__dfrtp_2)
                  0.20    0.48    0.48 ^ _1196_/Q (sky130_fd_sc_hd__dfrtp_2)
     4    0.04                           uio_out[0] (net)
                  0.20    0.00    0.48 ^ uio_out[0] (out)
                                  0.48   data arrival time

                  0.15    0.00    0.00   clock clk (rise edge)
                          0.00    0.00   clock network delay (ideal)
                          0.25    0.25   clock uncertainty
                          0.00    0.25   clock reconvergence pessimism
                         -2.00   -1.75   output external delay
                                 -1.75   data required time
-----------------------------------------------------------------------------
                                 -1.75   data required time
                                 -0.48   data arrival time
-----------------------------------------------------------------------------
                                  2.23   slack (MET)


Startpoint: _1307_ (rising edge-triggered flip-flop clocked by clk)
Endpoint: uo_out[2] (output port clocked by clk)
Path Group: clk
Path Type: min

Fanout     Cap    Slew   Delay    Time   Description
-----------------------------------------------------------------------------
                  0.15    0.00    0.00   clock clk (rise edge)
                          0.00    0.00   clock network delay (ideal)
                  0.15    0.00    0.00 ^ _1307_/CLK (sky130_fd_sc_hd__dfrtp_2)
                  0.15    0.52    0.52 v _1307_/Q (sky130_fd_sc_hd__dfrtp_2)
     8    0.05                           uo_out[2] (net)
                  0.15    0.00    0.52 v uo_out[2] (out)
                                  0.52   data arrival time

                  0.15    0.00    0.00   clock clk (rise edge)
                          0.00    0.00   clock network delay (ideal)
                          0.25    0.25   clock uncertainty
                          0.00    0.25   clock reconvergence pessimism
                         -2.00   -1.75   output external delay
                                 -1.75   data required time
-----------------------------------------------------------------------------
                                 -1.75   data required time
                                 -0.52   data arrival time
-----------------------------------------------------------------------------
                                  2.27   slack (MET)


Startpoint: _1196_ (rising edge-triggered flip-flop clocked by clk)
Endpoint: uo_out[3] (output port clocked by clk)
Path Group: clk
Path Type: min

Fanout     Cap    Slew   Delay    Time   Description
-----------------------------------------------------------------------------
                  0.15    0.00    0.00   clock clk (rise edge)
                          0.00    0.00   clock network delay (ideal)
                  0.15    0.00    0.00 ^ _1196_/CLK (sky130_fd_sc_hd__dfrtp_2)
                  0.12    0.49    0.49 v _1196_/Q (sky130_fd_sc_hd__dfrtp_2)
     4    0.04                           uio_out[0] (net)
                  0.12    0.00    0.49 v _1367_/A (sky130_fd_sc_hd__buf_2)
                  0.09    0.20    0.70 v _1367_/X (sky130_fd_sc_hd__buf_2)
     1    0.03                           uo_out[3] (net)
                  0.09    0.00    0.70 v uo_out[3] (out)
                                  0.70   data arrival time

                  0.15    0.00    0.00   clock clk (rise edge)
                          0.00    0.00   clock network delay (ideal)
                          0.25    0.25   clock uncertainty
                          0.00    0.25   clock reconvergence pessimism
                         -2.00   -1.75   output external delay
                                 -1.75   data required time
-----------------------------------------------------------------------------
                                 -1.75   data required time
                                 -0.70   data arrival time
-----------------------------------------------------------------------------
                                  2.45   slack (MET)


Startpoint: _1199_ (rising edge-triggered flip-flop clocked by clk)
Endpoint: uo_out[0] (output port clocked by clk)
Path Group: clk
Path Type: min

Fanout     Cap    Slew   Delay    Time   Description
-----------------------------------------------------------------------------
                  0.15    0.00    0.00   clock clk (rise edge)
                          0.00    0.00   clock network delay (ideal)
                  0.15    0.00    0.00 ^ _1199_/CLK (sky130_fd_sc_hd__dfrtp_2)
                  0.06    0.37    0.37 ^ _1199_/Q (sky130_fd_sc_hd__dfrtp_2)
     4    0.01                           dut.supplemental_request_level (net)
                  0.06    0.00    0.37 ^ _0738_/A0 (sky130_fd_sc_hd__mux2_2)
                  0.03    0.13    0.50 ^ _0738_/X (sky130_fd_sc_hd__mux2_2)
     1    0.00                           _0335_ (net)
                  0.03    0.00    0.50 ^ _0739_/A (sky130_fd_sc_hd__buf_1)
                  0.42    0.32    0.82 ^ _0739_/X (sky130_fd_sc_hd__buf_1)
     2    0.04                           uo_out[0] (net)
                  0.42    0.00    0.82 ^ uo_out[0] (out)
                                  0.82   data arrival time

                  0.15    0.00    0.00   clock clk (rise edge)
                          0.00    0.00   clock network delay (ideal)
                          0.25    0.25   clock uncertainty
                          0.00    0.25   clock reconvergence pessimism
                         -2.00   -1.75   output external delay
                                 -1.75   data required time
-----------------------------------------------------------------------------
                                 -1.75   data required time
                                 -0.82   data arrival time
-----------------------------------------------------------------------------
                                  2.57   slack (MET)


Startpoint: _1150_ (rising edge-triggered flip-flop clocked by clk')
Endpoint: _1175_ (removal check against rising-edge clock clk)
Path Group: asynchronous
Path Type: min

Fanout     Cap    Slew   Delay    Time   Description
-----------------------------------------------------------------------------
                  0.15    5.00    5.00   clock clk' (rise edge)
                          0.00    5.00   clock network delay (ideal)
                  0.15    0.00    5.00 ^ _1150_/CLK (sky130_fd_sc_hd__dfxtp_2)
                  2.45    1.93    6.93 ^ _1150_/Q (sky130_fd_sc_hd__dfxtp_2)
   138    0.50                           dut.rst_n (net)
                  2.45    0.00    6.93 ^ _1175_/RESET_B (sky130_fd_sc_hd__dfrtp_2)
                                  6.93   data arrival time

                  0.15    0.00    0.00   clock clk (rise edge)
                          0.00    0.00   clock network delay (ideal)
                          0.25    0.25   clock uncertainty
                          0.00    0.25   clock reconvergence pessimism
                                  0.25 ^ _1175_/CLK (sky130_fd_sc_hd__dfrtp_2)
                          0.99    1.24   library removal time
                                  1.24   data required time
-----------------------------------------------------------------------------
                                  1.24   data required time
                                 -6.93   data arrival time
-----------------------------------------------------------------------------
                                  5.69   slack (MET)


Startpoint: _1150_ (rising edge-triggered flip-flop clocked by clk')
Endpoint: _1176_ (removal check against rising-edge clock clk)
Path Group: asynchronous
Path Type: min

Fanout     Cap    Slew   Delay    Time   Description
-----------------------------------------------------------------------------
                  0.15    5.00    5.00   clock clk' (rise edge)
                          0.00    5.00   clock network delay (ideal)
                  0.15    0.00    5.00 ^ _1150_/CLK (sky130_fd_sc_hd__dfxtp_2)
                  2.45    1.93    6.93 ^ _1150_/Q (sky130_fd_sc_hd__dfxtp_2)
   138    0.50                           dut.rst_n (net)
                  2.45    0.00    6.93 ^ _1176_/RESET_B (sky130_fd_sc_hd__dfrtp_2)
                                  6.93   data arrival time

                  0.15    0.00    0.00   clock clk (rise edge)
                          0.00    0.00   clock network delay (ideal)
                          0.25    0.25   clock uncertainty
                          0.00    0.25   clock reconvergence pessimism
                                  0.25 ^ _1176_/CLK (sky130_fd_sc_hd__dfrtp_2)
                          0.99    1.24   library removal time
                                  1.24   data required time
-----------------------------------------------------------------------------
                                  1.24   data required time
                                 -6.93   data arrival time
-----------------------------------------------------------------------------
                                  5.69   slack (MET)


Startpoint: _1150_ (rising edge-triggered flip-flop clocked by clk')
Endpoint: _1177_ (removal check against rising-edge clock clk)
Path Group: asynchronous
Path Type: min

Fanout     Cap    Slew   Delay    Time   Description
-----------------------------------------------------------------------------
                  0.15    5.00    5.00   clock clk' (rise edge)
                          0.00    5.00   clock network delay (ideal)
                  0.15    0.00    5.00 ^ _1150_/CLK (sky130_fd_sc_hd__dfxtp_2)
                  2.45    1.93    6.93 ^ _1150_/Q (sky130_fd_sc_hd__dfxtp_2)
   138    0.50                           dut.rst_n (net)
                  2.45    0.00    6.93 ^ _1177_/RESET_B (sky130_fd_sc_hd__dfrtp_2)
                                  6.93   data arrival time

                  0.15    0.00    0.00   clock clk (rise edge)
                          0.00    0.00   clock network delay (ideal)
                          0.25    0.25   clock uncertainty
                          0.00    0.25   clock reconvergence pessimism
                                  0.25 ^ _1177_/CLK (sky130_fd_sc_hd__dfrtp_2)
                          0.99    1.24   library removal time
                                  1.24   data required time
-----------------------------------------------------------------------------
                                  1.24   data required time
                                 -6.93   data arrival time
-----------------------------------------------------------------------------
                                  5.69   slack (MET)


Startpoint: _1150_ (rising edge-triggered flip-flop clocked by clk')
Endpoint: _1178_ (removal check against rising-edge clock clk)
Path Group: asynchronous
Path Type: min

Fanout     Cap    Slew   Delay    Time   Description
-----------------------------------------------------------------------------
                  0.15    5.00    5.00   clock clk' (rise edge)
                          0.00    5.00   clock network delay (ideal)
                  0.15    0.00    5.00 ^ _1150_/CLK (sky130_fd_sc_hd__dfxtp_2)
                  2.45    1.93    6.93 ^ _1150_/Q (sky130_fd_sc_hd__dfxtp_2)
   138    0.50                           dut.rst_n (net)
                  2.45    0.00    6.93 ^ _1178_/RESET_B (sky130_fd_sc_hd__dfrtp_2)
                                  6.93   data arrival time

                  0.15    0.00    0.00   clock clk (rise edge)
                          0.00    0.00   clock network delay (ideal)
                          0.25    0.25   clock uncertainty
                          0.00    0.25   clock reconvergence pessimism
                                  0.25 ^ _1178_/CLK (sky130_fd_sc_hd__dfrtp_2)
                          0.99    1.24   library removal time
                                  1.24   data required time
-----------------------------------------------------------------------------
                                  1.24   data required time
                                 -6.93   data arrival time
-----------------------------------------------------------------------------
                                  5.69   slack (MET)


Startpoint: _1150_ (rising edge-triggered flip-flop clocked by clk')
Endpoint: _1179_ (removal check against rising-edge clock clk)
Path Group: asynchronous
Path Type: min

Fanout     Cap    Slew   Delay    Time   Description
-----------------------------------------------------------------------------
                  0.15    5.00    5.00   clock clk' (rise edge)
                          0.00    5.00   clock network delay (ideal)
                  0.15    0.00    5.00 ^ _1150_/CLK (sky130_fd_sc_hd__dfxtp_2)
                  2.45    1.93    6.93 ^ _1150_/Q (sky130_fd_sc_hd__dfxtp_2)
   138    0.50                           dut.rst_n (net)
                  2.45    0.00    6.93 ^ _1179_/RESET_B (sky130_fd_sc_hd__dfrtp_2)
                                  6.93   data arrival time

                  0.15    0.00    0.00   clock clk (rise edge)
                          0.00    0.00   clock network delay (ideal)
                          0.25    0.25   clock uncertainty
                          0.00    0.25   clock reconvergence pessimism
                                  0.25 ^ _1179_/CLK (sky130_fd_sc_hd__dfrtp_2)
                          0.99    1.24   library removal time
                                  1.24   data required time
-----------------------------------------------------------------------------
                                  1.24   data required time
                                 -6.93   data arrival time
-----------------------------------------------------------------------------
                                  5.69   slack (MET)


Startpoint: _1150_ (rising edge-triggered flip-flop clocked by clk')
Endpoint: _1180_ (removal check against rising-edge clock clk)
Path Group: asynchronous
Path Type: min

Fanout     Cap    Slew   Delay    Time   Description
-----------------------------------------------------------------------------
                  0.15    5.00    5.00   clock clk' (rise edge)
                          0.00    5.00   clock network delay (ideal)
                  0.15    0.00    5.00 ^ _1150_/CLK (sky130_fd_sc_hd__dfxtp_2)
                  2.45    1.93    6.93 ^ _1150_/Q (sky130_fd_sc_hd__dfxtp_2)
   138    0.50                           dut.rst_n (net)
                  2.45    0.00    6.93 ^ _1180_/RESET_B (sky130_fd_sc_hd__dfrtp_2)
                                  6.93   data arrival time

                  0.15    0.00    0.00   clock clk (rise edge)
                          0.00    0.00   clock network delay (ideal)
                          0.25    0.25   clock uncertainty
                          0.00    0.25   clock reconvergence pessimism
                                  0.25 ^ _1180_/CLK (sky130_fd_sc_hd__dfrtp_2)
                          0.99    1.24   library removal time
                                  1.24   data required time
-----------------------------------------------------------------------------
                                  1.24   data required time
                                 -6.93   data arrival time
-----------------------------------------------------------------------------
                                  5.69   slack (MET)


Startpoint: _1150_ (rising edge-triggered flip-flop clocked by clk')
Endpoint: _1181_ (removal check against rising-edge clock clk)
Path Group: asynchronous
Path Type: min

Fanout     Cap    Slew   Delay    Time   Description
-----------------------------------------------------------------------------
                  0.15    5.00    5.00   clock clk' (rise edge)
                          0.00    5.00   clock network delay (ideal)
                  0.15    0.00    5.00 ^ _1150_/CLK (sky130_fd_sc_hd__dfxtp_2)
                  2.45    1.93    6.93 ^ _1150_/Q (sky130_fd_sc_hd__dfxtp_2)
   138    0.50                           dut.rst_n (net)
                  2.45    0.00    6.93 ^ _1181_/RESET_B (sky130_fd_sc_hd__dfrtp_2)
                                  6.93   data arrival time

                  0.15    0.00    0.00   clock clk (rise edge)
                          0.00    0.00   clock network delay (ideal)
                          0.25    0.25   clock uncertainty
                          0.00    0.25   clock reconvergence pessimism
                                  0.25 ^ _1181_/CLK (sky130_fd_sc_hd__dfrtp_2)
                          0.99    1.24   library removal time
                                  1.24   data required time
-----------------------------------------------------------------------------
                                  1.24   data required time
                                 -6.93   data arrival time
-----------------------------------------------------------------------------
                                  5.69   slack (MET)


Startpoint: _1150_ (rising edge-triggered flip-flop clocked by clk')
Endpoint: _1182_ (removal check against rising-edge clock clk)
Path Group: asynchronous
Path Type: min

Fanout     Cap    Slew   Delay    Time   Description
-----------------------------------------------------------------------------
                  0.15    5.00    5.00   clock clk' (rise edge)
                          0.00    5.00   clock network delay (ideal)
                  0.15    0.00    5.00 ^ _1150_/CLK (sky130_fd_sc_hd__dfxtp_2)
                  2.45    1.93    6.93 ^ _1150_/Q (sky130_fd_sc_hd__dfxtp_2)
   138    0.50                           dut.rst_n (net)
                  2.45    0.00    6.93 ^ _1182_/RESET_B (sky130_fd_sc_hd__dfrtp_2)
                                  6.93   data arrival time

                  0.15    0.00    0.00   clock clk (rise edge)
                          0.00    0.00   clock network delay (ideal)
                          0.25    0.25   clock uncertainty
                          0.00    0.25   clock reconvergence pessimism
                                  0.25 ^ _1182_/CLK (sky130_fd_sc_hd__dfrtp_2)
                          0.99    1.24   library removal time
                                  1.24   data required time
-----------------------------------------------------------------------------
                                  1.24   data required time
                                 -6.93   data arrival time
-----------------------------------------------------------------------------
                                  5.69   slack (MET)


Startpoint: _1150_ (rising edge-triggered flip-flop clocked by clk')
Endpoint: _1183_ (removal check against rising-edge clock clk)
Path Group: asynchronous
Path Type: min

Fanout     Cap    Slew   Delay    Time   Description
-----------------------------------------------------------------------------
                  0.15    5.00    5.00   clock clk' (rise edge)
                          0.00    5.00   clock network delay (ideal)
                  0.15    0.00    5.00 ^ _1150_/CLK (sky130_fd_sc_hd__dfxtp_2)
                  2.45    1.93    6.93 ^ _1150_/Q (sky130_fd_sc_hd__dfxtp_2)
   138    0.50                           dut.rst_n (net)
                  2.45    0.00    6.93 ^ _1183_/RESET_B (sky130_fd_sc_hd__dfrtp_2)
                                  6.93   data arrival time

                  0.15    0.00    0.00   clock clk (rise edge)
                          0.00    0.00   clock network delay (ideal)
                          0.25    0.25   clock uncertainty
                          0.00    0.25   clock reconvergence pessimism
                                  0.25 ^ _1183_/CLK (sky130_fd_sc_hd__dfrtp_2)
                          0.99    1.24   library removal time
                                  1.24   data required time
-----------------------------------------------------------------------------
                                  1.24   data required time
                                 -6.93   data arrival time
-----------------------------------------------------------------------------
                                  5.69   slack (MET)


Startpoint: _1150_ (rising edge-triggered flip-flop clocked by clk')
Endpoint: _1184_ (removal check against rising-edge clock clk)
Path Group: asynchronous
Path Type: min

Fanout     Cap    Slew   Delay    Time   Description
-----------------------------------------------------------------------------
                  0.15    5.00    5.00   clock clk' (rise edge)
                          0.00    5.00   clock network delay (ideal)
                  0.15    0.00    5.00 ^ _1150_/CLK (sky130_fd_sc_hd__dfxtp_2)
                  2.45    1.93    6.93 ^ _1150_/Q (sky130_fd_sc_hd__dfxtp_2)
   138    0.50                           dut.rst_n (net)
                  2.45    0.00    6.93 ^ _1184_/RESET_B (sky130_fd_sc_hd__dfrtp_2)
                                  6.93   data arrival time

                  0.15    0.00    0.00   clock clk (rise edge)
                          0.00    0.00   clock network delay (ideal)
                          0.25    0.25   clock uncertainty
                          0.00    0.25   clock reconvergence pessimism
                                  0.25 ^ _1184_/CLK (sky130_fd_sc_hd__dfrtp_2)
                          0.99    1.24   library removal time
                                  1.24   data required time
-----------------------------------------------------------------------------
                                  1.24   data required time
                                 -6.93   data arrival time
-----------------------------------------------------------------------------
                                  5.69   slack (MET)


Startpoint: _1150_ (rising edge-triggered flip-flop clocked by clk')
Endpoint: _1185_ (removal check against rising-edge clock clk)
Path Group: asynchronous
Path Type: min

Fanout     Cap    Slew   Delay    Time   Description
-----------------------------------------------------------------------------
                  0.15    5.00    5.00   clock clk' (rise edge)
                          0.00    5.00   clock network delay (ideal)
                  0.15    0.00    5.00 ^ _1150_/CLK (sky130_fd_sc_hd__dfxtp_2)
                  2.45    1.93    6.93 ^ _1150_/Q (sky130_fd_sc_hd__dfxtp_2)
   138    0.50                           dut.rst_n (net)
                  2.45    0.00    6.93 ^ _1185_/RESET_B (sky130_fd_sc_hd__dfrtp_2)
                                  6.93   data arrival time

                  0.15    0.00    0.00   clock clk (rise edge)
                          0.00    0.00   clock network delay (ideal)
                          0.25    0.25   clock uncertainty
                          0.00    0.25   clock reconvergence pessimism
                                  0.25 ^ _1185_/CLK (sky130_fd_sc_hd__dfrtp_2)
                          0.99    1.24   library removal time
                                  1.24   data required time
-----------------------------------------------------------------------------
                                  1.24   data required time
                                 -6.93   data arrival time
-----------------------------------------------------------------------------
                                  5.69   slack (MET)


Startpoint: _1150_ (rising edge-triggered flip-flop clocked by clk')
Endpoint: _1186_ (removal check against rising-edge clock clk)
Path Group: asynchronous
Path Type: min

Fanout     Cap    Slew   Delay    Time   Description
-----------------------------------------------------------------------------
                  0.15    5.00    5.00   clock clk' (rise edge)
                          0.00    5.00   clock network delay (ideal)
                  0.15    0.00    5.00 ^ _1150_/CLK (sky130_fd_sc_hd__dfxtp_2)
                  2.45    1.93    6.93 ^ _1150_/Q (sky130_fd_sc_hd__dfxtp_2)
   138    0.50                           dut.rst_n (net)
                  2.45    0.00    6.93 ^ _1186_/RESET_B (sky130_fd_sc_hd__dfrtp_2)
                                  6.93   data arrival time

                  0.15    0.00    0.00   clock clk (rise edge)
                          0.00    0.00   clock network delay (ideal)
                          0.25    0.25   clock uncertainty
                          0.00    0.25   clock reconvergence pessimism
                                  0.25 ^ _1186_/CLK (sky130_fd_sc_hd__dfrtp_2)
                          0.99    1.24   library removal time
                                  1.24   data required time
-----------------------------------------------------------------------------
                                  1.24   data required time
                                 -6.93   data arrival time
-----------------------------------------------------------------------------
                                  5.69   slack (MET)


Startpoint: _1150_ (rising edge-triggered flip-flop clocked by clk')
Endpoint: _1187_ (removal check against rising-edge clock clk)
Path Group: asynchronous
Path Type: min

Fanout     Cap    Slew   Delay    Time   Description
-----------------------------------------------------------------------------
                  0.15    5.00    5.00   clock clk' (rise edge)
                          0.00    5.00   clock network delay (ideal)
                  0.15    0.00    5.00 ^ _1150_/CLK (sky130_fd_sc_hd__dfxtp_2)
                  2.45    1.93    6.93 ^ _1150_/Q (sky130_fd_sc_hd__dfxtp_2)
   138    0.50                           dut.rst_n (net)
                  2.45    0.00    6.93 ^ _1187_/RESET_B (sky130_fd_sc_hd__dfrtp_2)
                                  6.93   data arrival time

                  0.15    0.00    0.00   clock clk (rise edge)
                          0.00    0.00   clock network delay (ideal)
                          0.25    0.25   clock uncertainty
                          0.00    0.25   clock reconvergence pessimism
                                  0.25 ^ _1187_/CLK (sky130_fd_sc_hd__dfrtp_2)
                          0.99    1.24   library removal time
                                  1.24   data required time
-----------------------------------------------------------------------------
                                  1.24   data required time
                                 -6.93   data arrival time
-----------------------------------------------------------------------------
                                  5.69   slack (MET)


Startpoint: _1150_ (rising edge-triggered flip-flop clocked by clk')
Endpoint: _1188_ (removal check against rising-edge clock clk)
Path Group: asynchronous
Path Type: min

Fanout     Cap    Slew   Delay    Time   Description
-----------------------------------------------------------------------------
                  0.15    5.00    5.00   clock clk' (rise edge)
                          0.00    5.00   clock network delay (ideal)
                  0.15    0.00    5.00 ^ _1150_/CLK (sky130_fd_sc_hd__dfxtp_2)
                  2.45    1.93    6.93 ^ _1150_/Q (sky130_fd_sc_hd__dfxtp_2)
   138    0.50                           dut.rst_n (net)
                  2.45    0.00    6.93 ^ _1188_/RESET_B (sky130_fd_sc_hd__dfrtp_2)
                                  6.93   data arrival time

                  0.15    0.00    0.00   clock clk (rise edge)
                          0.00    0.00   clock network delay (ideal)
                          0.25    0.25   clock uncertainty
                          0.00    0.25   clock reconvergence pessimism
                                  0.25 ^ _1188_/CLK (sky130_fd_sc_hd__dfrtp_2)
                          0.99    1.24   library removal time
                                  1.24   data required time
-----------------------------------------------------------------------------
                                  1.24   data required time
                                 -6.93   data arrival time
-----------------------------------------------------------------------------
                                  5.69   slack (MET)


Startpoint: _1150_ (rising edge-triggered flip-flop clocked by clk')
Endpoint: _1189_ (removal check against rising-edge clock clk)
Path Group: asynchronous
Path Type: min

Fanout     Cap    Slew   Delay    Time   Description
-----------------------------------------------------------------------------
                  0.15    5.00    5.00   clock clk' (rise edge)
                          0.00    5.00   clock network delay (ideal)
                  0.15    0.00    5.00 ^ _1150_/CLK (sky130_fd_sc_hd__dfxtp_2)
                  2.45    1.93    6.93 ^ _1150_/Q (sky130_fd_sc_hd__dfxtp_2)
   138    0.50                           dut.rst_n (net)
                  2.45    0.00    6.93 ^ _1189_/RESET_B (sky130_fd_sc_hd__dfrtp_2)
                                  6.93   data arrival time

                  0.15    0.00    0.00   clock clk (rise edge)
                          0.00    0.00   clock network delay (ideal)
                          0.25    0.25   clock uncertainty
                          0.00    0.25   clock reconvergence pessimism
                                  0.25 ^ _1189_/CLK (sky130_fd_sc_hd__dfrtp_2)
                          0.99    1.24   library removal time
                                  1.24   data required time
-----------------------------------------------------------------------------
                                  1.24   data required time
                                 -6.93   data arrival time
-----------------------------------------------------------------------------
                                  5.69   slack (MET)


Startpoint: _1150_ (rising edge-triggered flip-flop clocked by clk')
Endpoint: _1190_ (removal check against rising-edge clock clk)
Path Group: asynchronous
Path Type: min

Fanout     Cap    Slew   Delay    Time   Description
-----------------------------------------------------------------------------
                  0.15    5.00    5.00   clock clk' (rise edge)
                          0.00    5.00   clock network delay (ideal)
                  0.15    0.00    5.00 ^ _1150_/CLK (sky130_fd_sc_hd__dfxtp_2)
                  2.45    1.93    6.93 ^ _1150_/Q (sky130_fd_sc_hd__dfxtp_2)
   138    0.50                           dut.rst_n (net)
                  2.45    0.00    6.93 ^ _1190_/RESET_B (sky130_fd_sc_hd__dfrtp_2)
                                  6.93   data arrival time

                  0.15    0.00    0.00   clock clk (rise edge)
                          0.00    0.00   clock network delay (ideal)
                          0.25    0.25   clock uncertainty
                          0.00    0.25   clock reconvergence pessimism
                                  0.25 ^ _1190_/CLK (sky130_fd_sc_hd__dfrtp_2)
                          0.99    1.24   library removal time
                                  1.24   data required time
-----------------------------------------------------------------------------
                                  1.24   data required time
                                 -6.93   data arrival time
-----------------------------------------------------------------------------
                                  5.69   slack (MET)


Startpoint: _1150_ (rising edge-triggered flip-flop clocked by clk')
Endpoint: _1191_ (removal check against rising-edge clock clk)
Path Group: asynchronous
Path Type: min

Fanout     Cap    Slew   Delay    Time   Description
-----------------------------------------------------------------------------
                  0.15    5.00    5.00   clock clk' (rise edge)
                          0.00    5.00   clock network delay (ideal)
                  0.15    0.00    5.00 ^ _1150_/CLK (sky130_fd_sc_hd__dfxtp_2)
                  2.45    1.93    6.93 ^ _1150_/Q (sky130_fd_sc_hd__dfxtp_2)
   138    0.50                           dut.rst_n (net)
                  2.45    0.00    6.93 ^ _1191_/RESET_B (sky130_fd_sc_hd__dfrtp_2)
                                  6.93   data arrival time

                  0.15    0.00    0.00   clock clk (rise edge)
                          0.00    0.00   clock network delay (ideal)
                          0.25    0.25   clock uncertainty
                          0.00    0.25   clock reconvergence pessimism
                                  0.25 ^ _1191_/CLK (sky130_fd_sc_hd__dfrtp_2)
                          0.99    1.24   library removal time
                                  1.24   data required time
-----------------------------------------------------------------------------
                                  1.24   data required time
                                 -6.93   data arrival time
-----------------------------------------------------------------------------
                                  5.69   slack (MET)


Startpoint: _1150_ (rising edge-triggered flip-flop clocked by clk')
Endpoint: _1192_ (removal check against rising-edge clock clk)
Path Group: asynchronous
Path Type: min

Fanout     Cap    Slew   Delay    Time   Description
-----------------------------------------------------------------------------
                  0.15    5.00    5.00   clock clk' (rise edge)
                          0.00    5.00   clock network delay (ideal)
                  0.15    0.00    5.00 ^ _1150_/CLK (sky130_fd_sc_hd__dfxtp_2)
                  2.45    1.93    6.93 ^ _1150_/Q (sky130_fd_sc_hd__dfxtp_2)
   138    0.50                           dut.rst_n (net)
                  2.45    0.00    6.93 ^ _1192_/RESET_B (sky130_fd_sc_hd__dfrtp_2)
                                  6.93   data arrival time

                  0.15    0.00    0.00   clock clk (rise edge)
                          0.00    0.00   clock network delay (ideal)
                          0.25    0.25   clock uncertainty
                          0.00    0.25   clock reconvergence pessimism
                                  0.25 ^ _1192_/CLK (sky130_fd_sc_hd__dfrtp_2)
                          0.99    1.24   library removal time
                                  1.24   data required time
-----------------------------------------------------------------------------
                                  1.24   data required time
                                 -6.93   data arrival time
-----------------------------------------------------------------------------
                                  5.69   slack (MET)


Startpoint: _1150_ (rising edge-triggered flip-flop clocked by clk')
Endpoint: _1193_ (removal check against rising-edge clock clk)
Path Group: asynchronous
Path Type: min

Fanout     Cap    Slew   Delay    Time   Description
-----------------------------------------------------------------------------
                  0.15    5.00    5.00   clock clk' (rise edge)
                          0.00    5.00   clock network delay (ideal)
                  0.15    0.00    5.00 ^ _1150_/CLK (sky130_fd_sc_hd__dfxtp_2)
                  2.45    1.93    6.93 ^ _1150_/Q (sky130_fd_sc_hd__dfxtp_2)
   138    0.50                           dut.rst_n (net)
                  2.45    0.00    6.93 ^ _1193_/RESET_B (sky130_fd_sc_hd__dfrtp_2)
                                  6.93   data arrival time

                  0.15    0.00    0.00   clock clk (rise edge)
                          0.00    0.00   clock network delay (ideal)
                          0.25    0.25   clock uncertainty
                          0.00    0.25   clock reconvergence pessimism
                                  0.25 ^ _1193_/CLK (sky130_fd_sc_hd__dfrtp_2)
                          0.99    1.24   library removal time
                                  1.24   data required time
-----------------------------------------------------------------------------
                                  1.24   data required time
                                 -6.93   data arrival time
-----------------------------------------------------------------------------
                                  5.69   slack (MET)


Startpoint: _1150_ (rising edge-triggered flip-flop clocked by clk')
Endpoint: _1194_ (removal check against rising-edge clock clk)
Path Group: asynchronous
Path Type: min

Fanout     Cap    Slew   Delay    Time   Description
-----------------------------------------------------------------------------
                  0.15    5.00    5.00   clock clk' (rise edge)
                          0.00    5.00   clock network delay (ideal)
                  0.15    0.00    5.00 ^ _1150_/CLK (sky130_fd_sc_hd__dfxtp_2)
                  2.45    1.93    6.93 ^ _1150_/Q (sky130_fd_sc_hd__dfxtp_2)
   138    0.50                           dut.rst_n (net)
                  2.45    0.00    6.93 ^ _1194_/RESET_B (sky130_fd_sc_hd__dfrtp_2)
                                  6.93   data arrival time

                  0.15    0.00    0.00   clock clk (rise edge)
                          0.00    0.00   clock network delay (ideal)
                          0.25    0.25   clock uncertainty
                          0.00    0.25   clock reconvergence pessimism
                                  0.25 ^ _1194_/CLK (sky130_fd_sc_hd__dfrtp_2)
                          0.99    1.24   library removal time
                                  1.24   data required time
-----------------------------------------------------------------------------
                                  1.24   data required time
                                 -6.93   data arrival time
-----------------------------------------------------------------------------
                                  5.69   slack (MET)


Startpoint: _1150_ (rising edge-triggered flip-flop clocked by clk')
Endpoint: _1195_ (removal check against rising-edge clock clk)
Path Group: asynchronous
Path Type: min

Fanout     Cap    Slew   Delay    Time   Description
-----------------------------------------------------------------------------
                  0.15    5.00    5.00   clock clk' (rise edge)
                          0.00    5.00   clock network delay (ideal)
                  0.15    0.00    5.00 ^ _1150_/CLK (sky130_fd_sc_hd__dfxtp_2)
                  2.45    1.93    6.93 ^ _1150_/Q (sky130_fd_sc_hd__dfxtp_2)
   138    0.50                           dut.rst_n (net)
                  2.45    0.00    6.93 ^ _1195_/RESET_B (sky130_fd_sc_hd__dfrtp_2)
                                  6.93   data arrival time

                  0.15    0.00    0.00   clock clk (rise edge)
                          0.00    0.00   clock network delay (ideal)
                          0.25    0.25   clock uncertainty
                          0.00    0.25   clock reconvergence pessimism
                                  0.25 ^ _1195_/CLK (sky130_fd_sc_hd__dfrtp_2)
                          0.99    1.24   library removal time
                                  1.24   data required time
-----------------------------------------------------------------------------
                                  1.24   data required time
                                 -6.93   data arrival time
-----------------------------------------------------------------------------
                                  5.69   slack (MET)


Startpoint: _1150_ (rising edge-triggered flip-flop clocked by clk')
Endpoint: _1196_ (removal check against rising-edge clock clk)
Path Group: asynchronous
Path Type: min

Fanout     Cap    Slew   Delay    Time   Description
-----------------------------------------------------------------------------
                  0.15    5.00    5.00   clock clk' (rise edge)
                          0.00    5.00   clock network delay (ideal)
                  0.15    0.00    5.00 ^ _1150_/CLK (sky130_fd_sc_hd__dfxtp_2)
                  2.45    1.93    6.93 ^ _1150_/Q (sky130_fd_sc_hd__dfxtp_2)
   138    0.50                           dut.rst_n (net)
                  2.45    0.00    6.93 ^ _1196_/RESET_B (sky130_fd_sc_hd__dfrtp_2)
                                  6.93   data arrival time

                  0.15    0.00    0.00   clock clk (rise edge)
                          0.00    0.00   clock network delay (ideal)
                          0.25    0.25   clock uncertainty
                          0.00    0.25   clock reconvergence pessimism
                                  0.25 ^ _1196_/CLK (sky130_fd_sc_hd__dfrtp_2)
                          0.99    1.24   library removal time
                                  1.24   data required time
-----------------------------------------------------------------------------
                                  1.24   data required time
                                 -6.93   data arrival time
-----------------------------------------------------------------------------
                                  5.69   slack (MET)


Startpoint: _1150_ (rising edge-triggered flip-flop clocked by clk')
Endpoint: _1197_ (removal check against rising-edge clock clk)
Path Group: asynchronous
Path Type: min

Fanout     Cap    Slew   Delay    Time   Description
-----------------------------------------------------------------------------
                  0.15    5.00    5.00   clock clk' (rise edge)
                          0.00    5.00   clock network delay (ideal)
                  0.15    0.00    5.00 ^ _1150_/CLK (sky130_fd_sc_hd__dfxtp_2)
                  2.45    1.93    6.93 ^ _1150_/Q (sky130_fd_sc_hd__dfxtp_2)
   138    0.50                           dut.rst_n (net)
                  2.45    0.00    6.93 ^ _1197_/RESET_B (sky130_fd_sc_hd__dfrtp_2)
                                  6.93   data arrival time

                  0.15    0.00    0.00   clock clk (rise edge)
                          0.00    0.00   clock network delay (ideal)
                          0.25    0.25   clock uncertainty
                          0.00    0.25   clock reconvergence pessimism
                                  0.25 ^ _1197_/CLK (sky130_fd_sc_hd__dfrtp_2)
                          0.99    1.24   library removal time
                                  1.24   data required time
-----------------------------------------------------------------------------
                                  1.24   data required time
                                 -6.93   data arrival time
-----------------------------------------------------------------------------
                                  5.69   slack (MET)


Startpoint: _1150_ (rising edge-triggered flip-flop clocked by clk')
Endpoint: _1198_ (removal check against rising-edge clock clk)
Path Group: asynchronous
Path Type: min

Fanout     Cap    Slew   Delay    Time   Description
-----------------------------------------------------------------------------
                  0.15    5.00    5.00   clock clk' (rise edge)
                          0.00    5.00   clock network delay (ideal)
                  0.15    0.00    5.00 ^ _1150_/CLK (sky130_fd_sc_hd__dfxtp_2)
                  2.45    1.93    6.93 ^ _1150_/Q (sky130_fd_sc_hd__dfxtp_2)
   138    0.50                           dut.rst_n (net)
                  2.45    0.00    6.93 ^ _1198_/RESET_B (sky130_fd_sc_hd__dfrtp_2)
                                  6.93   data arrival time

                  0.15    0.00    0.00   clock clk (rise edge)
                          0.00    0.00   clock network delay (ideal)
                          0.25    0.25   clock uncertainty
                          0.00    0.25   clock reconvergence pessimism
                                  0.25 ^ _1198_/CLK (sky130_fd_sc_hd__dfrtp_2)
                          0.99    1.24   library removal time
                                  1.24   data required time
-----------------------------------------------------------------------------
                                  1.24   data required time
                                 -6.93   data arrival time
-----------------------------------------------------------------------------
                                  5.69   slack (MET)


Startpoint: _1150_ (rising edge-triggered flip-flop clocked by clk')
Endpoint: _1199_ (removal check against rising-edge clock clk)
Path Group: asynchronous
Path Type: min

Fanout     Cap    Slew   Delay    Time   Description
-----------------------------------------------------------------------------
                  0.15    5.00    5.00   clock clk' (rise edge)
                          0.00    5.00   clock network delay (ideal)
                  0.15    0.00    5.00 ^ _1150_/CLK (sky130_fd_sc_hd__dfxtp_2)
                  2.45    1.93    6.93 ^ _1150_/Q (sky130_fd_sc_hd__dfxtp_2)
   138    0.50                           dut.rst_n (net)
                  2.45    0.00    6.93 ^ _1199_/RESET_B (sky130_fd_sc_hd__dfrtp_2)
                                  6.93   data arrival time

                  0.15    0.00    0.00   clock clk (rise edge)
                          0.00    0.00   clock network delay (ideal)
                          0.25    0.25   clock uncertainty
                          0.00    0.25   clock reconvergence pessimism
                                  0.25 ^ _1199_/CLK (sky130_fd_sc_hd__dfrtp_2)
                          0.99    1.24   library removal time
                                  1.24   data required time
-----------------------------------------------------------------------------
                                  1.24   data required time
                                 -6.93   data arrival time
-----------------------------------------------------------------------------
                                  5.69   slack (MET)


Startpoint: _1150_ (rising edge-triggered flip-flop clocked by clk')
Endpoint: _1200_ (removal check against rising-edge clock clk)
Path Group: asynchronous
Path Type: min

Fanout     Cap    Slew   Delay    Time   Description
-----------------------------------------------------------------------------
                  0.15    5.00    5.00   clock clk' (rise edge)
                          0.00    5.00   clock network delay (ideal)
                  0.15    0.00    5.00 ^ _1150_/CLK (sky130_fd_sc_hd__dfxtp_2)
                  2.45    1.93    6.93 ^ _1150_/Q (sky130_fd_sc_hd__dfxtp_2)
   138    0.50                           dut.rst_n (net)
                  2.45    0.00    6.93 ^ _1200_/RESET_B (sky130_fd_sc_hd__dfrtp_2)
                                  6.93   data arrival time

                  0.15    0.00    0.00   clock clk (rise edge)
                          0.00    0.00   clock network delay (ideal)
                          0.25    0.25   clock uncertainty
                          0.00    0.25   clock reconvergence pessimism
                                  0.25 ^ _1200_/CLK (sky130_fd_sc_hd__dfrtp_2)
                          0.99    1.24   library removal time
                                  1.24   data required time
-----------------------------------------------------------------------------
                                  1.24   data required time
                                 -6.93   data arrival time
-----------------------------------------------------------------------------
                                  5.69   slack (MET)


Startpoint: _1150_ (rising edge-triggered flip-flop clocked by clk')
Endpoint: _1201_ (removal check against rising-edge clock clk)
Path Group: asynchronous
Path Type: min

Fanout     Cap    Slew   Delay    Time   Description
-----------------------------------------------------------------------------
                  0.15    5.00    5.00   clock clk' (rise edge)
                          0.00    5.00   clock network delay (ideal)
                  0.15    0.00    5.00 ^ _1150_/CLK (sky130_fd_sc_hd__dfxtp_2)
                  2.45    1.93    6.93 ^ _1150_/Q (sky130_fd_sc_hd__dfxtp_2)
   138    0.50                           dut.rst_n (net)
                  2.45    0.00    6.93 ^ _1201_/RESET_B (sky130_fd_sc_hd__dfrtp_2)
                                  6.93   data arrival time

                  0.15    0.00    0.00   clock clk (rise edge)
                          0.00    0.00   clock network delay (ideal)
                          0.25    0.25   clock uncertainty
                          0.00    0.25   clock reconvergence pessimism
                                  0.25 ^ _1201_/CLK (sky130_fd_sc_hd__dfrtp_2)
                          0.99    1.24   library removal time
                                  1.24   data required time
-----------------------------------------------------------------------------
                                  1.24   data required time
                                 -6.93   data arrival time
-----------------------------------------------------------------------------
                                  5.69   slack (MET)


Startpoint: _1150_ (rising edge-triggered flip-flop clocked by clk')
Endpoint: _1202_ (removal check against rising-edge clock clk)
Path Group: asynchronous
Path Type: min

Fanout     Cap    Slew   Delay    Time   Description
-----------------------------------------------------------------------------
                  0.15    5.00    5.00   clock clk' (rise edge)
                          0.00    5.00   clock network delay (ideal)
                  0.15    0.00    5.00 ^ _1150_/CLK (sky130_fd_sc_hd__dfxtp_2)
                  2.45    1.93    6.93 ^ _1150_/Q (sky130_fd_sc_hd__dfxtp_2)
   138    0.50                           dut.rst_n (net)
                  2.45    0.00    6.93 ^ _1202_/RESET_B (sky130_fd_sc_hd__dfrtp_2)
                                  6.93   data arrival time

                  0.15    0.00    0.00   clock clk (rise edge)
                          0.00    0.00   clock network delay (ideal)
                          0.25    0.25   clock uncertainty
                          0.00    0.25   clock reconvergence pessimism
                                  0.25 ^ _1202_/CLK (sky130_fd_sc_hd__dfrtp_2)
                          0.99    1.24   library removal time
                                  1.24   data required time
-----------------------------------------------------------------------------
                                  1.24   data required time
                                 -6.93   data arrival time
-----------------------------------------------------------------------------
                                  5.69   slack (MET)


Startpoint: _1150_ (rising edge-triggered flip-flop clocked by clk')
Endpoint: _1203_ (removal check against rising-edge clock clk)
Path Group: asynchronous
Path Type: min

Fanout     Cap    Slew   Delay    Time   Description
-----------------------------------------------------------------------------
                  0.15    5.00    5.00   clock clk' (rise edge)
                          0.00    5.00   clock network delay (ideal)
                  0.15    0.00    5.00 ^ _1150_/CLK (sky130_fd_sc_hd__dfxtp_2)
                  2.45    1.93    6.93 ^ _1150_/Q (sky130_fd_sc_hd__dfxtp_2)
   138    0.50                           dut.rst_n (net)
                  2.45    0.00    6.93 ^ _1203_/RESET_B (sky130_fd_sc_hd__dfrtp_2)
                                  6.93   data arrival time

                  0.15    0.00    0.00   clock clk (rise edge)
                          0.00    0.00   clock network delay (ideal)
                          0.25    0.25   clock uncertainty
                          0.00    0.25   clock reconvergence pessimism
                                  0.25 ^ _1203_/CLK (sky130_fd_sc_hd__dfrtp_2)
                          0.99    1.24   library removal time
                                  1.24   data required time
-----------------------------------------------------------------------------
                                  1.24   data required time
                                 -6.93   data arrival time
-----------------------------------------------------------------------------
                                  5.69   slack (MET)


Startpoint: _1150_ (rising edge-triggered flip-flop clocked by clk')
Endpoint: _1204_ (removal check against rising-edge clock clk)
Path Group: asynchronous
Path Type: min

Fanout     Cap    Slew   Delay    Time   Description
-----------------------------------------------------------------------------
                  0.15    5.00    5.00   clock clk' (rise edge)
                          0.00    5.00   clock network delay (ideal)
                  0.15    0.00    5.00 ^ _1150_/CLK (sky130_fd_sc_hd__dfxtp_2)
                  2.45    1.93    6.93 ^ _1150_/Q (sky130_fd_sc_hd__dfxtp_2)
   138    0.50                           dut.rst_n (net)
                  2.45    0.00    6.93 ^ _1204_/RESET_B (sky130_fd_sc_hd__dfrtp_2)
                                  6.93   data arrival time

                  0.15    0.00    0.00   clock clk (rise edge)
                          0.00    0.00   clock network delay (ideal)
                          0.25    0.25   clock uncertainty
                          0.00    0.25   clock reconvergence pessimism
                                  0.25 ^ _1204_/CLK (sky130_fd_sc_hd__dfrtp_2)
                          0.99    1.24   library removal time
                                  1.24   data required time
-----------------------------------------------------------------------------
                                  1.24   data required time
                                 -6.93   data arrival time
-----------------------------------------------------------------------------
                                  5.69   slack (MET)


Startpoint: _1150_ (rising edge-triggered flip-flop clocked by clk')
Endpoint: _1205_ (removal check against rising-edge clock clk)
Path Group: asynchronous
Path Type: min

Fanout     Cap    Slew   Delay    Time   Description
-----------------------------------------------------------------------------
                  0.15    5.00    5.00   clock clk' (rise edge)
                          0.00    5.00   clock network delay (ideal)
                  0.15    0.00    5.00 ^ _1150_/CLK (sky130_fd_sc_hd__dfxtp_2)
                  2.45    1.93    6.93 ^ _1150_/Q (sky130_fd_sc_hd__dfxtp_2)
   138    0.50                           dut.rst_n (net)
                  2.45    0.00    6.93 ^ _1205_/RESET_B (sky130_fd_sc_hd__dfrtp_2)
                                  6.93   data arrival time

                  0.15    0.00    0.00   clock clk (rise edge)
                          0.00    0.00   clock network delay (ideal)
                          0.25    0.25   clock uncertainty
                          0.00    0.25   clock reconvergence pessimism
                                  0.25 ^ _1205_/CLK (sky130_fd_sc_hd__dfrtp_2)
                          0.99    1.24   library removal time
                                  1.24   data required time
-----------------------------------------------------------------------------
                                  1.24   data required time
                                 -6.93   data arrival time
-----------------------------------------------------------------------------
                                  5.69   slack (MET)


Startpoint: _1150_ (rising edge-triggered flip-flop clocked by clk')
Endpoint: _1206_ (removal check against rising-edge clock clk)
Path Group: asynchronous
Path Type: min

Fanout     Cap    Slew   Delay    Time   Description
-----------------------------------------------------------------------------
                  0.15    5.00    5.00   clock clk' (rise edge)
                          0.00    5.00   clock network delay (ideal)
                  0.15    0.00    5.00 ^ _1150_/CLK (sky130_fd_sc_hd__dfxtp_2)
                  2.45    1.93    6.93 ^ _1150_/Q (sky130_fd_sc_hd__dfxtp_2)
   138    0.50                           dut.rst_n (net)
                  2.45    0.00    6.93 ^ _1206_/RESET_B (sky130_fd_sc_hd__dfrtp_2)
                                  6.93   data arrival time

                  0.15    0.00    0.00   clock clk (rise edge)
                          0.00    0.00   clock network delay (ideal)
                          0.25    0.25   clock uncertainty
                          0.00    0.25   clock reconvergence pessimism
                                  0.25 ^ _1206_/CLK (sky130_fd_sc_hd__dfrtp_2)
                          0.99    1.24   library removal time
                                  1.24   data required time
-----------------------------------------------------------------------------
                                  1.24   data required time
                                 -6.93   data arrival time
-----------------------------------------------------------------------------
                                  5.69   slack (MET)


Startpoint: _1150_ (rising edge-triggered flip-flop clocked by clk')
Endpoint: _1207_ (removal check against rising-edge clock clk)
Path Group: asynchronous
Path Type: min

Fanout     Cap    Slew   Delay    Time   Description
-----------------------------------------------------------------------------
                  0.15    5.00    5.00   clock clk' (rise edge)
                          0.00    5.00   clock network delay (ideal)
                  0.15    0.00    5.00 ^ _1150_/CLK (sky130_fd_sc_hd__dfxtp_2)
                  2.45    1.93    6.93 ^ _1150_/Q (sky130_fd_sc_hd__dfxtp_2)
   138    0.50                           dut.rst_n (net)
                  2.45    0.00    6.93 ^ _1207_/RESET_B (sky130_fd_sc_hd__dfrtp_2)
                                  6.93   data arrival time

                  0.15    0.00    0.00   clock clk (rise edge)
                          0.00    0.00   clock network delay (ideal)
                          0.25    0.25   clock uncertainty
                          0.00    0.25   clock reconvergence pessimism
                                  0.25 ^ _1207_/CLK (sky130_fd_sc_hd__dfrtp_2)
                          0.99    1.24   library removal time
                                  1.24   data required time
-----------------------------------------------------------------------------
                                  1.24   data required time
                                 -6.93   data arrival time
-----------------------------------------------------------------------------
                                  5.69   slack (MET)


Startpoint: _1150_ (rising edge-triggered flip-flop clocked by clk')
Endpoint: _1208_ (removal check against rising-edge clock clk)
Path Group: asynchronous
Path Type: min

Fanout     Cap    Slew   Delay    Time   Description
-----------------------------------------------------------------------------
                  0.15    5.00    5.00   clock clk' (rise edge)
                          0.00    5.00   clock network delay (ideal)
                  0.15    0.00    5.00 ^ _1150_/CLK (sky130_fd_sc_hd__dfxtp_2)
                  2.45    1.93    6.93 ^ _1150_/Q (sky130_fd_sc_hd__dfxtp_2)
   138    0.50                           dut.rst_n (net)
                  2.45    0.00    6.93 ^ _1208_/RESET_B (sky130_fd_sc_hd__dfrtp_2)
                                  6.93   data arrival time

                  0.15    0.00    0.00   clock clk (rise edge)
                          0.00    0.00   clock network delay (ideal)
                          0.25    0.25   clock uncertainty
                          0.00    0.25   clock reconvergence pessimism
                                  0.25 ^ _1208_/CLK (sky130_fd_sc_hd__dfrtp_2)
                          0.99    1.24   library removal time
                                  1.24   data required time
-----------------------------------------------------------------------------
                                  1.24   data required time
                                 -6.93   data arrival time
-----------------------------------------------------------------------------
                                  5.69   slack (MET)


Startpoint: _1150_ (rising edge-triggered flip-flop clocked by clk')
Endpoint: _1209_ (removal check against rising-edge clock clk)
Path Group: asynchronous
Path Type: min

Fanout     Cap    Slew   Delay    Time   Description
-----------------------------------------------------------------------------
                  0.15    5.00    5.00   clock clk' (rise edge)
                          0.00    5.00   clock network delay (ideal)
                  0.15    0.00    5.00 ^ _1150_/CLK (sky130_fd_sc_hd__dfxtp_2)
                  2.45    1.93    6.93 ^ _1150_/Q (sky130_fd_sc_hd__dfxtp_2)
   138    0.50                           dut.rst_n (net)
                  2.45    0.00    6.93 ^ _1209_/RESET_B (sky130_fd_sc_hd__dfrtp_2)
                                  6.93   data arrival time

                  0.15    0.00    0.00   clock clk (rise edge)
                          0.00    0.00   clock network delay (ideal)
                          0.25    0.25   clock uncertainty
                          0.00    0.25   clock reconvergence pessimism
                                  0.25 ^ _1209_/CLK (sky130_fd_sc_hd__dfrtp_2)
                          0.99    1.24   library removal time
                                  1.24   data required time
-----------------------------------------------------------------------------
                                  1.24   data required time
                                 -6.93   data arrival time
-----------------------------------------------------------------------------
                                  5.69   slack (MET)


Startpoint: _1150_ (rising edge-triggered flip-flop clocked by clk')
Endpoint: _1210_ (removal check against rising-edge clock clk)
Path Group: asynchronous
Path Type: min

Fanout     Cap    Slew   Delay    Time   Description
-----------------------------------------------------------------------------
                  0.15    5.00    5.00   clock clk' (rise edge)
                          0.00    5.00   clock network delay (ideal)
                  0.15    0.00    5.00 ^ _1150_/CLK (sky130_fd_sc_hd__dfxtp_2)
                  2.45    1.93    6.93 ^ _1150_/Q (sky130_fd_sc_hd__dfxtp_2)
   138    0.50                           dut.rst_n (net)
                  2.45    0.00    6.93 ^ _1210_/RESET_B (sky130_fd_sc_hd__dfrtp_2)
                                  6.93   data arrival time

                  0.15    0.00    0.00   clock clk (rise edge)
                          0.00    0.00   clock network delay (ideal)
                          0.25    0.25   clock uncertainty
                          0.00    0.25   clock reconvergence pessimism
                                  0.25 ^ _1210_/CLK (sky130_fd_sc_hd__dfrtp_2)
                          0.99    1.24   library removal time
                                  1.24   data required time
-----------------------------------------------------------------------------
                                  1.24   data required time
                                 -6.93   data arrival time
-----------------------------------------------------------------------------
                                  5.69   slack (MET)


Startpoint: _1150_ (rising edge-triggered flip-flop clocked by clk')
Endpoint: _1211_ (removal check against rising-edge clock clk)
Path Group: asynchronous
Path Type: min

Fanout     Cap    Slew   Delay    Time   Description
-----------------------------------------------------------------------------
                  0.15    5.00    5.00   clock clk' (rise edge)
                          0.00    5.00   clock network delay (ideal)
                  0.15    0.00    5.00 ^ _1150_/CLK (sky130_fd_sc_hd__dfxtp_2)
                  2.45    1.93    6.93 ^ _1150_/Q (sky130_fd_sc_hd__dfxtp_2)
   138    0.50                           dut.rst_n (net)
                  2.45    0.00    6.93 ^ _1211_/RESET_B (sky130_fd_sc_hd__dfrtp_2)
                                  6.93   data arrival time

                  0.15    0.00    0.00   clock clk (rise edge)
                          0.00    0.00   clock network delay (ideal)
                          0.25    0.25   clock uncertainty
                          0.00    0.25   clock reconvergence pessimism
                                  0.25 ^ _1211_/CLK (sky130_fd_sc_hd__dfrtp_2)
                          0.99    1.24   library removal time
                                  1.24   data required time
-----------------------------------------------------------------------------
                                  1.24   data required time
                                 -6.93   data arrival time
-----------------------------------------------------------------------------
                                  5.69   slack (MET)


Startpoint: _1150_ (rising edge-triggered flip-flop clocked by clk')
Endpoint: _1212_ (removal check against rising-edge clock clk)
Path Group: asynchronous
Path Type: min

Fanout     Cap    Slew   Delay    Time   Description
-----------------------------------------------------------------------------
                  0.15    5.00    5.00   clock clk' (rise edge)
                          0.00    5.00   clock network delay (ideal)
                  0.15    0.00    5.00 ^ _1150_/CLK (sky130_fd_sc_hd__dfxtp_2)
                  2.45    1.93    6.93 ^ _1150_/Q (sky130_fd_sc_hd__dfxtp_2)
   138    0.50                           dut.rst_n (net)
                  2.45    0.00    6.93 ^ _1212_/RESET_B (sky130_fd_sc_hd__dfrtp_2)
                                  6.93   data arrival time

                  0.15    0.00    0.00   clock clk (rise edge)
                          0.00    0.00   clock network delay (ideal)
                          0.25    0.25   clock uncertainty
                          0.00    0.25   clock reconvergence pessimism
                                  0.25 ^ _1212_/CLK (sky130_fd_sc_hd__dfrtp_2)
                          0.99    1.24   library removal time
                                  1.24   data required time
-----------------------------------------------------------------------------
                                  1.24   data required time
                                 -6.93   data arrival time
-----------------------------------------------------------------------------
                                  5.69   slack (MET)


Startpoint: _1150_ (rising edge-triggered flip-flop clocked by clk')
Endpoint: _1213_ (removal check against rising-edge clock clk)
Path Group: asynchronous
Path Type: min

Fanout     Cap    Slew   Delay    Time   Description
-----------------------------------------------------------------------------
                  0.15    5.00    5.00   clock clk' (rise edge)
                          0.00    5.00   clock network delay (ideal)
                  0.15    0.00    5.00 ^ _1150_/CLK (sky130_fd_sc_hd__dfxtp_2)
                  2.45    1.93    6.93 ^ _1150_/Q (sky130_fd_sc_hd__dfxtp_2)
   138    0.50                           dut.rst_n (net)
                  2.45    0.00    6.93 ^ _1213_/RESET_B (sky130_fd_sc_hd__dfrtp_2)
                                  6.93   data arrival time

                  0.15    0.00    0.00   clock clk (rise edge)
                          0.00    0.00   clock network delay (ideal)
                          0.25    0.25   clock uncertainty
                          0.00    0.25   clock reconvergence pessimism
                                  0.25 ^ _1213_/CLK (sky130_fd_sc_hd__dfrtp_2)
                          0.99    1.24   library removal time
                                  1.24   data required time
-----------------------------------------------------------------------------
                                  1.24   data required time
                                 -6.93   data arrival time
-----------------------------------------------------------------------------
                                  5.69   slack (MET)


Startpoint: _1150_ (rising edge-triggered flip-flop clocked by clk')
Endpoint: _1214_ (removal check against rising-edge clock clk)
Path Group: asynchronous
Path Type: min

Fanout     Cap    Slew   Delay    Time   Description
-----------------------------------------------------------------------------
                  0.15    5.00    5.00   clock clk' (rise edge)
                          0.00    5.00   clock network delay (ideal)
                  0.15    0.00    5.00 ^ _1150_/CLK (sky130_fd_sc_hd__dfxtp_2)
                  2.45    1.93    6.93 ^ _1150_/Q (sky130_fd_sc_hd__dfxtp_2)
   138    0.50                           dut.rst_n (net)
                  2.45    0.00    6.93 ^ _1214_/RESET_B (sky130_fd_sc_hd__dfrtp_2)
                                  6.93   data arrival time

                  0.15    0.00    0.00   clock clk (rise edge)
                          0.00    0.00   clock network delay (ideal)
                          0.25    0.25   clock uncertainty
                          0.00    0.25   clock reconvergence pessimism
                                  0.25 ^ _1214_/CLK (sky130_fd_sc_hd__dfrtp_2)
                          0.99    1.24   library removal time
                                  1.24   data required time
-----------------------------------------------------------------------------
                                  1.24   data required time
                                 -6.93   data arrival time
-----------------------------------------------------------------------------
                                  5.69   slack (MET)


Startpoint: _1150_ (rising edge-triggered flip-flop clocked by clk')
Endpoint: _1215_ (removal check against rising-edge clock clk)
Path Group: asynchronous
Path Type: min

Fanout     Cap    Slew   Delay    Time   Description
-----------------------------------------------------------------------------
                  0.15    5.00    5.00   clock clk' (rise edge)
                          0.00    5.00   clock network delay (ideal)
                  0.15    0.00    5.00 ^ _1150_/CLK (sky130_fd_sc_hd__dfxtp_2)
                  2.45    1.93    6.93 ^ _1150_/Q (sky130_fd_sc_hd__dfxtp_2)
   138    0.50                           dut.rst_n (net)
                  2.45    0.00    6.93 ^ _1215_/RESET_B (sky130_fd_sc_hd__dfrtp_2)
                                  6.93   data arrival time

                  0.15    0.00    0.00   clock clk (rise edge)
                          0.00    0.00   clock network delay (ideal)
                          0.25    0.25   clock uncertainty
                          0.00    0.25   clock reconvergence pessimism
                                  0.25 ^ _1215_/CLK (sky130_fd_sc_hd__dfrtp_2)
                          0.99    1.24   library removal time
                                  1.24   data required time
-----------------------------------------------------------------------------
                                  1.24   data required time
                                 -6.93   data arrival time
-----------------------------------------------------------------------------
                                  5.69   slack (MET)


Startpoint: _1150_ (rising edge-triggered flip-flop clocked by clk')
Endpoint: _1216_ (removal check against rising-edge clock clk)
Path Group: asynchronous
Path Type: min

Fanout     Cap    Slew   Delay    Time   Description
-----------------------------------------------------------------------------
                  0.15    5.00    5.00   clock clk' (rise edge)
                          0.00    5.00   clock network delay (ideal)
                  0.15    0.00    5.00 ^ _1150_/CLK (sky130_fd_sc_hd__dfxtp_2)
                  2.45    1.93    6.93 ^ _1150_/Q (sky130_fd_sc_hd__dfxtp_2)
   138    0.50                           dut.rst_n (net)
                  2.45    0.00    6.93 ^ _1216_/RESET_B (sky130_fd_sc_hd__dfrtp_2)
                                  6.93   data arrival time

                  0.15    0.00    0.00   clock clk (rise edge)
                          0.00    0.00   clock network delay (ideal)
                          0.25    0.25   clock uncertainty
                          0.00    0.25   clock reconvergence pessimism
                                  0.25 ^ _1216_/CLK (sky130_fd_sc_hd__dfrtp_2)
                          0.99    1.24   library removal time
                                  1.24   data required time
-----------------------------------------------------------------------------
                                  1.24   data required time
                                 -6.93   data arrival time
-----------------------------------------------------------------------------
                                  5.69   slack (MET)


Startpoint: _1150_ (rising edge-triggered flip-flop clocked by clk')
Endpoint: _1217_ (removal check against rising-edge clock clk)
Path Group: asynchronous
Path Type: min

Fanout     Cap    Slew   Delay    Time   Description
-----------------------------------------------------------------------------
                  0.15    5.00    5.00   clock clk' (rise edge)
                          0.00    5.00   clock network delay (ideal)
                  0.15    0.00    5.00 ^ _1150_/CLK (sky130_fd_sc_hd__dfxtp_2)
                  2.45    1.93    6.93 ^ _1150_/Q (sky130_fd_sc_hd__dfxtp_2)
   138    0.50                           dut.rst_n (net)
                  2.45    0.00    6.93 ^ _1217_/RESET_B (sky130_fd_sc_hd__dfrtp_2)
                                  6.93   data arrival time

                  0.15    0.00    0.00   clock clk (rise edge)
                          0.00    0.00   clock network delay (ideal)
                          0.25    0.25   clock uncertainty
                          0.00    0.25   clock reconvergence pessimism
                                  0.25 ^ _1217_/CLK (sky130_fd_sc_hd__dfrtp_2)
                          0.99    1.24   library removal time
                                  1.24   data required time
-----------------------------------------------------------------------------
                                  1.24   data required time
                                 -6.93   data arrival time
-----------------------------------------------------------------------------
                                  5.69   slack (MET)


Startpoint: _1150_ (rising edge-triggered flip-flop clocked by clk')
Endpoint: _1218_ (removal check against rising-edge clock clk)
Path Group: asynchronous
Path Type: min

Fanout     Cap    Slew   Delay    Time   Description
-----------------------------------------------------------------------------
                  0.15    5.00    5.00   clock clk' (rise edge)
                          0.00    5.00   clock network delay (ideal)
                  0.15    0.00    5.00 ^ _1150_/CLK (sky130_fd_sc_hd__dfxtp_2)
                  2.45    1.93    6.93 ^ _1150_/Q (sky130_fd_sc_hd__dfxtp_2)
   138    0.50                           dut.rst_n (net)
                  2.45    0.00    6.93 ^ _1218_/RESET_B (sky130_fd_sc_hd__dfrtp_2)
                                  6.93   data arrival time

                  0.15    0.00    0.00   clock clk (rise edge)
                          0.00    0.00   clock network delay (ideal)
                          0.25    0.25   clock uncertainty
                          0.00    0.25   clock reconvergence pessimism
                                  0.25 ^ _1218_/CLK (sky130_fd_sc_hd__dfrtp_2)
                          0.99    1.24   library removal time
                                  1.24   data required time
-----------------------------------------------------------------------------
                                  1.24   data required time
                                 -6.93   data arrival time
-----------------------------------------------------------------------------
                                  5.69   slack (MET)


Startpoint: _1150_ (rising edge-triggered flip-flop clocked by clk')
Endpoint: _1219_ (removal check against rising-edge clock clk)
Path Group: asynchronous
Path Type: min

Fanout     Cap    Slew   Delay    Time   Description
-----------------------------------------------------------------------------
                  0.15    5.00    5.00   clock clk' (rise edge)
                          0.00    5.00   clock network delay (ideal)
                  0.15    0.00    5.00 ^ _1150_/CLK (sky130_fd_sc_hd__dfxtp_2)
                  2.45    1.93    6.93 ^ _1150_/Q (sky130_fd_sc_hd__dfxtp_2)
   138    0.50                           dut.rst_n (net)
                  2.45    0.00    6.93 ^ _1219_/RESET_B (sky130_fd_sc_hd__dfrtp_2)
                                  6.93   data arrival time

                  0.15    0.00    0.00   clock clk (rise edge)
                          0.00    0.00   clock network delay (ideal)
                          0.25    0.25   clock uncertainty
                          0.00    0.25   clock reconvergence pessimism
                                  0.25 ^ _1219_/CLK (sky130_fd_sc_hd__dfrtp_2)
                          0.99    1.24   library removal time
                                  1.24   data required time
-----------------------------------------------------------------------------
                                  1.24   data required time
                                 -6.93   data arrival time
-----------------------------------------------------------------------------
                                  5.69   slack (MET)


Startpoint: _1150_ (rising edge-triggered flip-flop clocked by clk')
Endpoint: _1220_ (removal check against rising-edge clock clk)
Path Group: asynchronous
Path Type: min

Fanout     Cap    Slew   Delay    Time   Description
-----------------------------------------------------------------------------
                  0.15    5.00    5.00   clock clk' (rise edge)
                          0.00    5.00   clock network delay (ideal)
                  0.15    0.00    5.00 ^ _1150_/CLK (sky130_fd_sc_hd__dfxtp_2)
                  2.45    1.93    6.93 ^ _1150_/Q (sky130_fd_sc_hd__dfxtp_2)
   138    0.50                           dut.rst_n (net)
                  2.45    0.00    6.93 ^ _1220_/RESET_B (sky130_fd_sc_hd__dfrtp_2)
                                  6.93   data arrival time

                  0.15    0.00    0.00   clock clk (rise edge)
                          0.00    0.00   clock network delay (ideal)
                          0.25    0.25   clock uncertainty
                          0.00    0.25   clock reconvergence pessimism
                                  0.25 ^ _1220_/CLK (sky130_fd_sc_hd__dfrtp_2)
                          0.99    1.24   library removal time
                                  1.24   data required time
-----------------------------------------------------------------------------
                                  1.24   data required time
                                 -6.93   data arrival time
-----------------------------------------------------------------------------
                                  5.69   slack (MET)


Startpoint: _1150_ (rising edge-triggered flip-flop clocked by clk')
Endpoint: _1221_ (removal check against rising-edge clock clk)
Path Group: asynchronous
Path Type: min

Fanout     Cap    Slew   Delay    Time   Description
-----------------------------------------------------------------------------
                  0.15    5.00    5.00   clock clk' (rise edge)
                          0.00    5.00   clock network delay (ideal)
                  0.15    0.00    5.00 ^ _1150_/CLK (sky130_fd_sc_hd__dfxtp_2)
                  2.45    1.93    6.93 ^ _1150_/Q (sky130_fd_sc_hd__dfxtp_2)
   138    0.50                           dut.rst_n (net)
                  2.45    0.00    6.93 ^ _1221_/RESET_B (sky130_fd_sc_hd__dfrtp_2)
                                  6.93   data arrival time

                  0.15    0.00    0.00   clock clk (rise edge)
                          0.00    0.00   clock network delay (ideal)
                          0.25    0.25   clock uncertainty
                          0.00    0.25   clock reconvergence pessimism
                                  0.25 ^ _1221_/CLK (sky130_fd_sc_hd__dfrtp_2)
                          0.99    1.24   library removal time
                                  1.24   data required time
-----------------------------------------------------------------------------
                                  1.24   data required time
                                 -6.93   data arrival time
-----------------------------------------------------------------------------
                                  5.69   slack (MET)


Startpoint: _1150_ (rising edge-triggered flip-flop clocked by clk')
Endpoint: _1222_ (removal check against rising-edge clock clk)
Path Group: asynchronous
Path Type: min

Fanout     Cap    Slew   Delay    Time   Description
-----------------------------------------------------------------------------
                  0.15    5.00    5.00   clock clk' (rise edge)
                          0.00    5.00   clock network delay (ideal)
                  0.15    0.00    5.00 ^ _1150_/CLK (sky130_fd_sc_hd__dfxtp_2)
                  2.45    1.93    6.93 ^ _1150_/Q (sky130_fd_sc_hd__dfxtp_2)
   138    0.50                           dut.rst_n (net)
                  2.45    0.00    6.93 ^ _1222_/RESET_B (sky130_fd_sc_hd__dfrtp_2)
                                  6.93   data arrival time

                  0.15    0.00    0.00   clock clk (rise edge)
                          0.00    0.00   clock network delay (ideal)
                          0.25    0.25   clock uncertainty
                          0.00    0.25   clock reconvergence pessimism
                                  0.25 ^ _1222_/CLK (sky130_fd_sc_hd__dfrtp_2)
                          0.99    1.24   library removal time
                                  1.24   data required time
-----------------------------------------------------------------------------
                                  1.24   data required time
                                 -6.93   data arrival time
-----------------------------------------------------------------------------
                                  5.69   slack (MET)


Startpoint: _1150_ (rising edge-triggered flip-flop clocked by clk')
Endpoint: _1223_ (removal check against rising-edge clock clk)
Path Group: asynchronous
Path Type: min

Fanout     Cap    Slew   Delay    Time   Description
-----------------------------------------------------------------------------
                  0.15    5.00    5.00   clock clk' (rise edge)
                          0.00    5.00   clock network delay (ideal)
                  0.15    0.00    5.00 ^ _1150_/CLK (sky130_fd_sc_hd__dfxtp_2)
                  2.45    1.93    6.93 ^ _1150_/Q (sky130_fd_sc_hd__dfxtp_2)
   138    0.50                           dut.rst_n (net)
                  2.45    0.00    6.93 ^ _1223_/RESET_B (sky130_fd_sc_hd__dfrtp_2)
                                  6.93   data arrival time

                  0.15    0.00    0.00   clock clk (rise edge)
                          0.00    0.00   clock network delay (ideal)
                          0.25    0.25   clock uncertainty
                          0.00    0.25   clock reconvergence pessimism
                                  0.25 ^ _1223_/CLK (sky130_fd_sc_hd__dfrtp_2)
                          0.99    1.24   library removal time
                                  1.24   data required time
-----------------------------------------------------------------------------
                                  1.24   data required time
                                 -6.93   data arrival time
-----------------------------------------------------------------------------
                                  5.69   slack (MET)


Startpoint: _1150_ (rising edge-triggered flip-flop clocked by clk')
Endpoint: _1224_ (removal check against rising-edge clock clk)
Path Group: asynchronous
Path Type: min

Fanout     Cap    Slew   Delay    Time   Description
-----------------------------------------------------------------------------
                  0.15    5.00    5.00   clock clk' (rise edge)
                          0.00    5.00   clock network delay (ideal)
                  0.15    0.00    5.00 ^ _1150_/CLK (sky130_fd_sc_hd__dfxtp_2)
                  2.45    1.93    6.93 ^ _1150_/Q (sky130_fd_sc_hd__dfxtp_2)
   138    0.50                           dut.rst_n (net)
                  2.45    0.00    6.93 ^ _1224_/RESET_B (sky130_fd_sc_hd__dfrtp_2)
                                  6.93   data arrival time

                  0.15    0.00    0.00   clock clk (rise edge)
                          0.00    0.00   clock network delay (ideal)
                          0.25    0.25   clock uncertainty
                          0.00    0.25   clock reconvergence pessimism
                                  0.25 ^ _1224_/CLK (sky130_fd_sc_hd__dfrtp_2)
                          0.99    1.24   library removal time
                                  1.24   data required time
-----------------------------------------------------------------------------
                                  1.24   data required time
                                 -6.93   data arrival time
-----------------------------------------------------------------------------
                                  5.69   slack (MET)


Startpoint: _1150_ (rising edge-triggered flip-flop clocked by clk')
Endpoint: _1225_ (removal check against rising-edge clock clk)
Path Group: asynchronous
Path Type: min

Fanout     Cap    Slew   Delay    Time   Description
-----------------------------------------------------------------------------
                  0.15    5.00    5.00   clock clk' (rise edge)
                          0.00    5.00   clock network delay (ideal)
                  0.15    0.00    5.00 ^ _1150_/CLK (sky130_fd_sc_hd__dfxtp_2)
                  2.45    1.93    6.93 ^ _1150_/Q (sky130_fd_sc_hd__dfxtp_2)
   138    0.50                           dut.rst_n (net)
                  2.45    0.00    6.93 ^ _1225_/RESET_B (sky130_fd_sc_hd__dfrtp_2)
                                  6.93   data arrival time

                  0.15    0.00    0.00   clock clk (rise edge)
                          0.00    0.00   clock network delay (ideal)
                          0.25    0.25   clock uncertainty
                          0.00    0.25   clock reconvergence pessimism
                                  0.25 ^ _1225_/CLK (sky130_fd_sc_hd__dfrtp_2)
                          0.99    1.24   library removal time
                                  1.24   data required time
-----------------------------------------------------------------------------
                                  1.24   data required time
                                 -6.93   data arrival time
-----------------------------------------------------------------------------
                                  5.69   slack (MET)


Startpoint: _1150_ (rising edge-triggered flip-flop clocked by clk')
Endpoint: _1226_ (removal check against rising-edge clock clk)
Path Group: asynchronous
Path Type: min

Fanout     Cap    Slew   Delay    Time   Description
-----------------------------------------------------------------------------
                  0.15    5.00    5.00   clock clk' (rise edge)
                          0.00    5.00   clock network delay (ideal)
                  0.15    0.00    5.00 ^ _1150_/CLK (sky130_fd_sc_hd__dfxtp_2)
                  2.45    1.93    6.93 ^ _1150_/Q (sky130_fd_sc_hd__dfxtp_2)
   138    0.50                           dut.rst_n (net)
                  2.45    0.00    6.93 ^ _1226_/RESET_B (sky130_fd_sc_hd__dfrtp_2)
                                  6.93   data arrival time

                  0.15    0.00    0.00   clock clk (rise edge)
                          0.00    0.00   clock network delay (ideal)
                          0.25    0.25   clock uncertainty
                          0.00    0.25   clock reconvergence pessimism
                                  0.25 ^ _1226_/CLK (sky130_fd_sc_hd__dfrtp_2)
                          0.99    1.24   library removal time
                                  1.24   data required time
-----------------------------------------------------------------------------
                                  1.24   data required time
                                 -6.93   data arrival time
-----------------------------------------------------------------------------
                                  5.69   slack (MET)


Startpoint: _1150_ (rising edge-triggered flip-flop clocked by clk')
Endpoint: _1227_ (removal check against rising-edge clock clk)
Path Group: asynchronous
Path Type: min

Fanout     Cap    Slew   Delay    Time   Description
-----------------------------------------------------------------------------
                  0.15    5.00    5.00   clock clk' (rise edge)
                          0.00    5.00   clock network delay (ideal)
                  0.15    0.00    5.00 ^ _1150_/CLK (sky130_fd_sc_hd__dfxtp_2)
                  2.45    1.93    6.93 ^ _1150_/Q (sky130_fd_sc_hd__dfxtp_2)
   138    0.50                           dut.rst_n (net)
                  2.45    0.00    6.93 ^ _1227_/RESET_B (sky130_fd_sc_hd__dfrtp_2)
                                  6.93   data arrival time

                  0.15    0.00    0.00   clock clk (rise edge)
                          0.00    0.00   clock network delay (ideal)
                          0.25    0.25   clock uncertainty
                          0.00    0.25   clock reconvergence pessimism
                                  0.25 ^ _1227_/CLK (sky130_fd_sc_hd__dfrtp_2)
                          0.99    1.24   library removal time
                                  1.24   data required time
-----------------------------------------------------------------------------
                                  1.24   data required time
                                 -6.93   data arrival time
-----------------------------------------------------------------------------
                                  5.69   slack (MET)


Startpoint: _1150_ (rising edge-triggered flip-flop clocked by clk')
Endpoint: _1229_ (removal check against rising-edge clock clk)
Path Group: asynchronous
Path Type: min

Fanout     Cap    Slew   Delay    Time   Description
-----------------------------------------------------------------------------
                  0.15    5.00    5.00   clock clk' (rise edge)
                          0.00    5.00   clock network delay (ideal)
                  0.15    0.00    5.00 ^ _1150_/CLK (sky130_fd_sc_hd__dfxtp_2)
                  2.45    1.93    6.93 ^ _1150_/Q (sky130_fd_sc_hd__dfxtp_2)
   138    0.50                           dut.rst_n (net)
                  2.45    0.00    6.93 ^ _1229_/RESET_B (sky130_fd_sc_hd__dfrtp_2)
                                  6.93   data arrival time

                  0.15    0.00    0.00   clock clk (rise edge)
                          0.00    0.00   clock network delay (ideal)
                          0.25    0.25   clock uncertainty
                          0.00    0.25   clock reconvergence pessimism
                                  0.25 ^ _1229_/CLK (sky130_fd_sc_hd__dfrtp_2)
                          0.99    1.24   library removal time
                                  1.24   data required time
-----------------------------------------------------------------------------
                                  1.24   data required time
                                 -6.93   data arrival time
-----------------------------------------------------------------------------
                                  5.69   slack (MET)


Startpoint: _1150_ (rising edge-triggered flip-flop clocked by clk')
Endpoint: _1230_ (removal check against rising-edge clock clk)
Path Group: asynchronous
Path Type: min

Fanout     Cap    Slew   Delay    Time   Description
-----------------------------------------------------------------------------
                  0.15    5.00    5.00   clock clk' (rise edge)
                          0.00    5.00   clock network delay (ideal)
                  0.15    0.00    5.00 ^ _1150_/CLK (sky130_fd_sc_hd__dfxtp_2)
                  2.45    1.93    6.93 ^ _1150_/Q (sky130_fd_sc_hd__dfxtp_2)
   138    0.50                           dut.rst_n (net)
                  2.45    0.00    6.93 ^ _1230_/RESET_B (sky130_fd_sc_hd__dfrtp_2)
                                  6.93   data arrival time

                  0.15    0.00    0.00   clock clk (rise edge)
                          0.00    0.00   clock network delay (ideal)
                          0.25    0.25   clock uncertainty
                          0.00    0.25   clock reconvergence pessimism
                                  0.25 ^ _1230_/CLK (sky130_fd_sc_hd__dfrtp_2)
                          0.99    1.24   library removal time
                                  1.24   data required time
-----------------------------------------------------------------------------
                                  1.24   data required time
                                 -6.93   data arrival time
-----------------------------------------------------------------------------
                                  5.69   slack (MET)


Startpoint: _1150_ (rising edge-triggered flip-flop clocked by clk')
Endpoint: _1231_ (removal check against rising-edge clock clk)
Path Group: asynchronous
Path Type: min

Fanout     Cap    Slew   Delay    Time   Description
-----------------------------------------------------------------------------
                  0.15    5.00    5.00   clock clk' (rise edge)
                          0.00    5.00   clock network delay (ideal)
                  0.15    0.00    5.00 ^ _1150_/CLK (sky130_fd_sc_hd__dfxtp_2)
                  2.45    1.93    6.93 ^ _1150_/Q (sky130_fd_sc_hd__dfxtp_2)
   138    0.50                           dut.rst_n (net)
                  2.45    0.00    6.93 ^ _1231_/RESET_B (sky130_fd_sc_hd__dfrtp_2)
                                  6.93   data arrival time

                  0.15    0.00    0.00   clock clk (rise edge)
                          0.00    0.00   clock network delay (ideal)
                          0.25    0.25   clock uncertainty
                          0.00    0.25   clock reconvergence pessimism
                                  0.25 ^ _1231_/CLK (sky130_fd_sc_hd__dfrtp_2)
                          0.99    1.24   library removal time
                                  1.24   data required time
-----------------------------------------------------------------------------
                                  1.24   data required time
                                 -6.93   data arrival time
-----------------------------------------------------------------------------
                                  5.69   slack (MET)


Startpoint: _1150_ (rising edge-triggered flip-flop clocked by clk')
Endpoint: _1232_ (removal check against rising-edge clock clk)
Path Group: asynchronous
Path Type: min

Fanout     Cap    Slew   Delay    Time   Description
-----------------------------------------------------------------------------
                  0.15    5.00    5.00   clock clk' (rise edge)
                          0.00    5.00   clock network delay (ideal)
                  0.15    0.00    5.00 ^ _1150_/CLK (sky130_fd_sc_hd__dfxtp_2)
                  2.45    1.93    6.93 ^ _1150_/Q (sky130_fd_sc_hd__dfxtp_2)
   138    0.50                           dut.rst_n (net)
                  2.45    0.00    6.93 ^ _1232_/RESET_B (sky130_fd_sc_hd__dfrtp_2)
                                  6.93   data arrival time

                  0.15    0.00    0.00   clock clk (rise edge)
                          0.00    0.00   clock network delay (ideal)
                          0.25    0.25   clock uncertainty
                          0.00    0.25   clock reconvergence pessimism
                                  0.25 ^ _1232_/CLK (sky130_fd_sc_hd__dfrtp_2)
                          0.99    1.24   library removal time
                                  1.24   data required time
-----------------------------------------------------------------------------
                                  1.24   data required time
                                 -6.93   data arrival time
-----------------------------------------------------------------------------
                                  5.69   slack (MET)


Startpoint: _1150_ (rising edge-triggered flip-flop clocked by clk')
Endpoint: _1233_ (removal check against rising-edge clock clk)
Path Group: asynchronous
Path Type: min

Fanout     Cap    Slew   Delay    Time   Description
-----------------------------------------------------------------------------
                  0.15    5.00    5.00   clock clk' (rise edge)
                          0.00    5.00   clock network delay (ideal)
                  0.15    0.00    5.00 ^ _1150_/CLK (sky130_fd_sc_hd__dfxtp_2)
                  2.45    1.93    6.93 ^ _1150_/Q (sky130_fd_sc_hd__dfxtp_2)
   138    0.50                           dut.rst_n (net)
                  2.45    0.00    6.93 ^ _1233_/RESET_B (sky130_fd_sc_hd__dfrtp_2)
                                  6.93   data arrival time

                  0.15    0.00    0.00   clock clk (rise edge)
                          0.00    0.00   clock network delay (ideal)
                          0.25    0.25   clock uncertainty
                          0.00    0.25   clock reconvergence pessimism
                                  0.25 ^ _1233_/CLK (sky130_fd_sc_hd__dfrtp_2)
                          0.99    1.24   library removal time
                                  1.24   data required time
-----------------------------------------------------------------------------
                                  1.24   data required time
                                 -6.93   data arrival time
-----------------------------------------------------------------------------
                                  5.69   slack (MET)


Startpoint: _1150_ (rising edge-triggered flip-flop clocked by clk')
Endpoint: _1234_ (removal check against rising-edge clock clk)
Path Group: asynchronous
Path Type: min

Fanout     Cap    Slew   Delay    Time   Description
-----------------------------------------------------------------------------
                  0.15    5.00    5.00   clock clk' (rise edge)
                          0.00    5.00   clock network delay (ideal)
                  0.15    0.00    5.00 ^ _1150_/CLK (sky130_fd_sc_hd__dfxtp_2)
                  2.45    1.93    6.93 ^ _1150_/Q (sky130_fd_sc_hd__dfxtp_2)
   138    0.50                           dut.rst_n (net)
                  2.45    0.00    6.93 ^ _1234_/RESET_B (sky130_fd_sc_hd__dfrtp_2)
                                  6.93   data arrival time

                  0.15    0.00    0.00   clock clk (rise edge)
                          0.00    0.00   clock network delay (ideal)
                          0.25    0.25   clock uncertainty
                          0.00    0.25   clock reconvergence pessimism
                                  0.25 ^ _1234_/CLK (sky130_fd_sc_hd__dfrtp_2)
                          0.99    1.24   library removal time
                                  1.24   data required time
-----------------------------------------------------------------------------
                                  1.24   data required time
                                 -6.93   data arrival time
-----------------------------------------------------------------------------
                                  5.69   slack (MET)


Startpoint: _1150_ (rising edge-triggered flip-flop clocked by clk')
Endpoint: _1235_ (removal check against rising-edge clock clk)
Path Group: asynchronous
Path Type: min

Fanout     Cap    Slew   Delay    Time   Description
-----------------------------------------------------------------------------
                  0.15    5.00    5.00   clock clk' (rise edge)
                          0.00    5.00   clock network delay (ideal)
                  0.15    0.00    5.00 ^ _1150_/CLK (sky130_fd_sc_hd__dfxtp_2)
                  2.45    1.93    6.93 ^ _1150_/Q (sky130_fd_sc_hd__dfxtp_2)
   138    0.50                           dut.rst_n (net)
                  2.45    0.00    6.93 ^ _1235_/RESET_B (sky130_fd_sc_hd__dfrtp_2)
                                  6.93   data arrival time

                  0.15    0.00    0.00   clock clk (rise edge)
                          0.00    0.00   clock network delay (ideal)
                          0.25    0.25   clock uncertainty
                          0.00    0.25   clock reconvergence pessimism
                                  0.25 ^ _1235_/CLK (sky130_fd_sc_hd__dfrtp_2)
                          0.99    1.24   library removal time
                                  1.24   data required time
-----------------------------------------------------------------------------
                                  1.24   data required time
                                 -6.93   data arrival time
-----------------------------------------------------------------------------
                                  5.69   slack (MET)


Startpoint: _1150_ (rising edge-triggered flip-flop clocked by clk')
Endpoint: _1236_ (removal check against rising-edge clock clk)
Path Group: asynchronous
Path Type: min

Fanout     Cap    Slew   Delay    Time   Description
-----------------------------------------------------------------------------
                  0.15    5.00    5.00   clock clk' (rise edge)
                          0.00    5.00   clock network delay (ideal)
                  0.15    0.00    5.00 ^ _1150_/CLK (sky130_fd_sc_hd__dfxtp_2)
                  2.45    1.93    6.93 ^ _1150_/Q (sky130_fd_sc_hd__dfxtp_2)
   138    0.50                           dut.rst_n (net)
                  2.45    0.00    6.93 ^ _1236_/RESET_B (sky130_fd_sc_hd__dfrtp_2)
                                  6.93   data arrival time

                  0.15    0.00    0.00   clock clk (rise edge)
                          0.00    0.00   clock network delay (ideal)
                          0.25    0.25   clock uncertainty
                          0.00    0.25   clock reconvergence pessimism
                                  0.25 ^ _1236_/CLK (sky130_fd_sc_hd__dfrtp_2)
                          0.99    1.24   library removal time
                                  1.24   data required time
-----------------------------------------------------------------------------
                                  1.24   data required time
                                 -6.93   data arrival time
-----------------------------------------------------------------------------
                                  5.69   slack (MET)


Startpoint: _1150_ (rising edge-triggered flip-flop clocked by clk')
Endpoint: _1237_ (removal check against rising-edge clock clk)
Path Group: asynchronous
Path Type: min

Fanout     Cap    Slew   Delay    Time   Description
-----------------------------------------------------------------------------
                  0.15    5.00    5.00   clock clk' (rise edge)
                          0.00    5.00   clock network delay (ideal)
                  0.15    0.00    5.00 ^ _1150_/CLK (sky130_fd_sc_hd__dfxtp_2)
                  2.45    1.93    6.93 ^ _1150_/Q (sky130_fd_sc_hd__dfxtp_2)
   138    0.50                           dut.rst_n (net)
                  2.45    0.00    6.93 ^ _1237_/RESET_B (sky130_fd_sc_hd__dfrtp_2)
                                  6.93   data arrival time

                  0.15    0.00    0.00   clock clk (rise edge)
                          0.00    0.00   clock network delay (ideal)
                          0.25    0.25   clock uncertainty
                          0.00    0.25   clock reconvergence pessimism
                                  0.25 ^ _1237_/CLK (sky130_fd_sc_hd__dfrtp_2)
                          0.99    1.24   library removal time
                                  1.24   data required time
-----------------------------------------------------------------------------
                                  1.24   data required time
                                 -6.93   data arrival time
-----------------------------------------------------------------------------
                                  5.69   slack (MET)


Startpoint: _1150_ (rising edge-triggered flip-flop clocked by clk')
Endpoint: _1238_ (removal check against rising-edge clock clk)
Path Group: asynchronous
Path Type: min

Fanout     Cap    Slew   Delay    Time   Description
-----------------------------------------------------------------------------
                  0.15    5.00    5.00   clock clk' (rise edge)
                          0.00    5.00   clock network delay (ideal)
                  0.15    0.00    5.00 ^ _1150_/CLK (sky130_fd_sc_hd__dfxtp_2)
                  2.45    1.93    6.93 ^ _1150_/Q (sky130_fd_sc_hd__dfxtp_2)
   138    0.50                           dut.rst_n (net)
                  2.45    0.00    6.93 ^ _1238_/RESET_B (sky130_fd_sc_hd__dfrtp_2)
                                  6.93   data arrival time

                  0.15    0.00    0.00   clock clk (rise edge)
                          0.00    0.00   clock network delay (ideal)
                          0.25    0.25   clock uncertainty
                          0.00    0.25   clock reconvergence pessimism
                                  0.25 ^ _1238_/CLK (sky130_fd_sc_hd__dfrtp_2)
                          0.99    1.24   library removal time
                                  1.24   data required time
-----------------------------------------------------------------------------
                                  1.24   data required time
                                 -6.93   data arrival time
-----------------------------------------------------------------------------
                                  5.69   slack (MET)


Startpoint: _1150_ (rising edge-triggered flip-flop clocked by clk')
Endpoint: _1239_ (removal check against rising-edge clock clk)
Path Group: asynchronous
Path Type: min

Fanout     Cap    Slew   Delay    Time   Description
-----------------------------------------------------------------------------
                  0.15    5.00    5.00   clock clk' (rise edge)
                          0.00    5.00   clock network delay (ideal)
                  0.15    0.00    5.00 ^ _1150_/CLK (sky130_fd_sc_hd__dfxtp_2)
                  2.45    1.93    6.93 ^ _1150_/Q (sky130_fd_sc_hd__dfxtp_2)
   138    0.50                           dut.rst_n (net)
                  2.45    0.00    6.93 ^ _1239_/RESET_B (sky130_fd_sc_hd__dfrtp_2)
                                  6.93   data arrival time

                  0.15    0.00    0.00   clock clk (rise edge)
                          0.00    0.00   clock network delay (ideal)
                          0.25    0.25   clock uncertainty
                          0.00    0.25   clock reconvergence pessimism
                                  0.25 ^ _1239_/CLK (sky130_fd_sc_hd__dfrtp_2)
                          0.99    1.24   library removal time
                                  1.24   data required time
-----------------------------------------------------------------------------
                                  1.24   data required time
                                 -6.93   data arrival time
-----------------------------------------------------------------------------
                                  5.69   slack (MET)


Startpoint: _1150_ (rising edge-triggered flip-flop clocked by clk')
Endpoint: _1240_ (removal check against rising-edge clock clk)
Path Group: asynchronous
Path Type: min

Fanout     Cap    Slew   Delay    Time   Description
-----------------------------------------------------------------------------
                  0.15    5.00    5.00   clock clk' (rise edge)
                          0.00    5.00   clock network delay (ideal)
                  0.15    0.00    5.00 ^ _1150_/CLK (sky130_fd_sc_hd__dfxtp_2)
                  2.45    1.93    6.93 ^ _1150_/Q (sky130_fd_sc_hd__dfxtp_2)
   138    0.50                           dut.rst_n (net)
                  2.45    0.00    6.93 ^ _1240_/RESET_B (sky130_fd_sc_hd__dfrtp_2)
                                  6.93   data arrival time

                  0.15    0.00    0.00   clock clk (rise edge)
                          0.00    0.00   clock network delay (ideal)
                          0.25    0.25   clock uncertainty
                          0.00    0.25   clock reconvergence pessimism
                                  0.25 ^ _1240_/CLK (sky130_fd_sc_hd__dfrtp_2)
                          0.99    1.24   library removal time
                                  1.24   data required time
-----------------------------------------------------------------------------
                                  1.24   data required time
                                 -6.93   data arrival time
-----------------------------------------------------------------------------
                                  5.69   slack (MET)


Startpoint: _1150_ (rising edge-triggered flip-flop clocked by clk')
Endpoint: _1241_ (removal check against rising-edge clock clk)
Path Group: asynchronous
Path Type: min

Fanout     Cap    Slew   Delay    Time   Description
-----------------------------------------------------------------------------
                  0.15    5.00    5.00   clock clk' (rise edge)
                          0.00    5.00   clock network delay (ideal)
                  0.15    0.00    5.00 ^ _1150_/CLK (sky130_fd_sc_hd__dfxtp_2)
                  2.45    1.93    6.93 ^ _1150_/Q (sky130_fd_sc_hd__dfxtp_2)
   138    0.50                           dut.rst_n (net)
                  2.45    0.00    6.93 ^ _1241_/RESET_B (sky130_fd_sc_hd__dfrtp_2)
                                  6.93   data arrival time

                  0.15    0.00    0.00   clock clk (rise edge)
                          0.00    0.00   clock network delay (ideal)
                          0.25    0.25   clock uncertainty
                          0.00    0.25   clock reconvergence pessimism
                                  0.25 ^ _1241_/CLK (sky130_fd_sc_hd__dfrtp_2)
                          0.99    1.24   library removal time
                                  1.24   data required time
-----------------------------------------------------------------------------
                                  1.24   data required time
                                 -6.93   data arrival time
-----------------------------------------------------------------------------
                                  5.69   slack (MET)


Startpoint: _1150_ (rising edge-triggered flip-flop clocked by clk')
Endpoint: _1242_ (removal check against rising-edge clock clk)
Path Group: asynchronous
Path Type: min

Fanout     Cap    Slew   Delay    Time   Description
-----------------------------------------------------------------------------
                  0.15    5.00    5.00   clock clk' (rise edge)
                          0.00    5.00   clock network delay (ideal)
                  0.15    0.00    5.00 ^ _1150_/CLK (sky130_fd_sc_hd__dfxtp_2)
                  2.45    1.93    6.93 ^ _1150_/Q (sky130_fd_sc_hd__dfxtp_2)
   138    0.50                           dut.rst_n (net)
                  2.45    0.00    6.93 ^ _1242_/RESET_B (sky130_fd_sc_hd__dfrtp_2)
                                  6.93   data arrival time

                  0.15    0.00    0.00   clock clk (rise edge)
                          0.00    0.00   clock network delay (ideal)
                          0.25    0.25   clock uncertainty
                          0.00    0.25   clock reconvergence pessimism
                                  0.25 ^ _1242_/CLK (sky130_fd_sc_hd__dfrtp_2)
                          0.99    1.24   library removal time
                                  1.24   data required time
-----------------------------------------------------------------------------
                                  1.24   data required time
                                 -6.93   data arrival time
-----------------------------------------------------------------------------
                                  5.69   slack (MET)


Startpoint: _1150_ (rising edge-triggered flip-flop clocked by clk')
Endpoint: _1243_ (removal check against rising-edge clock clk)
Path Group: asynchronous
Path Type: min

Fanout     Cap    Slew   Delay    Time   Description
-----------------------------------------------------------------------------
                  0.15    5.00    5.00   clock clk' (rise edge)
                          0.00    5.00   clock network delay (ideal)
                  0.15    0.00    5.00 ^ _1150_/CLK (sky130_fd_sc_hd__dfxtp_2)
                  2.45    1.93    6.93 ^ _1150_/Q (sky130_fd_sc_hd__dfxtp_2)
   138    0.50                           dut.rst_n (net)
                  2.45    0.00    6.93 ^ _1243_/RESET_B (sky130_fd_sc_hd__dfrtp_2)
                                  6.93   data arrival time

                  0.15    0.00    0.00   clock clk (rise edge)
                          0.00    0.00   clock network delay (ideal)
                          0.25    0.25   clock uncertainty
                          0.00    0.25   clock reconvergence pessimism
                                  0.25 ^ _1243_/CLK (sky130_fd_sc_hd__dfrtp_2)
                          0.99    1.24   library removal time
                                  1.24   data required time
-----------------------------------------------------------------------------
                                  1.24   data required time
                                 -6.93   data arrival time
-----------------------------------------------------------------------------
                                  5.69   slack (MET)


Startpoint: _1150_ (rising edge-triggered flip-flop clocked by clk')
Endpoint: _1244_ (removal check against rising-edge clock clk)
Path Group: asynchronous
Path Type: min

Fanout     Cap    Slew   Delay    Time   Description
-----------------------------------------------------------------------------
                  0.15    5.00    5.00   clock clk' (rise edge)
                          0.00    5.00   clock network delay (ideal)
                  0.15    0.00    5.00 ^ _1150_/CLK (sky130_fd_sc_hd__dfxtp_2)
                  2.45    1.93    6.93 ^ _1150_/Q (sky130_fd_sc_hd__dfxtp_2)
   138    0.50                           dut.rst_n (net)
                  2.45    0.00    6.93 ^ _1244_/RESET_B (sky130_fd_sc_hd__dfrtp_2)
                                  6.93   data arrival time

                  0.15    0.00    0.00   clock clk (rise edge)
                          0.00    0.00   clock network delay (ideal)
                          0.25    0.25   clock uncertainty
                          0.00    0.25   clock reconvergence pessimism
                                  0.25 ^ _1244_/CLK (sky130_fd_sc_hd__dfrtp_2)
                          0.99    1.24   library removal time
                                  1.24   data required time
-----------------------------------------------------------------------------
                                  1.24   data required time
                                 -6.93   data arrival time
-----------------------------------------------------------------------------
                                  5.69   slack (MET)


Startpoint: _1150_ (rising edge-triggered flip-flop clocked by clk')
Endpoint: _1245_ (removal check against rising-edge clock clk)
Path Group: asynchronous
Path Type: min

Fanout     Cap    Slew   Delay    Time   Description
-----------------------------------------------------------------------------
                  0.15    5.00    5.00   clock clk' (rise edge)
                          0.00    5.00   clock network delay (ideal)
                  0.15    0.00    5.00 ^ _1150_/CLK (sky130_fd_sc_hd__dfxtp_2)
                  2.45    1.93    6.93 ^ _1150_/Q (sky130_fd_sc_hd__dfxtp_2)
   138    0.50                           dut.rst_n (net)
                  2.45    0.00    6.93 ^ _1245_/RESET_B (sky130_fd_sc_hd__dfrtp_2)
                                  6.93   data arrival time

                  0.15    0.00    0.00   clock clk (rise edge)
                          0.00    0.00   clock network delay (ideal)
                          0.25    0.25   clock uncertainty
                          0.00    0.25   clock reconvergence pessimism
                                  0.25 ^ _1245_/CLK (sky130_fd_sc_hd__dfrtp_2)
                          0.99    1.24   library removal time
                                  1.24   data required time
-----------------------------------------------------------------------------
                                  1.24   data required time
                                 -6.93   data arrival time
-----------------------------------------------------------------------------
                                  5.69   slack (MET)


Startpoint: _1150_ (rising edge-triggered flip-flop clocked by clk')
Endpoint: _1246_ (removal check against rising-edge clock clk)
Path Group: asynchronous
Path Type: min

Fanout     Cap    Slew   Delay    Time   Description
-----------------------------------------------------------------------------
                  0.15    5.00    5.00   clock clk' (rise edge)
                          0.00    5.00   clock network delay (ideal)
                  0.15    0.00    5.00 ^ _1150_/CLK (sky130_fd_sc_hd__dfxtp_2)
                  2.45    1.93    6.93 ^ _1150_/Q (sky130_fd_sc_hd__dfxtp_2)
   138    0.50                           dut.rst_n (net)
                  2.45    0.00    6.93 ^ _1246_/RESET_B (sky130_fd_sc_hd__dfrtp_2)
                                  6.93   data arrival time

                  0.15    0.00    0.00   clock clk (rise edge)
                          0.00    0.00   clock network delay (ideal)
                          0.25    0.25   clock uncertainty
                          0.00    0.25   clock reconvergence pessimism
                                  0.25 ^ _1246_/CLK (sky130_fd_sc_hd__dfrtp_2)
                          0.99    1.24   library removal time
                                  1.24   data required time
-----------------------------------------------------------------------------
                                  1.24   data required time
                                 -6.93   data arrival time
-----------------------------------------------------------------------------
                                  5.69   slack (MET)


Startpoint: _1150_ (rising edge-triggered flip-flop clocked by clk')
Endpoint: _1247_ (removal check against rising-edge clock clk)
Path Group: asynchronous
Path Type: min

Fanout     Cap    Slew   Delay    Time   Description
-----------------------------------------------------------------------------
                  0.15    5.00    5.00   clock clk' (rise edge)
                          0.00    5.00   clock network delay (ideal)
                  0.15    0.00    5.00 ^ _1150_/CLK (sky130_fd_sc_hd__dfxtp_2)
                  2.45    1.93    6.93 ^ _1150_/Q (sky130_fd_sc_hd__dfxtp_2)
   138    0.50                           dut.rst_n (net)
                  2.45    0.00    6.93 ^ _1247_/RESET_B (sky130_fd_sc_hd__dfrtp_2)
                                  6.93   data arrival time

                  0.15    0.00    0.00   clock clk (rise edge)
                          0.00    0.00   clock network delay (ideal)
                          0.25    0.25   clock uncertainty
                          0.00    0.25   clock reconvergence pessimism
                                  0.25 ^ _1247_/CLK (sky130_fd_sc_hd__dfrtp_2)
                          0.99    1.24   library removal time
                                  1.24   data required time
-----------------------------------------------------------------------------
                                  1.24   data required time
                                 -6.93   data arrival time
-----------------------------------------------------------------------------
                                  5.69   slack (MET)


Startpoint: _1150_ (rising edge-triggered flip-flop clocked by clk')
Endpoint: _1248_ (removal check against rising-edge clock clk)
Path Group: asynchronous
Path Type: min

Fanout     Cap    Slew   Delay    Time   Description
-----------------------------------------------------------------------------
                  0.15    5.00    5.00   clock clk' (rise edge)
                          0.00    5.00   clock network delay (ideal)
                  0.15    0.00    5.00 ^ _1150_/CLK (sky130_fd_sc_hd__dfxtp_2)
                  2.45    1.93    6.93 ^ _1150_/Q (sky130_fd_sc_hd__dfxtp_2)
   138    0.50                           dut.rst_n (net)
                  2.45    0.00    6.93 ^ _1248_/RESET_B (sky130_fd_sc_hd__dfrtp_2)
                                  6.93   data arrival time

                  0.15    0.00    0.00   clock clk (rise edge)
                          0.00    0.00   clock network delay (ideal)
                          0.25    0.25   clock uncertainty
                          0.00    0.25   clock reconvergence pessimism
                                  0.25 ^ _1248_/CLK (sky130_fd_sc_hd__dfrtp_2)
                          0.99    1.24   library removal time
                                  1.24   data required time
-----------------------------------------------------------------------------
                                  1.24   data required time
                                 -6.93   data arrival time
-----------------------------------------------------------------------------
                                  5.69   slack (MET)


Startpoint: _1150_ (rising edge-triggered flip-flop clocked by clk')
Endpoint: _1249_ (removal check against rising-edge clock clk)
Path Group: asynchronous
Path Type: min

Fanout     Cap    Slew   Delay    Time   Description
-----------------------------------------------------------------------------
                  0.15    5.00    5.00   clock clk' (rise edge)
                          0.00    5.00   clock network delay (ideal)
                  0.15    0.00    5.00 ^ _1150_/CLK (sky130_fd_sc_hd__dfxtp_2)
                  2.45    1.93    6.93 ^ _1150_/Q (sky130_fd_sc_hd__dfxtp_2)
   138    0.50                           dut.rst_n (net)
                  2.45    0.00    6.93 ^ _1249_/RESET_B (sky130_fd_sc_hd__dfrtp_2)
                                  6.93   data arrival time

                  0.15    0.00    0.00   clock clk (rise edge)
                          0.00    0.00   clock network delay (ideal)
                          0.25    0.25   clock uncertainty
                          0.00    0.25   clock reconvergence pessimism
                                  0.25 ^ _1249_/CLK (sky130_fd_sc_hd__dfrtp_2)
                          0.99    1.24   library removal time
                                  1.24   data required time
-----------------------------------------------------------------------------
                                  1.24   data required time
                                 -6.93   data arrival time
-----------------------------------------------------------------------------
                                  5.69   slack (MET)


Startpoint: _1150_ (rising edge-triggered flip-flop clocked by clk')
Endpoint: _1250_ (removal check against rising-edge clock clk)
Path Group: asynchronous
Path Type: min

Fanout     Cap    Slew   Delay    Time   Description
-----------------------------------------------------------------------------
                  0.15    5.00    5.00   clock clk' (rise edge)
                          0.00    5.00   clock network delay (ideal)
                  0.15    0.00    5.00 ^ _1150_/CLK (sky130_fd_sc_hd__dfxtp_2)
                  2.45    1.93    6.93 ^ _1150_/Q (sky130_fd_sc_hd__dfxtp_2)
   138    0.50                           dut.rst_n (net)
                  2.45    0.00    6.93 ^ _1250_/RESET_B (sky130_fd_sc_hd__dfrtp_2)
                                  6.93   data arrival time

                  0.15    0.00    0.00   clock clk (rise edge)
                          0.00    0.00   clock network delay (ideal)
                          0.25    0.25   clock uncertainty
                          0.00    0.25   clock reconvergence pessimism
                                  0.25 ^ _1250_/CLK (sky130_fd_sc_hd__dfrtp_2)
                          0.99    1.24   library removal time
                                  1.24   data required time
-----------------------------------------------------------------------------
                                  1.24   data required time
                                 -6.93   data arrival time
-----------------------------------------------------------------------------
                                  5.69   slack (MET)


Startpoint: _1150_ (rising edge-triggered flip-flop clocked by clk')
Endpoint: _1251_ (removal check against rising-edge clock clk)
Path Group: asynchronous
Path Type: min

Fanout     Cap    Slew   Delay    Time   Description
-----------------------------------------------------------------------------
                  0.15    5.00    5.00   clock clk' (rise edge)
                          0.00    5.00   clock network delay (ideal)
                  0.15    0.00    5.00 ^ _1150_/CLK (sky130_fd_sc_hd__dfxtp_2)
                  2.45    1.93    6.93 ^ _1150_/Q (sky130_fd_sc_hd__dfxtp_2)
   138    0.50                           dut.rst_n (net)
                  2.45    0.00    6.93 ^ _1251_/RESET_B (sky130_fd_sc_hd__dfrtp_2)
                                  6.93   data arrival time

                  0.15    0.00    0.00   clock clk (rise edge)
                          0.00    0.00   clock network delay (ideal)
                          0.25    0.25   clock uncertainty
                          0.00    0.25   clock reconvergence pessimism
                                  0.25 ^ _1251_/CLK (sky130_fd_sc_hd__dfrtp_2)
                          0.99    1.24   library removal time
                                  1.24   data required time
-----------------------------------------------------------------------------
                                  1.24   data required time
                                 -6.93   data arrival time
-----------------------------------------------------------------------------
                                  5.69   slack (MET)


Startpoint: _1150_ (rising edge-triggered flip-flop clocked by clk')
Endpoint: _1252_ (removal check against rising-edge clock clk)
Path Group: asynchronous
Path Type: min

Fanout     Cap    Slew   Delay    Time   Description
-----------------------------------------------------------------------------
                  0.15    5.00    5.00   clock clk' (rise edge)
                          0.00    5.00   clock network delay (ideal)
                  0.15    0.00    5.00 ^ _1150_/CLK (sky130_fd_sc_hd__dfxtp_2)
                  2.45    1.93    6.93 ^ _1150_/Q (sky130_fd_sc_hd__dfxtp_2)
   138    0.50                           dut.rst_n (net)
                  2.45    0.00    6.93 ^ _1252_/RESET_B (sky130_fd_sc_hd__dfrtp_2)
                                  6.93   data arrival time

                  0.15    0.00    0.00   clock clk (rise edge)
                          0.00    0.00   clock network delay (ideal)
                          0.25    0.25   clock uncertainty
                          0.00    0.25   clock reconvergence pessimism
                                  0.25 ^ _1252_/CLK (sky130_fd_sc_hd__dfrtp_2)
                          0.99    1.24   library removal time
                                  1.24   data required time
-----------------------------------------------------------------------------
                                  1.24   data required time
                                 -6.93   data arrival time
-----------------------------------------------------------------------------
                                  5.69   slack (MET)


Startpoint: _1150_ (rising edge-triggered flip-flop clocked by clk')
Endpoint: _1253_ (removal check against rising-edge clock clk)
Path Group: asynchronous
Path Type: min

Fanout     Cap    Slew   Delay    Time   Description
-----------------------------------------------------------------------------
                  0.15    5.00    5.00   clock clk' (rise edge)
                          0.00    5.00   clock network delay (ideal)
                  0.15    0.00    5.00 ^ _1150_/CLK (sky130_fd_sc_hd__dfxtp_2)
                  2.45    1.93    6.93 ^ _1150_/Q (sky130_fd_sc_hd__dfxtp_2)
   138    0.50                           dut.rst_n (net)
                  2.45    0.00    6.93 ^ _1253_/RESET_B (sky130_fd_sc_hd__dfrtp_2)
                                  6.93   data arrival time

                  0.15    0.00    0.00   clock clk (rise edge)
                          0.00    0.00   clock network delay (ideal)
                          0.25    0.25   clock uncertainty
                          0.00    0.25   clock reconvergence pessimism
                                  0.25 ^ _1253_/CLK (sky130_fd_sc_hd__dfrtp_2)
                          0.99    1.24   library removal time
                                  1.24   data required time
-----------------------------------------------------------------------------
                                  1.24   data required time
                                 -6.93   data arrival time
-----------------------------------------------------------------------------
                                  5.69   slack (MET)


Startpoint: _1150_ (rising edge-triggered flip-flop clocked by clk')
Endpoint: _1254_ (removal check against rising-edge clock clk)
Path Group: asynchronous
Path Type: min

Fanout     Cap    Slew   Delay    Time   Description
-----------------------------------------------------------------------------
                  0.15    5.00    5.00   clock clk' (rise edge)
                          0.00    5.00   clock network delay (ideal)
                  0.15    0.00    5.00 ^ _1150_/CLK (sky130_fd_sc_hd__dfxtp_2)
                  2.45    1.93    6.93 ^ _1150_/Q (sky130_fd_sc_hd__dfxtp_2)
   138    0.50                           dut.rst_n (net)
                  2.45    0.00    6.93 ^ _1254_/RESET_B (sky130_fd_sc_hd__dfrtp_2)
                                  6.93   data arrival time

                  0.15    0.00    0.00   clock clk (rise edge)
                          0.00    0.00   clock network delay (ideal)
                          0.25    0.25   clock uncertainty
                          0.00    0.25   clock reconvergence pessimism
                                  0.25 ^ _1254_/CLK (sky130_fd_sc_hd__dfrtp_2)
                          0.99    1.24   library removal time
                                  1.24   data required time
-----------------------------------------------------------------------------
                                  1.24   data required time
                                 -6.93   data arrival time
-----------------------------------------------------------------------------
                                  5.69   slack (MET)


Startpoint: _1150_ (rising edge-triggered flip-flop clocked by clk')
Endpoint: _1255_ (removal check against rising-edge clock clk)
Path Group: asynchronous
Path Type: min

Fanout     Cap    Slew   Delay    Time   Description
-----------------------------------------------------------------------------
                  0.15    5.00    5.00   clock clk' (rise edge)
                          0.00    5.00   clock network delay (ideal)
                  0.15    0.00    5.00 ^ _1150_/CLK (sky130_fd_sc_hd__dfxtp_2)
                  2.45    1.93    6.93 ^ _1150_/Q (sky130_fd_sc_hd__dfxtp_2)
   138    0.50                           dut.rst_n (net)
                  2.45    0.00    6.93 ^ _1255_/RESET_B (sky130_fd_sc_hd__dfrtp_2)
                                  6.93   data arrival time

                  0.15    0.00    0.00   clock clk (rise edge)
                          0.00    0.00   clock network delay (ideal)
                          0.25    0.25   clock uncertainty
                          0.00    0.25   clock reconvergence pessimism
                                  0.25 ^ _1255_/CLK (sky130_fd_sc_hd__dfrtp_2)
                          0.99    1.24   library removal time
                                  1.24   data required time
-----------------------------------------------------------------------------
                                  1.24   data required time
                                 -6.93   data arrival time
-----------------------------------------------------------------------------
                                  5.69   slack (MET)


Startpoint: _1150_ (rising edge-triggered flip-flop clocked by clk')
Endpoint: _1256_ (removal check against rising-edge clock clk)
Path Group: asynchronous
Path Type: min

Fanout     Cap    Slew   Delay    Time   Description
-----------------------------------------------------------------------------
                  0.15    5.00    5.00   clock clk' (rise edge)
                          0.00    5.00   clock network delay (ideal)
                  0.15    0.00    5.00 ^ _1150_/CLK (sky130_fd_sc_hd__dfxtp_2)
                  2.45    1.93    6.93 ^ _1150_/Q (sky130_fd_sc_hd__dfxtp_2)
   138    0.50                           dut.rst_n (net)
                  2.45    0.00    6.93 ^ _1256_/RESET_B (sky130_fd_sc_hd__dfrtp_2)
                                  6.93   data arrival time

                  0.15    0.00    0.00   clock clk (rise edge)
                          0.00    0.00   clock network delay (ideal)
                          0.25    0.25   clock uncertainty
                          0.00    0.25   clock reconvergence pessimism
                                  0.25 ^ _1256_/CLK (sky130_fd_sc_hd__dfrtp_2)
                          0.99    1.24   library removal time
                                  1.24   data required time
-----------------------------------------------------------------------------
                                  1.24   data required time
                                 -6.93   data arrival time
-----------------------------------------------------------------------------
                                  5.69   slack (MET)


Startpoint: _1150_ (rising edge-triggered flip-flop clocked by clk')
Endpoint: _1257_ (removal check against rising-edge clock clk)
Path Group: asynchronous
Path Type: min

Fanout     Cap    Slew   Delay    Time   Description
-----------------------------------------------------------------------------
                  0.15    5.00    5.00   clock clk' (rise edge)
                          0.00    5.00   clock network delay (ideal)
                  0.15    0.00    5.00 ^ _1150_/CLK (sky130_fd_sc_hd__dfxtp_2)
                  2.45    1.93    6.93 ^ _1150_/Q (sky130_fd_sc_hd__dfxtp_2)
   138    0.50                           dut.rst_n (net)
                  2.45    0.00    6.93 ^ _1257_/RESET_B (sky130_fd_sc_hd__dfrtp_2)
                                  6.93   data arrival time

                  0.15    0.00    0.00   clock clk (rise edge)
                          0.00    0.00   clock network delay (ideal)
                          0.25    0.25   clock uncertainty
                          0.00    0.25   clock reconvergence pessimism
                                  0.25 ^ _1257_/CLK (sky130_fd_sc_hd__dfrtp_2)
                          0.99    1.24   library removal time
                                  1.24   data required time
-----------------------------------------------------------------------------
                                  1.24   data required time
                                 -6.93   data arrival time
-----------------------------------------------------------------------------
                                  5.69   slack (MET)


Startpoint: _1150_ (rising edge-triggered flip-flop clocked by clk')
Endpoint: _1258_ (removal check against rising-edge clock clk)
Path Group: asynchronous
Path Type: min

Fanout     Cap    Slew   Delay    Time   Description
-----------------------------------------------------------------------------
                  0.15    5.00    5.00   clock clk' (rise edge)
                          0.00    5.00   clock network delay (ideal)
                  0.15    0.00    5.00 ^ _1150_/CLK (sky130_fd_sc_hd__dfxtp_2)
                  2.45    1.93    6.93 ^ _1150_/Q (sky130_fd_sc_hd__dfxtp_2)
   138    0.50                           dut.rst_n (net)
                  2.45    0.00    6.93 ^ _1258_/RESET_B (sky130_fd_sc_hd__dfrtp_2)
                                  6.93   data arrival time

                  0.15    0.00    0.00   clock clk (rise edge)
                          0.00    0.00   clock network delay (ideal)
                          0.25    0.25   clock uncertainty
                          0.00    0.25   clock reconvergence pessimism
                                  0.25 ^ _1258_/CLK (sky130_fd_sc_hd__dfrtp_2)
                          0.99    1.24   library removal time
                                  1.24   data required time
-----------------------------------------------------------------------------
                                  1.24   data required time
                                 -6.93   data arrival time
-----------------------------------------------------------------------------
                                  5.69   slack (MET)


Startpoint: _1150_ (rising edge-triggered flip-flop clocked by clk')
Endpoint: _1259_ (removal check against rising-edge clock clk)
Path Group: asynchronous
Path Type: min

Fanout     Cap    Slew   Delay    Time   Description
-----------------------------------------------------------------------------
                  0.15    5.00    5.00   clock clk' (rise edge)
                          0.00    5.00   clock network delay (ideal)
                  0.15    0.00    5.00 ^ _1150_/CLK (sky130_fd_sc_hd__dfxtp_2)
                  2.45    1.93    6.93 ^ _1150_/Q (sky130_fd_sc_hd__dfxtp_2)
   138    0.50                           dut.rst_n (net)
                  2.45    0.00    6.93 ^ _1259_/RESET_B (sky130_fd_sc_hd__dfrtp_2)
                                  6.93   data arrival time

                  0.15    0.00    0.00   clock clk (rise edge)
                          0.00    0.00   clock network delay (ideal)
                          0.25    0.25   clock uncertainty
                          0.00    0.25   clock reconvergence pessimism
                                  0.25 ^ _1259_/CLK (sky130_fd_sc_hd__dfrtp_2)
                          0.99    1.24   library removal time
                                  1.24   data required time
-----------------------------------------------------------------------------
                                  1.24   data required time
                                 -6.93   data arrival time
-----------------------------------------------------------------------------
                                  5.69   slack (MET)


Startpoint: _1150_ (rising edge-triggered flip-flop clocked by clk')
Endpoint: _1260_ (removal check against rising-edge clock clk)
Path Group: asynchronous
Path Type: min

Fanout     Cap    Slew   Delay    Time   Description
-----------------------------------------------------------------------------
                  0.15    5.00    5.00   clock clk' (rise edge)
                          0.00    5.00   clock network delay (ideal)
                  0.15    0.00    5.00 ^ _1150_/CLK (sky130_fd_sc_hd__dfxtp_2)
                  2.45    1.93    6.93 ^ _1150_/Q (sky130_fd_sc_hd__dfxtp_2)
   138    0.50                           dut.rst_n (net)
                  2.45    0.00    6.93 ^ _1260_/RESET_B (sky130_fd_sc_hd__dfrtp_2)
                                  6.93   data arrival time

                  0.15    0.00    0.00   clock clk (rise edge)
                          0.00    0.00   clock network delay (ideal)
                          0.25    0.25   clock uncertainty
                          0.00    0.25   clock reconvergence pessimism
                                  0.25 ^ _1260_/CLK (sky130_fd_sc_hd__dfrtp_2)
                          0.99    1.24   library removal time
                                  1.24   data required time
-----------------------------------------------------------------------------
                                  1.24   data required time
                                 -6.93   data arrival time
-----------------------------------------------------------------------------
                                  5.69   slack (MET)


Startpoint: _1150_ (rising edge-triggered flip-flop clocked by clk')
Endpoint: _1261_ (removal check against rising-edge clock clk)
Path Group: asynchronous
Path Type: min

Fanout     Cap    Slew   Delay    Time   Description
-----------------------------------------------------------------------------
                  0.15    5.00    5.00   clock clk' (rise edge)
                          0.00    5.00   clock network delay (ideal)
                  0.15    0.00    5.00 ^ _1150_/CLK (sky130_fd_sc_hd__dfxtp_2)
                  2.45    1.93    6.93 ^ _1150_/Q (sky130_fd_sc_hd__dfxtp_2)
   138    0.50                           dut.rst_n (net)
                  2.45    0.00    6.93 ^ _1261_/RESET_B (sky130_fd_sc_hd__dfrtp_2)
                                  6.93   data arrival time

                  0.15    0.00    0.00   clock clk (rise edge)
                          0.00    0.00   clock network delay (ideal)
                          0.25    0.25   clock uncertainty
                          0.00    0.25   clock reconvergence pessimism
                                  0.25 ^ _1261_/CLK (sky130_fd_sc_hd__dfrtp_2)
                          0.99    1.24   library removal time
                                  1.24   data required time
-----------------------------------------------------------------------------
                                  1.24   data required time
                                 -6.93   data arrival time
-----------------------------------------------------------------------------
                                  5.69   slack (MET)


Startpoint: _1150_ (rising edge-triggered flip-flop clocked by clk')
Endpoint: _1262_ (removal check against rising-edge clock clk)
Path Group: asynchronous
Path Type: min

Fanout     Cap    Slew   Delay    Time   Description
-----------------------------------------------------------------------------
                  0.15    5.00    5.00   clock clk' (rise edge)
                          0.00    5.00   clock network delay (ideal)
                  0.15    0.00    5.00 ^ _1150_/CLK (sky130_fd_sc_hd__dfxtp_2)
                  2.45    1.93    6.93 ^ _1150_/Q (sky130_fd_sc_hd__dfxtp_2)
   138    0.50                           dut.rst_n (net)
                  2.45    0.00    6.93 ^ _1262_/RESET_B (sky130_fd_sc_hd__dfrtp_2)
                                  6.93   data arrival time

                  0.15    0.00    0.00   clock clk (rise edge)
                          0.00    0.00   clock network delay (ideal)
                          0.25    0.25   clock uncertainty
                          0.00    0.25   clock reconvergence pessimism
                                  0.25 ^ _1262_/CLK (sky130_fd_sc_hd__dfrtp_2)
                          0.99    1.24   library removal time
                                  1.24   data required time
-----------------------------------------------------------------------------
                                  1.24   data required time
                                 -6.93   data arrival time
-----------------------------------------------------------------------------
                                  5.69   slack (MET)


Startpoint: _1150_ (rising edge-triggered flip-flop clocked by clk')
Endpoint: _1263_ (removal check against rising-edge clock clk)
Path Group: asynchronous
Path Type: min

Fanout     Cap    Slew   Delay    Time   Description
-----------------------------------------------------------------------------
                  0.15    5.00    5.00   clock clk' (rise edge)
                          0.00    5.00   clock network delay (ideal)
                  0.15    0.00    5.00 ^ _1150_/CLK (sky130_fd_sc_hd__dfxtp_2)
                  2.45    1.93    6.93 ^ _1150_/Q (sky130_fd_sc_hd__dfxtp_2)
   138    0.50                           dut.rst_n (net)
                  2.45    0.00    6.93 ^ _1263_/RESET_B (sky130_fd_sc_hd__dfrtp_2)
                                  6.93   data arrival time

                  0.15    0.00    0.00   clock clk (rise edge)
                          0.00    0.00   clock network delay (ideal)
                          0.25    0.25   clock uncertainty
                          0.00    0.25   clock reconvergence pessimism
                                  0.25 ^ _1263_/CLK (sky130_fd_sc_hd__dfrtp_2)
                          0.99    1.24   library removal time
                                  1.24   data required time
-----------------------------------------------------------------------------
                                  1.24   data required time
                                 -6.93   data arrival time
-----------------------------------------------------------------------------
                                  5.69   slack (MET)


Startpoint: _1150_ (rising edge-triggered flip-flop clocked by clk')
Endpoint: _1264_ (removal check against rising-edge clock clk)
Path Group: asynchronous
Path Type: min

Fanout     Cap    Slew   Delay    Time   Description
-----------------------------------------------------------------------------
                  0.15    5.00    5.00   clock clk' (rise edge)
                          0.00    5.00   clock network delay (ideal)
                  0.15    0.00    5.00 ^ _1150_/CLK (sky130_fd_sc_hd__dfxtp_2)
                  2.45    1.93    6.93 ^ _1150_/Q (sky130_fd_sc_hd__dfxtp_2)
   138    0.50                           dut.rst_n (net)
                  2.45    0.00    6.93 ^ _1264_/RESET_B (sky130_fd_sc_hd__dfrtp_2)
                                  6.93   data arrival time

                  0.15    0.00    0.00   clock clk (rise edge)
                          0.00    0.00   clock network delay (ideal)
                          0.25    0.25   clock uncertainty
                          0.00    0.25   clock reconvergence pessimism
                                  0.25 ^ _1264_/CLK (sky130_fd_sc_hd__dfrtp_2)
                          0.99    1.24   library removal time
                                  1.24   data required time
-----------------------------------------------------------------------------
                                  1.24   data required time
                                 -6.93   data arrival time
-----------------------------------------------------------------------------
                                  5.69   slack (MET)


Startpoint: _1150_ (rising edge-triggered flip-flop clocked by clk')
Endpoint: _1265_ (removal check against rising-edge clock clk)
Path Group: asynchronous
Path Type: min

Fanout     Cap    Slew   Delay    Time   Description
-----------------------------------------------------------------------------
                  0.15    5.00    5.00   clock clk' (rise edge)
                          0.00    5.00   clock network delay (ideal)
                  0.15    0.00    5.00 ^ _1150_/CLK (sky130_fd_sc_hd__dfxtp_2)
                  2.45    1.93    6.93 ^ _1150_/Q (sky130_fd_sc_hd__dfxtp_2)
   138    0.50                           dut.rst_n (net)
                  2.45    0.00    6.93 ^ _1265_/RESET_B (sky130_fd_sc_hd__dfrtp_2)
                                  6.93   data arrival time

                  0.15    0.00    0.00   clock clk (rise edge)
                          0.00    0.00   clock network delay (ideal)
                          0.25    0.25   clock uncertainty
                          0.00    0.25   clock reconvergence pessimism
                                  0.25 ^ _1265_/CLK (sky130_fd_sc_hd__dfrtp_2)
                          0.99    1.24   library removal time
                                  1.24   data required time
-----------------------------------------------------------------------------
                                  1.24   data required time
                                 -6.93   data arrival time
-----------------------------------------------------------------------------
                                  5.69   slack (MET)


Startpoint: _1150_ (rising edge-triggered flip-flop clocked by clk')
Endpoint: _1266_ (removal check against rising-edge clock clk)
Path Group: asynchronous
Path Type: min

Fanout     Cap    Slew   Delay    Time   Description
-----------------------------------------------------------------------------
                  0.15    5.00    5.00   clock clk' (rise edge)
                          0.00    5.00   clock network delay (ideal)
                  0.15    0.00    5.00 ^ _1150_/CLK (sky130_fd_sc_hd__dfxtp_2)
                  2.45    1.93    6.93 ^ _1150_/Q (sky130_fd_sc_hd__dfxtp_2)
   138    0.50                           dut.rst_n (net)
                  2.45    0.00    6.93 ^ _1266_/RESET_B (sky130_fd_sc_hd__dfrtp_2)
                                  6.93   data arrival time

                  0.15    0.00    0.00   clock clk (rise edge)
                          0.00    0.00   clock network delay (ideal)
                          0.25    0.25   clock uncertainty
                          0.00    0.25   clock reconvergence pessimism
                                  0.25 ^ _1266_/CLK (sky130_fd_sc_hd__dfrtp_2)
                          0.99    1.24   library removal time
                                  1.24   data required time
-----------------------------------------------------------------------------
                                  1.24   data required time
                                 -6.93   data arrival time
-----------------------------------------------------------------------------
                                  5.69   slack (MET)


Startpoint: _1150_ (rising edge-triggered flip-flop clocked by clk')
Endpoint: _1267_ (removal check against rising-edge clock clk)
Path Group: asynchronous
Path Type: min

Fanout     Cap    Slew   Delay    Time   Description
-----------------------------------------------------------------------------
                  0.15    5.00    5.00   clock clk' (rise edge)
                          0.00    5.00   clock network delay (ideal)
                  0.15    0.00    5.00 ^ _1150_/CLK (sky130_fd_sc_hd__dfxtp_2)
                  2.45    1.93    6.93 ^ _1150_/Q (sky130_fd_sc_hd__dfxtp_2)
   138    0.50                           dut.rst_n (net)
                  2.45    0.00    6.93 ^ _1267_/RESET_B (sky130_fd_sc_hd__dfrtp_2)
                                  6.93   data arrival time

                  0.15    0.00    0.00   clock clk (rise edge)
                          0.00    0.00   clock network delay (ideal)
                          0.25    0.25   clock uncertainty
                          0.00    0.25   clock reconvergence pessimism
                                  0.25 ^ _1267_/CLK (sky130_fd_sc_hd__dfrtp_2)
                          0.99    1.24   library removal time
                                  1.24   data required time
-----------------------------------------------------------------------------
                                  1.24   data required time
                                 -6.93   data arrival time
-----------------------------------------------------------------------------
                                  5.69   slack (MET)


Startpoint: _1150_ (rising edge-triggered flip-flop clocked by clk')
Endpoint: _1268_ (removal check against rising-edge clock clk)
Path Group: asynchronous
Path Type: min

Fanout     Cap    Slew   Delay    Time   Description
-----------------------------------------------------------------------------
                  0.15    5.00    5.00   clock clk' (rise edge)
                          0.00    5.00   clock network delay (ideal)
                  0.15    0.00    5.00 ^ _1150_/CLK (sky130_fd_sc_hd__dfxtp_2)
                  2.45    1.93    6.93 ^ _1150_/Q (sky130_fd_sc_hd__dfxtp_2)
   138    0.50                           dut.rst_n (net)
                  2.45    0.00    6.93 ^ _1268_/RESET_B (sky130_fd_sc_hd__dfrtp_2)
                                  6.93   data arrival time

                  0.15    0.00    0.00   clock clk (rise edge)
                          0.00    0.00   clock network delay (ideal)
                          0.25    0.25   clock uncertainty
                          0.00    0.25   clock reconvergence pessimism
                                  0.25 ^ _1268_/CLK (sky130_fd_sc_hd__dfrtp_2)
                          0.99    1.24   library removal time
                                  1.24   data required time
-----------------------------------------------------------------------------
                                  1.24   data required time
                                 -6.93   data arrival time
-----------------------------------------------------------------------------
                                  5.69   slack (MET)


Startpoint: _1150_ (rising edge-triggered flip-flop clocked by clk')
Endpoint: _1269_ (removal check against rising-edge clock clk)
Path Group: asynchronous
Path Type: min

Fanout     Cap    Slew   Delay    Time   Description
-----------------------------------------------------------------------------
                  0.15    5.00    5.00   clock clk' (rise edge)
                          0.00    5.00   clock network delay (ideal)
                  0.15    0.00    5.00 ^ _1150_/CLK (sky130_fd_sc_hd__dfxtp_2)
                  2.45    1.93    6.93 ^ _1150_/Q (sky130_fd_sc_hd__dfxtp_2)
   138    0.50                           dut.rst_n (net)
                  2.45    0.00    6.93 ^ _1269_/RESET_B (sky130_fd_sc_hd__dfrtp_2)
                                  6.93   data arrival time

                  0.15    0.00    0.00   clock clk (rise edge)
                          0.00    0.00   clock network delay (ideal)
                          0.25    0.25   clock uncertainty
                          0.00    0.25   clock reconvergence pessimism
                                  0.25 ^ _1269_/CLK (sky130_fd_sc_hd__dfrtp_2)
                          0.99    1.24   library removal time
                                  1.24   data required time
-----------------------------------------------------------------------------
                                  1.24   data required time
                                 -6.93   data arrival time
-----------------------------------------------------------------------------
                                  5.69   slack (MET)


Startpoint: _1150_ (rising edge-triggered flip-flop clocked by clk')
Endpoint: _1270_ (removal check against rising-edge clock clk)
Path Group: asynchronous
Path Type: min

Fanout     Cap    Slew   Delay    Time   Description
-----------------------------------------------------------------------------
                  0.15    5.00    5.00   clock clk' (rise edge)
                          0.00    5.00   clock network delay (ideal)
                  0.15    0.00    5.00 ^ _1150_/CLK (sky130_fd_sc_hd__dfxtp_2)
                  2.45    1.93    6.93 ^ _1150_/Q (sky130_fd_sc_hd__dfxtp_2)
   138    0.50                           dut.rst_n (net)
                  2.45    0.00    6.93 ^ _1270_/RESET_B (sky130_fd_sc_hd__dfrtp_2)
                                  6.93   data arrival time

                  0.15    0.00    0.00   clock clk (rise edge)
                          0.00    0.00   clock network delay (ideal)
                          0.25    0.25   clock uncertainty
                          0.00    0.25   clock reconvergence pessimism
                                  0.25 ^ _1270_/CLK (sky130_fd_sc_hd__dfrtp_2)
                          0.99    1.24   library removal time
                                  1.24   data required time
-----------------------------------------------------------------------------
                                  1.24   data required time
                                 -6.93   data arrival time
-----------------------------------------------------------------------------
                                  5.69   slack (MET)


Startpoint: _1150_ (rising edge-triggered flip-flop clocked by clk')
Endpoint: _1271_ (removal check against rising-edge clock clk)
Path Group: asynchronous
Path Type: min

Fanout     Cap    Slew   Delay    Time   Description
-----------------------------------------------------------------------------
                  0.15    5.00    5.00   clock clk' (rise edge)
                          0.00    5.00   clock network delay (ideal)
                  0.15    0.00    5.00 ^ _1150_/CLK (sky130_fd_sc_hd__dfxtp_2)
                  2.45    1.93    6.93 ^ _1150_/Q (sky130_fd_sc_hd__dfxtp_2)
   138    0.50                           dut.rst_n (net)
                  2.45    0.00    6.93 ^ _1271_/RESET_B (sky130_fd_sc_hd__dfrtp_2)
                                  6.93   data arrival time

                  0.15    0.00    0.00   clock clk (rise edge)
                          0.00    0.00   clock network delay (ideal)
                          0.25    0.25   clock uncertainty
                          0.00    0.25   clock reconvergence pessimism
                                  0.25 ^ _1271_/CLK (sky130_fd_sc_hd__dfrtp_2)
                          0.99    1.24   library removal time
                                  1.24   data required time
-----------------------------------------------------------------------------
                                  1.24   data required time
                                 -6.93   data arrival time
-----------------------------------------------------------------------------
                                  5.69   slack (MET)


Startpoint: _1150_ (rising edge-triggered flip-flop clocked by clk')
Endpoint: _1272_ (removal check against rising-edge clock clk)
Path Group: asynchronous
Path Type: min

Fanout     Cap    Slew   Delay    Time   Description
-----------------------------------------------------------------------------
                  0.15    5.00    5.00   clock clk' (rise edge)
                          0.00    5.00   clock network delay (ideal)
                  0.15    0.00    5.00 ^ _1150_/CLK (sky130_fd_sc_hd__dfxtp_2)
                  2.45    1.93    6.93 ^ _1150_/Q (sky130_fd_sc_hd__dfxtp_2)
   138    0.50                           dut.rst_n (net)
                  2.45    0.00    6.93 ^ _1272_/RESET_B (sky130_fd_sc_hd__dfrtp_2)
                                  6.93   data arrival time

                  0.15    0.00    0.00   clock clk (rise edge)
                          0.00    0.00   clock network delay (ideal)
                          0.25    0.25   clock uncertainty
                          0.00    0.25   clock reconvergence pessimism
                                  0.25 ^ _1272_/CLK (sky130_fd_sc_hd__dfrtp_2)
                          0.99    1.24   library removal time
                                  1.24   data required time
-----------------------------------------------------------------------------
                                  1.24   data required time
                                 -6.93   data arrival time
-----------------------------------------------------------------------------
                                  5.69   slack (MET)


Startpoint: _1150_ (rising edge-triggered flip-flop clocked by clk')
Endpoint: _1273_ (removal check against rising-edge clock clk)
Path Group: asynchronous
Path Type: min

Fanout     Cap    Slew   Delay    Time   Description
-----------------------------------------------------------------------------
                  0.15    5.00    5.00   clock clk' (rise edge)
                          0.00    5.00   clock network delay (ideal)
                  0.15    0.00    5.00 ^ _1150_/CLK (sky130_fd_sc_hd__dfxtp_2)
                  2.45    1.93    6.93 ^ _1150_/Q (sky130_fd_sc_hd__dfxtp_2)
   138    0.50                           dut.rst_n (net)
                  2.45    0.00    6.93 ^ _1273_/RESET_B (sky130_fd_sc_hd__dfrtp_2)
                                  6.93   data arrival time

                  0.15    0.00    0.00   clock clk (rise edge)
                          0.00    0.00   clock network delay (ideal)
                          0.25    0.25   clock uncertainty
                          0.00    0.25   clock reconvergence pessimism
                                  0.25 ^ _1273_/CLK (sky130_fd_sc_hd__dfrtp_2)
                          0.99    1.24   library removal time
                                  1.24   data required time
-----------------------------------------------------------------------------
                                  1.24   data required time
                                 -6.93   data arrival time
-----------------------------------------------------------------------------
                                  5.69   slack (MET)


Startpoint: _1150_ (rising edge-triggered flip-flop clocked by clk')
Endpoint: _1274_ (removal check against rising-edge clock clk)
Path Group: asynchronous
Path Type: min

Fanout     Cap    Slew   Delay    Time   Description
-----------------------------------------------------------------------------
                  0.15    5.00    5.00   clock clk' (rise edge)
                          0.00    5.00   clock network delay (ideal)
                  0.15    0.00    5.00 ^ _1150_/CLK (sky130_fd_sc_hd__dfxtp_2)
                  2.45    1.93    6.93 ^ _1150_/Q (sky130_fd_sc_hd__dfxtp_2)
   138    0.50                           dut.rst_n (net)
                  2.45    0.00    6.93 ^ _1274_/RESET_B (sky130_fd_sc_hd__dfrtp_2)
                                  6.93   data arrival time

                  0.15    0.00    0.00   clock clk (rise edge)
                          0.00    0.00   clock network delay (ideal)
                          0.25    0.25   clock uncertainty
                          0.00    0.25   clock reconvergence pessimism
                                  0.25 ^ _1274_/CLK (sky130_fd_sc_hd__dfrtp_2)
                          0.99    1.24   library removal time
                                  1.24   data required time
-----------------------------------------------------------------------------
                                  1.24   data required time
                                 -6.93   data arrival time
-----------------------------------------------------------------------------
                                  5.69   slack (MET)


Startpoint: _1150_ (rising edge-triggered flip-flop clocked by clk')
Endpoint: _1275_ (removal check against rising-edge clock clk)
Path Group: asynchronous
Path Type: min

Fanout     Cap    Slew   Delay    Time   Description
-----------------------------------------------------------------------------
                  0.15    5.00    5.00   clock clk' (rise edge)
                          0.00    5.00   clock network delay (ideal)
                  0.15    0.00    5.00 ^ _1150_/CLK (sky130_fd_sc_hd__dfxtp_2)
                  2.45    1.93    6.93 ^ _1150_/Q (sky130_fd_sc_hd__dfxtp_2)
   138    0.50                           dut.rst_n (net)
                  2.45    0.00    6.93 ^ _1275_/RESET_B (sky130_fd_sc_hd__dfrtp_2)
                                  6.93   data arrival time

                  0.15    0.00    0.00   clock clk (rise edge)
                          0.00    0.00   clock network delay (ideal)
                          0.25    0.25   clock uncertainty
                          0.00    0.25   clock reconvergence pessimism
                                  0.25 ^ _1275_/CLK (sky130_fd_sc_hd__dfrtp_2)
                          0.99    1.24   library removal time
                                  1.24   data required time
-----------------------------------------------------------------------------
                                  1.24   data required time
                                 -6.93   data arrival time
-----------------------------------------------------------------------------
                                  5.69   slack (MET)


Startpoint: _1150_ (rising edge-triggered flip-flop clocked by clk')
Endpoint: _1276_ (removal check against rising-edge clock clk)
Path Group: asynchronous
Path Type: min

Fanout     Cap    Slew   Delay    Time   Description
-----------------------------------------------------------------------------
                  0.15    5.00    5.00   clock clk' (rise edge)
                          0.00    5.00   clock network delay (ideal)
                  0.15    0.00    5.00 ^ _1150_/CLK (sky130_fd_sc_hd__dfxtp_2)
                  2.45    1.93    6.93 ^ _1150_/Q (sky130_fd_sc_hd__dfxtp_2)
   138    0.50                           dut.rst_n (net)
                  2.45    0.00    6.93 ^ _1276_/RESET_B (sky130_fd_sc_hd__dfrtp_2)
                                  6.93   data arrival time

                  0.15    0.00    0.00   clock clk (rise edge)
                          0.00    0.00   clock network delay (ideal)
                          0.25    0.25   clock uncertainty
                          0.00    0.25   clock reconvergence pessimism
                                  0.25 ^ _1276_/CLK (sky130_fd_sc_hd__dfrtp_2)
                          0.99    1.24   library removal time
                                  1.24   data required time
-----------------------------------------------------------------------------
                                  1.24   data required time
                                 -6.93   data arrival time
-----------------------------------------------------------------------------
                                  5.69   slack (MET)


Startpoint: _1150_ (rising edge-triggered flip-flop clocked by clk')
Endpoint: _1277_ (removal check against rising-edge clock clk)
Path Group: asynchronous
Path Type: min

Fanout     Cap    Slew   Delay    Time   Description
-----------------------------------------------------------------------------
                  0.15    5.00    5.00   clock clk' (rise edge)
                          0.00    5.00   clock network delay (ideal)
                  0.15    0.00    5.00 ^ _1150_/CLK (sky130_fd_sc_hd__dfxtp_2)
                  2.45    1.93    6.93 ^ _1150_/Q (sky130_fd_sc_hd__dfxtp_2)
   138    0.50                           dut.rst_n (net)
                  2.45    0.00    6.93 ^ _1277_/RESET_B (sky130_fd_sc_hd__dfrtp_2)
                                  6.93   data arrival time

                  0.15    0.00    0.00   clock clk (rise edge)
                          0.00    0.00   clock network delay (ideal)
                          0.25    0.25   clock uncertainty
                          0.00    0.25   clock reconvergence pessimism
                                  0.25 ^ _1277_/CLK (sky130_fd_sc_hd__dfrtp_2)
                          0.99    1.24   library removal time
                                  1.24   data required time
-----------------------------------------------------------------------------
                                  1.24   data required time
                                 -6.93   data arrival time
-----------------------------------------------------------------------------
                                  5.69   slack (MET)


Startpoint: _1150_ (rising edge-triggered flip-flop clocked by clk')
Endpoint: _1278_ (removal check against rising-edge clock clk)
Path Group: asynchronous
Path Type: min

Fanout     Cap    Slew   Delay    Time   Description
-----------------------------------------------------------------------------
                  0.15    5.00    5.00   clock clk' (rise edge)
                          0.00    5.00   clock network delay (ideal)
                  0.15    0.00    5.00 ^ _1150_/CLK (sky130_fd_sc_hd__dfxtp_2)
                  2.45    1.93    6.93 ^ _1150_/Q (sky130_fd_sc_hd__dfxtp_2)
   138    0.50                           dut.rst_n (net)
                  2.45    0.00    6.93 ^ _1278_/RESET_B (sky130_fd_sc_hd__dfrtp_2)
                                  6.93   data arrival time

                  0.15    0.00    0.00   clock clk (rise edge)
                          0.00    0.00   clock network delay (ideal)
                          0.25    0.25   clock uncertainty
                          0.00    0.25   clock reconvergence pessimism
                                  0.25 ^ _1278_/CLK (sky130_fd_sc_hd__dfrtp_2)
                          0.99    1.24   library removal time
                                  1.24   data required time
-----------------------------------------------------------------------------
                                  1.24   data required time
                                 -6.93   data arrival time
-----------------------------------------------------------------------------
                                  5.69   slack (MET)


Startpoint: _1150_ (rising edge-triggered flip-flop clocked by clk')
Endpoint: _1279_ (removal check against rising-edge clock clk)
Path Group: asynchronous
Path Type: min

Fanout     Cap    Slew   Delay    Time   Description
-----------------------------------------------------------------------------
                  0.15    5.00    5.00   clock clk' (rise edge)
                          0.00    5.00   clock network delay (ideal)
                  0.15    0.00    5.00 ^ _1150_/CLK (sky130_fd_sc_hd__dfxtp_2)
                  2.45    1.93    6.93 ^ _1150_/Q (sky130_fd_sc_hd__dfxtp_2)
   138    0.50                           dut.rst_n (net)
                  2.45    0.00    6.93 ^ _1279_/RESET_B (sky130_fd_sc_hd__dfrtp_2)
                                  6.93   data arrival time

                  0.15    0.00    0.00   clock clk (rise edge)
                          0.00    0.00   clock network delay (ideal)
                          0.25    0.25   clock uncertainty
                          0.00    0.25   clock reconvergence pessimism
                                  0.25 ^ _1279_/CLK (sky130_fd_sc_hd__dfrtp_2)
                          0.99    1.24   library removal time
                                  1.24   data required time
-----------------------------------------------------------------------------
                                  1.24   data required time
                                 -6.93   data arrival time
-----------------------------------------------------------------------------
                                  5.69   slack (MET)


Startpoint: _1150_ (rising edge-triggered flip-flop clocked by clk')
Endpoint: _1280_ (removal check against rising-edge clock clk)
Path Group: asynchronous
Path Type: min

Fanout     Cap    Slew   Delay    Time   Description
-----------------------------------------------------------------------------
                  0.15    5.00    5.00   clock clk' (rise edge)
                          0.00    5.00   clock network delay (ideal)
                  0.15    0.00    5.00 ^ _1150_/CLK (sky130_fd_sc_hd__dfxtp_2)
                  2.45    1.93    6.93 ^ _1150_/Q (sky130_fd_sc_hd__dfxtp_2)
   138    0.50                           dut.rst_n (net)
                  2.45    0.00    6.93 ^ _1280_/RESET_B (sky130_fd_sc_hd__dfrtp_2)
                                  6.93   data arrival time

                  0.15    0.00    0.00   clock clk (rise edge)
                          0.00    0.00   clock network delay (ideal)
                          0.25    0.25   clock uncertainty
                          0.00    0.25   clock reconvergence pessimism
                                  0.25 ^ _1280_/CLK (sky130_fd_sc_hd__dfrtp_2)
                          0.99    1.24   library removal time
                                  1.24   data required time
-----------------------------------------------------------------------------
                                  1.24   data required time
                                 -6.93   data arrival time
-----------------------------------------------------------------------------
                                  5.69   slack (MET)


Startpoint: _1150_ (rising edge-triggered flip-flop clocked by clk')
Endpoint: _1281_ (removal check against rising-edge clock clk)
Path Group: asynchronous
Path Type: min

Fanout     Cap    Slew   Delay    Time   Description
-----------------------------------------------------------------------------
                  0.15    5.00    5.00   clock clk' (rise edge)
                          0.00    5.00   clock network delay (ideal)
                  0.15    0.00    5.00 ^ _1150_/CLK (sky130_fd_sc_hd__dfxtp_2)
                  2.45    1.93    6.93 ^ _1150_/Q (sky130_fd_sc_hd__dfxtp_2)
   138    0.50                           dut.rst_n (net)
                  2.45    0.00    6.93 ^ _1281_/RESET_B (sky130_fd_sc_hd__dfrtp_2)
                                  6.93   data arrival time

                  0.15    0.00    0.00   clock clk (rise edge)
                          0.00    0.00   clock network delay (ideal)
                          0.25    0.25   clock uncertainty
                          0.00    0.25   clock reconvergence pessimism
                                  0.25 ^ _1281_/CLK (sky130_fd_sc_hd__dfrtp_2)
                          0.99    1.24   library removal time
                                  1.24   data required time
-----------------------------------------------------------------------------
                                  1.24   data required time
                                 -6.93   data arrival time
-----------------------------------------------------------------------------
                                  5.69   slack (MET)


Startpoint: _1150_ (rising edge-triggered flip-flop clocked by clk')
Endpoint: _1282_ (removal check against rising-edge clock clk)
Path Group: asynchronous
Path Type: min

Fanout     Cap    Slew   Delay    Time   Description
-----------------------------------------------------------------------------
                  0.15    5.00    5.00   clock clk' (rise edge)
                          0.00    5.00   clock network delay (ideal)
                  0.15    0.00    5.00 ^ _1150_/CLK (sky130_fd_sc_hd__dfxtp_2)
                  2.45    1.93    6.93 ^ _1150_/Q (sky130_fd_sc_hd__dfxtp_2)
   138    0.50                           dut.rst_n (net)
                  2.45    0.00    6.93 ^ _1282_/RESET_B (sky130_fd_sc_hd__dfrtp_2)
                                  6.93   data arrival time

                  0.15    0.00    0.00   clock clk (rise edge)
                          0.00    0.00   clock network delay (ideal)
                          0.25    0.25   clock uncertainty
                          0.00    0.25   clock reconvergence pessimism
                                  0.25 ^ _1282_/CLK (sky130_fd_sc_hd__dfrtp_2)
                          0.99    1.24   library removal time
                                  1.24   data required time
-----------------------------------------------------------------------------
                                  1.24   data required time
                                 -6.93   data arrival time
-----------------------------------------------------------------------------
                                  5.69   slack (MET)


Startpoint: _1150_ (rising edge-triggered flip-flop clocked by clk')
Endpoint: _1283_ (removal check against rising-edge clock clk)
Path Group: asynchronous
Path Type: min

Fanout     Cap    Slew   Delay    Time   Description
-----------------------------------------------------------------------------
                  0.15    5.00    5.00   clock clk' (rise edge)
                          0.00    5.00   clock network delay (ideal)
                  0.15    0.00    5.00 ^ _1150_/CLK (sky130_fd_sc_hd__dfxtp_2)
                  2.45    1.93    6.93 ^ _1150_/Q (sky130_fd_sc_hd__dfxtp_2)
   138    0.50                           dut.rst_n (net)
                  2.45    0.00    6.93 ^ _1283_/RESET_B (sky130_fd_sc_hd__dfrtp_2)
                                  6.93   data arrival time

                  0.15    0.00    0.00   clock clk (rise edge)
                          0.00    0.00   clock network delay (ideal)
                          0.25    0.25   clock uncertainty
                          0.00    0.25   clock reconvergence pessimism
                                  0.25 ^ _1283_/CLK (sky130_fd_sc_hd__dfrtp_2)
                          0.99    1.24   library removal time
                                  1.24   data required time
-----------------------------------------------------------------------------
                                  1.24   data required time
                                 -6.93   data arrival time
-----------------------------------------------------------------------------
                                  5.69   slack (MET)


Startpoint: _1150_ (rising edge-triggered flip-flop clocked by clk')
Endpoint: _1284_ (removal check against rising-edge clock clk)
Path Group: asynchronous
Path Type: min

Fanout     Cap    Slew   Delay    Time   Description
-----------------------------------------------------------------------------
                  0.15    5.00    5.00   clock clk' (rise edge)
                          0.00    5.00   clock network delay (ideal)
                  0.15    0.00    5.00 ^ _1150_/CLK (sky130_fd_sc_hd__dfxtp_2)
                  2.45    1.93    6.93 ^ _1150_/Q (sky130_fd_sc_hd__dfxtp_2)
   138    0.50                           dut.rst_n (net)
                  2.45    0.00    6.93 ^ _1284_/RESET_B (sky130_fd_sc_hd__dfrtp_2)
                                  6.93   data arrival time

                  0.15    0.00    0.00   clock clk (rise edge)
                          0.00    0.00   clock network delay (ideal)
                          0.25    0.25   clock uncertainty
                          0.00    0.25   clock reconvergence pessimism
                                  0.25 ^ _1284_/CLK (sky130_fd_sc_hd__dfrtp_2)
                          0.99    1.24   library removal time
                                  1.24   data required time
-----------------------------------------------------------------------------
                                  1.24   data required time
                                 -6.93   data arrival time
-----------------------------------------------------------------------------
                                  5.69   slack (MET)


Startpoint: _1150_ (rising edge-triggered flip-flop clocked by clk')
Endpoint: _1285_ (removal check against rising-edge clock clk)
Path Group: asynchronous
Path Type: min

Fanout     Cap    Slew   Delay    Time   Description
-----------------------------------------------------------------------------
                  0.15    5.00    5.00   clock clk' (rise edge)
                          0.00    5.00   clock network delay (ideal)
                  0.15    0.00    5.00 ^ _1150_/CLK (sky130_fd_sc_hd__dfxtp_2)
                  2.45    1.93    6.93 ^ _1150_/Q (sky130_fd_sc_hd__dfxtp_2)
   138    0.50                           dut.rst_n (net)
                  2.45    0.00    6.93 ^ _1285_/RESET_B (sky130_fd_sc_hd__dfrtp_2)
                                  6.93   data arrival time

                  0.15    0.00    0.00   clock clk (rise edge)
                          0.00    0.00   clock network delay (ideal)
                          0.25    0.25   clock uncertainty
                          0.00    0.25   clock reconvergence pessimism
                                  0.25 ^ _1285_/CLK (sky130_fd_sc_hd__dfrtp_2)
                          0.99    1.24   library removal time
                                  1.24   data required time
-----------------------------------------------------------------------------
                                  1.24   data required time
                                 -6.93   data arrival time
-----------------------------------------------------------------------------
                                  5.69   slack (MET)


Startpoint: _1150_ (rising edge-triggered flip-flop clocked by clk')
Endpoint: _1286_ (removal check against rising-edge clock clk)
Path Group: asynchronous
Path Type: min

Fanout     Cap    Slew   Delay    Time   Description
-----------------------------------------------------------------------------
                  0.15    5.00    5.00   clock clk' (rise edge)
                          0.00    5.00   clock network delay (ideal)
                  0.15    0.00    5.00 ^ _1150_/CLK (sky130_fd_sc_hd__dfxtp_2)
                  2.45    1.93    6.93 ^ _1150_/Q (sky130_fd_sc_hd__dfxtp_2)
   138    0.50                           dut.rst_n (net)
                  2.45    0.00    6.93 ^ _1286_/RESET_B (sky130_fd_sc_hd__dfrtp_2)
                                  6.93   data arrival time

                  0.15    0.00    0.00   clock clk (rise edge)
                          0.00    0.00   clock network delay (ideal)
                          0.25    0.25   clock uncertainty
                          0.00    0.25   clock reconvergence pessimism
                                  0.25 ^ _1286_/CLK (sky130_fd_sc_hd__dfrtp_2)
                          0.99    1.24   library removal time
                                  1.24   data required time
-----------------------------------------------------------------------------
                                  1.24   data required time
                                 -6.93   data arrival time
-----------------------------------------------------------------------------
                                  5.69   slack (MET)


Startpoint: _1150_ (rising edge-triggered flip-flop clocked by clk')
Endpoint: _1287_ (removal check against rising-edge clock clk)
Path Group: asynchronous
Path Type: min

Fanout     Cap    Slew   Delay    Time   Description
-----------------------------------------------------------------------------
                  0.15    5.00    5.00   clock clk' (rise edge)
                          0.00    5.00   clock network delay (ideal)
                  0.15    0.00    5.00 ^ _1150_/CLK (sky130_fd_sc_hd__dfxtp_2)
                  2.45    1.93    6.93 ^ _1150_/Q (sky130_fd_sc_hd__dfxtp_2)
   138    0.50                           dut.rst_n (net)
                  2.45    0.00    6.93 ^ _1287_/RESET_B (sky130_fd_sc_hd__dfrtp_2)
                                  6.93   data arrival time

                  0.15    0.00    0.00   clock clk (rise edge)
                          0.00    0.00   clock network delay (ideal)
                          0.25    0.25   clock uncertainty
                          0.00    0.25   clock reconvergence pessimism
                                  0.25 ^ _1287_/CLK (sky130_fd_sc_hd__dfrtp_2)
                          0.99    1.24   library removal time
                                  1.24   data required time
-----------------------------------------------------------------------------
                                  1.24   data required time
                                 -6.93   data arrival time
-----------------------------------------------------------------------------
                                  5.69   slack (MET)


Startpoint: _1150_ (rising edge-triggered flip-flop clocked by clk')
Endpoint: _1288_ (removal check against rising-edge clock clk)
Path Group: asynchronous
Path Type: min

Fanout     Cap    Slew   Delay    Time   Description
-----------------------------------------------------------------------------
                  0.15    5.00    5.00   clock clk' (rise edge)
                          0.00    5.00   clock network delay (ideal)
                  0.15    0.00    5.00 ^ _1150_/CLK (sky130_fd_sc_hd__dfxtp_2)
                  2.45    1.93    6.93 ^ _1150_/Q (sky130_fd_sc_hd__dfxtp_2)
   138    0.50                           dut.rst_n (net)
                  2.45    0.00    6.93 ^ _1288_/RESET_B (sky130_fd_sc_hd__dfrtp_2)
                                  6.93   data arrival time

                  0.15    0.00    0.00   clock clk (rise edge)
                          0.00    0.00   clock network delay (ideal)
                          0.25    0.25   clock uncertainty
                          0.00    0.25   clock reconvergence pessimism
                                  0.25 ^ _1288_/CLK (sky130_fd_sc_hd__dfrtp_2)
                          0.99    1.24   library removal time
                                  1.24   data required time
-----------------------------------------------------------------------------
                                  1.24   data required time
                                 -6.93   data arrival time
-----------------------------------------------------------------------------
                                  5.69   slack (MET)


Startpoint: _1150_ (rising edge-triggered flip-flop clocked by clk')
Endpoint: _1289_ (removal check against rising-edge clock clk)
Path Group: asynchronous
Path Type: min

Fanout     Cap    Slew   Delay    Time   Description
-----------------------------------------------------------------------------
                  0.15    5.00    5.00   clock clk' (rise edge)
                          0.00    5.00   clock network delay (ideal)
                  0.15    0.00    5.00 ^ _1150_/CLK (sky130_fd_sc_hd__dfxtp_2)
                  2.45    1.93    6.93 ^ _1150_/Q (sky130_fd_sc_hd__dfxtp_2)
   138    0.50                           dut.rst_n (net)
                  2.45    0.00    6.93 ^ _1289_/RESET_B (sky130_fd_sc_hd__dfrtp_2)
                                  6.93   data arrival time

                  0.15    0.00    0.00   clock clk (rise edge)
                          0.00    0.00   clock network delay (ideal)
                          0.25    0.25   clock uncertainty
                          0.00    0.25   clock reconvergence pessimism
                                  0.25 ^ _1289_/CLK (sky130_fd_sc_hd__dfrtp_2)
                          0.99    1.24   library removal time
                                  1.24   data required time
-----------------------------------------------------------------------------
                                  1.24   data required time
                                 -6.93   data arrival time
-----------------------------------------------------------------------------
                                  5.69   slack (MET)


Startpoint: _1150_ (rising edge-triggered flip-flop clocked by clk')
Endpoint: _1290_ (removal check against rising-edge clock clk)
Path Group: asynchronous
Path Type: min

Fanout     Cap    Slew   Delay    Time   Description
-----------------------------------------------------------------------------
                  0.15    5.00    5.00   clock clk' (rise edge)
                          0.00    5.00   clock network delay (ideal)
                  0.15    0.00    5.00 ^ _1150_/CLK (sky130_fd_sc_hd__dfxtp_2)
                  2.45    1.93    6.93 ^ _1150_/Q (sky130_fd_sc_hd__dfxtp_2)
   138    0.50                           dut.rst_n (net)
                  2.45    0.00    6.93 ^ _1290_/RESET_B (sky130_fd_sc_hd__dfrtp_2)
                                  6.93   data arrival time

                  0.15    0.00    0.00   clock clk (rise edge)
                          0.00    0.00   clock network delay (ideal)
                          0.25    0.25   clock uncertainty
                          0.00    0.25   clock reconvergence pessimism
                                  0.25 ^ _1290_/CLK (sky130_fd_sc_hd__dfrtp_2)
                          0.99    1.24   library removal time
                                  1.24   data required time
-----------------------------------------------------------------------------
                                  1.24   data required time
                                 -6.93   data arrival time
-----------------------------------------------------------------------------
                                  5.69   slack (MET)


Startpoint: _1150_ (rising edge-triggered flip-flop clocked by clk')
Endpoint: _1291_ (removal check against rising-edge clock clk)
Path Group: asynchronous
Path Type: min

Fanout     Cap    Slew   Delay    Time   Description
-----------------------------------------------------------------------------
                  0.15    5.00    5.00   clock clk' (rise edge)
                          0.00    5.00   clock network delay (ideal)
                  0.15    0.00    5.00 ^ _1150_/CLK (sky130_fd_sc_hd__dfxtp_2)
                  2.45    1.93    6.93 ^ _1150_/Q (sky130_fd_sc_hd__dfxtp_2)
   138    0.50                           dut.rst_n (net)
                  2.45    0.00    6.93 ^ _1291_/RESET_B (sky130_fd_sc_hd__dfrtp_2)
                                  6.93   data arrival time

                  0.15    0.00    0.00   clock clk (rise edge)
                          0.00    0.00   clock network delay (ideal)
                          0.25    0.25   clock uncertainty
                          0.00    0.25   clock reconvergence pessimism
                                  0.25 ^ _1291_/CLK (sky130_fd_sc_hd__dfrtp_2)
                          0.99    1.24   library removal time
                                  1.24   data required time
-----------------------------------------------------------------------------
                                  1.24   data required time
                                 -6.93   data arrival time
-----------------------------------------------------------------------------
                                  5.69   slack (MET)


Startpoint: _1150_ (rising edge-triggered flip-flop clocked by clk')
Endpoint: _1292_ (removal check against rising-edge clock clk)
Path Group: asynchronous
Path Type: min

Fanout     Cap    Slew   Delay    Time   Description
-----------------------------------------------------------------------------
                  0.15    5.00    5.00   clock clk' (rise edge)
                          0.00    5.00   clock network delay (ideal)
                  0.15    0.00    5.00 ^ _1150_/CLK (sky130_fd_sc_hd__dfxtp_2)
                  2.45    1.93    6.93 ^ _1150_/Q (sky130_fd_sc_hd__dfxtp_2)
   138    0.50                           dut.rst_n (net)
                  2.45    0.00    6.93 ^ _1292_/RESET_B (sky130_fd_sc_hd__dfrtp_2)
                                  6.93   data arrival time

                  0.15    0.00    0.00   clock clk (rise edge)
                          0.00    0.00   clock network delay (ideal)
                          0.25    0.25   clock uncertainty
                          0.00    0.25   clock reconvergence pessimism
                                  0.25 ^ _1292_/CLK (sky130_fd_sc_hd__dfrtp_2)
                          0.99    1.24   library removal time
                                  1.24   data required time
-----------------------------------------------------------------------------
                                  1.24   data required time
                                 -6.93   data arrival time
-----------------------------------------------------------------------------
                                  5.69   slack (MET)


Startpoint: _1150_ (rising edge-triggered flip-flop clocked by clk')
Endpoint: _1293_ (removal check against rising-edge clock clk)
Path Group: asynchronous
Path Type: min

Fanout     Cap    Slew   Delay    Time   Description
-----------------------------------------------------------------------------
                  0.15    5.00    5.00   clock clk' (rise edge)
                          0.00    5.00   clock network delay (ideal)
                  0.15    0.00    5.00 ^ _1150_/CLK (sky130_fd_sc_hd__dfxtp_2)
                  2.45    1.93    6.93 ^ _1150_/Q (sky130_fd_sc_hd__dfxtp_2)
   138    0.50                           dut.rst_n (net)
                  2.45    0.00    6.93 ^ _1293_/RESET_B (sky130_fd_sc_hd__dfrtp_2)
                                  6.93   data arrival time

                  0.15    0.00    0.00   clock clk (rise edge)
                          0.00    0.00   clock network delay (ideal)
                          0.25    0.25   clock uncertainty
                          0.00    0.25   clock reconvergence pessimism
                                  0.25 ^ _1293_/CLK (sky130_fd_sc_hd__dfrtp_2)
                          0.99    1.24   library removal time
                                  1.24   data required time
-----------------------------------------------------------------------------
                                  1.24   data required time
                                 -6.93   data arrival time
-----------------------------------------------------------------------------
                                  5.69   slack (MET)


Startpoint: _1150_ (rising edge-triggered flip-flop clocked by clk')
Endpoint: _1294_ (removal check against rising-edge clock clk)
Path Group: asynchronous
Path Type: min

Fanout     Cap    Slew   Delay    Time   Description
-----------------------------------------------------------------------------
                  0.15    5.00    5.00   clock clk' (rise edge)
                          0.00    5.00   clock network delay (ideal)
                  0.15    0.00    5.00 ^ _1150_/CLK (sky130_fd_sc_hd__dfxtp_2)
                  2.45    1.93    6.93 ^ _1150_/Q (sky130_fd_sc_hd__dfxtp_2)
   138    0.50                           dut.rst_n (net)
                  2.45    0.00    6.93 ^ _1294_/RESET_B (sky130_fd_sc_hd__dfrtp_2)
                                  6.93   data arrival time

                  0.15    0.00    0.00   clock clk (rise edge)
                          0.00    0.00   clock network delay (ideal)
                          0.25    0.25   clock uncertainty
                          0.00    0.25   clock reconvergence pessimism
                                  0.25 ^ _1294_/CLK (sky130_fd_sc_hd__dfrtp_2)
                          0.99    1.24   library removal time
                                  1.24   data required time
-----------------------------------------------------------------------------
                                  1.24   data required time
                                 -6.93   data arrival time
-----------------------------------------------------------------------------
                                  5.69   slack (MET)


Startpoint: _1150_ (rising edge-triggered flip-flop clocked by clk')
Endpoint: _1295_ (removal check against rising-edge clock clk)
Path Group: asynchronous
Path Type: min

Fanout     Cap    Slew   Delay    Time   Description
-----------------------------------------------------------------------------
                  0.15    5.00    5.00   clock clk' (rise edge)
                          0.00    5.00   clock network delay (ideal)
                  0.15    0.00    5.00 ^ _1150_/CLK (sky130_fd_sc_hd__dfxtp_2)
                  2.45    1.93    6.93 ^ _1150_/Q (sky130_fd_sc_hd__dfxtp_2)
   138    0.50                           dut.rst_n (net)
                  2.45    0.00    6.93 ^ _1295_/RESET_B (sky130_fd_sc_hd__dfrtp_2)
                                  6.93   data arrival time

                  0.15    0.00    0.00   clock clk (rise edge)
                          0.00    0.00   clock network delay (ideal)
                          0.25    0.25   clock uncertainty
                          0.00    0.25   clock reconvergence pessimism
                                  0.25 ^ _1295_/CLK (sky130_fd_sc_hd__dfrtp_2)
                          0.99    1.24   library removal time
                                  1.24   data required time
-----------------------------------------------------------------------------
                                  1.24   data required time
                                 -6.93   data arrival time
-----------------------------------------------------------------------------
                                  5.69   slack (MET)


Startpoint: _1150_ (rising edge-triggered flip-flop clocked by clk')
Endpoint: _1296_ (removal check against rising-edge clock clk)
Path Group: asynchronous
Path Type: min

Fanout     Cap    Slew   Delay    Time   Description
-----------------------------------------------------------------------------
                  0.15    5.00    5.00   clock clk' (rise edge)
                          0.00    5.00   clock network delay (ideal)
                  0.15    0.00    5.00 ^ _1150_/CLK (sky130_fd_sc_hd__dfxtp_2)
                  2.45    1.93    6.93 ^ _1150_/Q (sky130_fd_sc_hd__dfxtp_2)
   138    0.50                           dut.rst_n (net)
                  2.45    0.00    6.93 ^ _1296_/RESET_B (sky130_fd_sc_hd__dfrtp_2)
                                  6.93   data arrival time

                  0.15    0.00    0.00   clock clk (rise edge)
                          0.00    0.00   clock network delay (ideal)
                          0.25    0.25   clock uncertainty
                          0.00    0.25   clock reconvergence pessimism
                                  0.25 ^ _1296_/CLK (sky130_fd_sc_hd__dfrtp_2)
                          0.99    1.24   library removal time
                                  1.24   data required time
-----------------------------------------------------------------------------
                                  1.24   data required time
                                 -6.93   data arrival time
-----------------------------------------------------------------------------
                                  5.69   slack (MET)


Startpoint: _1150_ (rising edge-triggered flip-flop clocked by clk')
Endpoint: _1297_ (removal check against rising-edge clock clk)
Path Group: asynchronous
Path Type: min

Fanout     Cap    Slew   Delay    Time   Description
-----------------------------------------------------------------------------
                  0.15    5.00    5.00   clock clk' (rise edge)
                          0.00    5.00   clock network delay (ideal)
                  0.15    0.00    5.00 ^ _1150_/CLK (sky130_fd_sc_hd__dfxtp_2)
                  2.45    1.93    6.93 ^ _1150_/Q (sky130_fd_sc_hd__dfxtp_2)
   138    0.50                           dut.rst_n (net)
                  2.45    0.00    6.93 ^ _1297_/RESET_B (sky130_fd_sc_hd__dfrtp_2)
                                  6.93   data arrival time

                  0.15    0.00    0.00   clock clk (rise edge)
                          0.00    0.00   clock network delay (ideal)
                          0.25    0.25   clock uncertainty
                          0.00    0.25   clock reconvergence pessimism
                                  0.25 ^ _1297_/CLK (sky130_fd_sc_hd__dfrtp_2)
                          0.99    1.24   library removal time
                                  1.24   data required time
-----------------------------------------------------------------------------
                                  1.24   data required time
                                 -6.93   data arrival time
-----------------------------------------------------------------------------
                                  5.69   slack (MET)


Startpoint: _1150_ (rising edge-triggered flip-flop clocked by clk')
Endpoint: _1298_ (removal check against rising-edge clock clk)
Path Group: asynchronous
Path Type: min

Fanout     Cap    Slew   Delay    Time   Description
-----------------------------------------------------------------------------
                  0.15    5.00    5.00   clock clk' (rise edge)
                          0.00    5.00   clock network delay (ideal)
                  0.15    0.00    5.00 ^ _1150_/CLK (sky130_fd_sc_hd__dfxtp_2)
                  2.45    1.93    6.93 ^ _1150_/Q (sky130_fd_sc_hd__dfxtp_2)
   138    0.50                           dut.rst_n (net)
                  2.45    0.00    6.93 ^ _1298_/RESET_B (sky130_fd_sc_hd__dfrtp_2)
                                  6.93   data arrival time

                  0.15    0.00    0.00   clock clk (rise edge)
                          0.00    0.00   clock network delay (ideal)
                          0.25    0.25   clock uncertainty
                          0.00    0.25   clock reconvergence pessimism
                                  0.25 ^ _1298_/CLK (sky130_fd_sc_hd__dfrtp_2)
                          0.99    1.24   library removal time
                                  1.24   data required time
-----------------------------------------------------------------------------
                                  1.24   data required time
                                 -6.93   data arrival time
-----------------------------------------------------------------------------
                                  5.69   slack (MET)


Startpoint: _1150_ (rising edge-triggered flip-flop clocked by clk')
Endpoint: _1299_ (removal check against rising-edge clock clk)
Path Group: asynchronous
Path Type: min

Fanout     Cap    Slew   Delay    Time   Description
-----------------------------------------------------------------------------
                  0.15    5.00    5.00   clock clk' (rise edge)
                          0.00    5.00   clock network delay (ideal)
                  0.15    0.00    5.00 ^ _1150_/CLK (sky130_fd_sc_hd__dfxtp_2)
                  2.45    1.93    6.93 ^ _1150_/Q (sky130_fd_sc_hd__dfxtp_2)
   138    0.50                           dut.rst_n (net)
                  2.45    0.00    6.93 ^ _1299_/RESET_B (sky130_fd_sc_hd__dfrtp_2)
                                  6.93   data arrival time

                  0.15    0.00    0.00   clock clk (rise edge)
                          0.00    0.00   clock network delay (ideal)
                          0.25    0.25   clock uncertainty
                          0.00    0.25   clock reconvergence pessimism
                                  0.25 ^ _1299_/CLK (sky130_fd_sc_hd__dfrtp_2)
                          0.99    1.24   library removal time
                                  1.24   data required time
-----------------------------------------------------------------------------
                                  1.24   data required time
                                 -6.93   data arrival time
-----------------------------------------------------------------------------
                                  5.69   slack (MET)


Startpoint: _1150_ (rising edge-triggered flip-flop clocked by clk')
Endpoint: _1302_ (removal check against rising-edge clock clk)
Path Group: asynchronous
Path Type: min

Fanout     Cap    Slew   Delay    Time   Description
-----------------------------------------------------------------------------
                  0.15    5.00    5.00   clock clk' (rise edge)
                          0.00    5.00   clock network delay (ideal)
                  0.15    0.00    5.00 ^ _1150_/CLK (sky130_fd_sc_hd__dfxtp_2)
                  2.45    1.93    6.93 ^ _1150_/Q (sky130_fd_sc_hd__dfxtp_2)
   138    0.50                           dut.rst_n (net)
                  2.45    0.00    6.93 ^ _1302_/RESET_B (sky130_fd_sc_hd__dfrtp_2)
                                  6.93   data arrival time

                  0.15    0.00    0.00   clock clk (rise edge)
                          0.00    0.00   clock network delay (ideal)
                          0.25    0.25   clock uncertainty
                          0.00    0.25   clock reconvergence pessimism
                                  0.25 ^ _1302_/CLK (sky130_fd_sc_hd__dfrtp_2)
                          0.99    1.24   library removal time
                                  1.24   data required time
-----------------------------------------------------------------------------
                                  1.24   data required time
                                 -6.93   data arrival time
-----------------------------------------------------------------------------
                                  5.69   slack (MET)


Startpoint: _1150_ (rising edge-triggered flip-flop clocked by clk')
Endpoint: _1303_ (removal check against rising-edge clock clk)
Path Group: asynchronous
Path Type: min

Fanout     Cap    Slew   Delay    Time   Description
-----------------------------------------------------------------------------
                  0.15    5.00    5.00   clock clk' (rise edge)
                          0.00    5.00   clock network delay (ideal)
                  0.15    0.00    5.00 ^ _1150_/CLK (sky130_fd_sc_hd__dfxtp_2)
                  2.45    1.93    6.93 ^ _1150_/Q (sky130_fd_sc_hd__dfxtp_2)
   138    0.50                           dut.rst_n (net)
                  2.45    0.00    6.93 ^ _1303_/RESET_B (sky130_fd_sc_hd__dfrtp_2)
                                  6.93   data arrival time

                  0.15    0.00    0.00   clock clk (rise edge)
                          0.00    0.00   clock network delay (ideal)
                          0.25    0.25   clock uncertainty
                          0.00    0.25   clock reconvergence pessimism
                                  0.25 ^ _1303_/CLK (sky130_fd_sc_hd__dfrtp_2)
                          0.99    1.24   library removal time
                                  1.24   data required time
-----------------------------------------------------------------------------
                                  1.24   data required time
                                 -6.93   data arrival time
-----------------------------------------------------------------------------
                                  5.69   slack (MET)


Startpoint: _1150_ (rising edge-triggered flip-flop clocked by clk')
Endpoint: _1304_ (removal check against rising-edge clock clk)
Path Group: asynchronous
Path Type: min

Fanout     Cap    Slew   Delay    Time   Description
-----------------------------------------------------------------------------
                  0.15    5.00    5.00   clock clk' (rise edge)
                          0.00    5.00   clock network delay (ideal)
                  0.15    0.00    5.00 ^ _1150_/CLK (sky130_fd_sc_hd__dfxtp_2)
                  2.45    1.93    6.93 ^ _1150_/Q (sky130_fd_sc_hd__dfxtp_2)
   138    0.50                           dut.rst_n (net)
                  2.45    0.00    6.93 ^ _1304_/RESET_B (sky130_fd_sc_hd__dfrtp_2)
                                  6.93   data arrival time

                  0.15    0.00    0.00   clock clk (rise edge)
                          0.00    0.00   clock network delay (ideal)
                          0.25    0.25   clock uncertainty
                          0.00    0.25   clock reconvergence pessimism
                                  0.25 ^ _1304_/CLK (sky130_fd_sc_hd__dfrtp_2)
                          0.99    1.24   library removal time
                                  1.24   data required time
-----------------------------------------------------------------------------
                                  1.24   data required time
                                 -6.93   data arrival time
-----------------------------------------------------------------------------
                                  5.69   slack (MET)


Startpoint: _1150_ (rising edge-triggered flip-flop clocked by clk')
Endpoint: _1305_ (removal check against rising-edge clock clk)
Path Group: asynchronous
Path Type: min

Fanout     Cap    Slew   Delay    Time   Description
-----------------------------------------------------------------------------
                  0.15    5.00    5.00   clock clk' (rise edge)
                          0.00    5.00   clock network delay (ideal)
                  0.15    0.00    5.00 ^ _1150_/CLK (sky130_fd_sc_hd__dfxtp_2)
                  2.45    1.93    6.93 ^ _1150_/Q (sky130_fd_sc_hd__dfxtp_2)
   138    0.50                           dut.rst_n (net)
                  2.45    0.00    6.93 ^ _1305_/RESET_B (sky130_fd_sc_hd__dfrtp_2)
                                  6.93   data arrival time

                  0.15    0.00    0.00   clock clk (rise edge)
                          0.00    0.00   clock network delay (ideal)
                          0.25    0.25   clock uncertainty
                          0.00    0.25   clock reconvergence pessimism
                                  0.25 ^ _1305_/CLK (sky130_fd_sc_hd__dfrtp_2)
                          0.99    1.24   library removal time
                                  1.24   data required time
-----------------------------------------------------------------------------
                                  1.24   data required time
                                 -6.93   data arrival time
-----------------------------------------------------------------------------
                                  5.69   slack (MET)


Startpoint: _1150_ (rising edge-triggered flip-flop clocked by clk')
Endpoint: _1306_ (removal check against rising-edge clock clk)
Path Group: asynchronous
Path Type: min

Fanout     Cap    Slew   Delay    Time   Description
-----------------------------------------------------------------------------
                  0.15    5.00    5.00   clock clk' (rise edge)
                          0.00    5.00   clock network delay (ideal)
                  0.15    0.00    5.00 ^ _1150_/CLK (sky130_fd_sc_hd__dfxtp_2)
                  2.45    1.93    6.93 ^ _1150_/Q (sky130_fd_sc_hd__dfxtp_2)
   138    0.50                           dut.rst_n (net)
                  2.45    0.00    6.93 ^ _1306_/RESET_B (sky130_fd_sc_hd__dfrtp_2)
                                  6.93   data arrival time

                  0.15    0.00    0.00   clock clk (rise edge)
                          0.00    0.00   clock network delay (ideal)
                          0.25    0.25   clock uncertainty
                          0.00    0.25   clock reconvergence pessimism
                                  0.25 ^ _1306_/CLK (sky130_fd_sc_hd__dfrtp_2)
                          0.99    1.24   library removal time
                                  1.24   data required time
-----------------------------------------------------------------------------
                                  1.24   data required time
                                 -6.93   data arrival time
-----------------------------------------------------------------------------
                                  5.69   slack (MET)


Startpoint: _1150_ (rising edge-triggered flip-flop clocked by clk')
Endpoint: _1307_ (removal check against rising-edge clock clk)
Path Group: asynchronous
Path Type: min

Fanout     Cap    Slew   Delay    Time   Description
-----------------------------------------------------------------------------
                  0.15    5.00    5.00   clock clk' (rise edge)
                          0.00    5.00   clock network delay (ideal)
                  0.15    0.00    5.00 ^ _1150_/CLK (sky130_fd_sc_hd__dfxtp_2)
                  2.45    1.93    6.93 ^ _1150_/Q (sky130_fd_sc_hd__dfxtp_2)
   138    0.50                           dut.rst_n (net)
                  2.45    0.00    6.93 ^ _1307_/RESET_B (sky130_fd_sc_hd__dfrtp_2)
                                  6.93   data arrival time

                  0.15    0.00    0.00   clock clk (rise edge)
                          0.00    0.00   clock network delay (ideal)
                          0.25    0.25   clock uncertainty
                          0.00    0.25   clock reconvergence pessimism
                                  0.25 ^ _1307_/CLK (sky130_fd_sc_hd__dfrtp_2)
                          0.99    1.24   library removal time
                                  1.24   data required time
-----------------------------------------------------------------------------
                                  1.24   data required time
                                 -6.93   data arrival time
-----------------------------------------------------------------------------
                                  5.69   slack (MET)


Startpoint: _1150_ (rising edge-triggered flip-flop clocked by clk')
Endpoint: _1345_ (removal check against rising-edge clock clk)
Path Group: asynchronous
Path Type: min

Fanout     Cap    Slew   Delay    Time   Description
-----------------------------------------------------------------------------
                  0.15    5.00    5.00   clock clk' (rise edge)
                          0.00    5.00   clock network delay (ideal)
                  0.15    0.00    5.00 ^ _1150_/CLK (sky130_fd_sc_hd__dfxtp_2)
                  2.45    1.93    6.93 ^ _1150_/Q (sky130_fd_sc_hd__dfxtp_2)
   138    0.50                           dut.rst_n (net)
                  2.45    0.00    6.93 ^ _1345_/RESET_B (sky130_fd_sc_hd__dfrtp_2)
                                  6.93   data arrival time

                  0.15    0.00    0.00   clock clk (rise edge)
                          0.00    0.00   clock network delay (ideal)
                          0.25    0.25   clock uncertainty
                          0.00    0.25   clock reconvergence pessimism
                                  0.25 ^ _1345_/CLK (sky130_fd_sc_hd__dfrtp_2)
                          0.99    1.24   library removal time
                                  1.24   data required time
-----------------------------------------------------------------------------
                                  1.24   data required time
                                 -6.93   data arrival time
-----------------------------------------------------------------------------
                                  5.69   slack (MET)


Startpoint: _1150_ (rising edge-triggered flip-flop clocked by clk')
Endpoint: _1346_ (removal check against rising-edge clock clk)
Path Group: asynchronous
Path Type: min

Fanout     Cap    Slew   Delay    Time   Description
-----------------------------------------------------------------------------
                  0.15    5.00    5.00   clock clk' (rise edge)
                          0.00    5.00   clock network delay (ideal)
                  0.15    0.00    5.00 ^ _1150_/CLK (sky130_fd_sc_hd__dfxtp_2)
                  2.45    1.93    6.93 ^ _1150_/Q (sky130_fd_sc_hd__dfxtp_2)
   138    0.50                           dut.rst_n (net)
                  2.45    0.00    6.93 ^ _1346_/RESET_B (sky130_fd_sc_hd__dfrtp_2)
                                  6.93   data arrival time

                  0.15    0.00    0.00   clock clk (rise edge)
                          0.00    0.00   clock network delay (ideal)
                          0.25    0.25   clock uncertainty
                          0.00    0.25   clock reconvergence pessimism
                                  0.25 ^ _1346_/CLK (sky130_fd_sc_hd__dfrtp_2)
                          0.99    1.24   library removal time
                                  1.24   data required time
-----------------------------------------------------------------------------
                                  1.24   data required time
                                 -6.93   data arrival time
-----------------------------------------------------------------------------
                                  5.69   slack (MET)


Startpoint: _1150_ (rising edge-triggered flip-flop clocked by clk')
Endpoint: _1347_ (removal check against rising-edge clock clk)
Path Group: asynchronous
Path Type: min

Fanout     Cap    Slew   Delay    Time   Description
-----------------------------------------------------------------------------
                  0.15    5.00    5.00   clock clk' (rise edge)
                          0.00    5.00   clock network delay (ideal)
                  0.15    0.00    5.00 ^ _1150_/CLK (sky130_fd_sc_hd__dfxtp_2)
                  2.45    1.93    6.93 ^ _1150_/Q (sky130_fd_sc_hd__dfxtp_2)
   138    0.50                           dut.rst_n (net)
                  2.45    0.00    6.93 ^ _1347_/RESET_B (sky130_fd_sc_hd__dfrtp_2)
                                  6.93   data arrival time

                  0.15    0.00    0.00   clock clk (rise edge)
                          0.00    0.00   clock network delay (ideal)
                          0.25    0.25   clock uncertainty
                          0.00    0.25   clock reconvergence pessimism
                                  0.25 ^ _1347_/CLK (sky130_fd_sc_hd__dfrtp_2)
                          0.99    1.24   library removal time
                                  1.24   data required time
-----------------------------------------------------------------------------
                                  1.24   data required time
                                 -6.93   data arrival time
-----------------------------------------------------------------------------
                                  5.69   slack (MET)


Startpoint: _1150_ (rising edge-triggered flip-flop clocked by clk')
Endpoint: _1348_ (removal check against rising-edge clock clk)
Path Group: asynchronous
Path Type: min

Fanout     Cap    Slew   Delay    Time   Description
-----------------------------------------------------------------------------
                  0.15    5.00    5.00   clock clk' (rise edge)
                          0.00    5.00   clock network delay (ideal)
                  0.15    0.00    5.00 ^ _1150_/CLK (sky130_fd_sc_hd__dfxtp_2)
                  2.45    1.93    6.93 ^ _1150_/Q (sky130_fd_sc_hd__dfxtp_2)
   138    0.50                           dut.rst_n (net)
                  2.45    0.00    6.93 ^ _1348_/RESET_B (sky130_fd_sc_hd__dfrtp_2)
                                  6.93   data arrival time

                  0.15    0.00    0.00   clock clk (rise edge)
                          0.00    0.00   clock network delay (ideal)
                          0.25    0.25   clock uncertainty
                          0.00    0.25   clock reconvergence pessimism
                                  0.25 ^ _1348_/CLK (sky130_fd_sc_hd__dfrtp_2)
                          0.99    1.24   library removal time
                                  1.24   data required time
-----------------------------------------------------------------------------
                                  1.24   data required time
                                 -6.93   data arrival time
-----------------------------------------------------------------------------
                                  5.69   slack (MET)


Startpoint: _1150_ (rising edge-triggered flip-flop clocked by clk')
Endpoint: _1228_ (removal check against rising-edge clock clk)
Path Group: asynchronous
Path Type: min

Fanout     Cap    Slew   Delay    Time   Description
-----------------------------------------------------------------------------
                  0.15    5.00    5.00   clock clk' (rise edge)
                          0.00    5.00   clock network delay (ideal)
                  0.15    0.00    5.00 ^ _1150_/CLK (sky130_fd_sc_hd__dfxtp_2)
                  2.45    1.93    6.93 ^ _1150_/Q (sky130_fd_sc_hd__dfxtp_2)
   138    0.50                           dut.rst_n (net)
                  2.45    0.00    6.93 ^ _1228_/SET_B (sky130_fd_sc_hd__dfstp_2)
                                  6.93   data arrival time

                  0.15    0.00    0.00   clock clk (rise edge)
                          0.00    0.00   clock network delay (ideal)
                          0.25    0.25   clock uncertainty
                          0.00    0.25   clock reconvergence pessimism
                                  0.25 ^ _1228_/CLK (sky130_fd_sc_hd__dfstp_2)
                          0.19    0.44   library removal time
                                  0.44   data required time
-----------------------------------------------------------------------------
                                  0.44   data required time
                                 -6.93   data arrival time
-----------------------------------------------------------------------------
                                  6.49   slack (MET)


Startpoint: _1150_ (rising edge-triggered flip-flop clocked by clk')
Endpoint: _1300_ (removal check against rising-edge clock clk)
Path Group: asynchronous
Path Type: min

Fanout     Cap    Slew   Delay    Time   Description
-----------------------------------------------------------------------------
                  0.15    5.00    5.00   clock clk' (rise edge)
                          0.00    5.00   clock network delay (ideal)
                  0.15    0.00    5.00 ^ _1150_/CLK (sky130_fd_sc_hd__dfxtp_2)
                  2.45    1.93    6.93 ^ _1150_/Q (sky130_fd_sc_hd__dfxtp_2)
   138    0.50                           dut.rst_n (net)
                  2.45    0.00    6.93 ^ _1300_/SET_B (sky130_fd_sc_hd__dfstp_2)
                                  6.93   data arrival time

                  0.15    0.00    0.00   clock clk (rise edge)
                          0.00    0.00   clock network delay (ideal)
                          0.25    0.25   clock uncertainty
                          0.00    0.25   clock reconvergence pessimism
                                  0.25 ^ _1300_/CLK (sky130_fd_sc_hd__dfstp_2)
                          0.19    0.44   library removal time
                                  0.44   data required time
-----------------------------------------------------------------------------
                                  0.44   data required time
                                 -6.93   data arrival time
-----------------------------------------------------------------------------
                                  6.49   slack (MET)


Startpoint: _1150_ (rising edge-triggered flip-flop clocked by clk')
Endpoint: _1301_ (removal check against rising-edge clock clk)
Path Group: asynchronous
Path Type: min

Fanout     Cap    Slew   Delay    Time   Description
-----------------------------------------------------------------------------
                  0.15    5.00    5.00   clock clk' (rise edge)
                          0.00    5.00   clock network delay (ideal)
                  0.15    0.00    5.00 ^ _1150_/CLK (sky130_fd_sc_hd__dfxtp_2)
                  2.45    1.93    6.93 ^ _1150_/Q (sky130_fd_sc_hd__dfxtp_2)
   138    0.50                           dut.rst_n (net)
                  2.45    0.00    6.93 ^ _1301_/SET_B (sky130_fd_sc_hd__dfstp_2)
                                  6.93   data arrival time

                  0.15    0.00    0.00   clock clk (rise edge)
                          0.00    0.00   clock network delay (ideal)
                          0.25    0.25   clock uncertainty
                          0.00    0.25   clock reconvergence pessimism
                                  0.25 ^ _1301_/CLK (sky130_fd_sc_hd__dfstp_2)
                          0.19    0.44   library removal time
                                  0.44   data required time
-----------------------------------------------------------------------------
                                  0.44   data required time
                                 -6.93   data arrival time
-----------------------------------------------------------------------------
                                  6.49   slack (MET)


Startpoint: rst_n (input port clocked by clk)
Endpoint: _1150_ (rising edge-triggered flip-flop clocked by clk')
Path Group: clk
Path Type: min

Fanout     Cap    Slew   Delay    Time   Description
-----------------------------------------------------------------------------
                  0.15   10.00   10.00   clock clk (rise edge)
                          0.00   10.00   clock network delay (ideal)
                          2.00   12.00 v input external delay
                  0.01    0.00   12.00 v rst_n (in)
     1    0.00                           rst_n (net)
                  0.01    0.00   12.00 v _1150_/D (sky130_fd_sc_hd__dfxtp_2)
                                 12.00   data arrival time

                  0.15    5.00    5.00   clock clk' (rise edge)
                          0.00    5.00   clock network delay (ideal)
                          0.25    5.25   clock uncertainty
                          0.00    5.25   clock reconvergence pessimism
                                  5.25 ^ _1150_/CLK (sky130_fd_sc_hd__dfxtp_2)
                         -0.01    5.24   library hold time
                                  5.24   data required time
-----------------------------------------------------------------------------
                                  5.24   data required time
                                -12.00   data arrival time
-----------------------------------------------------------------------------
                                  6.76   slack (MET)



