
===========================================================================
report_checks -path_delay min (Hold)
============================================================================
======================= Typical Corner ===================================

Startpoint: _1174_ (rising edge-triggered flip-flop clocked by clk)
Endpoint: _1175_ (rising edge-triggered flip-flop clocked by clk)
Path Group: clk
Path Type: min

Fanout     Cap    Slew   Delay    Time   Description
-----------------------------------------------------------------------------
                  0.15    0.00    0.00   clock clk (rise edge)
                          0.00    0.00   clock network delay (ideal)
                  0.15    0.00    0.00 ^ _1174_/CLK (sky130_fd_sc_hd__dfstp_2)
                  0.02    0.37    0.37 v _1174_/Q (sky130_fd_sc_hd__dfstp_2)
     1    0.00                           spi_cs_s1 (net)
                  0.02    0.00    0.37 v _1175_/D (sky130_fd_sc_hd__dfstp_2)
                                  0.37   data arrival time

                  0.15    0.00    0.00   clock clk (rise edge)
                          0.00    0.00   clock network delay (ideal)
                          0.25    0.25   clock uncertainty
                          0.00    0.25   clock reconvergence pessimism
                                  0.25 ^ _1175_/CLK (sky130_fd_sc_hd__dfstp_2)
                          0.02    0.27   library hold time
                                  0.27   data required time
-----------------------------------------------------------------------------
                                  0.27   data required time
                                 -0.37   data arrival time
-----------------------------------------------------------------------------
                                  0.10   slack (MET)


Startpoint: _1176_ (rising edge-triggered flip-flop clocked by clk)
Endpoint: _1177_ (rising edge-triggered flip-flop clocked by clk)
Path Group: clk
Path Type: min

Fanout     Cap    Slew   Delay    Time   Description
-----------------------------------------------------------------------------
                  0.15    0.00    0.00   clock clk (rise edge)
                          0.00    0.00   clock network delay (ideal)
                  0.15    0.00    0.00 ^ _1176_/CLK (sky130_fd_sc_hd__dfrtp_2)
                  0.04    0.35    0.35 ^ _1176_/Q (sky130_fd_sc_hd__dfrtp_2)
     1    0.00                           spi_mosi_s1 (net)
                  0.04    0.00    0.35 ^ _1177_/D (sky130_fd_sc_hd__dfrtp_2)
                                  0.35   data arrival time

                  0.15    0.00    0.00   clock clk (rise edge)
                          0.00    0.00   clock network delay (ideal)
                          0.25    0.25   clock uncertainty
                          0.00    0.25   clock reconvergence pessimism
                                  0.25 ^ _1177_/CLK (sky130_fd_sc_hd__dfrtp_2)
                         -0.02    0.23   library hold time
                                  0.23   data required time
-----------------------------------------------------------------------------
                                  0.23   data required time
                                 -0.35   data arrival time
-----------------------------------------------------------------------------
                                  0.12   slack (MET)


Startpoint: _1181_ (rising edge-triggered flip-flop clocked by clk)
Endpoint: _1182_ (rising edge-triggered flip-flop clocked by clk)
Path Group: clk
Path Type: min

Fanout     Cap    Slew   Delay    Time   Description
-----------------------------------------------------------------------------
                  0.15    0.00    0.00   clock clk (rise edge)
                          0.00    0.00   clock network delay (ideal)
                  0.15    0.00    0.00 ^ _1181_/CLK (sky130_fd_sc_hd__dfrtp_2)
                  0.04    0.35    0.35 ^ _1181_/Q (sky130_fd_sc_hd__dfrtp_2)
     1    0.00                           loop_s2 (net)
                  0.04    0.00    0.35 ^ _1182_/D (sky130_fd_sc_hd__dfrtp_2)
                                  0.35   data arrival time

                  0.15    0.00    0.00   clock clk (rise edge)
                          0.00    0.00   clock network delay (ideal)
                          0.25    0.25   clock uncertainty
                          0.00    0.25   clock reconvergence pessimism
                                  0.25 ^ _1182_/CLK (sky130_fd_sc_hd__dfrtp_2)
                         -0.02    0.23   library hold time
                                  0.23   data required time
-----------------------------------------------------------------------------
                                  0.23   data required time
                                 -0.35   data arrival time
-----------------------------------------------------------------------------
                                  0.12   slack (MET)


Startpoint: _1180_ (rising edge-triggered flip-flop clocked by clk)
Endpoint: _1181_ (rising edge-triggered flip-flop clocked by clk)
Path Group: clk
Path Type: min

Fanout     Cap    Slew   Delay    Time   Description
-----------------------------------------------------------------------------
                  0.15    0.00    0.00   clock clk (rise edge)
                          0.00    0.00   clock network delay (ideal)
                  0.15    0.00    0.00 ^ _1180_/CLK (sky130_fd_sc_hd__dfrtp_2)
                  0.04    0.35    0.35 ^ _1180_/Q (sky130_fd_sc_hd__dfrtp_2)
     1    0.00                           loop_s1 (net)
                  0.04    0.00    0.35 ^ _1181_/D (sky130_fd_sc_hd__dfrtp_2)
                                  0.35   data arrival time

                  0.15    0.00    0.00   clock clk (rise edge)
                          0.00    0.00   clock network delay (ideal)
                          0.25    0.25   clock uncertainty
                          0.00    0.25   clock reconvergence pessimism
                                  0.25 ^ _1181_/CLK (sky130_fd_sc_hd__dfrtp_2)
                         -0.02    0.23   library hold time
                                  0.23   data required time
-----------------------------------------------------------------------------
                                  0.23   data required time
                                 -0.35   data arrival time
-----------------------------------------------------------------------------
                                  0.12   slack (MET)


Startpoint: _1172_ (rising edge-triggered flip-flop clocked by clk)
Endpoint: _1173_ (rising edge-triggered flip-flop clocked by clk)
Path Group: clk
Path Type: min

Fanout     Cap    Slew   Delay    Time   Description
-----------------------------------------------------------------------------
                  0.15    0.00    0.00   clock clk (rise edge)
                          0.00    0.00   clock network delay (ideal)
                  0.15    0.00    0.00 ^ _1172_/CLK (sky130_fd_sc_hd__dfrtp_2)
                  0.05    0.36    0.36 ^ _1172_/Q (sky130_fd_sc_hd__dfrtp_2)
     2    0.01                           spi_sck_s1 (net)
                  0.05    0.00    0.36 ^ _1173_/D (sky130_fd_sc_hd__dfrtp_2)
                                  0.36   data arrival time

                  0.15    0.00    0.00   clock clk (rise edge)
                          0.00    0.00   clock network delay (ideal)
                          0.25    0.25   clock uncertainty
                          0.00    0.25   clock reconvergence pessimism
                                  0.25 ^ _1173_/CLK (sky130_fd_sc_hd__dfrtp_2)
                         -0.02    0.23   library hold time
                                  0.23   data required time
-----------------------------------------------------------------------------
                                  0.23   data required time
                                 -0.36   data arrival time
-----------------------------------------------------------------------------
                                  0.13   slack (MET)


Startpoint: _1120_ (rising edge-triggered flip-flop clocked by clk)
Endpoint: _1119_ (rising edge-triggered flip-flop clocked by clk)
Path Group: clk
Path Type: min

Fanout     Cap    Slew   Delay    Time   Description
-----------------------------------------------------------------------------
                  0.15    0.00    0.00   clock clk (rise edge)
                          0.00    0.00   clock network delay (ideal)
                  0.15    0.00    0.00 ^ _1120_/CLK (sky130_fd_sc_hd__dfrtp_2)
                  0.06    0.38    0.38 ^ _1120_/Q (sky130_fd_sc_hd__dfrtp_2)
     4    0.01                           sec_alert (net)
                  0.06    0.00    0.38 ^ _1119_/D (sky130_fd_sc_hd__dfrtp_2)
                                  0.38   data arrival time

                  0.15    0.00    0.00   clock clk (rise edge)
                          0.00    0.00   clock network delay (ideal)
                          0.25    0.25   clock uncertainty
                          0.00    0.25   clock reconvergence pessimism
                                  0.25 ^ _1119_/CLK (sky130_fd_sc_hd__dfrtp_2)
                         -0.02    0.23   library hold time
                                  0.23   data required time
-----------------------------------------------------------------------------
                                  0.23   data required time
                                 -0.38   data arrival time
-----------------------------------------------------------------------------
                                  0.15   slack (MET)


Startpoint: _1047_ (rising edge-triggered flip-flop clocked by clk)
Endpoint: _1044_ (rising edge-triggered flip-flop clocked by clk)
Path Group: clk
Path Type: min

Fanout     Cap    Slew   Delay    Time   Description
-----------------------------------------------------------------------------
                  0.15    0.00    0.00   clock clk (rise edge)
                          0.00    0.00   clock network delay (ideal)
                  0.15    0.00    0.00 ^ _1047_/CLK (sky130_fd_sc_hd__dfrtp_2)
                  0.08    0.39    0.39 ^ _1047_/Q (sky130_fd_sc_hd__dfrtp_2)
     5    0.01                           supplemental_request_level (net)
                  0.08    0.00    0.39 ^ _1044_/D (sky130_fd_sc_hd__dfrtp_2)
                                  0.39   data arrival time

                  0.15    0.00    0.00   clock clk (rise edge)
                          0.00    0.00   clock network delay (ideal)
                          0.25    0.25   clock uncertainty
                          0.00    0.25   clock reconvergence pessimism
                                  0.25 ^ _1044_/CLK (sky130_fd_sc_hd__dfrtp_2)
                         -0.03    0.22   library hold time
                                  0.22   data required time
-----------------------------------------------------------------------------
                                  0.22   data required time
                                 -0.39   data arrival time
-----------------------------------------------------------------------------
                                  0.17   slack (MET)


Startpoint: _1102_ (rising edge-triggered flip-flop clocked by clk)
Endpoint: _1102_ (rising edge-triggered flip-flop clocked by clk)
Path Group: clk
Path Type: min

Fanout     Cap    Slew   Delay    Time   Description
-----------------------------------------------------------------------------
                  0.15    0.00    0.00   clock clk (rise edge)
                          0.00    0.00   clock network delay (ideal)
                  0.15    0.00    0.00 ^ _1102_/CLK (sky130_fd_sc_hd__dfrtp_2)
                  0.09    0.40    0.40 ^ _1102_/Q (sky130_fd_sc_hd__dfrtp_2)
     4    0.01                           spi_lockout_timer[1] (net)
                  0.09    0.00    0.40 ^ _0697_/A1 (sky130_fd_sc_hd__a21oi_2)
                  0.03    0.05    0.45 v _0697_/Y (sky130_fd_sc_hd__a21oi_2)
     1    0.00                           _0011_ (net)
                  0.03    0.00    0.45 v _1102_/D (sky130_fd_sc_hd__dfrtp_2)
                                  0.45   data arrival time

                  0.15    0.00    0.00   clock clk (rise edge)
                          0.00    0.00   clock network delay (ideal)
                          0.25    0.25   clock uncertainty
                          0.00    0.25   clock reconvergence pessimism
                                  0.25 ^ _1102_/CLK (sky130_fd_sc_hd__dfrtp_2)
                         -0.01    0.24   library hold time
                                  0.24   data required time
-----------------------------------------------------------------------------
                                  0.24   data required time
                                 -0.45   data arrival time
-----------------------------------------------------------------------------
                                  0.21   slack (MET)


Startpoint: _1182_ (rising edge-triggered flip-flop clocked by clk)
Endpoint: _1046_ (rising edge-triggered flip-flop clocked by clk)
Path Group: clk
Path Type: min

Fanout     Cap    Slew   Delay    Time   Description
-----------------------------------------------------------------------------
                  0.15    0.00    0.00   clock clk (rise edge)
                          0.00    0.00   clock network delay (ideal)
                  0.15    0.00    0.00 ^ _1182_/CLK (sky130_fd_sc_hd__dfrtp_2)
                  0.13    0.43    0.43 ^ _1182_/Q (sky130_fd_sc_hd__dfrtp_2)
     6    0.02                           loop_sync (net)
                  0.13    0.00    0.43 ^ _1046_/D (sky130_fd_sc_hd__dfrtp_2)
                                  0.43   data arrival time

                  0.15    0.00    0.00   clock clk (rise edge)
                          0.00    0.00   clock network delay (ideal)
                          0.25    0.25   clock uncertainty
                          0.00    0.25   clock reconvergence pessimism
                                  0.25 ^ _1046_/CLK (sky130_fd_sc_hd__dfrtp_2)
                         -0.04    0.21   library hold time
                                  0.21   data required time
-----------------------------------------------------------------------------
                                  0.21   data required time
                                 -0.43   data arrival time
-----------------------------------------------------------------------------
                                  0.22   slack (MET)


Startpoint: _1178_ (rising edge-triggered flip-flop clocked by clk)
Endpoint: _1178_ (rising edge-triggered flip-flop clocked by clk)
Path Group: clk
Path Type: min

Fanout     Cap    Slew   Delay    Time   Description
-----------------------------------------------------------------------------
                  0.15    0.00    0.00   clock clk (rise edge)
                          0.00    0.00   clock network delay (ideal)
                  0.15    0.00    0.00 ^ _1178_/CLK (sky130_fd_sc_hd__dfrtp_2)
                  0.05    0.36    0.36 ^ _1178_/Q (sky130_fd_sc_hd__dfrtp_2)
     2    0.00                           spi_cmd_class_ok_r (net)
                  0.05    0.00    0.36 ^ _1038_/A1 (sky130_fd_sc_hd__a21o_2)
                  0.02    0.10    0.46 ^ _1038_/X (sky130_fd_sc_hd__a21o_2)
     1    0.00                           _0130_ (net)
                  0.02    0.00    0.46 ^ _1178_/D (sky130_fd_sc_hd__dfrtp_2)
                                  0.46   data arrival time

                  0.15    0.00    0.00   clock clk (rise edge)
                          0.00    0.00   clock network delay (ideal)
                          0.25    0.25   clock uncertainty
                          0.00    0.25   clock reconvergence pessimism
                                  0.25 ^ _1178_/CLK (sky130_fd_sc_hd__dfrtp_2)
                         -0.02    0.23   library hold time
                                  0.23   data required time
-----------------------------------------------------------------------------
                                  0.23   data required time
                                 -0.46   data arrival time
-----------------------------------------------------------------------------
                                  0.22   slack (MET)


Startpoint: _1097_ (rising edge-triggered flip-flop clocked by clk)
Endpoint: _1097_ (rising edge-triggered flip-flop clocked by clk)
Path Group: clk
Path Type: min

Fanout     Cap    Slew   Delay    Time   Description
-----------------------------------------------------------------------------
                  0.15    0.00    0.00   clock clk (rise edge)
                          0.00    0.00   clock network delay (ideal)
                  0.15    0.00    0.00 ^ _1097_/CLK (sky130_fd_sc_hd__dfrtp_2)
                  0.05    0.36    0.36 ^ _1097_/Q (sky130_fd_sc_hd__dfrtp_2)
     2    0.01                           spi_last_seq_ok (net)
                  0.05    0.00    0.36 ^ _0902_/A2 (sky130_fd_sc_hd__o21a_2)
                  0.03    0.10    0.46 ^ _0902_/X (sky130_fd_sc_hd__o21a_2)
     1    0.00                           _0075_ (net)
                  0.03    0.00    0.46 ^ _1097_/D (sky130_fd_sc_hd__dfrtp_2)
                                  0.46   data arrival time

                  0.15    0.00    0.00   clock clk (rise edge)
                          0.00    0.00   clock network delay (ideal)
                          0.25    0.25   clock uncertainty
                          0.00    0.25   clock reconvergence pessimism
                                  0.25 ^ _1097_/CLK (sky130_fd_sc_hd__dfrtp_2)
                         -0.02    0.23   library hold time
                                  0.23   data required time
-----------------------------------------------------------------------------
                                  0.23   data required time
                                 -0.46   data arrival time
-----------------------------------------------------------------------------
                                  0.23   slack (MET)


Startpoint: _1182_ (rising edge-triggered flip-flop clocked by clk)
Endpoint: _1039_ (rising edge-triggered flip-flop clocked by clk)
Path Group: clk
Path Type: min

Fanout     Cap    Slew   Delay    Time   Description
-----------------------------------------------------------------------------
                  0.15    0.00    0.00   clock clk (rise edge)
                          0.00    0.00   clock network delay (ideal)
                  0.15    0.00    0.00 ^ _1182_/CLK (sky130_fd_sc_hd__dfrtp_2)
                  0.13    0.43    0.43 ^ _1182_/Q (sky130_fd_sc_hd__dfrtp_2)
     6    0.02                           loop_sync (net)
                  0.13    0.00    0.43 ^ _0757_/B1 (sky130_fd_sc_hd__a21oi_2)
                  0.03    0.04    0.47 v _0757_/Y (sky130_fd_sc_hd__a21oi_2)
     1    0.00                           _0031_ (net)
                  0.03    0.00    0.47 v _1039_/D (sky130_fd_sc_hd__dfrtp_2)
                                  0.47   data arrival time

                  0.15    0.00    0.00   clock clk (rise edge)
                          0.00    0.00   clock network delay (ideal)
                          0.25    0.25   clock uncertainty
                          0.00    0.25   clock reconvergence pessimism
                                  0.25 ^ _1039_/CLK (sky130_fd_sc_hd__dfrtp_2)
                         -0.01    0.24   library hold time
                                  0.24   data required time
-----------------------------------------------------------------------------
                                  0.24   data required time
                                 -0.47   data arrival time
-----------------------------------------------------------------------------
                                  0.23   slack (MET)


Startpoint: _1182_ (rising edge-triggered flip-flop clocked by clk)
Endpoint: _1041_ (rising edge-triggered flip-flop clocked by clk)
Path Group: clk
Path Type: min

Fanout     Cap    Slew   Delay    Time   Description
-----------------------------------------------------------------------------
                  0.15    0.00    0.00   clock clk (rise edge)
                          0.00    0.00   clock network delay (ideal)
                  0.15    0.00    0.00 ^ _1182_/CLK (sky130_fd_sc_hd__dfrtp_2)
                  0.13    0.43    0.43 ^ _1182_/Q (sky130_fd_sc_hd__dfrtp_2)
     6    0.02                           loop_sync (net)
                  0.13    0.00    0.43 ^ _0764_/C1 (sky130_fd_sc_hd__a211oi_2)
                  0.04    0.04    0.47 v _0764_/Y (sky130_fd_sc_hd__a211oi_2)
     1    0.00                           _0033_ (net)
                  0.04    0.00    0.47 v _1041_/D (sky130_fd_sc_hd__dfrtp_2)
                                  0.47   data arrival time

                  0.15    0.00    0.00   clock clk (rise edge)
                          0.00    0.00   clock network delay (ideal)
                          0.25    0.25   clock uncertainty
                          0.00    0.25   clock reconvergence pessimism
                                  0.25 ^ _1041_/CLK (sky130_fd_sc_hd__dfrtp_2)
                         -0.01    0.24   library hold time
                                  0.24   data required time
-----------------------------------------------------------------------------
                                  0.24   data required time
                                 -0.47   data arrival time
-----------------------------------------------------------------------------
                                  0.24   slack (MET)


Startpoint: _1182_ (rising edge-triggered flip-flop clocked by clk)
Endpoint: _1179_ (rising edge-triggered flip-flop clocked by clk)
Path Group: clk
Path Type: min

Fanout     Cap    Slew   Delay    Time   Description
-----------------------------------------------------------------------------
                  0.15    0.00    0.00   clock clk (rise edge)
                          0.00    0.00   clock network delay (ideal)
                  0.15    0.00    0.00 ^ _1182_/CLK (sky130_fd_sc_hd__dfrtp_2)
                  0.13    0.43    0.43 ^ _1182_/Q (sky130_fd_sc_hd__dfrtp_2)
     6    0.02                           loop_sync (net)
                  0.13    0.00    0.43 ^ _0532_/A (sky130_fd_sc_hd__nor2_2)
                  0.02    0.06    0.49 v _0532_/Y (sky130_fd_sc_hd__nor2_2)
     2    0.00                           _0001_ (net)
                  0.02    0.00    0.49 v _1179_/D (sky130_fd_sc_hd__dfrtp_2)
                                  0.49   data arrival time

                  0.15    0.00    0.00   clock clk (rise edge)
                          0.00    0.00   clock network delay (ideal)
                          0.25    0.25   clock uncertainty
                          0.00    0.25   clock reconvergence pessimism
                                  0.25 ^ _1179_/CLK (sky130_fd_sc_hd__dfrtp_2)
                         -0.01    0.24   library hold time
                                  0.24   data required time
-----------------------------------------------------------------------------
                                  0.24   data required time
                                 -0.49   data arrival time
-----------------------------------------------------------------------------
                                  0.25   slack (MET)


Startpoint: _1099_ (rising edge-triggered flip-flop clocked by clk)
Endpoint: _1099_ (rising edge-triggered flip-flop clocked by clk)
Path Group: clk
Path Type: min

Fanout     Cap    Slew   Delay    Time   Description
-----------------------------------------------------------------------------
                  0.15    0.00    0.00   clock clk (rise edge)
                          0.00    0.00   clock network delay (ideal)
                  0.15    0.00    0.00 ^ _1099_/CLK (sky130_fd_sc_hd__dfrtp_2)
                  0.07    0.38    0.38 ^ _1099_/Q (sky130_fd_sc_hd__dfrtp_2)
     2    0.01                           spi_last_cmd_ok (net)
                  0.07    0.00    0.38 ^ _0903_/A2 (sky130_fd_sc_hd__a21o_2)
                  0.02    0.11    0.49 ^ _0903_/X (sky130_fd_sc_hd__a21o_2)
     1    0.00                           _0076_ (net)
                  0.02    0.00    0.49 ^ _1099_/D (sky130_fd_sc_hd__dfrtp_2)
                                  0.49   data arrival time

                  0.15    0.00    0.00   clock clk (rise edge)
                          0.00    0.00   clock network delay (ideal)
                          0.25    0.25   clock uncertainty
                          0.00    0.25   clock reconvergence pessimism
                                  0.25 ^ _1099_/CLK (sky130_fd_sc_hd__dfrtp_2)
                         -0.02    0.23   library hold time
                                  0.23   data required time
-----------------------------------------------------------------------------
                                  0.23   data required time
                                 -0.49   data arrival time
-----------------------------------------------------------------------------
                                  0.26   slack (MET)


Startpoint: _1110_ (rising edge-triggered flip-flop clocked by clk)
Endpoint: _1110_ (rising edge-triggered flip-flop clocked by clk)
Path Group: clk
Path Type: min

Fanout     Cap    Slew   Delay    Time   Description
-----------------------------------------------------------------------------
                  0.15    0.00    0.00   clock clk (rise edge)
                          0.00    0.00   clock network delay (ideal)
                  0.15    0.00    0.00 ^ _1110_/CLK (sky130_fd_sc_hd__dfrtp_2)
                  0.10    0.41    0.41 ^ _1110_/Q (sky130_fd_sc_hd__dfrtp_2)
     5    0.02                           spi_lockout_timer[9] (net)
                  0.10    0.00    0.41 ^ _0724_/A2 (sky130_fd_sc_hd__a311oi_2)
                  0.04    0.09    0.50 v _0724_/Y (sky130_fd_sc_hd__a311oi_2)
     1    0.00                           _0019_ (net)
                  0.04    0.00    0.50 v _1110_/D (sky130_fd_sc_hd__dfrtp_2)
                                  0.50   data arrival time

                  0.15    0.00    0.00   clock clk (rise edge)
                          0.00    0.00   clock network delay (ideal)
                          0.25    0.25   clock uncertainty
                          0.00    0.25   clock reconvergence pessimism
                                  0.25 ^ _1110_/CLK (sky130_fd_sc_hd__dfrtp_2)
                         -0.02    0.23   library hold time
                                  0.23   data required time
-----------------------------------------------------------------------------
                                  0.23   data required time
                                 -0.50   data arrival time
-----------------------------------------------------------------------------
                                  0.27   slack (MET)


Startpoint: _1170_ (rising edge-triggered flip-flop clocked by clk)
Endpoint: _1170_ (rising edge-triggered flip-flop clocked by clk)
Path Group: clk
Path Type: min

Fanout     Cap    Slew   Delay    Time   Description
-----------------------------------------------------------------------------
                  0.15    0.00    0.00   clock clk (rise edge)
                          0.00    0.00   clock network delay (ideal)
                  0.15    0.00    0.00 ^ _1170_/CLK (sky130_fd_sc_hd__dfrtp_2)
                  0.07    0.38    0.38 ^ _1170_/Q (sky130_fd_sc_hd__dfrtp_2)
     3    0.01                           spi_frame_done (net)
                  0.07    0.00    0.38 ^ _1033_/A1 (sky130_fd_sc_hd__o21a_2)
                  0.03    0.12    0.50 ^ _1033_/X (sky130_fd_sc_hd__o21a_2)
     1    0.00                           _0128_ (net)
                  0.03    0.00    0.50 ^ _1170_/D (sky130_fd_sc_hd__dfrtp_2)
                                  0.50   data arrival time

                  0.15    0.00    0.00   clock clk (rise edge)
                          0.00    0.00   clock network delay (ideal)
                          0.25    0.25   clock uncertainty
                          0.00    0.25   clock reconvergence pessimism
                                  0.25 ^ _1170_/CLK (sky130_fd_sc_hd__dfrtp_2)
                         -0.02    0.23   library hold time
                                  0.23   data required time
-----------------------------------------------------------------------------
                                  0.23   data required time
                                 -0.50   data arrival time
-----------------------------------------------------------------------------
                                  0.27   slack (MET)


Startpoint: _1138_ (rising edge-triggered flip-flop clocked by clk)
Endpoint: _1138_ (rising edge-triggered flip-flop clocked by clk)
Path Group: clk
Path Type: min

Fanout     Cap    Slew   Delay    Time   Description
-----------------------------------------------------------------------------
                  0.15    0.00    0.00   clock clk (rise edge)
                          0.00    0.00   clock network delay (ideal)
                  0.15    0.00    0.00 ^ _1138_/CLK (sky130_fd_sc_hd__dfrtp_2)
                  0.08    0.39    0.39 ^ _1138_/Q (sky130_fd_sc_hd__dfrtp_2)
     2    0.01                           spi_crc[5] (net)
                  0.08    0.00    0.39 ^ _0960_/B2 (sky130_fd_sc_hd__a32o_2)
                  0.04    0.11    0.50 ^ _0960_/X (sky130_fd_sc_hd__a32o_2)
     1    0.00                           _0097_ (net)
                  0.04    0.00    0.50 ^ _1138_/D (sky130_fd_sc_hd__dfrtp_2)
                                  0.50   data arrival time

                  0.15    0.00    0.00   clock clk (rise edge)
                          0.00    0.00   clock network delay (ideal)
                          0.25    0.25   clock uncertainty
                          0.00    0.25   clock reconvergence pessimism
                                  0.25 ^ _1138_/CLK (sky130_fd_sc_hd__dfrtp_2)
                         -0.02    0.23   library hold time
                                  0.23   data required time
-----------------------------------------------------------------------------
                                  0.23   data required time
                                 -0.50   data arrival time
-----------------------------------------------------------------------------
                                  0.27   slack (MET)


Startpoint: _1105_ (rising edge-triggered flip-flop clocked by clk)
Endpoint: _1105_ (rising edge-triggered flip-flop clocked by clk)
Path Group: clk
Path Type: min

Fanout     Cap    Slew   Delay    Time   Description
-----------------------------------------------------------------------------
                  0.15    0.00    0.00   clock clk (rise edge)
                          0.00    0.00   clock network delay (ideal)
                  0.15    0.00    0.00 ^ _1105_/CLK (sky130_fd_sc_hd__dfrtp_2)
                  0.05    0.41    0.41 v _1105_/Q (sky130_fd_sc_hd__dfrtp_2)
     3    0.01                           spi_lockout_timer[4] (net)
                  0.05    0.00    0.41 v _0705_/B1 (sky130_fd_sc_hd__o21ai_2)
                  0.05    0.06    0.47 ^ _0705_/Y (sky130_fd_sc_hd__o21ai_2)
     1    0.00                           _0288_ (net)
                  0.05    0.00    0.47 ^ _0708_/A1 (sky130_fd_sc_hd__a21oi_2)
                  0.03    0.04    0.51 v _0708_/Y (sky130_fd_sc_hd__a21oi_2)
     1    0.00                           _0014_ (net)
                  0.03    0.00    0.51 v _1105_/D (sky130_fd_sc_hd__dfrtp_2)
                                  0.51   data arrival time

                  0.15    0.00    0.00   clock clk (rise edge)
                          0.00    0.00   clock network delay (ideal)
                          0.25    0.25   clock uncertainty
                          0.00    0.25   clock reconvergence pessimism
                                  0.25 ^ _1105_/CLK (sky130_fd_sc_hd__dfrtp_2)
                         -0.01    0.24   library hold time
                                  0.24   data required time
-----------------------------------------------------------------------------
                                  0.24   data required time
                                 -0.51   data arrival time
-----------------------------------------------------------------------------
                                  0.27   slack (MET)


Startpoint: _1120_ (rising edge-triggered flip-flop clocked by clk)
Endpoint: _1043_ (rising edge-triggered flip-flop clocked by clk)
Path Group: clk
Path Type: min

Fanout     Cap    Slew   Delay    Time   Description
-----------------------------------------------------------------------------
                  0.15    0.00    0.00   clock clk (rise edge)
                          0.00    0.00   clock network delay (ideal)
                  0.15    0.00    0.00 ^ _1120_/CLK (sky130_fd_sc_hd__dfrtp_2)
                  0.06    0.38    0.38 ^ _1120_/Q (sky130_fd_sc_hd__dfrtp_2)
     4    0.01                           sec_alert (net)
                  0.06    0.00    0.38 ^ _0756_/A1 (sky130_fd_sc_hd__a221o_2)
                  0.03    0.13    0.50 ^ _0756_/X (sky130_fd_sc_hd__a221o_2)
     1    0.00                           _0000_ (net)
                  0.03    0.00    0.50 ^ _1043_/D (sky130_fd_sc_hd__dfrtp_2)
                                  0.50   data arrival time

                  0.15    0.00    0.00   clock clk (rise edge)
                          0.00    0.00   clock network delay (ideal)
                          0.25    0.25   clock uncertainty
                          0.00    0.25   clock reconvergence pessimism
                                  0.25 ^ _1043_/CLK (sky130_fd_sc_hd__dfrtp_2)
                         -0.02    0.23   library hold time
                                  0.23   data required time
-----------------------------------------------------------------------------
                                  0.23   data required time
                                 -0.50   data arrival time
-----------------------------------------------------------------------------
                                  0.27   slack (MET)


Startpoint: _1139_ (rising edge-triggered flip-flop clocked by clk)
Endpoint: _1139_ (rising edge-triggered flip-flop clocked by clk)
Path Group: clk
Path Type: min

Fanout     Cap    Slew   Delay    Time   Description
-----------------------------------------------------------------------------
                  0.15    0.00    0.00   clock clk (rise edge)
                          0.00    0.00   clock network delay (ideal)
                  0.15    0.00    0.00 ^ _1139_/CLK (sky130_fd_sc_hd__dfrtp_2)
                  0.08    0.39    0.39 ^ _1139_/Q (sky130_fd_sc_hd__dfrtp_2)
     2    0.01                           spi_crc[6] (net)
                  0.08    0.00    0.39 ^ _0964_/B2 (sky130_fd_sc_hd__a32o_2)
                  0.04    0.11    0.50 ^ _0964_/X (sky130_fd_sc_hd__a32o_2)
     1    0.00                           _0098_ (net)
                  0.04    0.00    0.50 ^ _1139_/D (sky130_fd_sc_hd__dfrtp_2)
                                  0.50   data arrival time

                  0.15    0.00    0.00   clock clk (rise edge)
                          0.00    0.00   clock network delay (ideal)
                          0.25    0.25   clock uncertainty
                          0.00    0.25   clock reconvergence pessimism
                                  0.25 ^ _1139_/CLK (sky130_fd_sc_hd__dfrtp_2)
                         -0.02    0.23   library hold time
                                  0.23   data required time
-----------------------------------------------------------------------------
                                  0.23   data required time
                                 -0.50   data arrival time
-----------------------------------------------------------------------------
                                  0.27   slack (MET)


Startpoint: _1136_ (rising edge-triggered flip-flop clocked by clk)
Endpoint: _1136_ (rising edge-triggered flip-flop clocked by clk)
Path Group: clk
Path Type: min

Fanout     Cap    Slew   Delay    Time   Description
-----------------------------------------------------------------------------
                  0.15    0.00    0.00   clock clk (rise edge)
                          0.00    0.00   clock network delay (ideal)
                  0.15    0.00    0.00 ^ _1136_/CLK (sky130_fd_sc_hd__dfrtp_2)
                  0.08    0.39    0.39 ^ _1136_/Q (sky130_fd_sc_hd__dfrtp_2)
     2    0.01                           spi_crc[3] (net)
                  0.08    0.00    0.39 ^ _0952_/B2 (sky130_fd_sc_hd__a32o_2)
                  0.04    0.11    0.50 ^ _0952_/X (sky130_fd_sc_hd__a32o_2)
     1    0.00                           _0095_ (net)
                  0.04    0.00    0.50 ^ _1136_/D (sky130_fd_sc_hd__dfrtp_2)
                                  0.50   data arrival time

                  0.15    0.00    0.00   clock clk (rise edge)
                          0.00    0.00   clock network delay (ideal)
                          0.25    0.25   clock uncertainty
                          0.00    0.25   clock reconvergence pessimism
                                  0.25 ^ _1136_/CLK (sky130_fd_sc_hd__dfrtp_2)
                         -0.02    0.23   library hold time
                                  0.23   data required time
-----------------------------------------------------------------------------
                                  0.23   data required time
                                 -0.50   data arrival time
-----------------------------------------------------------------------------
                                  0.27   slack (MET)


Startpoint: _1116_ (rising edge-triggered flip-flop clocked by clk)
Endpoint: _1116_ (rising edge-triggered flip-flop clocked by clk)
Path Group: clk
Path Type: min

Fanout     Cap    Slew   Delay    Time   Description
-----------------------------------------------------------------------------
                  0.15    0.00    0.00   clock clk (rise edge)
                          0.00    0.00   clock network delay (ideal)
                  0.15    0.00    0.00 ^ _1116_/CLK (sky130_fd_sc_hd__dfrtp_2)
                  0.05    0.41    0.41 v _1116_/Q (sky130_fd_sc_hd__dfrtp_2)
     2    0.01                           spi_lockout_timer[15] (net)
                  0.05    0.00    0.41 v _0743_/C1 (sky130_fd_sc_hd__o311a_2)
                  0.02    0.10    0.51 v _0743_/X (sky130_fd_sc_hd__o311a_2)
     1    0.00                           _0010_ (net)
                  0.02    0.00    0.51 v _1116_/D (sky130_fd_sc_hd__dfrtp_2)
                                  0.51   data arrival time

                  0.15    0.00    0.00   clock clk (rise edge)
                          0.00    0.00   clock network delay (ideal)
                          0.25    0.25   clock uncertainty
                          0.00    0.25   clock reconvergence pessimism
                                  0.25 ^ _1116_/CLK (sky130_fd_sc_hd__dfrtp_2)
                         -0.01    0.24   library hold time
                                  0.24   data required time
-----------------------------------------------------------------------------
                                  0.24   data required time
                                 -0.51   data arrival time
-----------------------------------------------------------------------------
                                  0.27   slack (MET)


Startpoint: _1135_ (rising edge-triggered flip-flop clocked by clk)
Endpoint: _1135_ (rising edge-triggered flip-flop clocked by clk)
Path Group: clk
Path Type: min

Fanout     Cap    Slew   Delay    Time   Description
-----------------------------------------------------------------------------
                  0.15    0.00    0.00   clock clk (rise edge)
                          0.00    0.00   clock network delay (ideal)
                  0.15    0.00    0.00 ^ _1135_/CLK (sky130_fd_sc_hd__dfrtp_2)
                  0.08    0.39    0.39 ^ _1135_/Q (sky130_fd_sc_hd__dfrtp_2)
     2    0.01                           spi_crc[2] (net)
                  0.08    0.00    0.39 ^ _0947_/B2 (sky130_fd_sc_hd__a32o_2)
                  0.04    0.11    0.51 ^ _0947_/X (sky130_fd_sc_hd__a32o_2)
     1    0.00                           _0094_ (net)
                  0.04    0.00    0.51 ^ _1135_/D (sky130_fd_sc_hd__dfrtp_2)
                                  0.51   data arrival time

                  0.15    0.00    0.00   clock clk (rise edge)
                          0.00    0.00   clock network delay (ideal)
                          0.25    0.25   clock uncertainty
                          0.00    0.25   clock reconvergence pessimism
                                  0.25 ^ _1135_/CLK (sky130_fd_sc_hd__dfrtp_2)
                         -0.02    0.23   library hold time
                                  0.23   data required time
-----------------------------------------------------------------------------
                                  0.23   data required time
                                 -0.51   data arrival time
-----------------------------------------------------------------------------
                                  0.27   slack (MET)


Startpoint: _1065_ (rising edge-triggered flip-flop clocked by clk)
Endpoint: _1065_ (rising edge-triggered flip-flop clocked by clk)
Path Group: clk
Path Type: min

Fanout     Cap    Slew   Delay    Time   Description
-----------------------------------------------------------------------------
                  0.15    0.00    0.00   clock clk (rise edge)
                          0.00    0.00   clock network delay (ideal)
                  0.15    0.00    0.00 ^ _1065_/CLK (sky130_fd_sc_hd__dfrtp_2)
                  0.14    0.43    0.43 ^ _1065_/Q (sky130_fd_sc_hd__dfrtp_2)
     7    0.03                           wifi_timeout[0] (net)
                  0.14    0.00    0.43 ^ _0795_/A1 (sky130_fd_sc_hd__o21bai_2)
                  0.04    0.07    0.51 v _0795_/Y (sky130_fd_sc_hd__o21bai_2)
     1    0.00                           _0043_ (net)
                  0.04    0.00    0.51 v _1065_/D (sky130_fd_sc_hd__dfrtp_2)
                                  0.51   data arrival time

                  0.15    0.00    0.00   clock clk (rise edge)
                          0.00    0.00   clock network delay (ideal)
                          0.25    0.25   clock uncertainty
                          0.00    0.25   clock reconvergence pessimism
                                  0.25 ^ _1065_/CLK (sky130_fd_sc_hd__dfrtp_2)
                         -0.02    0.23   library hold time
                                  0.23   data required time
-----------------------------------------------------------------------------
                                  0.23   data required time
                                 -0.51   data arrival time
-----------------------------------------------------------------------------
                                  0.28   slack (MET)


Startpoint: _1112_ (rising edge-triggered flip-flop clocked by clk)
Endpoint: _1112_ (rising edge-triggered flip-flop clocked by clk)
Path Group: clk
Path Type: min

Fanout     Cap    Slew   Delay    Time   Description
-----------------------------------------------------------------------------
                  0.15    0.00    0.00   clock clk (rise edge)
                          0.00    0.00   clock network delay (ideal)
                  0.15    0.00    0.00 ^ _1112_/CLK (sky130_fd_sc_hd__dfrtp_2)
                  0.06    0.42    0.42 v _1112_/Q (sky130_fd_sc_hd__dfrtp_2)
     2    0.01                           spi_lockout_timer[11] (net)
                  0.06    0.00    0.42 v _0731_/B1 (sky130_fd_sc_hd__o21ai_2)
                  0.05    0.06    0.48 ^ _0731_/Y (sky130_fd_sc_hd__o21ai_2)
     1    0.01                           _0307_ (net)
                  0.05    0.00    0.48 ^ _0732_/A2 (sky130_fd_sc_hd__a21oi_2)
                  0.03    0.04    0.52 v _0732_/Y (sky130_fd_sc_hd__a21oi_2)
     1    0.00                           _0006_ (net)
                  0.03    0.00    0.52 v _1112_/D (sky130_fd_sc_hd__dfrtp_2)
                                  0.52   data arrival time

                  0.15    0.00    0.00   clock clk (rise edge)
                          0.00    0.00   clock network delay (ideal)
                          0.25    0.25   clock uncertainty
                          0.00    0.25   clock reconvergence pessimism
                                  0.25 ^ _1112_/CLK (sky130_fd_sc_hd__dfrtp_2)
                         -0.01    0.24   library hold time
                                  0.24   data required time
-----------------------------------------------------------------------------
                                  0.24   data required time
                                 -0.52   data arrival time
-----------------------------------------------------------------------------
                                  0.28   slack (MET)


Startpoint: _1123_ (rising edge-triggered flip-flop clocked by clk)
Endpoint: _1123_ (rising edge-triggered flip-flop clocked by clk)
Path Group: clk
Path Type: min

Fanout     Cap    Slew   Delay    Time   Description
-----------------------------------------------------------------------------
                  0.15    0.00    0.00   clock clk (rise edge)
                          0.00    0.00   clock network delay (ideal)
                  0.15    0.00    0.00 ^ _1123_/CLK (sky130_fd_sc_hd__dfrtp_2)
                  0.08    0.40    0.40 ^ _1123_/Q (sky130_fd_sc_hd__dfrtp_2)
     5    0.01                           spi_bit_cnt[2] (net)
                  0.08    0.00    0.40 ^ _0918_/A1 (sky130_fd_sc_hd__o21a_2)
                  0.03    0.12    0.52 ^ _0918_/X (sky130_fd_sc_hd__o21a_2)
     1    0.00                           _0082_ (net)
                  0.03    0.00    0.52 ^ _1123_/D (sky130_fd_sc_hd__dfrtp_2)
                                  0.52   data arrival time

                  0.15    0.00    0.00   clock clk (rise edge)
                          0.00    0.00   clock network delay (ideal)
                          0.25    0.25   clock uncertainty
                          0.00    0.25   clock reconvergence pessimism
                                  0.25 ^ _1123_/CLK (sky130_fd_sc_hd__dfrtp_2)
                         -0.02    0.23   library hold time
                                  0.23   data required time
-----------------------------------------------------------------------------
                                  0.23   data required time
                                 -0.52   data arrival time
-----------------------------------------------------------------------------
                                  0.28   slack (MET)


Startpoint: _1042_ (rising edge-triggered flip-flop clocked by clk)
Endpoint: _1042_ (rising edge-triggered flip-flop clocked by clk)
Path Group: clk
Path Type: min

Fanout     Cap    Slew   Delay    Time   Description
-----------------------------------------------------------------------------
                  0.15    0.00    0.00   clock clk (rise edge)
                          0.00    0.00   clock network delay (ideal)
                  0.15    0.00    0.00 ^ _1042_/CLK (sky130_fd_sc_hd__dfrtp_2)
                  0.08    0.39    0.39 ^ _1042_/Q (sky130_fd_sc_hd__dfrtp_2)
     3    0.01                           loop_inactive_cnt[3] (net)
                  0.08    0.00    0.39 ^ _0765_/A1 (sky130_fd_sc_hd__o21ba_2)
                  0.03    0.13    0.52 ^ _0765_/X (sky130_fd_sc_hd__o21ba_2)
     1    0.00                           _0034_ (net)
                  0.03    0.00    0.52 ^ _1042_/D (sky130_fd_sc_hd__dfrtp_2)
                                  0.52   data arrival time

                  0.15    0.00    0.00   clock clk (rise edge)
                          0.00    0.00   clock network delay (ideal)
                          0.25    0.25   clock uncertainty
                          0.00    0.25   clock reconvergence pessimism
                                  0.25 ^ _1042_/CLK (sky130_fd_sc_hd__dfrtp_2)
                         -0.02    0.23   library hold time
                                  0.23   data required time
-----------------------------------------------------------------------------
                                  0.23   data required time
                                 -0.52   data arrival time
-----------------------------------------------------------------------------
                                  0.29   slack (MET)


Startpoint: _1122_ (rising edge-triggered flip-flop clocked by clk)
Endpoint: _1122_ (rising edge-triggered flip-flop clocked by clk)
Path Group: clk
Path Type: min

Fanout     Cap    Slew   Delay    Time   Description
-----------------------------------------------------------------------------
                  0.15    0.00    0.00   clock clk (rise edge)
                          0.00    0.00   clock network delay (ideal)
                  0.15    0.00    0.00 ^ _1122_/CLK (sky130_fd_sc_hd__dfrtp_2)
                  0.08    0.39    0.39 ^ _1122_/Q (sky130_fd_sc_hd__dfrtp_2)
     3    0.01                           spi_bit_cnt[1] (net)
                  0.08    0.00    0.39 ^ _0914_/B1 (sky130_fd_sc_hd__a21oi_2)
                  0.03    0.04    0.42 v _0914_/Y (sky130_fd_sc_hd__a21oi_2)
     1    0.00                           _0431_ (net)
                  0.03    0.00    0.42 v _0915_/C (sky130_fd_sc_hd__nor3_2)
                  0.11    0.08    0.50 ^ _0915_/Y (sky130_fd_sc_hd__nor3_2)
     1    0.00                           _0081_ (net)
                  0.11    0.00    0.50 ^ _1122_/D (sky130_fd_sc_hd__dfrtp_2)
                                  0.50   data arrival time

                  0.15    0.00    0.00   clock clk (rise edge)
                          0.00    0.00   clock network delay (ideal)
                          0.25    0.25   clock uncertainty
                          0.00    0.25   clock reconvergence pessimism
                                  0.25 ^ _1122_/CLK (sky130_fd_sc_hd__dfrtp_2)
                         -0.03    0.22   library hold time
                                  0.22   data required time
-----------------------------------------------------------------------------
                                  0.22   data required time
                                 -0.50   data arrival time
-----------------------------------------------------------------------------
                                  0.29   slack (MET)


Startpoint: _1118_ (rising edge-triggered flip-flop clocked by clk)
Endpoint: _1118_ (rising edge-triggered flip-flop clocked by clk)
Path Group: clk
Path Type: min

Fanout     Cap    Slew   Delay    Time   Description
-----------------------------------------------------------------------------
                  0.15    0.00    0.00   clock clk (rise edge)
                          0.00    0.00   clock network delay (ideal)
                  0.15    0.00    0.00 ^ _1118_/CLK (sky130_fd_sc_hd__dfrtp_2)
                  0.08    0.39    0.39 ^ _1118_/Q (sky130_fd_sc_hd__dfrtp_2)
     5    0.01                           spi_fail_count[1] (net)
                  0.08    0.00    0.39 ^ _0907_/A1 (sky130_fd_sc_hd__a22o_2)
                  0.03    0.13    0.52 ^ _0907_/X (sky130_fd_sc_hd__a22o_2)
     1    0.00                           _0078_ (net)
                  0.03    0.00    0.52 ^ _1118_/D (sky130_fd_sc_hd__dfrtp_2)
                                  0.52   data arrival time

                  0.15    0.00    0.00   clock clk (rise edge)
                          0.00    0.00   clock network delay (ideal)
                          0.25    0.25   clock uncertainty
                          0.00    0.25   clock reconvergence pessimism
                                  0.25 ^ _1118_/CLK (sky130_fd_sc_hd__dfrtp_2)
                         -0.02    0.23   library hold time
                                  0.23   data required time
-----------------------------------------------------------------------------
                                  0.23   data required time
                                 -0.52   data arrival time
-----------------------------------------------------------------------------
                                  0.29   slack (MET)


Startpoint: _1108_ (rising edge-triggered flip-flop clocked by clk)
Endpoint: _1108_ (rising edge-triggered flip-flop clocked by clk)
Path Group: clk
Path Type: min

Fanout     Cap    Slew   Delay    Time   Description
-----------------------------------------------------------------------------
                  0.15    0.00    0.00   clock clk (rise edge)
                          0.00    0.00   clock network delay (ideal)
                  0.15    0.00    0.00 ^ _1108_/CLK (sky130_fd_sc_hd__dfrtp_2)
                  0.06    0.42    0.42 v _1108_/Q (sky130_fd_sc_hd__dfrtp_2)
     3    0.01                           spi_lockout_timer[7] (net)
                  0.06    0.00    0.42 v _0716_/B1 (sky130_fd_sc_hd__o31ai_2)
                  0.06    0.06    0.49 ^ _0716_/Y (sky130_fd_sc_hd__o31ai_2)
     1    0.01                           _0296_ (net)
                  0.06    0.00    0.49 ^ _0717_/A2 (sky130_fd_sc_hd__a21oi_2)
                  0.03    0.05    0.53 v _0717_/Y (sky130_fd_sc_hd__a21oi_2)
     1    0.00                           _0017_ (net)
                  0.03    0.00    0.53 v _1108_/D (sky130_fd_sc_hd__dfrtp_2)
                                  0.53   data arrival time

                  0.15    0.00    0.00   clock clk (rise edge)
                          0.00    0.00   clock network delay (ideal)
                          0.25    0.25   clock uncertainty
                          0.00    0.25   clock reconvergence pessimism
                                  0.25 ^ _1108_/CLK (sky130_fd_sc_hd__dfrtp_2)
                         -0.01    0.24   library hold time
                                  0.24   data required time
-----------------------------------------------------------------------------
                                  0.24   data required time
                                 -0.53   data arrival time
-----------------------------------------------------------------------------
                                  0.30   slack (MET)


Startpoint: _1113_ (rising edge-triggered flip-flop clocked by clk)
Endpoint: _1113_ (rising edge-triggered flip-flop clocked by clk)
Path Group: clk
Path Type: min

Fanout     Cap    Slew   Delay    Time   Description
-----------------------------------------------------------------------------
                  0.15    0.00    0.00   clock clk (rise edge)
                          0.00    0.00   clock network delay (ideal)
                  0.15    0.00    0.00 ^ _1113_/CLK (sky130_fd_sc_hd__dfrtp_2)
                  0.07    0.44    0.44 v _1113_/Q (sky130_fd_sc_hd__dfrtp_2)
     5    0.01                           spi_lockout_timer[12] (net)
                  0.07    0.00    0.44 v _0733_/A (sky130_fd_sc_hd__nand2_2)
                  0.04    0.06    0.50 ^ _0733_/Y (sky130_fd_sc_hd__nand2_2)
     1    0.00                           _0308_ (net)
                  0.04    0.00    0.50 ^ _0735_/A1 (sky130_fd_sc_hd__a21oi_2)
                  0.03    0.04    0.53 v _0735_/Y (sky130_fd_sc_hd__a21oi_2)
     1    0.00                           _0007_ (net)
                  0.03    0.00    0.53 v _1113_/D (sky130_fd_sc_hd__dfrtp_2)
                                  0.53   data arrival time

                  0.15    0.00    0.00   clock clk (rise edge)
                          0.00    0.00   clock network delay (ideal)
                          0.25    0.25   clock uncertainty
                          0.00    0.25   clock reconvergence pessimism
                                  0.25 ^ _1113_/CLK (sky130_fd_sc_hd__dfrtp_2)
                         -0.01    0.24   library hold time
                                  0.24   data required time
-----------------------------------------------------------------------------
                                  0.24   data required time
                                 -0.53   data arrival time
-----------------------------------------------------------------------------
                                  0.30   slack (MET)


Startpoint: _1115_ (rising edge-triggered flip-flop clocked by clk)
Endpoint: _1115_ (rising edge-triggered flip-flop clocked by clk)
Path Group: clk
Path Type: min

Fanout     Cap    Slew   Delay    Time   Description
-----------------------------------------------------------------------------
                  0.15    0.00    0.00   clock clk (rise edge)
                          0.00    0.00   clock network delay (ideal)
                  0.15    0.00    0.00 ^ _1115_/CLK (sky130_fd_sc_hd__dfrtp_2)
                  0.06    0.43    0.43 v _1115_/Q (sky130_fd_sc_hd__dfrtp_2)
     4    0.01                           spi_lockout_timer[14] (net)
                  0.06    0.00    0.43 v _0741_/B1 (sky130_fd_sc_hd__o21ai_2)
                  0.05    0.06    0.49 ^ _0741_/Y (sky130_fd_sc_hd__o21ai_2)
     1    0.01                           _0314_ (net)
                  0.05    0.00    0.49 ^ _0742_/A2 (sky130_fd_sc_hd__a21oi_2)
                  0.03    0.05    0.54 v _0742_/Y (sky130_fd_sc_hd__a21oi_2)
     1    0.00                           _0009_ (net)
                  0.03    0.00    0.54 v _1115_/D (sky130_fd_sc_hd__dfrtp_2)
                                  0.54   data arrival time

                  0.15    0.00    0.00   clock clk (rise edge)
                          0.00    0.00   clock network delay (ideal)
                          0.25    0.25   clock uncertainty
                          0.00    0.25   clock reconvergence pessimism
                                  0.25 ^ _1115_/CLK (sky130_fd_sc_hd__dfrtp_2)
                         -0.01    0.24   library hold time
                                  0.24   data required time
-----------------------------------------------------------------------------
                                  0.24   data required time
                                 -0.54   data arrival time
-----------------------------------------------------------------------------
                                  0.30   slack (MET)


Startpoint: _1104_ (rising edge-triggered flip-flop clocked by clk)
Endpoint: _1104_ (rising edge-triggered flip-flop clocked by clk)
Path Group: clk
Path Type: min

Fanout     Cap    Slew   Delay    Time   Description
-----------------------------------------------------------------------------
                  0.15    0.00    0.00   clock clk (rise edge)
                          0.00    0.00   clock network delay (ideal)
                  0.15    0.00    0.00 ^ _1104_/CLK (sky130_fd_sc_hd__dfrtp_2)
                  0.11    0.41    0.41 ^ _1104_/Q (sky130_fd_sc_hd__dfrtp_2)
     4    0.02                           spi_lockout_timer[3] (net)
                  0.11    0.00    0.41 ^ _0703_/A (sky130_fd_sc_hd__xnor2_2)
                  0.04    0.12    0.53 ^ _0703_/Y (sky130_fd_sc_hd__xnor2_2)
     1    0.01                           _0287_ (net)
                  0.04    0.00    0.53 ^ _0704_/B (sky130_fd_sc_hd__nor2_2)
                  0.02    0.03    0.56 v _0704_/Y (sky130_fd_sc_hd__nor2_2)
     1    0.00                           _0013_ (net)
                  0.02    0.00    0.56 v _1104_/D (sky130_fd_sc_hd__dfrtp_2)
                                  0.56   data arrival time

                  0.15    0.00    0.00   clock clk (rise edge)
                          0.00    0.00   clock network delay (ideal)
                          0.25    0.25   clock uncertainty
                          0.00    0.25   clock reconvergence pessimism
                                  0.25 ^ _1104_/CLK (sky130_fd_sc_hd__dfrtp_2)
                         -0.01    0.24   library hold time
                                  0.24   data required time
-----------------------------------------------------------------------------
                                  0.24   data required time
                                 -0.56   data arrival time
-----------------------------------------------------------------------------
                                  0.31   slack (MET)


Startpoint: _1120_ (rising edge-triggered flip-flop clocked by clk)
Endpoint: _1120_ (rising edge-triggered flip-flop clocked by clk)
Path Group: clk
Path Type: min

Fanout     Cap    Slew   Delay    Time   Description
-----------------------------------------------------------------------------
                  0.15    0.00    0.00   clock clk (rise edge)
                          0.00    0.00   clock network delay (ideal)
                  0.15    0.00    0.00 ^ _1120_/CLK (sky130_fd_sc_hd__dfrtp_2)
                  0.06    0.38    0.38 ^ _1120_/Q (sky130_fd_sc_hd__dfrtp_2)
     4    0.01                           sec_alert (net)
                  0.06    0.00    0.38 ^ _0908_/A (sky130_fd_sc_hd__or2_2)
                  0.03    0.10    0.47 ^ _0908_/X (sky130_fd_sc_hd__or2_2)
     1    0.00                           _0427_ (net)
                  0.03    0.00    0.47 ^ _0909_/A (sky130_fd_sc_hd__buf_1)
                  0.04    0.07    0.54 ^ _0909_/X (sky130_fd_sc_hd__buf_1)
     1    0.00                           _0079_ (net)
                  0.04    0.00    0.54 ^ _1120_/D (sky130_fd_sc_hd__dfrtp_2)
                                  0.54   data arrival time

                  0.15    0.00    0.00   clock clk (rise edge)
                          0.00    0.00   clock network delay (ideal)
                          0.25    0.25   clock uncertainty
                          0.00    0.25   clock reconvergence pessimism
                                  0.25 ^ _1120_/CLK (sky130_fd_sc_hd__dfrtp_2)
                         -0.02    0.23   library hold time
                                  0.23   data required time
-----------------------------------------------------------------------------
                                  0.23   data required time
                                 -0.54   data arrival time
-----------------------------------------------------------------------------
                                  0.31   slack (MET)


Startpoint: _1125_ (rising edge-triggered flip-flop clocked by clk)
Endpoint: _1125_ (rising edge-triggered flip-flop clocked by clk)
Path Group: clk
Path Type: min

Fanout     Cap    Slew   Delay    Time   Description
-----------------------------------------------------------------------------
                  0.15    0.00    0.00   clock clk (rise edge)
                          0.00    0.00   clock network delay (ideal)
                  0.15    0.00    0.00 ^ _1125_/CLK (sky130_fd_sc_hd__dfrtp_2)
                  0.10    0.41    0.41 ^ _1125_/Q (sky130_fd_sc_hd__dfrtp_2)
     6    0.02                           spi_byte_num[1] (net)
                  0.10    0.00    0.41 ^ _0923_/A1 (sky130_fd_sc_hd__a22o_2)
                  0.03    0.14    0.55 ^ _0923_/X (sky130_fd_sc_hd__a22o_2)
     1    0.00                           _0084_ (net)
                  0.03    0.00    0.55 ^ _1125_/D (sky130_fd_sc_hd__dfrtp_2)
                                  0.55   data arrival time

                  0.15    0.00    0.00   clock clk (rise edge)
                          0.00    0.00   clock network delay (ideal)
                          0.25    0.25   clock uncertainty
                          0.00    0.25   clock reconvergence pessimism
                                  0.25 ^ _1125_/CLK (sky130_fd_sc_hd__dfrtp_2)
                         -0.02    0.23   library hold time
                                  0.23   data required time
-----------------------------------------------------------------------------
                                  0.23   data required time
                                 -0.55   data arrival time
-----------------------------------------------------------------------------
                                  0.31   slack (MET)


Startpoint: _1150_ (rising edge-triggered flip-flop clocked by clk)
Endpoint: _1150_ (rising edge-triggered flip-flop clocked by clk)
Path Group: clk
Path Type: min

Fanout     Cap    Slew   Delay    Time   Description
-----------------------------------------------------------------------------
                  0.15    0.00    0.00   clock clk (rise edge)
                          0.00    0.00   clock network delay (ideal)
                  0.15    0.00    0.00 ^ _1150_/CLK (sky130_fd_sc_hd__dfrtp_2)
                  0.05    0.36    0.36 ^ _1150_/Q (sky130_fd_sc_hd__dfrtp_2)
     2    0.00                           spi_dat_r[2] (net)
                  0.05    0.00    0.36 ^ _0988_/A0 (sky130_fd_sc_hd__mux2_2)
                  0.04    0.12    0.48 ^ _0988_/X (sky130_fd_sc_hd__mux2_2)
     1    0.00                           _0477_ (net)
                  0.04    0.00    0.48 ^ _0989_/A (sky130_fd_sc_hd__buf_1)
                  0.04    0.07    0.55 ^ _0989_/X (sky130_fd_sc_hd__buf_1)
     1    0.00                           _0109_ (net)
                  0.04    0.00    0.55 ^ _1150_/D (sky130_fd_sc_hd__dfrtp_2)
                                  0.55   data arrival time

                  0.15    0.00    0.00   clock clk (rise edge)
                          0.00    0.00   clock network delay (ideal)
                          0.25    0.25   clock uncertainty
                          0.00    0.25   clock reconvergence pessimism
                                  0.25 ^ _1150_/CLK (sky130_fd_sc_hd__dfrtp_2)
                         -0.02    0.23   library hold time
                                  0.23   data required time
-----------------------------------------------------------------------------
                                  0.23   data required time
                                 -0.55   data arrival time
-----------------------------------------------------------------------------
                                  0.32   slack (MET)


Startpoint: _1151_ (rising edge-triggered flip-flop clocked by clk)
Endpoint: _1151_ (rising edge-triggered flip-flop clocked by clk)
Path Group: clk
Path Type: min

Fanout     Cap    Slew   Delay    Time   Description
-----------------------------------------------------------------------------
                  0.15    0.00    0.00   clock clk (rise edge)
                          0.00    0.00   clock network delay (ideal)
                  0.15    0.00    0.00 ^ _1151_/CLK (sky130_fd_sc_hd__dfrtp_2)
                  0.05    0.36    0.36 ^ _1151_/Q (sky130_fd_sc_hd__dfrtp_2)
     2    0.00                           spi_dat_r[3] (net)
                  0.05    0.00    0.36 ^ _0990_/A0 (sky130_fd_sc_hd__mux2_2)
                  0.04    0.12    0.48 ^ _0990_/X (sky130_fd_sc_hd__mux2_2)
     1    0.00                           _0478_ (net)
                  0.04    0.00    0.48 ^ _0991_/A (sky130_fd_sc_hd__buf_1)
                  0.04    0.07    0.55 ^ _0991_/X (sky130_fd_sc_hd__buf_1)
     1    0.00                           _0110_ (net)
                  0.04    0.00    0.55 ^ _1151_/D (sky130_fd_sc_hd__dfrtp_2)
                                  0.55   data arrival time

                  0.15    0.00    0.00   clock clk (rise edge)
                          0.00    0.00   clock network delay (ideal)
                          0.25    0.25   clock uncertainty
                          0.00    0.25   clock reconvergence pessimism
                                  0.25 ^ _1151_/CLK (sky130_fd_sc_hd__dfrtp_2)
                         -0.02    0.23   library hold time
                                  0.23   data required time
-----------------------------------------------------------------------------
                                  0.23   data required time
                                 -0.55   data arrival time
-----------------------------------------------------------------------------
                                  0.32   slack (MET)


Startpoint: _1162_ (rising edge-triggered flip-flop clocked by clk)
Endpoint: _1162_ (rising edge-triggered flip-flop clocked by clk)
Path Group: clk
Path Type: min

Fanout     Cap    Slew   Delay    Time   Description
-----------------------------------------------------------------------------
                  0.15    0.00    0.00   clock clk (rise edge)
                          0.00    0.00   clock network delay (ideal)
                  0.15    0.00    0.00 ^ _1162_/CLK (sky130_fd_sc_hd__dfrtp_2)
                  0.05    0.36    0.36 ^ _1162_/Q (sky130_fd_sc_hd__dfrtp_2)
     2    0.00                           spi_tag_r[2] (net)
                  0.05    0.00    0.36 ^ _1014_/A0 (sky130_fd_sc_hd__mux2_2)
                  0.03    0.12    0.48 ^ _1014_/X (sky130_fd_sc_hd__mux2_2)
     1    0.00                           _0491_ (net)
                  0.03    0.00    0.48 ^ _1015_/A (sky130_fd_sc_hd__buf_1)
                  0.04    0.07    0.55 ^ _1015_/X (sky130_fd_sc_hd__buf_1)
     1    0.00                           _0121_ (net)
                  0.04    0.00    0.55 ^ _1162_/D (sky130_fd_sc_hd__dfrtp_2)
                                  0.55   data arrival time

                  0.15    0.00    0.00   clock clk (rise edge)
                          0.00    0.00   clock network delay (ideal)
                          0.25    0.25   clock uncertainty
                          0.00    0.25   clock reconvergence pessimism
                                  0.25 ^ _1162_/CLK (sky130_fd_sc_hd__dfrtp_2)
                         -0.02    0.23   library hold time
                                  0.23   data required time
-----------------------------------------------------------------------------
                                  0.23   data required time
                                 -0.55   data arrival time
-----------------------------------------------------------------------------
                                  0.32   slack (MET)


Startpoint: _1164_ (rising edge-triggered flip-flop clocked by clk)
Endpoint: _1164_ (rising edge-triggered flip-flop clocked by clk)
Path Group: clk
Path Type: min

Fanout     Cap    Slew   Delay    Time   Description
-----------------------------------------------------------------------------
                  0.15    0.00    0.00   clock clk (rise edge)
                          0.00    0.00   clock network delay (ideal)
                  0.15    0.00    0.00 ^ _1164_/CLK (sky130_fd_sc_hd__dfrtp_2)
                  0.05    0.36    0.36 ^ _1164_/Q (sky130_fd_sc_hd__dfrtp_2)
     2    0.00                           spi_tag_r[4] (net)
                  0.05    0.00    0.36 ^ _1018_/A0 (sky130_fd_sc_hd__mux2_2)
                  0.04    0.13    0.49 ^ _1018_/X (sky130_fd_sc_hd__mux2_2)
     1    0.00                           _0493_ (net)
                  0.04    0.00    0.49 ^ _1019_/A (sky130_fd_sc_hd__buf_1)
                  0.04    0.07    0.55 ^ _1019_/X (sky130_fd_sc_hd__buf_1)
     1    0.00                           _0123_ (net)
                  0.04    0.00    0.55 ^ _1164_/D (sky130_fd_sc_hd__dfrtp_2)
                                  0.55   data arrival time

                  0.15    0.00    0.00   clock clk (rise edge)
                          0.00    0.00   clock network delay (ideal)
                          0.25    0.25   clock uncertainty
                          0.00    0.25   clock reconvergence pessimism
                                  0.25 ^ _1164_/CLK (sky130_fd_sc_hd__dfrtp_2)
                         -0.02    0.23   library hold time
                                  0.23   data required time
-----------------------------------------------------------------------------
                                  0.23   data required time
                                 -0.55   data arrival time
-----------------------------------------------------------------------------
                                  0.32   slack (MET)


Startpoint: _1166_ (rising edge-triggered flip-flop clocked by clk)
Endpoint: _1166_ (rising edge-triggered flip-flop clocked by clk)
Path Group: clk
Path Type: min

Fanout     Cap    Slew   Delay    Time   Description
-----------------------------------------------------------------------------
                  0.15    0.00    0.00   clock clk (rise edge)
                          0.00    0.00   clock network delay (ideal)
                  0.15    0.00    0.00 ^ _1166_/CLK (sky130_fd_sc_hd__dfrtp_2)
                  0.05    0.36    0.36 ^ _1166_/Q (sky130_fd_sc_hd__dfrtp_2)
     2    0.01                           spi_tag_r[6] (net)
                  0.05    0.00    0.36 ^ _1022_/A0 (sky130_fd_sc_hd__mux2_2)
                  0.04    0.12    0.49 ^ _1022_/X (sky130_fd_sc_hd__mux2_2)
     1    0.00                           _0495_ (net)
                  0.04    0.00    0.49 ^ _1023_/A (sky130_fd_sc_hd__buf_1)
                  0.04    0.07    0.55 ^ _1023_/X (sky130_fd_sc_hd__buf_1)
     1    0.00                           _0125_ (net)
                  0.04    0.00    0.55 ^ _1166_/D (sky130_fd_sc_hd__dfrtp_2)
                                  0.55   data arrival time

                  0.15    0.00    0.00   clock clk (rise edge)
                          0.00    0.00   clock network delay (ideal)
                          0.25    0.25   clock uncertainty
                          0.00    0.25   clock reconvergence pessimism
                                  0.25 ^ _1166_/CLK (sky130_fd_sc_hd__dfrtp_2)
                         -0.02    0.23   library hold time
                                  0.23   data required time
-----------------------------------------------------------------------------
                                  0.23   data required time
                                 -0.55   data arrival time
-----------------------------------------------------------------------------
                                  0.32   slack (MET)


Startpoint: _1148_ (rising edge-triggered flip-flop clocked by clk)
Endpoint: _1148_ (rising edge-triggered flip-flop clocked by clk)
Path Group: clk
Path Type: min

Fanout     Cap    Slew   Delay    Time   Description
-----------------------------------------------------------------------------
                  0.15    0.00    0.00   clock clk (rise edge)
                          0.00    0.00   clock network delay (ideal)
                  0.15    0.00    0.00 ^ _1148_/CLK (sky130_fd_sc_hd__dfrtp_2)
                  0.05    0.36    0.36 ^ _1148_/Q (sky130_fd_sc_hd__dfrtp_2)
     2    0.01                           spi_dat_r[0] (net)
                  0.05    0.00    0.36 ^ _0984_/A0 (sky130_fd_sc_hd__mux2_2)
                  0.04    0.13    0.49 ^ _0984_/X (sky130_fd_sc_hd__mux2_2)
     1    0.00                           _0475_ (net)
                  0.04    0.00    0.49 ^ _0985_/A (sky130_fd_sc_hd__buf_1)
                  0.04    0.07    0.55 ^ _0985_/X (sky130_fd_sc_hd__buf_1)
     1    0.00                           _0107_ (net)
                  0.04    0.00    0.55 ^ _1148_/D (sky130_fd_sc_hd__dfrtp_2)
                                  0.55   data arrival time

                  0.15    0.00    0.00   clock clk (rise edge)
                          0.00    0.00   clock network delay (ideal)
                          0.25    0.25   clock uncertainty
                          0.00    0.25   clock reconvergence pessimism
                                  0.25 ^ _1148_/CLK (sky130_fd_sc_hd__dfrtp_2)
                         -0.02    0.23   library hold time
                                  0.23   data required time
-----------------------------------------------------------------------------
                                  0.23   data required time
                                 -0.55   data arrival time
-----------------------------------------------------------------------------
                                  0.32   slack (MET)


Startpoint: _1161_ (rising edge-triggered flip-flop clocked by clk)
Endpoint: _1161_ (rising edge-triggered flip-flop clocked by clk)
Path Group: clk
Path Type: min

Fanout     Cap    Slew   Delay    Time   Description
-----------------------------------------------------------------------------
                  0.15    0.00    0.00   clock clk (rise edge)
                          0.00    0.00   clock network delay (ideal)
                  0.15    0.00    0.00 ^ _1161_/CLK (sky130_fd_sc_hd__dfrtp_2)
                  0.05    0.36    0.36 ^ _1161_/Q (sky130_fd_sc_hd__dfrtp_2)
     2    0.00                           spi_tag_r[1] (net)
                  0.05    0.00    0.36 ^ _1012_/A0 (sky130_fd_sc_hd__mux2_2)
                  0.04    0.12    0.49 ^ _1012_/X (sky130_fd_sc_hd__mux2_2)
     1    0.00                           _0490_ (net)
                  0.04    0.00    0.49 ^ _1013_/A (sky130_fd_sc_hd__buf_1)
                  0.04    0.07    0.55 ^ _1013_/X (sky130_fd_sc_hd__buf_1)
     1    0.00                           _0120_ (net)
                  0.04    0.00    0.55 ^ _1161_/D (sky130_fd_sc_hd__dfrtp_2)
                                  0.55   data arrival time

                  0.15    0.00    0.00   clock clk (rise edge)
                          0.00    0.00   clock network delay (ideal)
                          0.25    0.25   clock uncertainty
                          0.00    0.25   clock reconvergence pessimism
                                  0.25 ^ _1161_/CLK (sky130_fd_sc_hd__dfrtp_2)
                         -0.02    0.23   library hold time
                                  0.23   data required time
-----------------------------------------------------------------------------
                                  0.23   data required time
                                 -0.55   data arrival time
-----------------------------------------------------------------------------
                                  0.32   slack (MET)


Startpoint: _1163_ (rising edge-triggered flip-flop clocked by clk)
Endpoint: _1163_ (rising edge-triggered flip-flop clocked by clk)
Path Group: clk
Path Type: min

Fanout     Cap    Slew   Delay    Time   Description
-----------------------------------------------------------------------------
                  0.15    0.00    0.00   clock clk (rise edge)
                          0.00    0.00   clock network delay (ideal)
                  0.15    0.00    0.00 ^ _1163_/CLK (sky130_fd_sc_hd__dfrtp_2)
                  0.05    0.36    0.36 ^ _1163_/Q (sky130_fd_sc_hd__dfrtp_2)
     2    0.01                           spi_tag_r[3] (net)
                  0.05    0.00    0.36 ^ _1016_/A0 (sky130_fd_sc_hd__mux2_2)
                  0.04    0.13    0.49 ^ _1016_/X (sky130_fd_sc_hd__mux2_2)
     1    0.00                           _0492_ (net)
                  0.04    0.00    0.49 ^ _1017_/A (sky130_fd_sc_hd__buf_1)
                  0.04    0.07    0.55 ^ _1017_/X (sky130_fd_sc_hd__buf_1)
     1    0.00                           _0122_ (net)
                  0.04    0.00    0.55 ^ _1163_/D (sky130_fd_sc_hd__dfrtp_2)
                                  0.55   data arrival time

                  0.15    0.00    0.00   clock clk (rise edge)
                          0.00    0.00   clock network delay (ideal)
                          0.25    0.25   clock uncertainty
                          0.00    0.25   clock reconvergence pessimism
                                  0.25 ^ _1163_/CLK (sky130_fd_sc_hd__dfrtp_2)
                         -0.02    0.23   library hold time
                                  0.23   data required time
-----------------------------------------------------------------------------
                                  0.23   data required time
                                 -0.55   data arrival time
-----------------------------------------------------------------------------
                                  0.32   slack (MET)


Startpoint: _1149_ (rising edge-triggered flip-flop clocked by clk)
Endpoint: _1149_ (rising edge-triggered flip-flop clocked by clk)
Path Group: clk
Path Type: min

Fanout     Cap    Slew   Delay    Time   Description
-----------------------------------------------------------------------------
                  0.15    0.00    0.00   clock clk (rise edge)
                          0.00    0.00   clock network delay (ideal)
                  0.15    0.00    0.00 ^ _1149_/CLK (sky130_fd_sc_hd__dfrtp_2)
                  0.05    0.36    0.36 ^ _1149_/Q (sky130_fd_sc_hd__dfrtp_2)
     2    0.01                           spi_dat_r[1] (net)
                  0.05    0.00    0.36 ^ _0986_/A0 (sky130_fd_sc_hd__mux2_2)
                  0.03    0.13    0.49 ^ _0986_/X (sky130_fd_sc_hd__mux2_2)
     1    0.00                           _0476_ (net)
                  0.03    0.00    0.49 ^ _0987_/A (sky130_fd_sc_hd__buf_1)
                  0.04    0.07    0.55 ^ _0987_/X (sky130_fd_sc_hd__buf_1)
     1    0.00                           _0108_ (net)
                  0.04    0.00    0.55 ^ _1149_/D (sky130_fd_sc_hd__dfrtp_2)
                                  0.55   data arrival time

                  0.15    0.00    0.00   clock clk (rise edge)
                          0.00    0.00   clock network delay (ideal)
                          0.25    0.25   clock uncertainty
                          0.00    0.25   clock reconvergence pessimism
                                  0.25 ^ _1149_/CLK (sky130_fd_sc_hd__dfrtp_2)
                         -0.02    0.23   library hold time
                                  0.23   data required time
-----------------------------------------------------------------------------
                                  0.23   data required time
                                 -0.55   data arrival time
-----------------------------------------------------------------------------
                                  0.32   slack (MET)


Startpoint: _1147_ (rising edge-triggered flip-flop clocked by clk)
Endpoint: _1147_ (rising edge-triggered flip-flop clocked by clk)
Path Group: clk
Path Type: min

Fanout     Cap    Slew   Delay    Time   Description
-----------------------------------------------------------------------------
                  0.15    0.00    0.00   clock clk (rise edge)
                          0.00    0.00   clock network delay (ideal)
                  0.15    0.00    0.00 ^ _1147_/CLK (sky130_fd_sc_hd__dfrtp_2)
                  0.05    0.36    0.36 ^ _1147_/Q (sky130_fd_sc_hd__dfrtp_2)
     2    0.01                           spi_cmd_r[6] (net)
                  0.05    0.00    0.36 ^ _0981_/A0 (sky130_fd_sc_hd__mux2_2)
                  0.04    0.13    0.49 ^ _0981_/X (sky130_fd_sc_hd__mux2_2)
     1    0.00                           _0473_ (net)
                  0.04    0.00    0.49 ^ _0982_/A (sky130_fd_sc_hd__buf_1)
                  0.04    0.07    0.56 ^ _0982_/X (sky130_fd_sc_hd__buf_1)
     1    0.00                           _0106_ (net)
                  0.04    0.00    0.56 ^ _1147_/D (sky130_fd_sc_hd__dfrtp_2)
                                  0.56   data arrival time

                  0.15    0.00    0.00   clock clk (rise edge)
                          0.00    0.00   clock network delay (ideal)
                          0.25    0.25   clock uncertainty
                          0.00    0.25   clock reconvergence pessimism
                                  0.25 ^ _1147_/CLK (sky130_fd_sc_hd__dfrtp_2)
                         -0.02    0.23   library hold time
                                  0.23   data required time
-----------------------------------------------------------------------------
                                  0.23   data required time
                                 -0.56   data arrival time
-----------------------------------------------------------------------------
                                  0.32   slack (MET)


Startpoint: _1160_ (rising edge-triggered flip-flop clocked by clk)
Endpoint: _1160_ (rising edge-triggered flip-flop clocked by clk)
Path Group: clk
Path Type: min

Fanout     Cap    Slew   Delay    Time   Description
-----------------------------------------------------------------------------
                  0.15    0.00    0.00   clock clk (rise edge)
                          0.00    0.00   clock network delay (ideal)
                  0.15    0.00    0.00 ^ _1160_/CLK (sky130_fd_sc_hd__dfrtp_2)
                  0.05    0.36    0.36 ^ _1160_/Q (sky130_fd_sc_hd__dfrtp_2)
     2    0.01                           spi_tag_r[0] (net)
                  0.05    0.00    0.36 ^ _1010_/A0 (sky130_fd_sc_hd__mux2_2)
                  0.04    0.13    0.49 ^ _1010_/X (sky130_fd_sc_hd__mux2_2)
     1    0.00                           _0489_ (net)
                  0.04    0.00    0.49 ^ _1011_/A (sky130_fd_sc_hd__buf_1)
                  0.04    0.07    0.56 ^ _1011_/X (sky130_fd_sc_hd__buf_1)
     1    0.00                           _0119_ (net)
                  0.04    0.00    0.56 ^ _1160_/D (sky130_fd_sc_hd__dfrtp_2)
                                  0.56   data arrival time

                  0.15    0.00    0.00   clock clk (rise edge)
                          0.00    0.00   clock network delay (ideal)
                          0.25    0.25   clock uncertainty
                          0.00    0.25   clock reconvergence pessimism
                                  0.25 ^ _1160_/CLK (sky130_fd_sc_hd__dfrtp_2)
                         -0.02    0.23   library hold time
                                  0.23   data required time
-----------------------------------------------------------------------------
                                  0.23   data required time
                                 -0.56   data arrival time
-----------------------------------------------------------------------------
                                  0.32   slack (MET)


Startpoint: _1165_ (rising edge-triggered flip-flop clocked by clk)
Endpoint: _1165_ (rising edge-triggered flip-flop clocked by clk)
Path Group: clk
Path Type: min

Fanout     Cap    Slew   Delay    Time   Description
-----------------------------------------------------------------------------
                  0.15    0.00    0.00   clock clk (rise edge)
                          0.00    0.00   clock network delay (ideal)
                  0.15    0.00    0.00 ^ _1165_/CLK (sky130_fd_sc_hd__dfrtp_2)
                  0.05    0.36    0.36 ^ _1165_/Q (sky130_fd_sc_hd__dfrtp_2)
     2    0.01                           spi_tag_r[5] (net)
                  0.05    0.00    0.36 ^ _1020_/A0 (sky130_fd_sc_hd__mux2_2)
                  0.04    0.12    0.49 ^ _1020_/X (sky130_fd_sc_hd__mux2_2)
     1    0.00                           _0494_ (net)
                  0.04    0.00    0.49 ^ _1021_/A (sky130_fd_sc_hd__buf_1)
                  0.04    0.07    0.56 ^ _1021_/X (sky130_fd_sc_hd__buf_1)
     1    0.00                           _0124_ (net)
                  0.04    0.00    0.56 ^ _1165_/D (sky130_fd_sc_hd__dfrtp_2)
                                  0.56   data arrival time

                  0.15    0.00    0.00   clock clk (rise edge)
                          0.00    0.00   clock network delay (ideal)
                          0.25    0.25   clock uncertainty
                          0.00    0.25   clock reconvergence pessimism
                                  0.25 ^ _1165_/CLK (sky130_fd_sc_hd__dfrtp_2)
                         -0.02    0.23   library hold time
                                  0.23   data required time
-----------------------------------------------------------------------------
                                  0.23   data required time
                                 -0.56   data arrival time
-----------------------------------------------------------------------------
                                  0.32   slack (MET)


Startpoint: _1146_ (rising edge-triggered flip-flop clocked by clk)
Endpoint: _1146_ (rising edge-triggered flip-flop clocked by clk)
Path Group: clk
Path Type: min

Fanout     Cap    Slew   Delay    Time   Description
-----------------------------------------------------------------------------
                  0.15    0.00    0.00   clock clk (rise edge)
                          0.00    0.00   clock network delay (ideal)
                  0.15    0.00    0.00 ^ _1146_/CLK (sky130_fd_sc_hd__dfrtp_2)
                  0.05    0.36    0.36 ^ _1146_/Q (sky130_fd_sc_hd__dfrtp_2)
     2    0.01                           spi_cmd_r[5] (net)
                  0.05    0.00    0.36 ^ _0979_/A0 (sky130_fd_sc_hd__mux2_2)
                  0.04    0.12    0.49 ^ _0979_/X (sky130_fd_sc_hd__mux2_2)
     1    0.00                           _0472_ (net)
                  0.04    0.00    0.49 ^ _0980_/A (sky130_fd_sc_hd__buf_1)
                  0.04    0.07    0.56 ^ _0980_/X (sky130_fd_sc_hd__buf_1)
     1    0.00                           _0105_ (net)
                  0.04    0.00    0.56 ^ _1146_/D (sky130_fd_sc_hd__dfrtp_2)
                                  0.56   data arrival time

                  0.15    0.00    0.00   clock clk (rise edge)
                          0.00    0.00   clock network delay (ideal)
                          0.25    0.25   clock uncertainty
                          0.00    0.25   clock reconvergence pessimism
                                  0.25 ^ _1146_/CLK (sky130_fd_sc_hd__dfrtp_2)
                         -0.02    0.23   library hold time
                                  0.23   data required time
-----------------------------------------------------------------------------
                                  0.23   data required time
                                 -0.56   data arrival time
-----------------------------------------------------------------------------
                                  0.32   slack (MET)


Startpoint: _1145_ (rising edge-triggered flip-flop clocked by clk)
Endpoint: _1145_ (rising edge-triggered flip-flop clocked by clk)
Path Group: clk
Path Type: min

Fanout     Cap    Slew   Delay    Time   Description
-----------------------------------------------------------------------------
                  0.15    0.00    0.00   clock clk (rise edge)
                          0.00    0.00   clock network delay (ideal)
                  0.15    0.00    0.00 ^ _1145_/CLK (sky130_fd_sc_hd__dfrtp_2)
                  0.05    0.36    0.36 ^ _1145_/Q (sky130_fd_sc_hd__dfrtp_2)
     2    0.01                           spi_cmd_r[4] (net)
                  0.05    0.00    0.36 ^ _0977_/A0 (sky130_fd_sc_hd__mux2_2)
                  0.04    0.12    0.49 ^ _0977_/X (sky130_fd_sc_hd__mux2_2)
     1    0.00                           _0471_ (net)
                  0.04    0.00    0.49 ^ _0978_/A (sky130_fd_sc_hd__buf_1)
                  0.04    0.07    0.56 ^ _0978_/X (sky130_fd_sc_hd__buf_1)
     1    0.00                           _0104_ (net)
                  0.04    0.00    0.56 ^ _1145_/D (sky130_fd_sc_hd__dfrtp_2)
                                  0.56   data arrival time

                  0.15    0.00    0.00   clock clk (rise edge)
                          0.00    0.00   clock network delay (ideal)
                          0.25    0.25   clock uncertainty
                          0.00    0.25   clock reconvergence pessimism
                                  0.25 ^ _1145_/CLK (sky130_fd_sc_hd__dfrtp_2)
                         -0.02    0.23   library hold time
                                  0.23   data required time
-----------------------------------------------------------------------------
                                  0.23   data required time
                                 -0.56   data arrival time
-----------------------------------------------------------------------------
                                  0.32   slack (MET)


Startpoint: _1096_ (rising edge-triggered flip-flop clocked by clk)
Endpoint: _1096_ (rising edge-triggered flip-flop clocked by clk)
Path Group: clk
Path Type: min

Fanout     Cap    Slew   Delay    Time   Description
-----------------------------------------------------------------------------
                  0.15    0.00    0.00   clock clk (rise edge)
                          0.00    0.00   clock network delay (ideal)
                  0.15    0.00    0.00 ^ _1096_/CLK (sky130_fd_sc_hd__dfrtp_2)
                  0.05    0.36    0.36 ^ _1096_/Q (sky130_fd_sc_hd__dfrtp_2)
     2    0.01                           spi_last_tag_ok (net)
                  0.05    0.00    0.36 ^ _0898_/A0 (sky130_fd_sc_hd__mux2_2)
                  0.04    0.12    0.49 ^ _0898_/X (sky130_fd_sc_hd__mux2_2)
     1    0.00                           _0422_ (net)
                  0.04    0.00    0.49 ^ _0899_/A (sky130_fd_sc_hd__buf_1)
                  0.04    0.07    0.56 ^ _0899_/X (sky130_fd_sc_hd__buf_1)
     1    0.00                           _0074_ (net)
                  0.04    0.00    0.56 ^ _1096_/D (sky130_fd_sc_hd__dfrtp_2)
                                  0.56   data arrival time

                  0.15    0.00    0.00   clock clk (rise edge)
                          0.00    0.00   clock network delay (ideal)
                          0.25    0.25   clock uncertainty
                          0.00    0.25   clock reconvergence pessimism
                                  0.25 ^ _1096_/CLK (sky130_fd_sc_hd__dfrtp_2)
                         -0.02    0.23   library hold time
                                  0.23   data required time
-----------------------------------------------------------------------------
                                  0.23   data required time
                                 -0.56   data arrival time
-----------------------------------------------------------------------------
                                  0.33   slack (MET)


Startpoint: _1132_ (rising edge-triggered flip-flop clocked by clk)
Endpoint: _1132_ (rising edge-triggered flip-flop clocked by clk)
Path Group: clk
Path Type: min

Fanout     Cap    Slew   Delay    Time   Description
-----------------------------------------------------------------------------
                  0.15    0.00    0.00   clock clk (rise edge)
                          0.00    0.00   clock network delay (ideal)
                  0.15    0.00    0.00 ^ _1132_/CLK (sky130_fd_sc_hd__dfrtp_2)
                  0.12    0.43    0.43 ^ _1132_/Q (sky130_fd_sc_hd__dfrtp_2)
     5    0.02                           spi_byte_buf[6] (net)
                  0.12    0.00    0.43 ^ _0930_/B2 (sky130_fd_sc_hd__a22o_2)
                  0.03    0.13    0.56 ^ _0930_/X (sky130_fd_sc_hd__a22o_2)
     1    0.00                           _0091_ (net)
                  0.03    0.00    0.56 ^ _1132_/D (sky130_fd_sc_hd__dfrtp_2)
                                  0.56   data arrival time

                  0.15    0.00    0.00   clock clk (rise edge)
                          0.00    0.00   clock network delay (ideal)
                          0.25    0.25   clock uncertainty
                          0.00    0.25   clock reconvergence pessimism
                                  0.25 ^ _1132_/CLK (sky130_fd_sc_hd__dfrtp_2)
                         -0.02    0.23   library hold time
                                  0.23   data required time
-----------------------------------------------------------------------------
                                  0.23   data required time
                                 -0.56   data arrival time
-----------------------------------------------------------------------------
                                  0.33   slack (MET)


Startpoint: _1085_ (rising edge-triggered flip-flop clocked by clk)
Endpoint: _1045_ (rising edge-triggered flip-flop clocked by clk)
Path Group: clk
Path Type: min

Fanout     Cap    Slew   Delay    Time   Description
-----------------------------------------------------------------------------
                  0.15    0.00    0.00   clock clk (rise edge)
                          0.00    0.00   clock network delay (ideal)
                  0.15    0.00    0.00 ^ _1085_/CLK (sky130_fd_sc_hd__dfrtp_2)
                  0.07    0.43    0.43 v _1085_/Q (sky130_fd_sc_hd__dfrtp_2)
     4    0.01                           ctrl_enable (net)
                  0.07    0.00    0.43 v _0541_/D1 (sky130_fd_sc_hd__o2111a_2)
                  0.03    0.13    0.56 v _0541_/X (sky130_fd_sc_hd__o2111a_2)
     2    0.01                           wifi_above_threshold (net)
                  0.03    0.00    0.56 v _1045_/D (sky130_fd_sc_hd__dfrtp_2)
                                  0.56   data arrival time

                  0.15    0.00    0.00   clock clk (rise edge)
                          0.00    0.00   clock network delay (ideal)
                          0.25    0.25   clock uncertainty
                          0.00    0.25   clock reconvergence pessimism
                                  0.25 ^ _1045_/CLK (sky130_fd_sc_hd__dfrtp_2)
                         -0.01    0.24   library hold time
                                  0.24   data required time
-----------------------------------------------------------------------------
                                  0.24   data required time
                                 -0.56   data arrival time
-----------------------------------------------------------------------------
                                  0.33   slack (MET)


Startpoint: _1101_ (rising edge-triggered flip-flop clocked by clk)
Endpoint: _1101_ (rising edge-triggered flip-flop clocked by clk)
Path Group: clk
Path Type: min

Fanout     Cap    Slew   Delay    Time   Description
-----------------------------------------------------------------------------
                  0.15    0.00    0.00   clock clk (rise edge)
                          0.00    0.00   clock network delay (ideal)
                  0.15    0.00    0.00 ^ _1101_/CLK (sky130_fd_sc_hd__dfrtp_2)
                  0.10    0.41    0.41 ^ _1101_/Q (sky130_fd_sc_hd__dfrtp_2)
     5    0.02                           spi_lockout_timer[0] (net)
                  0.10    0.00    0.41 ^ _0689_/B (sky130_fd_sc_hd__nand2_2)
                  0.03    0.05    0.46 v _0689_/Y (sky130_fd_sc_hd__nand2_2)
     1    0.00                           _0276_ (net)
                  0.03    0.00    0.46 v _0693_/B1 (sky130_fd_sc_hd__o211a_2)
                  0.02    0.11    0.57 v _0693_/X (sky130_fd_sc_hd__o211a_2)
     1    0.00                           _0004_ (net)
                  0.02    0.00    0.57 v _1101_/D (sky130_fd_sc_hd__dfrtp_2)
                                  0.57   data arrival time

                  0.15    0.00    0.00   clock clk (rise edge)
                          0.00    0.00   clock network delay (ideal)
                          0.25    0.25   clock uncertainty
                          0.00    0.25   clock reconvergence pessimism
                                  0.25 ^ _1101_/CLK (sky130_fd_sc_hd__dfrtp_2)
                         -0.01    0.24   library hold time
                                  0.24   data required time
-----------------------------------------------------------------------------
                                  0.24   data required time
                                 -0.57   data arrival time
-----------------------------------------------------------------------------
                                  0.33   slack (MET)


Startpoint: _1095_ (rising edge-triggered flip-flop clocked by clk)
Endpoint: _1095_ (rising edge-triggered flip-flop clocked by clk)
Path Group: clk
Path Type: min

Fanout     Cap    Slew   Delay    Time   Description
-----------------------------------------------------------------------------
                  0.15    0.00    0.00   clock clk (rise edge)
                          0.00    0.00   clock network delay (ideal)
                  0.15    0.00    0.00 ^ _1095_/CLK (sky130_fd_sc_hd__dfrtp_2)
                  0.08    0.39    0.39 ^ _1095_/Q (sky130_fd_sc_hd__dfrtp_2)
     3    0.01                           last_spi_seq_valid (net)
                  0.08    0.00    0.39 ^ _0896_/A (sky130_fd_sc_hd__or2_2)
                  0.03    0.10    0.49 ^ _0896_/X (sky130_fd_sc_hd__or2_2)
     1    0.00                           _0421_ (net)
                  0.03    0.00    0.49 ^ _0897_/A (sky130_fd_sc_hd__buf_1)
                  0.04    0.07    0.56 ^ _0897_/X (sky130_fd_sc_hd__buf_1)
     1    0.00                           _0073_ (net)
                  0.04    0.00    0.56 ^ _1095_/D (sky130_fd_sc_hd__dfrtp_2)
                                  0.56   data arrival time

                  0.15    0.00    0.00   clock clk (rise edge)
                          0.00    0.00   clock network delay (ideal)
                          0.25    0.25   clock uncertainty
                          0.00    0.25   clock reconvergence pessimism
                                  0.25 ^ _1095_/CLK (sky130_fd_sc_hd__dfrtp_2)
                         -0.02    0.23   library hold time
                                  0.23   data required time
-----------------------------------------------------------------------------
                                  0.23   data required time
                                 -0.56   data arrival time
-----------------------------------------------------------------------------
                                  0.33   slack (MET)


Startpoint: _1051_ (rising edge-triggered flip-flop clocked by clk)
Endpoint: _1051_ (rising edge-triggered flip-flop clocked by clk)
Path Group: clk
Path Type: min

Fanout     Cap    Slew   Delay    Time   Description
-----------------------------------------------------------------------------
                  0.15    0.00    0.00   clock clk (rise edge)
                          0.00    0.00   clock network delay (ideal)
                  0.15    0.00    0.00 ^ _1051_/CLK (sky130_fd_sc_hd__dfrtp_2)
                  0.05    0.36    0.36 ^ _1051_/Q (sky130_fd_sc_hd__dfrtp_2)
     2    0.00                           pulse_count[3] (net)
                  0.05    0.00    0.36 ^ _0778_/B1 (sky130_fd_sc_hd__o21a_2)
                  0.03    0.11    0.46 ^ _0778_/X (sky130_fd_sc_hd__o21a_2)
     1    0.00                           _0338_ (net)
                  0.03    0.00    0.46 ^ _0779_/A3 (sky130_fd_sc_hd__o31a_2)
                  0.03    0.10    0.56 ^ _0779_/X (sky130_fd_sc_hd__o31a_2)
     1    0.00                           _0038_ (net)
                  0.03    0.00    0.56 ^ _1051_/D (sky130_fd_sc_hd__dfrtp_2)
                                  0.56   data arrival time

                  0.15    0.00    0.00   clock clk (rise edge)
                          0.00    0.00   clock network delay (ideal)
                          0.25    0.25   clock uncertainty
                          0.00    0.25   clock reconvergence pessimism
                                  0.25 ^ _1051_/CLK (sky130_fd_sc_hd__dfrtp_2)
                         -0.02    0.23   library hold time
                                  0.23   data required time
-----------------------------------------------------------------------------
                                  0.23   data required time
                                 -0.56   data arrival time
-----------------------------------------------------------------------------
                                  0.33   slack (MET)


Startpoint: _1078_ (rising edge-triggered flip-flop clocked by clk)
Endpoint: _1078_ (rising edge-triggered flip-flop clocked by clk)
Path Group: clk
Path Type: min

Fanout     Cap    Slew   Delay    Time   Description
-----------------------------------------------------------------------------
                  0.15    0.00    0.00   clock clk (rise edge)
                          0.00    0.00   clock network delay (ideal)
                  0.15    0.00    0.00 ^ _1078_/CLK (sky130_fd_sc_hd__dfrtp_2)
                  0.06    0.37    0.37 ^ _1078_/Q (sky130_fd_sc_hd__dfrtp_2)
     3    0.01                           wifi_timeout[13] (net)
                  0.06    0.00    0.37 ^ _0855_/A1 (sky130_fd_sc_hd__mux2_2)
                  0.04    0.13    0.49 ^ _0855_/X (sky130_fd_sc_hd__mux2_2)
     1    0.00                           _0397_ (net)
                  0.04    0.00    0.49 ^ _0856_/A (sky130_fd_sc_hd__buf_1)
                  0.04    0.07    0.56 ^ _0856_/X (sky130_fd_sc_hd__buf_1)
     1    0.00                           _0056_ (net)
                  0.04    0.00    0.56 ^ _1078_/D (sky130_fd_sc_hd__dfrtp_2)
                                  0.56   data arrival time

                  0.15    0.00    0.00   clock clk (rise edge)
                          0.00    0.00   clock network delay (ideal)
                          0.25    0.25   clock uncertainty
                          0.00    0.25   clock reconvergence pessimism
                                  0.25 ^ _1078_/CLK (sky130_fd_sc_hd__dfrtp_2)
                         -0.02    0.23   library hold time
                                  0.23   data required time
-----------------------------------------------------------------------------
                                  0.23   data required time
                                 -0.56   data arrival time
-----------------------------------------------------------------------------
                                  0.33   slack (MET)


Startpoint: _1144_ (rising edge-triggered flip-flop clocked by clk)
Endpoint: _1144_ (rising edge-triggered flip-flop clocked by clk)
Path Group: clk
Path Type: min

Fanout     Cap    Slew   Delay    Time   Description
-----------------------------------------------------------------------------
                  0.15    0.00    0.00   clock clk (rise edge)
                          0.00    0.00   clock network delay (ideal)
                  0.15    0.00    0.00 ^ _1144_/CLK (sky130_fd_sc_hd__dfrtp_2)
                  0.06    0.37    0.37 ^ _1144_/Q (sky130_fd_sc_hd__dfrtp_2)
     3    0.01                           spi_cmd_r[3] (net)
                  0.06    0.00    0.37 ^ _0975_/A0 (sky130_fd_sc_hd__mux2_2)
                  0.04    0.13    0.49 ^ _0975_/X (sky130_fd_sc_hd__mux2_2)
     1    0.00                           _0470_ (net)
                  0.04    0.00    0.49 ^ _0976_/A (sky130_fd_sc_hd__buf_1)
                  0.04    0.07    0.56 ^ _0976_/X (sky130_fd_sc_hd__buf_1)
     1    0.00                           _0103_ (net)
                  0.04    0.00    0.56 ^ _1144_/D (sky130_fd_sc_hd__dfrtp_2)
                                  0.56   data arrival time

                  0.15    0.00    0.00   clock clk (rise edge)
                          0.00    0.00   clock network delay (ideal)
                          0.25    0.25   clock uncertainty
                          0.00    0.25   clock reconvergence pessimism
                                  0.25 ^ _1144_/CLK (sky130_fd_sc_hd__dfrtp_2)
                         -0.02    0.23   library hold time
                                  0.23   data required time
-----------------------------------------------------------------------------
                                  0.23   data required time
                                 -0.56   data arrival time
-----------------------------------------------------------------------------
                                  0.33   slack (MET)


Startpoint: _1143_ (rising edge-triggered flip-flop clocked by clk)
Endpoint: _1143_ (rising edge-triggered flip-flop clocked by clk)
Path Group: clk
Path Type: min

Fanout     Cap    Slew   Delay    Time   Description
-----------------------------------------------------------------------------
                  0.15    0.00    0.00   clock clk (rise edge)
                          0.00    0.00   clock network delay (ideal)
                  0.15    0.00    0.00 ^ _1143_/CLK (sky130_fd_sc_hd__dfrtp_2)
                  0.06    0.37    0.37 ^ _1143_/Q (sky130_fd_sc_hd__dfrtp_2)
     3    0.01                           spi_cmd_r[2] (net)
                  0.06    0.00    0.37 ^ _0973_/A0 (sky130_fd_sc_hd__mux2_2)
                  0.04    0.13    0.50 ^ _0973_/X (sky130_fd_sc_hd__mux2_2)
     1    0.00                           _0469_ (net)
                  0.04    0.00    0.50 ^ _0974_/A (sky130_fd_sc_hd__buf_1)
                  0.04    0.07    0.56 ^ _0974_/X (sky130_fd_sc_hd__buf_1)
     1    0.00                           _0102_ (net)
                  0.04    0.00    0.56 ^ _1143_/D (sky130_fd_sc_hd__dfrtp_2)
                                  0.56   data arrival time

                  0.15    0.00    0.00   clock clk (rise edge)
                          0.00    0.00   clock network delay (ideal)
                          0.25    0.25   clock uncertainty
                          0.00    0.25   clock reconvergence pessimism
                                  0.25 ^ _1143_/CLK (sky130_fd_sc_hd__dfrtp_2)
                         -0.02    0.23   library hold time
                                  0.23   data required time
-----------------------------------------------------------------------------
                                  0.23   data required time
                                 -0.56   data arrival time
-----------------------------------------------------------------------------
                                  0.33   slack (MET)


Startpoint: _1133_ (rising edge-triggered flip-flop clocked by clk)
Endpoint: _1133_ (rising edge-triggered flip-flop clocked by clk)
Path Group: clk
Path Type: min

Fanout     Cap    Slew   Delay    Time   Description
-----------------------------------------------------------------------------
                  0.15    0.00    0.00   clock clk (rise edge)
                          0.00    0.00   clock network delay (ideal)
                  0.15    0.00    0.00 ^ _1133_/CLK (sky130_fd_sc_hd__dfstp_2)
                  0.04    0.39    0.39 v _1133_/Q (sky130_fd_sc_hd__dfstp_2)
     2    0.01                           spi_crc[0] (net)
                  0.04    0.00    0.39 v _0938_/A1 (sky130_fd_sc_hd__o22a_2)
                  0.03    0.21    0.60 v _0938_/X (sky130_fd_sc_hd__o22a_2)
     1    0.00                           _0092_ (net)
                  0.03    0.00    0.60 v _1133_/D (sky130_fd_sc_hd__dfstp_2)
                                  0.60   data arrival time

                  0.15    0.00    0.00   clock clk (rise edge)
                          0.00    0.00   clock network delay (ideal)
                          0.25    0.25   clock uncertainty
                          0.00    0.25   clock reconvergence pessimism
                                  0.25 ^ _1133_/CLK (sky130_fd_sc_hd__dfstp_2)
                          0.02    0.27   library hold time
                                  0.27   data required time
-----------------------------------------------------------------------------
                                  0.27   data required time
                                 -0.60   data arrival time
-----------------------------------------------------------------------------
                                  0.33   slack (MET)


Startpoint: _1072_ (rising edge-triggered flip-flop clocked by clk)
Endpoint: _1072_ (rising edge-triggered flip-flop clocked by clk)
Path Group: clk
Path Type: min

Fanout     Cap    Slew   Delay    Time   Description
-----------------------------------------------------------------------------
                  0.15    0.00    0.00   clock clk (rise edge)
                          0.00    0.00   clock network delay (ideal)
                  0.15    0.00    0.00 ^ _1072_/CLK (sky130_fd_sc_hd__dfrtp_2)
                  0.06    0.37    0.37 ^ _1072_/Q (sky130_fd_sc_hd__dfrtp_2)
     3    0.01                           wifi_timeout[7] (net)
                  0.06    0.00    0.37 ^ _0827_/A1 (sky130_fd_sc_hd__mux2_2)
                  0.04    0.13    0.49 ^ _0827_/X (sky130_fd_sc_hd__mux2_2)
     1    0.00                           _0375_ (net)
                  0.04    0.00    0.49 ^ _0828_/A (sky130_fd_sc_hd__buf_1)
                  0.04    0.07    0.56 ^ _0828_/X (sky130_fd_sc_hd__buf_1)
     1    0.00                           _0050_ (net)
                  0.04    0.00    0.56 ^ _1072_/D (sky130_fd_sc_hd__dfrtp_2)
                                  0.56   data arrival time

                  0.15    0.00    0.00   clock clk (rise edge)
                          0.00    0.00   clock network delay (ideal)
                          0.25    0.25   clock uncertainty
                          0.00    0.25   clock reconvergence pessimism
                                  0.25 ^ _1072_/CLK (sky130_fd_sc_hd__dfrtp_2)
                         -0.02    0.23   library hold time
                                  0.23   data required time
-----------------------------------------------------------------------------
                                  0.23   data required time
                                 -0.56   data arrival time
-----------------------------------------------------------------------------
                                  0.33   slack (MET)


Startpoint: _1134_ (rising edge-triggered flip-flop clocked by clk)
Endpoint: _1134_ (rising edge-triggered flip-flop clocked by clk)
Path Group: clk
Path Type: min

Fanout     Cap    Slew   Delay    Time   Description
-----------------------------------------------------------------------------
                  0.15    0.00    0.00   clock clk (rise edge)
                          0.00    0.00   clock network delay (ideal)
                  0.15    0.00    0.00 ^ _1134_/CLK (sky130_fd_sc_hd__dfstp_2)
                  0.04    0.39    0.39 v _1134_/Q (sky130_fd_sc_hd__dfstp_2)
     2    0.01                           spi_crc[1] (net)
                  0.04    0.00    0.39 v _0942_/A1 (sky130_fd_sc_hd__o22a_2)
                  0.03    0.21    0.60 v _0942_/X (sky130_fd_sc_hd__o22a_2)
     1    0.00                           _0093_ (net)
                  0.03    0.00    0.60 v _1134_/D (sky130_fd_sc_hd__dfstp_2)
                                  0.60   data arrival time

                  0.15    0.00    0.00   clock clk (rise edge)
                          0.00    0.00   clock network delay (ideal)
                          0.25    0.25   clock uncertainty
                          0.00    0.25   clock reconvergence pessimism
                                  0.25 ^ _1134_/CLK (sky130_fd_sc_hd__dfstp_2)
                          0.02    0.27   library hold time
                                  0.27   data required time
-----------------------------------------------------------------------------
                                  0.27   data required time
                                 -0.60   data arrival time
-----------------------------------------------------------------------------
                                  0.33   slack (MET)


Startpoint: _1140_ (rising edge-triggered flip-flop clocked by clk)
Endpoint: _1140_ (rising edge-triggered flip-flop clocked by clk)
Path Group: clk
Path Type: min

Fanout     Cap    Slew   Delay    Time   Description
-----------------------------------------------------------------------------
                  0.15    0.00    0.00   clock clk (rise edge)
                          0.00    0.00   clock network delay (ideal)
                  0.15    0.00    0.00 ^ _1140_/CLK (sky130_fd_sc_hd__dfstp_2)
                  0.04    0.39    0.39 v _1140_/Q (sky130_fd_sc_hd__dfstp_2)
     2    0.01                           spi_crc[7] (net)
                  0.04    0.00    0.39 v _0967_/A1 (sky130_fd_sc_hd__o22a_2)
                  0.03    0.21    0.60 v _0967_/X (sky130_fd_sc_hd__o22a_2)
     1    0.00                           _0099_ (net)
                  0.03    0.00    0.60 v _1140_/D (sky130_fd_sc_hd__dfstp_2)
                                  0.60   data arrival time

                  0.15    0.00    0.00   clock clk (rise edge)
                          0.00    0.00   clock network delay (ideal)
                          0.25    0.25   clock uncertainty
                          0.00    0.25   clock reconvergence pessimism
                                  0.25 ^ _1140_/CLK (sky130_fd_sc_hd__dfstp_2)
                          0.02    0.27   library hold time
                                  0.27   data required time
-----------------------------------------------------------------------------
                                  0.27   data required time
                                 -0.60   data arrival time
-----------------------------------------------------------------------------
                                  0.33   slack (MET)


Startpoint: _1137_ (rising edge-triggered flip-flop clocked by clk)
Endpoint: _1137_ (rising edge-triggered flip-flop clocked by clk)
Path Group: clk
Path Type: min

Fanout     Cap    Slew   Delay    Time   Description
-----------------------------------------------------------------------------
                  0.15    0.00    0.00   clock clk (rise edge)
                          0.00    0.00   clock network delay (ideal)
                  0.15    0.00    0.00 ^ _1137_/CLK (sky130_fd_sc_hd__dfstp_2)
                  0.04    0.39    0.39 v _1137_/Q (sky130_fd_sc_hd__dfstp_2)
     2    0.01                           spi_crc[4] (net)
                  0.04    0.00    0.39 v _0956_/A1 (sky130_fd_sc_hd__o22a_2)
                  0.03    0.21    0.60 v _0956_/X (sky130_fd_sc_hd__o22a_2)
     1    0.00                           _0096_ (net)
                  0.03    0.00    0.60 v _1137_/D (sky130_fd_sc_hd__dfstp_2)
                                  0.60   data arrival time

                  0.15    0.00    0.00   clock clk (rise edge)
                          0.00    0.00   clock network delay (ideal)
                          0.25    0.25   clock uncertainty
                          0.00    0.25   clock reconvergence pessimism
                                  0.25 ^ _1137_/CLK (sky130_fd_sc_hd__dfstp_2)
                          0.02    0.27   library hold time
                                  0.27   data required time
-----------------------------------------------------------------------------
                                  0.27   data required time
                                 -0.60   data arrival time
-----------------------------------------------------------------------------
                                  0.33   slack (MET)


Startpoint: _1076_ (rising edge-triggered flip-flop clocked by clk)
Endpoint: _1076_ (rising edge-triggered flip-flop clocked by clk)
Path Group: clk
Path Type: min

Fanout     Cap    Slew   Delay    Time   Description
-----------------------------------------------------------------------------
                  0.15    0.00    0.00   clock clk (rise edge)
                          0.00    0.00   clock network delay (ideal)
                  0.15    0.00    0.00 ^ _1076_/CLK (sky130_fd_sc_hd__dfrtp_2)
                  0.06    0.37    0.37 ^ _1076_/Q (sky130_fd_sc_hd__dfrtp_2)
     3    0.01                           wifi_timeout[11] (net)
                  0.06    0.00    0.37 ^ _0846_/A1 (sky130_fd_sc_hd__mux2_2)
                  0.04    0.13    0.50 ^ _0846_/X (sky130_fd_sc_hd__mux2_2)
     1    0.00                           _0390_ (net)
                  0.04    0.00    0.50 ^ _0847_/A (sky130_fd_sc_hd__buf_1)
                  0.04    0.07    0.57 ^ _0847_/X (sky130_fd_sc_hd__buf_1)
     1    0.00                           _0054_ (net)
                  0.04    0.00    0.57 ^ _1076_/D (sky130_fd_sc_hd__dfrtp_2)
                                  0.57   data arrival time

                  0.15    0.00    0.00   clock clk (rise edge)
                          0.00    0.00   clock network delay (ideal)
                          0.25    0.25   clock uncertainty
                          0.00    0.25   clock reconvergence pessimism
                                  0.25 ^ _1076_/CLK (sky130_fd_sc_hd__dfrtp_2)
                         -0.02    0.23   library hold time
                                  0.23   data required time
-----------------------------------------------------------------------------
                                  0.23   data required time
                                 -0.57   data arrival time
-----------------------------------------------------------------------------
                                  0.34   slack (MET)


Startpoint: _1167_ (rising edge-triggered flip-flop clocked by clk)
Endpoint: _1167_ (rising edge-triggered flip-flop clocked by clk)
Path Group: clk
Path Type: min

Fanout     Cap    Slew   Delay    Time   Description
-----------------------------------------------------------------------------
                  0.15    0.00    0.00   clock clk (rise edge)
                          0.00    0.00   clock network delay (ideal)
                  0.15    0.00    0.00 ^ _1167_/CLK (sky130_fd_sc_hd__dfrtp_2)
                  0.06    0.37    0.37 ^ _1167_/Q (sky130_fd_sc_hd__dfrtp_2)
     2    0.01                           spi_tag_r[7] (net)
                  0.06    0.00    0.37 ^ _1024_/A0 (sky130_fd_sc_hd__mux2_2)
                  0.04    0.13    0.50 ^ _1024_/X (sky130_fd_sc_hd__mux2_2)
     1    0.00                           _0496_ (net)
                  0.04    0.00    0.50 ^ _1025_/A (sky130_fd_sc_hd__buf_1)
                  0.04    0.07    0.57 ^ _1025_/X (sky130_fd_sc_hd__buf_1)
     1    0.00                           _0126_ (net)
                  0.04    0.00    0.57 ^ _1167_/D (sky130_fd_sc_hd__dfrtp_2)
                                  0.57   data arrival time

                  0.15    0.00    0.00   clock clk (rise edge)
                          0.00    0.00   clock network delay (ideal)
                          0.25    0.25   clock uncertainty
                          0.00    0.25   clock reconvergence pessimism
                                  0.25 ^ _1167_/CLK (sky130_fd_sc_hd__dfrtp_2)
                         -0.02    0.23   library hold time
                                  0.23   data required time
-----------------------------------------------------------------------------
                                  0.23   data required time
                                 -0.57   data arrival time
-----------------------------------------------------------------------------
                                  0.34   slack (MET)


Startpoint: _1141_ (rising edge-triggered flip-flop clocked by clk)
Endpoint: _1141_ (rising edge-triggered flip-flop clocked by clk)
Path Group: clk
Path Type: min

Fanout     Cap    Slew   Delay    Time   Description
-----------------------------------------------------------------------------
                  0.15    0.00    0.00   clock clk (rise edge)
                          0.00    0.00   clock network delay (ideal)
                  0.15    0.00    0.00 ^ _1141_/CLK (sky130_fd_sc_hd__dfrtp_2)
                  0.06    0.37    0.37 ^ _1141_/Q (sky130_fd_sc_hd__dfrtp_2)
     3    0.01                           spi_cmd_r[0] (net)
                  0.06    0.00    0.37 ^ _0969_/A0 (sky130_fd_sc_hd__mux2_2)
                  0.04    0.13    0.50 ^ _0969_/X (sky130_fd_sc_hd__mux2_2)
     1    0.00                           _0467_ (net)
                  0.04    0.00    0.50 ^ _0970_/A (sky130_fd_sc_hd__buf_1)
                  0.04    0.07    0.57 ^ _0970_/X (sky130_fd_sc_hd__buf_1)
     1    0.00                           _0100_ (net)
                  0.04    0.00    0.57 ^ _1141_/D (sky130_fd_sc_hd__dfrtp_2)
                                  0.57   data arrival time

                  0.15    0.00    0.00   clock clk (rise edge)
                          0.00    0.00   clock network delay (ideal)
                          0.25    0.25   clock uncertainty
                          0.00    0.25   clock reconvergence pessimism
                                  0.25 ^ _1141_/CLK (sky130_fd_sc_hd__dfrtp_2)
                         -0.02    0.23   library hold time
                                  0.23   data required time
-----------------------------------------------------------------------------
                                  0.23   data required time
                                 -0.57   data arrival time
-----------------------------------------------------------------------------
                                  0.34   slack (MET)


Startpoint: _1154_ (rising edge-triggered flip-flop clocked by clk)
Endpoint: _1089_ (rising edge-triggered flip-flop clocked by clk)
Path Group: clk
Path Type: min

Fanout     Cap    Slew   Delay    Time   Description
-----------------------------------------------------------------------------
                  0.15    0.00    0.00   clock clk (rise edge)
                          0.00    0.00   clock network delay (ideal)
                  0.15    0.00    0.00 ^ _1154_/CLK (sky130_fd_sc_hd__dfrtp_2)
                  0.06    0.37    0.37 ^ _1154_/Q (sky130_fd_sc_hd__dfrtp_2)
     4    0.01                           spi_seq_r[2] (net)
                  0.06    0.00    0.37 ^ _0884_/A1 (sky130_fd_sc_hd__mux2_2)
                  0.04    0.13    0.50 ^ _0884_/X (sky130_fd_sc_hd__mux2_2)
     1    0.00                           _0415_ (net)
                  0.04    0.00    0.50 ^ _0885_/A (sky130_fd_sc_hd__buf_1)
                  0.04    0.07    0.57 ^ _0885_/X (sky130_fd_sc_hd__buf_1)
     1    0.00                           _0067_ (net)
                  0.04    0.00    0.57 ^ _1089_/D (sky130_fd_sc_hd__dfrtp_2)
                                  0.57   data arrival time

                  0.15    0.00    0.00   clock clk (rise edge)
                          0.00    0.00   clock network delay (ideal)
                          0.25    0.25   clock uncertainty
                          0.00    0.25   clock reconvergence pessimism
                                  0.25 ^ _1089_/CLK (sky130_fd_sc_hd__dfrtp_2)
                         -0.02    0.23   library hold time
                                  0.23   data required time
-----------------------------------------------------------------------------
                                  0.23   data required time
                                 -0.57   data arrival time
-----------------------------------------------------------------------------
                                  0.34   slack (MET)


Startpoint: _1142_ (rising edge-triggered flip-flop clocked by clk)
Endpoint: _1142_ (rising edge-triggered flip-flop clocked by clk)
Path Group: clk
Path Type: min

Fanout     Cap    Slew   Delay    Time   Description
-----------------------------------------------------------------------------
                  0.15    0.00    0.00   clock clk (rise edge)
                          0.00    0.00   clock network delay (ideal)
                  0.15    0.00    0.00 ^ _1142_/CLK (sky130_fd_sc_hd__dfrtp_2)
                  0.06    0.37    0.37 ^ _1142_/Q (sky130_fd_sc_hd__dfrtp_2)
     3    0.01                           spi_cmd_r[1] (net)
                  0.06    0.00    0.37 ^ _0971_/A0 (sky130_fd_sc_hd__mux2_2)
                  0.04    0.13    0.50 ^ _0971_/X (sky130_fd_sc_hd__mux2_2)
     1    0.00                           _0468_ (net)
                  0.04    0.00    0.50 ^ _0972_/A (sky130_fd_sc_hd__buf_1)
                  0.04    0.07    0.57 ^ _0972_/X (sky130_fd_sc_hd__buf_1)
     1    0.00                           _0101_ (net)
                  0.04    0.00    0.57 ^ _1142_/D (sky130_fd_sc_hd__dfrtp_2)
                                  0.57   data arrival time

                  0.15    0.00    0.00   clock clk (rise edge)
                          0.00    0.00   clock network delay (ideal)
                          0.25    0.25   clock uncertainty
                          0.00    0.25   clock reconvergence pessimism
                                  0.25 ^ _1142_/CLK (sky130_fd_sc_hd__dfrtp_2)
                         -0.02    0.23   library hold time
                                  0.23   data required time
-----------------------------------------------------------------------------
                                  0.23   data required time
                                 -0.57   data arrival time
-----------------------------------------------------------------------------
                                  0.34   slack (MET)


Startpoint: _1074_ (rising edge-triggered flip-flop clocked by clk)
Endpoint: _1074_ (rising edge-triggered flip-flop clocked by clk)
Path Group: clk
Path Type: min

Fanout     Cap    Slew   Delay    Time   Description
-----------------------------------------------------------------------------
                  0.15    0.00    0.00   clock clk (rise edge)
                          0.00    0.00   clock network delay (ideal)
                  0.15    0.00    0.00 ^ _1074_/CLK (sky130_fd_sc_hd__dfrtp_2)
                  0.06    0.37    0.37 ^ _1074_/Q (sky130_fd_sc_hd__dfrtp_2)
     4    0.01                           wifi_timeout[9] (net)
                  0.06    0.00    0.37 ^ _0837_/A1 (sky130_fd_sc_hd__mux2_2)
                  0.04    0.13    0.50 ^ _0837_/X (sky130_fd_sc_hd__mux2_2)
     1    0.00                           _0383_ (net)
                  0.04    0.00    0.50 ^ _0838_/A (sky130_fd_sc_hd__buf_1)
                  0.04    0.07    0.57 ^ _0838_/X (sky130_fd_sc_hd__buf_1)
     1    0.00                           _0052_ (net)
                  0.04    0.00    0.57 ^ _1074_/D (sky130_fd_sc_hd__dfrtp_2)
                                  0.57   data arrival time

                  0.15    0.00    0.00   clock clk (rise edge)
                          0.00    0.00   clock network delay (ideal)
                          0.25    0.25   clock uncertainty
                          0.00    0.25   clock reconvergence pessimism
                                  0.25 ^ _1074_/CLK (sky130_fd_sc_hd__dfrtp_2)
                         -0.02    0.23   library hold time
                                  0.23   data required time
-----------------------------------------------------------------------------
                                  0.23   data required time
                                 -0.57   data arrival time
-----------------------------------------------------------------------------
                                  0.34   slack (MET)


Startpoint: _1154_ (rising edge-triggered flip-flop clocked by clk)
Endpoint: _1154_ (rising edge-triggered flip-flop clocked by clk)
Path Group: clk
Path Type: min

Fanout     Cap    Slew   Delay    Time   Description
-----------------------------------------------------------------------------
                  0.15    0.00    0.00   clock clk (rise edge)
                          0.00    0.00   clock network delay (ideal)
                  0.15    0.00    0.00 ^ _1154_/CLK (sky130_fd_sc_hd__dfrtp_2)
                  0.06    0.37    0.37 ^ _1154_/Q (sky130_fd_sc_hd__dfrtp_2)
     4    0.01                           spi_seq_r[2] (net)
                  0.06    0.00    0.37 ^ _0998_/A0 (sky130_fd_sc_hd__mux2_2)
                  0.04    0.13    0.50 ^ _0998_/X (sky130_fd_sc_hd__mux2_2)
     1    0.00                           _0483_ (net)
                  0.04    0.00    0.50 ^ _0999_/A (sky130_fd_sc_hd__buf_1)
                  0.04    0.07    0.57 ^ _0999_/X (sky130_fd_sc_hd__buf_1)
     1    0.00                           _0113_ (net)
                  0.04    0.00    0.57 ^ _1154_/D (sky130_fd_sc_hd__dfrtp_2)
                                  0.57   data arrival time

                  0.15    0.00    0.00   clock clk (rise edge)
                          0.00    0.00   clock network delay (ideal)
                          0.25    0.25   clock uncertainty
                          0.00    0.25   clock reconvergence pessimism
                                  0.25 ^ _1154_/CLK (sky130_fd_sc_hd__dfrtp_2)
                         -0.02    0.23   library hold time
                                  0.23   data required time
-----------------------------------------------------------------------------
                                  0.23   data required time
                                 -0.57   data arrival time
-----------------------------------------------------------------------------
                                  0.34   slack (MET)


Startpoint: _1153_ (rising edge-triggered flip-flop clocked by clk)
Endpoint: _1153_ (rising edge-triggered flip-flop clocked by clk)
Path Group: clk
Path Type: min

Fanout     Cap    Slew   Delay    Time   Description
-----------------------------------------------------------------------------
                  0.15    0.00    0.00   clock clk (rise edge)
                          0.00    0.00   clock network delay (ideal)
                  0.15    0.00    0.00 ^ _1153_/CLK (sky130_fd_sc_hd__dfrtp_2)
                  0.06    0.37    0.37 ^ _1153_/Q (sky130_fd_sc_hd__dfrtp_2)
     4    0.01                           spi_seq_r[1] (net)
                  0.06    0.00    0.37 ^ _0996_/A0 (sky130_fd_sc_hd__mux2_2)
                  0.04    0.13    0.50 ^ _0996_/X (sky130_fd_sc_hd__mux2_2)
     1    0.00                           _0482_ (net)
                  0.04    0.00    0.50 ^ _0997_/A (sky130_fd_sc_hd__buf_1)
                  0.04    0.07    0.57 ^ _0997_/X (sky130_fd_sc_hd__buf_1)
     1    0.00                           _0112_ (net)
                  0.04    0.00    0.57 ^ _1153_/D (sky130_fd_sc_hd__dfrtp_2)
                                  0.57   data arrival time

                  0.15    0.00    0.00   clock clk (rise edge)
                          0.00    0.00   clock network delay (ideal)
                          0.25    0.25   clock uncertainty
                          0.00    0.25   clock reconvergence pessimism
                                  0.25 ^ _1153_/CLK (sky130_fd_sc_hd__dfrtp_2)
                         -0.02    0.23   library hold time
                                  0.23   data required time
-----------------------------------------------------------------------------
                                  0.23   data required time
                                 -0.57   data arrival time
-----------------------------------------------------------------------------
                                  0.34   slack (MET)


Startpoint: _1153_ (rising edge-triggered flip-flop clocked by clk)
Endpoint: _1088_ (rising edge-triggered flip-flop clocked by clk)
Path Group: clk
Path Type: min

Fanout     Cap    Slew   Delay    Time   Description
-----------------------------------------------------------------------------
                  0.15    0.00    0.00   clock clk (rise edge)
                          0.00    0.00   clock network delay (ideal)
                  0.15    0.00    0.00 ^ _1153_/CLK (sky130_fd_sc_hd__dfrtp_2)
                  0.06    0.37    0.37 ^ _1153_/Q (sky130_fd_sc_hd__dfrtp_2)
     4    0.01                           spi_seq_r[1] (net)
                  0.06    0.00    0.37 ^ _0882_/A1 (sky130_fd_sc_hd__mux2_2)
                  0.04    0.13    0.50 ^ _0882_/X (sky130_fd_sc_hd__mux2_2)
     1    0.00                           _0414_ (net)
                  0.04    0.00    0.50 ^ _0883_/A (sky130_fd_sc_hd__buf_1)
                  0.04    0.07    0.57 ^ _0883_/X (sky130_fd_sc_hd__buf_1)
     1    0.00                           _0066_ (net)
                  0.04    0.00    0.57 ^ _1088_/D (sky130_fd_sc_hd__dfrtp_2)
                                  0.57   data arrival time

                  0.15    0.00    0.00   clock clk (rise edge)
                          0.00    0.00   clock network delay (ideal)
                          0.25    0.25   clock uncertainty
                          0.00    0.25   clock reconvergence pessimism
                                  0.25 ^ _1088_/CLK (sky130_fd_sc_hd__dfrtp_2)
                         -0.02    0.23   library hold time
                                  0.23   data required time
-----------------------------------------------------------------------------
                                  0.23   data required time
                                 -0.57   data arrival time
-----------------------------------------------------------------------------
                                  0.34   slack (MET)


Startpoint: _1077_ (rising edge-triggered flip-flop clocked by clk)
Endpoint: _1077_ (rising edge-triggered flip-flop clocked by clk)
Path Group: clk
Path Type: min

Fanout     Cap    Slew   Delay    Time   Description
-----------------------------------------------------------------------------
                  0.15    0.00    0.00   clock clk (rise edge)
                          0.00    0.00   clock network delay (ideal)
                  0.15    0.00    0.00 ^ _1077_/CLK (sky130_fd_sc_hd__dfrtp_2)
                  0.06    0.38    0.38 ^ _1077_/Q (sky130_fd_sc_hd__dfrtp_2)
     4    0.01                           wifi_timeout[12] (net)
                  0.06    0.00    0.38 ^ _0851_/A1 (sky130_fd_sc_hd__mux2_2)
                  0.04    0.13    0.50 ^ _0851_/X (sky130_fd_sc_hd__mux2_2)
     1    0.00                           _0394_ (net)
                  0.04    0.00    0.50 ^ _0852_/A (sky130_fd_sc_hd__buf_1)
                  0.04    0.07    0.57 ^ _0852_/X (sky130_fd_sc_hd__buf_1)
     1    0.00                           _0055_ (net)
                  0.04    0.00    0.57 ^ _1077_/D (sky130_fd_sc_hd__dfrtp_2)
                                  0.57   data arrival time

                  0.15    0.00    0.00   clock clk (rise edge)
                          0.00    0.00   clock network delay (ideal)
                          0.25    0.25   clock uncertainty
                          0.00    0.25   clock reconvergence pessimism
                                  0.25 ^ _1077_/CLK (sky130_fd_sc_hd__dfrtp_2)
                         -0.02    0.23   library hold time
                                  0.23   data required time
-----------------------------------------------------------------------------
                                  0.23   data required time
                                 -0.57   data arrival time
-----------------------------------------------------------------------------
                                  0.34   slack (MET)


Startpoint: _1086_ (rising edge-triggered flip-flop clocked by clk)
Endpoint: _1086_ (rising edge-triggered flip-flop clocked by clk)
Path Group: clk
Path Type: min

Fanout     Cap    Slew   Delay    Time   Description
-----------------------------------------------------------------------------
                  0.15    0.00    0.00   clock clk (rise edge)
                          0.00    0.00   clock network delay (ideal)
                  0.15    0.00    0.00 ^ _1086_/CLK (sky130_fd_sc_hd__dfrtp_2)
                  0.06    0.38    0.38 ^ _1086_/Q (sky130_fd_sc_hd__dfrtp_2)
     3    0.01                           ctrl_pulse_mode (net)
                  0.06    0.00    0.38 ^ _0878_/A0 (sky130_fd_sc_hd__mux2_2)
                  0.04    0.13    0.51 ^ _0878_/X (sky130_fd_sc_hd__mux2_2)
     1    0.00                           _0412_ (net)
                  0.04    0.00    0.51 ^ _0879_/A (sky130_fd_sc_hd__buf_1)
                  0.04    0.07    0.57 ^ _0879_/X (sky130_fd_sc_hd__buf_1)
     1    0.00                           _0064_ (net)
                  0.04    0.00    0.57 ^ _1086_/D (sky130_fd_sc_hd__dfrtp_2)
                                  0.57   data arrival time

                  0.15    0.00    0.00   clock clk (rise edge)
                          0.00    0.00   clock network delay (ideal)
                          0.25    0.25   clock uncertainty
                          0.00    0.25   clock reconvergence pessimism
                                  0.25 ^ _1086_/CLK (sky130_fd_sc_hd__dfrtp_2)
                         -0.02    0.23   library hold time
                                  0.23   data required time
-----------------------------------------------------------------------------
                                  0.23   data required time
                                 -0.57   data arrival time
-----------------------------------------------------------------------------
                                  0.34   slack (MET)


Startpoint: _1068_ (rising edge-triggered flip-flop clocked by clk)
Endpoint: _1068_ (rising edge-triggered flip-flop clocked by clk)
Path Group: clk
Path Type: min

Fanout     Cap    Slew   Delay    Time   Description
-----------------------------------------------------------------------------
                  0.15    0.00    0.00   clock clk (rise edge)
                          0.00    0.00   clock network delay (ideal)
                  0.15    0.00    0.00 ^ _1068_/CLK (sky130_fd_sc_hd__dfrtp_2)
                  0.06    0.38    0.38 ^ _1068_/Q (sky130_fd_sc_hd__dfrtp_2)
     3    0.01                           wifi_timeout[3] (net)
                  0.06    0.00    0.38 ^ _0808_/A1 (sky130_fd_sc_hd__mux2_2)
                  0.04    0.13    0.51 ^ _0808_/X (sky130_fd_sc_hd__mux2_2)
     1    0.00                           _0360_ (net)
                  0.04    0.00    0.51 ^ _0809_/A (sky130_fd_sc_hd__buf_1)
                  0.04    0.07    0.58 ^ _0809_/X (sky130_fd_sc_hd__buf_1)
     1    0.00                           _0046_ (net)
                  0.04    0.00    0.58 ^ _1068_/D (sky130_fd_sc_hd__dfrtp_2)
                                  0.58   data arrival time

                  0.15    0.00    0.00   clock clk (rise edge)
                          0.00    0.00   clock network delay (ideal)
                          0.25    0.25   clock uncertainty
                          0.00    0.25   clock reconvergence pessimism
                                  0.25 ^ _1068_/CLK (sky130_fd_sc_hd__dfrtp_2)
                         -0.02    0.23   library hold time
                                  0.23   data required time
-----------------------------------------------------------------------------
                                  0.23   data required time
                                 -0.58   data arrival time
-----------------------------------------------------------------------------
                                  0.35   slack (MET)


Startpoint: _1152_ (rising edge-triggered flip-flop clocked by clk)
Endpoint: _1087_ (rising edge-triggered flip-flop clocked by clk)
Path Group: clk
Path Type: min

Fanout     Cap    Slew   Delay    Time   Description
-----------------------------------------------------------------------------
                  0.15    0.00    0.00   clock clk (rise edge)
                          0.00    0.00   clock network delay (ideal)
                  0.15    0.00    0.00 ^ _1152_/CLK (sky130_fd_sc_hd__dfrtp_2)
                  0.07    0.38    0.38 ^ _1152_/Q (sky130_fd_sc_hd__dfrtp_2)
     3    0.01                           spi_seq_r[0] (net)
                  0.07    0.00    0.38 ^ _0880_/A1 (sky130_fd_sc_hd__mux2_2)
                  0.04    0.13    0.51 ^ _0880_/X (sky130_fd_sc_hd__mux2_2)
     1    0.00                           _0413_ (net)
                  0.04    0.00    0.51 ^ _0881_/A (sky130_fd_sc_hd__buf_1)
                  0.04    0.07    0.58 ^ _0881_/X (sky130_fd_sc_hd__buf_1)
     1    0.00                           _0065_ (net)
                  0.04    0.00    0.58 ^ _1087_/D (sky130_fd_sc_hd__dfrtp_2)
                                  0.58   data arrival time

                  0.15    0.00    0.00   clock clk (rise edge)
                          0.00    0.00   clock network delay (ideal)
                          0.25    0.25   clock uncertainty
                          0.00    0.25   clock reconvergence pessimism
                                  0.25 ^ _1087_/CLK (sky130_fd_sc_hd__dfrtp_2)
                         -0.02    0.23   library hold time
                                  0.23   data required time
-----------------------------------------------------------------------------
                                  0.23   data required time
                                 -0.58   data arrival time
-----------------------------------------------------------------------------
                                  0.35   slack (MET)


Startpoint: _1152_ (rising edge-triggered flip-flop clocked by clk)
Endpoint: _1152_ (rising edge-triggered flip-flop clocked by clk)
Path Group: clk
Path Type: min

Fanout     Cap    Slew   Delay    Time   Description
-----------------------------------------------------------------------------
                  0.15    0.00    0.00   clock clk (rise edge)
                          0.00    0.00   clock network delay (ideal)
                  0.15    0.00    0.00 ^ _1152_/CLK (sky130_fd_sc_hd__dfrtp_2)
                  0.07    0.38    0.38 ^ _1152_/Q (sky130_fd_sc_hd__dfrtp_2)
     3    0.01                           spi_seq_r[0] (net)
                  0.07    0.00    0.38 ^ _0994_/A0 (sky130_fd_sc_hd__mux2_2)
                  0.04    0.13    0.51 ^ _0994_/X (sky130_fd_sc_hd__mux2_2)
     1    0.00                           _0481_ (net)
                  0.04    0.00    0.51 ^ _0995_/A (sky130_fd_sc_hd__buf_1)
                  0.04    0.07    0.58 ^ _0995_/X (sky130_fd_sc_hd__buf_1)
     1    0.00                           _0111_ (net)
                  0.04    0.00    0.58 ^ _1152_/D (sky130_fd_sc_hd__dfrtp_2)
                                  0.58   data arrival time

                  0.15    0.00    0.00   clock clk (rise edge)
                          0.00    0.00   clock network delay (ideal)
                          0.25    0.25   clock uncertainty
                          0.00    0.25   clock reconvergence pessimism
                                  0.25 ^ _1152_/CLK (sky130_fd_sc_hd__dfrtp_2)
                         -0.02    0.23   library hold time
                                  0.23   data required time
-----------------------------------------------------------------------------
                                  0.23   data required time
                                 -0.58   data arrival time
-----------------------------------------------------------------------------
                                  0.35   slack (MET)


Startpoint: _1103_ (rising edge-triggered flip-flop clocked by clk)
Endpoint: _1103_ (rising edge-triggered flip-flop clocked by clk)
Path Group: clk
Path Type: min

Fanout     Cap    Slew   Delay    Time   Description
-----------------------------------------------------------------------------
                  0.15    0.00    0.00   clock clk (rise edge)
                          0.00    0.00   clock network delay (ideal)
                  0.15    0.00    0.00 ^ _1103_/CLK (sky130_fd_sc_hd__dfrtp_2)
                  0.05    0.36    0.36 ^ _1103_/Q (sky130_fd_sc_hd__dfrtp_2)
     2    0.00                           spi_lockout_timer[2] (net)
                  0.05    0.00    0.36 ^ _0698_/B1 (sky130_fd_sc_hd__o31a_2)
                  0.03    0.12    0.47 ^ _0698_/X (sky130_fd_sc_hd__o31a_2)
     1    0.00                           _0283_ (net)
                  0.03    0.00    0.47 ^ _0701_/A1 (sky130_fd_sc_hd__o21a_2)
                  0.03    0.11    0.58 ^ _0701_/X (sky130_fd_sc_hd__o21a_2)
     1    0.00                           _0012_ (net)
                  0.03    0.00    0.58 ^ _1103_/D (sky130_fd_sc_hd__dfrtp_2)
                                  0.58   data arrival time

                  0.15    0.00    0.00   clock clk (rise edge)
                          0.00    0.00   clock network delay (ideal)
                          0.25    0.25   clock uncertainty
                          0.00    0.25   clock reconvergence pessimism
                                  0.25 ^ _1103_/CLK (sky130_fd_sc_hd__dfrtp_2)
                         -0.02    0.23   library hold time
                                  0.23   data required time
-----------------------------------------------------------------------------
                                  0.23   data required time
                                 -0.58   data arrival time
-----------------------------------------------------------------------------
                                  0.35   slack (MET)


Startpoint: _1155_ (rising edge-triggered flip-flop clocked by clk)
Endpoint: _1090_ (rising edge-triggered flip-flop clocked by clk)
Path Group: clk
Path Type: min

Fanout     Cap    Slew   Delay    Time   Description
-----------------------------------------------------------------------------
                  0.15    0.00    0.00   clock clk (rise edge)
                          0.00    0.00   clock network delay (ideal)
                  0.15    0.00    0.00 ^ _1155_/CLK (sky130_fd_sc_hd__dfrtp_2)
                  0.07    0.38    0.38 ^ _1155_/Q (sky130_fd_sc_hd__dfrtp_2)
     3    0.01                           spi_seq_r[3] (net)
                  0.07    0.00    0.38 ^ _0886_/A1 (sky130_fd_sc_hd__mux2_2)
                  0.04    0.13    0.51 ^ _0886_/X (sky130_fd_sc_hd__mux2_2)
     1    0.00                           _0416_ (net)
                  0.04    0.00    0.51 ^ _0887_/A (sky130_fd_sc_hd__buf_1)
                  0.04    0.07    0.58 ^ _0887_/X (sky130_fd_sc_hd__buf_1)
     1    0.00                           _0068_ (net)
                  0.04    0.00    0.58 ^ _1090_/D (sky130_fd_sc_hd__dfrtp_2)
                                  0.58   data arrival time

                  0.15    0.00    0.00   clock clk (rise edge)
                          0.00    0.00   clock network delay (ideal)
                          0.25    0.25   clock uncertainty
                          0.00    0.25   clock reconvergence pessimism
                                  0.25 ^ _1090_/CLK (sky130_fd_sc_hd__dfrtp_2)
                         -0.02    0.23   library hold time
                                  0.23   data required time
-----------------------------------------------------------------------------
                                  0.23   data required time
                                 -0.58   data arrival time
-----------------------------------------------------------------------------
                                  0.35   slack (MET)


Startpoint: _1155_ (rising edge-triggered flip-flop clocked by clk)
Endpoint: _1155_ (rising edge-triggered flip-flop clocked by clk)
Path Group: clk
Path Type: min

Fanout     Cap    Slew   Delay    Time   Description
-----------------------------------------------------------------------------
                  0.15    0.00    0.00   clock clk (rise edge)
                          0.00    0.00   clock network delay (ideal)
                  0.15    0.00    0.00 ^ _1155_/CLK (sky130_fd_sc_hd__dfrtp_2)
                  0.07    0.38    0.38 ^ _1155_/Q (sky130_fd_sc_hd__dfrtp_2)
     3    0.01                           spi_seq_r[3] (net)
                  0.07    0.00    0.38 ^ _1000_/A0 (sky130_fd_sc_hd__mux2_2)
                  0.04    0.13    0.51 ^ _1000_/X (sky130_fd_sc_hd__mux2_2)
     1    0.00                           _0484_ (net)
                  0.04    0.00    0.51 ^ _1001_/A (sky130_fd_sc_hd__buf_1)
                  0.04    0.07    0.58 ^ _1001_/X (sky130_fd_sc_hd__buf_1)
     1    0.00                           _0114_ (net)
                  0.04    0.00    0.58 ^ _1155_/D (sky130_fd_sc_hd__dfrtp_2)
                                  0.58   data arrival time

                  0.15    0.00    0.00   clock clk (rise edge)
                          0.00    0.00   clock network delay (ideal)
                          0.25    0.25   clock uncertainty
                          0.00    0.25   clock reconvergence pessimism
                                  0.25 ^ _1155_/CLK (sky130_fd_sc_hd__dfrtp_2)
                         -0.02    0.23   library hold time
                                  0.23   data required time
-----------------------------------------------------------------------------
                                  0.23   data required time
                                 -0.58   data arrival time
-----------------------------------------------------------------------------
                                  0.35   slack (MET)


Startpoint: _1083_ (rising edge-triggered flip-flop clocked by clk)
Endpoint: _1083_ (rising edge-triggered flip-flop clocked by clk)
Path Group: clk
Path Type: min

Fanout     Cap    Slew   Delay    Time   Description
-----------------------------------------------------------------------------
                  0.15    0.00    0.00   clock clk (rise edge)
                          0.00    0.00   clock network delay (ideal)
                  0.15    0.00    0.00 ^ _1083_/CLK (sky130_fd_sc_hd__dfrtp_2)
                  0.07    0.38    0.38 ^ _1083_/Q (sky130_fd_sc_hd__dfrtp_2)
     3    0.01                           threshold_reg[2] (net)
                  0.07    0.00    0.38 ^ _0872_/A1 (sky130_fd_sc_hd__mux2_2)
                  0.03    0.13    0.51 ^ _0872_/X (sky130_fd_sc_hd__mux2_2)
     1    0.00                           _0409_ (net)
                  0.03    0.00    0.51 ^ _0873_/A (sky130_fd_sc_hd__buf_1)
                  0.04    0.07    0.58 ^ _0873_/X (sky130_fd_sc_hd__buf_1)
     1    0.00                           _0061_ (net)
                  0.04    0.00    0.58 ^ _1083_/D (sky130_fd_sc_hd__dfrtp_2)
                                  0.58   data arrival time

                  0.15    0.00    0.00   clock clk (rise edge)
                          0.00    0.00   clock network delay (ideal)
                          0.25    0.25   clock uncertainty
                          0.00    0.25   clock reconvergence pessimism
                                  0.25 ^ _1083_/CLK (sky130_fd_sc_hd__dfrtp_2)
                         -0.02    0.23   library hold time
                                  0.23   data required time
-----------------------------------------------------------------------------
                                  0.23   data required time
                                 -0.58   data arrival time
-----------------------------------------------------------------------------
                                  0.35   slack (MET)


Startpoint: _1067_ (rising edge-triggered flip-flop clocked by clk)
Endpoint: _1067_ (rising edge-triggered flip-flop clocked by clk)
Path Group: clk
Path Type: min

Fanout     Cap    Slew   Delay    Time   Description
-----------------------------------------------------------------------------
                  0.15    0.00    0.00   clock clk (rise edge)
                          0.00    0.00   clock network delay (ideal)
                  0.15    0.00    0.00 ^ _1067_/CLK (sky130_fd_sc_hd__dfrtp_2)
                  0.07    0.38    0.38 ^ _1067_/Q (sky130_fd_sc_hd__dfrtp_2)
     4    0.01                           wifi_timeout[2] (net)
                  0.07    0.00    0.38 ^ _0804_/A1 (sky130_fd_sc_hd__mux2_2)
                  0.04    0.13    0.51 ^ _0804_/X (sky130_fd_sc_hd__mux2_2)
     1    0.00                           _0357_ (net)
                  0.04    0.00    0.51 ^ _0805_/A (sky130_fd_sc_hd__buf_1)
                  0.04    0.07    0.58 ^ _0805_/X (sky130_fd_sc_hd__buf_1)
     1    0.00                           _0045_ (net)
                  0.04    0.00    0.58 ^ _1067_/D (sky130_fd_sc_hd__dfrtp_2)
                                  0.58   data arrival time

                  0.15    0.00    0.00   clock clk (rise edge)
                          0.00    0.00   clock network delay (ideal)
                          0.25    0.25   clock uncertainty
                          0.00    0.25   clock reconvergence pessimism
                                  0.25 ^ _1067_/CLK (sky130_fd_sc_hd__dfrtp_2)
                         -0.02    0.23   library hold time
                                  0.23   data required time
-----------------------------------------------------------------------------
                                  0.23   data required time
                                 -0.58   data arrival time
-----------------------------------------------------------------------------
                                  0.35   slack (MET)


Startpoint: _1071_ (rising edge-triggered flip-flop clocked by clk)
Endpoint: _1071_ (rising edge-triggered flip-flop clocked by clk)
Path Group: clk
Path Type: min

Fanout     Cap    Slew   Delay    Time   Description
-----------------------------------------------------------------------------
                  0.15    0.00    0.00   clock clk (rise edge)
                          0.00    0.00   clock network delay (ideal)
                  0.15    0.00    0.00 ^ _1071_/CLK (sky130_fd_sc_hd__dfrtp_2)
                  0.07    0.38    0.38 ^ _1071_/Q (sky130_fd_sc_hd__dfrtp_2)
     4    0.01                           wifi_timeout[6] (net)
                  0.07    0.00    0.38 ^ _0823_/A1 (sky130_fd_sc_hd__mux2_2)
                  0.04    0.13    0.51 ^ _0823_/X (sky130_fd_sc_hd__mux2_2)
     1    0.00                           _0372_ (net)
                  0.04    0.00    0.51 ^ _0824_/A (sky130_fd_sc_hd__buf_1)
                  0.04    0.07    0.58 ^ _0824_/X (sky130_fd_sc_hd__buf_1)
     1    0.00                           _0049_ (net)
                  0.04    0.00    0.58 ^ _1071_/D (sky130_fd_sc_hd__dfrtp_2)
                                  0.58   data arrival time

                  0.15    0.00    0.00   clock clk (rise edge)
                          0.00    0.00   clock network delay (ideal)
                          0.25    0.25   clock uncertainty
                          0.00    0.25   clock reconvergence pessimism
                                  0.25 ^ _1071_/CLK (sky130_fd_sc_hd__dfrtp_2)
                         -0.02    0.23   library hold time
                                  0.23   data required time
-----------------------------------------------------------------------------
                                  0.23   data required time
                                 -0.58   data arrival time
-----------------------------------------------------------------------------
                                  0.35   slack (MET)


Startpoint: _1127_ (rising edge-triggered flip-flop clocked by clk)
Endpoint: _1127_ (rising edge-triggered flip-flop clocked by clk)
Path Group: clk
Path Type: min

Fanout     Cap    Slew   Delay    Time   Description
-----------------------------------------------------------------------------
                  0.15    0.00    0.00   clock clk (rise edge)
                          0.00    0.00   clock network delay (ideal)
                  0.15    0.00    0.00 ^ _1127_/CLK (sky130_fd_sc_hd__dfrtp_2)
                  0.15    0.44    0.44 ^ _1127_/Q (sky130_fd_sc_hd__dfrtp_2)
     7    0.03                           spi_byte_buf[1] (net)
                  0.15    0.00    0.44 ^ _0925_/B2 (sky130_fd_sc_hd__a22o_2)
                  0.03    0.14    0.58 ^ _0925_/X (sky130_fd_sc_hd__a22o_2)
     1    0.00                           _0086_ (net)
                  0.03    0.00    0.58 ^ _1127_/D (sky130_fd_sc_hd__dfrtp_2)
                                  0.58   data arrival time

                  0.15    0.00    0.00   clock clk (rise edge)
                          0.00    0.00   clock network delay (ideal)
                          0.25    0.25   clock uncertainty
                          0.00    0.25   clock reconvergence pessimism
                                  0.25 ^ _1127_/CLK (sky130_fd_sc_hd__dfrtp_2)
                         -0.02    0.23   library hold time
                                  0.23   data required time
-----------------------------------------------------------------------------
                                  0.23   data required time
                                 -0.58   data arrival time
-----------------------------------------------------------------------------
                                  0.35   slack (MET)


Startpoint: _1128_ (rising edge-triggered flip-flop clocked by clk)
Endpoint: _1128_ (rising edge-triggered flip-flop clocked by clk)
Path Group: clk
Path Type: min

Fanout     Cap    Slew   Delay    Time   Description
-----------------------------------------------------------------------------
                  0.15    0.00    0.00   clock clk (rise edge)
                          0.00    0.00   clock network delay (ideal)
                  0.15    0.00    0.00 ^ _1128_/CLK (sky130_fd_sc_hd__dfrtp_2)
                  0.15    0.45    0.45 ^ _1128_/Q (sky130_fd_sc_hd__dfrtp_2)
     7    0.03                           spi_byte_buf[2] (net)
                  0.15    0.00    0.45 ^ _0926_/B2 (sky130_fd_sc_hd__a22o_2)
                  0.03    0.14    0.58 ^ _0926_/X (sky130_fd_sc_hd__a22o_2)
     1    0.00                           _0087_ (net)
                  0.03    0.00    0.58 ^ _1128_/D (sky130_fd_sc_hd__dfrtp_2)
                                  0.58   data arrival time

                  0.15    0.00    0.00   clock clk (rise edge)
                          0.00    0.00   clock network delay (ideal)
                          0.25    0.25   clock uncertainty
                          0.00    0.25   clock reconvergence pessimism
                                  0.25 ^ _1128_/CLK (sky130_fd_sc_hd__dfrtp_2)
                         -0.02    0.23   library hold time
                                  0.23   data required time
-----------------------------------------------------------------------------
                                  0.23   data required time
                                 -0.58   data arrival time
-----------------------------------------------------------------------------
                                  0.35   slack (MET)


Startpoint: _1075_ (rising edge-triggered flip-flop clocked by clk)
Endpoint: _1075_ (rising edge-triggered flip-flop clocked by clk)
Path Group: clk
Path Type: min

Fanout     Cap    Slew   Delay    Time   Description
-----------------------------------------------------------------------------
                  0.15    0.00    0.00   clock clk (rise edge)
                          0.00    0.00   clock network delay (ideal)
                  0.15    0.00    0.00 ^ _1075_/CLK (sky130_fd_sc_hd__dfrtp_2)
                  0.07    0.38    0.38 ^ _1075_/Q (sky130_fd_sc_hd__dfrtp_2)
     4    0.01                           wifi_timeout[10] (net)
                  0.07    0.00    0.38 ^ _0842_/A1 (sky130_fd_sc_hd__mux2_2)
                  0.04    0.13    0.51 ^ _0842_/X (sky130_fd_sc_hd__mux2_2)
     1    0.00                           _0387_ (net)
                  0.04    0.00    0.51 ^ _0843_/A (sky130_fd_sc_hd__buf_1)
                  0.04    0.07    0.58 ^ _0843_/X (sky130_fd_sc_hd__buf_1)
     1    0.00                           _0053_ (net)
                  0.04    0.00    0.58 ^ _1075_/D (sky130_fd_sc_hd__dfrtp_2)
                                  0.58   data arrival time

                  0.15    0.00    0.00   clock clk (rise edge)
                          0.00    0.00   clock network delay (ideal)
                          0.25    0.25   clock uncertainty
                          0.00    0.25   clock reconvergence pessimism
                                  0.25 ^ _1075_/CLK (sky130_fd_sc_hd__dfrtp_2)
                         -0.02    0.23   library hold time
                                  0.23   data required time
-----------------------------------------------------------------------------
                                  0.23   data required time
                                 -0.58   data arrival time
-----------------------------------------------------------------------------
                                  0.35   slack (MET)


Startpoint: _1130_ (rising edge-triggered flip-flop clocked by clk)
Endpoint: _1130_ (rising edge-triggered flip-flop clocked by clk)
Path Group: clk
Path Type: min

Fanout     Cap    Slew   Delay    Time   Description
-----------------------------------------------------------------------------
                  0.15    0.00    0.00   clock clk (rise edge)
                          0.00    0.00   clock network delay (ideal)
                  0.15    0.00    0.00 ^ _1130_/CLK (sky130_fd_sc_hd__dfrtp_2)
                  0.15    0.45    0.45 ^ _1130_/Q (sky130_fd_sc_hd__dfrtp_2)
     7    0.03                           spi_byte_buf[4] (net)
                  0.15    0.00    0.45 ^ _0928_/B2 (sky130_fd_sc_hd__a22o_2)
                  0.03    0.14    0.58 ^ _0928_/X (sky130_fd_sc_hd__a22o_2)
     1    0.00                           _0089_ (net)
                  0.03    0.00    0.58 ^ _1130_/D (sky130_fd_sc_hd__dfrtp_2)
                                  0.58   data arrival time

                  0.15    0.00    0.00   clock clk (rise edge)
                          0.00    0.00   clock network delay (ideal)
                          0.25    0.25   clock uncertainty
                          0.00    0.25   clock reconvergence pessimism
                                  0.25 ^ _1130_/CLK (sky130_fd_sc_hd__dfrtp_2)
                         -0.02    0.23   library hold time
                                  0.23   data required time
-----------------------------------------------------------------------------
                                  0.23   data required time
                                 -0.58   data arrival time
-----------------------------------------------------------------------------
                                  0.35   slack (MET)


Startpoint: _1070_ (rising edge-triggered flip-flop clocked by clk)
Endpoint: _1070_ (rising edge-triggered flip-flop clocked by clk)
Path Group: clk
Path Type: min

Fanout     Cap    Slew   Delay    Time   Description
-----------------------------------------------------------------------------
                  0.15    0.00    0.00   clock clk (rise edge)
                          0.00    0.00   clock network delay (ideal)
                  0.15    0.00    0.00 ^ _1070_/CLK (sky130_fd_sc_hd__dfrtp_2)
                  0.07    0.38    0.38 ^ _1070_/Q (sky130_fd_sc_hd__dfrtp_2)
     4    0.01                           wifi_timeout[5] (net)
                  0.07    0.00    0.38 ^ _0818_/A1 (sky130_fd_sc_hd__mux2_2)
                  0.04    0.13    0.52 ^ _0818_/X (sky130_fd_sc_hd__mux2_2)
     1    0.00                           _0368_ (net)
                  0.04    0.00    0.52 ^ _0819_/A (sky130_fd_sc_hd__buf_1)
                  0.04    0.07    0.58 ^ _0819_/X (sky130_fd_sc_hd__buf_1)
     1    0.00                           _0048_ (net)
                  0.04    0.00    0.58 ^ _1070_/D (sky130_fd_sc_hd__dfrtp_2)
                                  0.58   data arrival time

                  0.15    0.00    0.00   clock clk (rise edge)
                          0.00    0.00   clock network delay (ideal)
                          0.25    0.25   clock uncertainty
                          0.00    0.25   clock reconvergence pessimism
                                  0.25 ^ _1070_/CLK (sky130_fd_sc_hd__dfrtp_2)
                         -0.02    0.23   library hold time
                                  0.23   data required time
-----------------------------------------------------------------------------
                                  0.23   data required time
                                 -0.58   data arrival time
-----------------------------------------------------------------------------
                                  0.35   slack (MET)


Startpoint: _1156_ (rising edge-triggered flip-flop clocked by clk)
Endpoint: _1156_ (rising edge-triggered flip-flop clocked by clk)
Path Group: clk
Path Type: min

Fanout     Cap    Slew   Delay    Time   Description
-----------------------------------------------------------------------------
                  0.15    0.00    0.00   clock clk (rise edge)
                          0.00    0.00   clock network delay (ideal)
                  0.15    0.00    0.00 ^ _1156_/CLK (sky130_fd_sc_hd__dfrtp_2)
                  0.07    0.38    0.38 ^ _1156_/Q (sky130_fd_sc_hd__dfrtp_2)
     4    0.01                           spi_seq_r[4] (net)
                  0.07    0.00    0.38 ^ _1002_/A0 (sky130_fd_sc_hd__mux2_2)
                  0.04    0.13    0.51 ^ _1002_/X (sky130_fd_sc_hd__mux2_2)
     1    0.00                           _0485_ (net)
                  0.04    0.00    0.51 ^ _1003_/A (sky130_fd_sc_hd__buf_1)
                  0.04    0.07    0.58 ^ _1003_/X (sky130_fd_sc_hd__buf_1)
     1    0.00                           _0115_ (net)
                  0.04    0.00    0.58 ^ _1156_/D (sky130_fd_sc_hd__dfrtp_2)
                                  0.58   data arrival time

                  0.15    0.00    0.00   clock clk (rise edge)
                          0.00    0.00   clock network delay (ideal)
                          0.25    0.25   clock uncertainty
                          0.00    0.25   clock reconvergence pessimism
                                  0.25 ^ _1156_/CLK (sky130_fd_sc_hd__dfrtp_2)
                         -0.02    0.23   library hold time
                                  0.23   data required time
-----------------------------------------------------------------------------
                                  0.23   data required time
                                 -0.58   data arrival time
-----------------------------------------------------------------------------
                                  0.35   slack (MET)


Startpoint: _1156_ (rising edge-triggered flip-flop clocked by clk)
Endpoint: _1091_ (rising edge-triggered flip-flop clocked by clk)
Path Group: clk
Path Type: min

Fanout     Cap    Slew   Delay    Time   Description
-----------------------------------------------------------------------------
                  0.15    0.00    0.00   clock clk (rise edge)
                          0.00    0.00   clock network delay (ideal)
                  0.15    0.00    0.00 ^ _1156_/CLK (sky130_fd_sc_hd__dfrtp_2)
                  0.07    0.38    0.38 ^ _1156_/Q (sky130_fd_sc_hd__dfrtp_2)
     4    0.01                           spi_seq_r[4] (net)
                  0.07    0.00    0.38 ^ _0888_/A1 (sky130_fd_sc_hd__mux2_2)
                  0.04    0.13    0.51 ^ _0888_/X (sky130_fd_sc_hd__mux2_2)
     1    0.00                           _0417_ (net)
                  0.04    0.00    0.51 ^ _0889_/A (sky130_fd_sc_hd__buf_1)
                  0.04    0.07    0.58 ^ _0889_/X (sky130_fd_sc_hd__buf_1)
     1    0.00                           _0069_ (net)
                  0.04    0.00    0.58 ^ _1091_/D (sky130_fd_sc_hd__dfrtp_2)
                                  0.58   data arrival time

                  0.15    0.00    0.00   clock clk (rise edge)
                          0.00    0.00   clock network delay (ideal)
                          0.25    0.25   clock uncertainty
                          0.00    0.25   clock reconvergence pessimism
                                  0.25 ^ _1091_/CLK (sky130_fd_sc_hd__dfrtp_2)
                         -0.02    0.23   library hold time
                                  0.23   data required time
-----------------------------------------------------------------------------
                                  0.23   data required time
                                 -0.58   data arrival time
-----------------------------------------------------------------------------
                                  0.35   slack (MET)


Startpoint: _1082_ (rising edge-triggered flip-flop clocked by clk)
Endpoint: _1082_ (rising edge-triggered flip-flop clocked by clk)
Path Group: clk
Path Type: min

Fanout     Cap    Slew   Delay    Time   Description
-----------------------------------------------------------------------------
                  0.15    0.00    0.00   clock clk (rise edge)
                          0.00    0.00   clock network delay (ideal)
                  0.15    0.00    0.00 ^ _1082_/CLK (sky130_fd_sc_hd__dfrtp_2)
                  0.07    0.38    0.38 ^ _1082_/Q (sky130_fd_sc_hd__dfrtp_2)
     3    0.01                           threshold_reg[1] (net)
                  0.07    0.00    0.38 ^ _0870_/A1 (sky130_fd_sc_hd__mux2_2)
                  0.04    0.13    0.52 ^ _0870_/X (sky130_fd_sc_hd__mux2_2)
     1    0.00                           _0408_ (net)
                  0.04    0.00    0.52 ^ _0871_/A (sky130_fd_sc_hd__buf_1)
                  0.04    0.07    0.59 ^ _0871_/X (sky130_fd_sc_hd__buf_1)
     1    0.00                           _0060_ (net)
                  0.04    0.00    0.59 ^ _1082_/D (sky130_fd_sc_hd__dfrtp_2)
                                  0.59   data arrival time

                  0.15    0.00    0.00   clock clk (rise edge)
                          0.00    0.00   clock network delay (ideal)
                          0.25    0.25   clock uncertainty
                          0.00    0.25   clock reconvergence pessimism
                                  0.25 ^ _1082_/CLK (sky130_fd_sc_hd__dfrtp_2)
                         -0.02    0.23   library hold time
                                  0.23   data required time
-----------------------------------------------------------------------------
                                  0.23   data required time
                                 -0.59   data arrival time
-----------------------------------------------------------------------------
                                  0.35   slack (MET)


Startpoint: _1157_ (rising edge-triggered flip-flop clocked by clk)
Endpoint: _1157_ (rising edge-triggered flip-flop clocked by clk)
Path Group: clk
Path Type: min

Fanout     Cap    Slew   Delay    Time   Description
-----------------------------------------------------------------------------
                  0.15    0.00    0.00   clock clk (rise edge)
                          0.00    0.00   clock network delay (ideal)
                  0.15    0.00    0.00 ^ _1157_/CLK (sky130_fd_sc_hd__dfrtp_2)
                  0.07    0.39    0.39 ^ _1157_/Q (sky130_fd_sc_hd__dfrtp_2)
     4    0.01                           spi_seq_r[5] (net)
                  0.07    0.00    0.39 ^ _1004_/A0 (sky130_fd_sc_hd__mux2_2)
                  0.04    0.13    0.52 ^ _1004_/X (sky130_fd_sc_hd__mux2_2)
     1    0.00                           _0486_ (net)
                  0.04    0.00    0.52 ^ _1005_/A (sky130_fd_sc_hd__buf_1)
                  0.04    0.07    0.59 ^ _1005_/X (sky130_fd_sc_hd__buf_1)
     1    0.00                           _0116_ (net)
                  0.04    0.00    0.59 ^ _1157_/D (sky130_fd_sc_hd__dfrtp_2)
                                  0.59   data arrival time

                  0.15    0.00    0.00   clock clk (rise edge)
                          0.00    0.00   clock network delay (ideal)
                          0.25    0.25   clock uncertainty
                          0.00    0.25   clock reconvergence pessimism
                                  0.25 ^ _1157_/CLK (sky130_fd_sc_hd__dfrtp_2)
                         -0.02    0.23   library hold time
                                  0.23   data required time
-----------------------------------------------------------------------------
                                  0.23   data required time
                                 -0.59   data arrival time
-----------------------------------------------------------------------------
                                  0.36   slack (MET)


Startpoint: _1081_ (rising edge-triggered flip-flop clocked by clk)
Endpoint: _1081_ (rising edge-triggered flip-flop clocked by clk)
Path Group: clk
Path Type: min

Fanout     Cap    Slew   Delay    Time   Description
-----------------------------------------------------------------------------
                  0.15    0.00    0.00   clock clk (rise edge)
                          0.00    0.00   clock network delay (ideal)
                  0.15    0.00    0.00 ^ _1081_/CLK (sky130_fd_sc_hd__dfrtp_2)
                  0.07    0.38    0.38 ^ _1081_/Q (sky130_fd_sc_hd__dfrtp_2)
     3    0.01                           threshold_reg[0] (net)
                  0.07    0.00    0.38 ^ _0868_/A1 (sky130_fd_sc_hd__mux2_2)
                  0.04    0.13    0.52 ^ _0868_/X (sky130_fd_sc_hd__mux2_2)
     1    0.00                           _0407_ (net)
                  0.04    0.00    0.52 ^ _0869_/A (sky130_fd_sc_hd__buf_1)
                  0.04    0.07    0.59 ^ _0869_/X (sky130_fd_sc_hd__buf_1)
     1    0.00                           _0059_ (net)
                  0.04    0.00    0.59 ^ _1081_/D (sky130_fd_sc_hd__dfrtp_2)
                                  0.59   data arrival time

                  0.15    0.00    0.00   clock clk (rise edge)
                          0.00    0.00   clock network delay (ideal)
                          0.25    0.25   clock uncertainty
                          0.00    0.25   clock reconvergence pessimism
                                  0.25 ^ _1081_/CLK (sky130_fd_sc_hd__dfrtp_2)
                         -0.02    0.23   library hold time
                                  0.23   data required time
-----------------------------------------------------------------------------
                                  0.23   data required time
                                 -0.59   data arrival time
-----------------------------------------------------------------------------
                                  0.36   slack (MET)


Startpoint: _1157_ (rising edge-triggered flip-flop clocked by clk)
Endpoint: _1092_ (rising edge-triggered flip-flop clocked by clk)
Path Group: clk
Path Type: min

Fanout     Cap    Slew   Delay    Time   Description
-----------------------------------------------------------------------------
                  0.15    0.00    0.00   clock clk (rise edge)
                          0.00    0.00   clock network delay (ideal)
                  0.15    0.00    0.00 ^ _1157_/CLK (sky130_fd_sc_hd__dfrtp_2)
                  0.07    0.39    0.39 ^ _1157_/Q (sky130_fd_sc_hd__dfrtp_2)
     4    0.01                           spi_seq_r[5] (net)
                  0.07    0.00    0.39 ^ _0890_/A1 (sky130_fd_sc_hd__mux2_2)
                  0.04    0.13    0.52 ^ _0890_/X (sky130_fd_sc_hd__mux2_2)
     1    0.00                           _0418_ (net)
                  0.04    0.00    0.52 ^ _0891_/A (sky130_fd_sc_hd__buf_1)
                  0.04    0.07    0.59 ^ _0891_/X (sky130_fd_sc_hd__buf_1)
     1    0.00                           _0070_ (net)
                  0.04    0.00    0.59 ^ _1092_/D (sky130_fd_sc_hd__dfrtp_2)
                                  0.59   data arrival time

                  0.15    0.00    0.00   clock clk (rise edge)
                          0.00    0.00   clock network delay (ideal)
                          0.25    0.25   clock uncertainty
                          0.00    0.25   clock reconvergence pessimism
                                  0.25 ^ _1092_/CLK (sky130_fd_sc_hd__dfrtp_2)
                         -0.02    0.23   library hold time
                                  0.23   data required time
-----------------------------------------------------------------------------
                                  0.23   data required time
                                 -0.59   data arrival time
-----------------------------------------------------------------------------
                                  0.36   slack (MET)


Startpoint: _1080_ (rising edge-triggered flip-flop clocked by clk)
Endpoint: _1080_ (rising edge-triggered flip-flop clocked by clk)
Path Group: clk
Path Type: min

Fanout     Cap    Slew   Delay    Time   Description
-----------------------------------------------------------------------------
                  0.15    0.00    0.00   clock clk (rise edge)
                          0.00    0.00   clock network delay (ideal)
                  0.15    0.00    0.00 ^ _1080_/CLK (sky130_fd_sc_hd__dfrtp_2)
                  0.07    0.39    0.39 ^ _1080_/Q (sky130_fd_sc_hd__dfrtp_2)
     4    0.01                           wifi_timeout[15] (net)
                  0.07    0.00    0.39 ^ _0863_/A1 (sky130_fd_sc_hd__mux2_2)
                  0.04    0.13    0.52 ^ _0863_/X (sky130_fd_sc_hd__mux2_2)
     1    0.00                           _0403_ (net)
                  0.04    0.00    0.52 ^ _0864_/A (sky130_fd_sc_hd__buf_1)
                  0.04    0.07    0.59 ^ _0864_/X (sky130_fd_sc_hd__buf_1)
     1    0.00                           _0058_ (net)
                  0.04    0.00    0.59 ^ _1080_/D (sky130_fd_sc_hd__dfrtp_2)
                                  0.59   data arrival time

                  0.15    0.00    0.00   clock clk (rise edge)
                          0.00    0.00   clock network delay (ideal)
                          0.25    0.25   clock uncertainty
                          0.00    0.25   clock reconvergence pessimism
                                  0.25 ^ _1080_/CLK (sky130_fd_sc_hd__dfrtp_2)
                         -0.02    0.23   library hold time
                                  0.23   data required time
-----------------------------------------------------------------------------
                                  0.23   data required time
                                 -0.59   data arrival time
-----------------------------------------------------------------------------
                                  0.36   slack (MET)


Startpoint: _1128_ (rising edge-triggered flip-flop clocked by clk)
Endpoint: _1129_ (rising edge-triggered flip-flop clocked by clk)
Path Group: clk
Path Type: min

Fanout     Cap    Slew   Delay    Time   Description
-----------------------------------------------------------------------------
                  0.15    0.00    0.00   clock clk (rise edge)
                          0.00    0.00   clock network delay (ideal)
                  0.15    0.00    0.00 ^ _1128_/CLK (sky130_fd_sc_hd__dfrtp_2)
                  0.15    0.45    0.45 ^ _1128_/Q (sky130_fd_sc_hd__dfrtp_2)
     7    0.03                           spi_byte_buf[2] (net)
                  0.15    0.00    0.45 ^ _0927_/A1 (sky130_fd_sc_hd__a22o_2)
                  0.03    0.15    0.59 ^ _0927_/X (sky130_fd_sc_hd__a22o_2)
     1    0.00                           _0088_ (net)
                  0.03    0.00    0.59 ^ _1129_/D (sky130_fd_sc_hd__dfrtp_2)
                                  0.59   data arrival time

                  0.15    0.00    0.00   clock clk (rise edge)
                          0.00    0.00   clock network delay (ideal)
                          0.25    0.25   clock uncertainty
                          0.00    0.25   clock reconvergence pessimism
                                  0.25 ^ _1129_/CLK (sky130_fd_sc_hd__dfrtp_2)
                         -0.02    0.23   library hold time
                                  0.23   data required time
-----------------------------------------------------------------------------
                                  0.23   data required time
                                 -0.59   data arrival time
-----------------------------------------------------------------------------
                                  0.36   slack (MET)


Startpoint: _1158_ (rising edge-triggered flip-flop clocked by clk)
Endpoint: _1158_ (rising edge-triggered flip-flop clocked by clk)
Path Group: clk
Path Type: min

Fanout     Cap    Slew   Delay    Time   Description
-----------------------------------------------------------------------------
                  0.15    0.00    0.00   clock clk (rise edge)
                          0.00    0.00   clock network delay (ideal)
                  0.15    0.00    0.00 ^ _1158_/CLK (sky130_fd_sc_hd__dfrtp_2)
                  0.08    0.39    0.39 ^ _1158_/Q (sky130_fd_sc_hd__dfrtp_2)
     4    0.01                           spi_seq_r[6] (net)
                  0.08    0.00    0.39 ^ _1006_/A0 (sky130_fd_sc_hd__mux2_2)
                  0.04    0.13    0.52 ^ _1006_/X (sky130_fd_sc_hd__mux2_2)
     1    0.00                           _0487_ (net)
                  0.04    0.00    0.52 ^ _1007_/A (sky130_fd_sc_hd__buf_1)
                  0.04    0.07    0.59 ^ _1007_/X (sky130_fd_sc_hd__buf_1)
     1    0.00                           _0117_ (net)
                  0.04    0.00    0.59 ^ _1158_/D (sky130_fd_sc_hd__dfrtp_2)
                                  0.59   data arrival time

                  0.15    0.00    0.00   clock clk (rise edge)
                          0.00    0.00   clock network delay (ideal)
                          0.25    0.25   clock uncertainty
                          0.00    0.25   clock reconvergence pessimism
                                  0.25 ^ _1158_/CLK (sky130_fd_sc_hd__dfrtp_2)
                         -0.02    0.23   library hold time
                                  0.23   data required time
-----------------------------------------------------------------------------
                                  0.23   data required time
                                 -0.59   data arrival time
-----------------------------------------------------------------------------
                                  0.36   slack (MET)


Startpoint: _1130_ (rising edge-triggered flip-flop clocked by clk)
Endpoint: _1131_ (rising edge-triggered flip-flop clocked by clk)
Path Group: clk
Path Type: min

Fanout     Cap    Slew   Delay    Time   Description
-----------------------------------------------------------------------------
                  0.15    0.00    0.00   clock clk (rise edge)
                          0.00    0.00   clock network delay (ideal)
                  0.15    0.00    0.00 ^ _1130_/CLK (sky130_fd_sc_hd__dfrtp_2)
                  0.15    0.45    0.45 ^ _1130_/Q (sky130_fd_sc_hd__dfrtp_2)
     7    0.03                           spi_byte_buf[4] (net)
                  0.15    0.00    0.45 ^ _0929_/A1 (sky130_fd_sc_hd__a22o_2)
                  0.03    0.15    0.60 ^ _0929_/X (sky130_fd_sc_hd__a22o_2)
     1    0.00                           _0090_ (net)
                  0.03    0.00    0.60 ^ _1131_/D (sky130_fd_sc_hd__dfrtp_2)
                                  0.60   data arrival time

                  0.15    0.00    0.00   clock clk (rise edge)
                          0.00    0.00   clock network delay (ideal)
                          0.25    0.25   clock uncertainty
                          0.00    0.25   clock reconvergence pessimism
                                  0.25 ^ _1131_/CLK (sky130_fd_sc_hd__dfrtp_2)
                         -0.02    0.23   library hold time
                                  0.23   data required time
-----------------------------------------------------------------------------
                                  0.23   data required time
                                 -0.60   data arrival time
-----------------------------------------------------------------------------
                                  0.36   slack (MET)


Startpoint: _1158_ (rising edge-triggered flip-flop clocked by clk)
Endpoint: _1093_ (rising edge-triggered flip-flop clocked by clk)
Path Group: clk
Path Type: min

Fanout     Cap    Slew   Delay    Time   Description
-----------------------------------------------------------------------------
                  0.15    0.00    0.00   clock clk (rise edge)
                          0.00    0.00   clock network delay (ideal)
                  0.15    0.00    0.00 ^ _1158_/CLK (sky130_fd_sc_hd__dfrtp_2)
                  0.08    0.39    0.39 ^ _1158_/Q (sky130_fd_sc_hd__dfrtp_2)
     4    0.01                           spi_seq_r[6] (net)
                  0.08    0.00    0.39 ^ _0892_/A1 (sky130_fd_sc_hd__mux2_2)
                  0.04    0.14    0.53 ^ _0892_/X (sky130_fd_sc_hd__mux2_2)
     1    0.00                           _0419_ (net)
                  0.04    0.00    0.53 ^ _0893_/A (sky130_fd_sc_hd__buf_1)
                  0.04    0.07    0.59 ^ _0893_/X (sky130_fd_sc_hd__buf_1)
     1    0.00                           _0071_ (net)
                  0.04    0.00    0.59 ^ _1093_/D (sky130_fd_sc_hd__dfrtp_2)
                                  0.59   data arrival time

                  0.15    0.00    0.00   clock clk (rise edge)
                          0.00    0.00   clock network delay (ideal)
                          0.25    0.25   clock uncertainty
                          0.00    0.25   clock reconvergence pessimism
                                  0.25 ^ _1093_/CLK (sky130_fd_sc_hd__dfrtp_2)
                         -0.02    0.23   library hold time
                                  0.23   data required time
-----------------------------------------------------------------------------
                                  0.23   data required time
                                 -0.59   data arrival time
-----------------------------------------------------------------------------
                                  0.36   slack (MET)


Startpoint: _1159_ (rising edge-triggered flip-flop clocked by clk)
Endpoint: _1159_ (rising edge-triggered flip-flop clocked by clk)
Path Group: clk
Path Type: min

Fanout     Cap    Slew   Delay    Time   Description
-----------------------------------------------------------------------------
                  0.15    0.00    0.00   clock clk (rise edge)
                          0.00    0.00   clock network delay (ideal)
                  0.15    0.00    0.00 ^ _1159_/CLK (sky130_fd_sc_hd__dfrtp_2)
                  0.08    0.39    0.39 ^ _1159_/Q (sky130_fd_sc_hd__dfrtp_2)
     3    0.01                           spi_seq_r[7] (net)
                  0.08    0.00    0.39 ^ _1008_/A0 (sky130_fd_sc_hd__mux2_2)
                  0.04    0.14    0.53 ^ _1008_/X (sky130_fd_sc_hd__mux2_2)
     1    0.00                           _0488_ (net)
                  0.04    0.00    0.53 ^ _1009_/A (sky130_fd_sc_hd__buf_1)
                  0.04    0.07    0.60 ^ _1009_/X (sky130_fd_sc_hd__buf_1)
     1    0.00                           _0118_ (net)
                  0.04    0.00    0.60 ^ _1159_/D (sky130_fd_sc_hd__dfrtp_2)
                                  0.60   data arrival time

                  0.15    0.00    0.00   clock clk (rise edge)
                          0.00    0.00   clock network delay (ideal)
                          0.25    0.25   clock uncertainty
                          0.00    0.25   clock reconvergence pessimism
                                  0.25 ^ _1159_/CLK (sky130_fd_sc_hd__dfrtp_2)
                         -0.02    0.23   library hold time
                                  0.23   data required time
-----------------------------------------------------------------------------
                                  0.23   data required time
                                 -0.60   data arrival time
-----------------------------------------------------------------------------
                                  0.37   slack (MET)


Startpoint: _1179_ (rising edge-triggered flip-flop clocked by clk)
Endpoint: _1047_ (rising edge-triggered flip-flop clocked by clk)
Path Group: clk
Path Type: min

Fanout     Cap    Slew   Delay    Time   Description
-----------------------------------------------------------------------------
                  0.15    0.00    0.00   clock clk (rise edge)
                          0.00    0.00   clock network delay (ideal)
                  0.15    0.00    0.00 ^ _1179_/CLK (sky130_fd_sc_hd__dfrtp_2)
                  0.08    0.40    0.40 ^ _1179_/Q (sky130_fd_sc_hd__dfrtp_2)
     3    0.01                           loop_inactive_stable (net)
                  0.08    0.00    0.40 ^ _0542_/A (sky130_fd_sc_hd__and2_2)
                  0.04    0.13    0.53 ^ _0542_/X (sky130_fd_sc_hd__and2_2)
     1    0.00                           _0164_ (net)
                  0.04    0.00    0.53 ^ _0543_/A (sky130_fd_sc_hd__buf_1)
                  0.04    0.07    0.60 ^ _0543_/X (sky130_fd_sc_hd__buf_1)
     1    0.00                           _0021_ (net)
                  0.04    0.00    0.60 ^ _1047_/D (sky130_fd_sc_hd__dfrtp_2)
                                  0.60   data arrival time

                  0.15    0.00    0.00   clock clk (rise edge)
                          0.00    0.00   clock network delay (ideal)
                          0.25    0.25   clock uncertainty
                          0.00    0.25   clock reconvergence pessimism
                                  0.25 ^ _1047_/CLK (sky130_fd_sc_hd__dfrtp_2)
                         -0.02    0.23   library hold time
                                  0.23   data required time
-----------------------------------------------------------------------------
                                  0.23   data required time
                                 -0.60   data arrival time
-----------------------------------------------------------------------------
                                  0.37   slack (MET)


Startpoint: _1159_ (rising edge-triggered flip-flop clocked by clk)
Endpoint: _1094_ (rising edge-triggered flip-flop clocked by clk)
Path Group: clk
Path Type: min

Fanout     Cap    Slew   Delay    Time   Description
-----------------------------------------------------------------------------
                  0.15    0.00    0.00   clock clk (rise edge)
                          0.00    0.00   clock network delay (ideal)
                  0.15    0.00    0.00 ^ _1159_/CLK (sky130_fd_sc_hd__dfrtp_2)
                  0.08    0.39    0.39 ^ _1159_/Q (sky130_fd_sc_hd__dfrtp_2)
     3    0.01                           spi_seq_r[7] (net)
                  0.08    0.00    0.39 ^ _0894_/A1 (sky130_fd_sc_hd__mux2_2)
                  0.04    0.14    0.53 ^ _0894_/X (sky130_fd_sc_hd__mux2_2)
     1    0.00                           _0420_ (net)
                  0.04    0.00    0.53 ^ _0895_/A (sky130_fd_sc_hd__buf_1)
                  0.04    0.07    0.60 ^ _0895_/X (sky130_fd_sc_hd__buf_1)
     1    0.00                           _0072_ (net)
                  0.04    0.00    0.60 ^ _1094_/D (sky130_fd_sc_hd__dfrtp_2)
                                  0.60   data arrival time

                  0.15    0.00    0.00   clock clk (rise edge)
                          0.00    0.00   clock network delay (ideal)
                          0.25    0.25   clock uncertainty
                          0.00    0.25   clock reconvergence pessimism
                                  0.25 ^ _1094_/CLK (sky130_fd_sc_hd__dfrtp_2)
                         -0.02    0.23   library hold time
                                  0.23   data required time
-----------------------------------------------------------------------------
                                  0.23   data required time
                                 -0.60   data arrival time
-----------------------------------------------------------------------------
                                  0.37   slack (MET)


Startpoint: _1085_ (rising edge-triggered flip-flop clocked by clk)
Endpoint: _1085_ (rising edge-triggered flip-flop clocked by clk)
Path Group: clk
Path Type: min

Fanout     Cap    Slew   Delay    Time   Description
-----------------------------------------------------------------------------
                  0.15    0.00    0.00   clock clk (rise edge)
                          0.00    0.00   clock network delay (ideal)
                  0.15    0.00    0.00 ^ _1085_/CLK (sky130_fd_sc_hd__dfrtp_2)
                  0.09    0.40    0.40 ^ _1085_/Q (sky130_fd_sc_hd__dfrtp_2)
     4    0.01                           ctrl_enable (net)
                  0.09    0.00    0.40 ^ _0876_/A0 (sky130_fd_sc_hd__mux2_2)
                  0.03    0.14    0.53 ^ _0876_/X (sky130_fd_sc_hd__mux2_2)
     1    0.00                           _0411_ (net)
                  0.03    0.00    0.53 ^ _0877_/A (sky130_fd_sc_hd__buf_1)
                  0.04    0.07    0.60 ^ _0877_/X (sky130_fd_sc_hd__buf_1)
     1    0.00                           _0063_ (net)
                  0.04    0.00    0.60 ^ _1085_/D (sky130_fd_sc_hd__dfrtp_2)
                                  0.60   data arrival time

                  0.15    0.00    0.00   clock clk (rise edge)
                          0.00    0.00   clock network delay (ideal)
                          0.25    0.25   clock uncertainty
                          0.00    0.25   clock reconvergence pessimism
                                  0.25 ^ _1085_/CLK (sky130_fd_sc_hd__dfrtp_2)
                         -0.02    0.23   library hold time
                                  0.23   data required time
-----------------------------------------------------------------------------
                                  0.23   data required time
                                 -0.60   data arrival time
-----------------------------------------------------------------------------
                                  0.37   slack (MET)


Startpoint: _1114_ (rising edge-triggered flip-flop clocked by clk)
Endpoint: _1114_ (rising edge-triggered flip-flop clocked by clk)
Path Group: clk
Path Type: min

Fanout     Cap    Slew   Delay    Time   Description
-----------------------------------------------------------------------------
                  0.15    0.00    0.00   clock clk (rise edge)
                          0.00    0.00   clock network delay (ideal)
                  0.15    0.00    0.00 ^ _1114_/CLK (sky130_fd_sc_hd__dfrtp_2)
                  0.07    0.38    0.38 ^ _1114_/Q (sky130_fd_sc_hd__dfrtp_2)
     3    0.01                           spi_lockout_timer[13] (net)
                  0.07    0.00    0.38 ^ _0736_/B1 (sky130_fd_sc_hd__o31a_2)
                  0.03    0.12    0.50 ^ _0736_/X (sky130_fd_sc_hd__o31a_2)
     1    0.00                           _0310_ (net)
                  0.03    0.00    0.50 ^ _0739_/A1 (sky130_fd_sc_hd__o21a_2)
                  0.03    0.11    0.61 ^ _0739_/X (sky130_fd_sc_hd__o21a_2)
     1    0.00                           _0008_ (net)
                  0.03    0.00    0.61 ^ _1114_/D (sky130_fd_sc_hd__dfrtp_2)
                                  0.61   data arrival time

                  0.15    0.00    0.00   clock clk (rise edge)
                          0.00    0.00   clock network delay (ideal)
                          0.25    0.25   clock uncertainty
                          0.00    0.25   clock reconvergence pessimism
                                  0.25 ^ _1114_/CLK (sky130_fd_sc_hd__dfrtp_2)
                         -0.02    0.23   library hold time
                                  0.23   data required time
-----------------------------------------------------------------------------
                                  0.23   data required time
                                 -0.61   data arrival time
-----------------------------------------------------------------------------
                                  0.37   slack (MET)


Startpoint: _1107_ (rising edge-triggered flip-flop clocked by clk)
Endpoint: _1107_ (rising edge-triggered flip-flop clocked by clk)
Path Group: clk
Path Type: min

Fanout     Cap    Slew   Delay    Time   Description
-----------------------------------------------------------------------------
                  0.15    0.00    0.00   clock clk (rise edge)
                          0.00    0.00   clock network delay (ideal)
                  0.15    0.00    0.00 ^ _1107_/CLK (sky130_fd_sc_hd__dfrtp_2)
                  0.11    0.41    0.41 ^ _1107_/Q (sky130_fd_sc_hd__dfrtp_2)
     5    0.02                           spi_lockout_timer[6] (net)
                  0.11    0.00    0.41 ^ _0713_/A1 (sky130_fd_sc_hd__o311a_2)
                  0.05    0.18    0.59 ^ _0713_/X (sky130_fd_sc_hd__o311a_2)
     1    0.00                           _0294_ (net)
                  0.05    0.00    0.59 ^ _0714_/A (sky130_fd_sc_hd__inv_2)
                  0.01    0.02    0.62 v _0714_/Y (sky130_fd_sc_hd__inv_2)
     1    0.00                           _0016_ (net)
                  0.01    0.00    0.62 v _1107_/D (sky130_fd_sc_hd__dfrtp_2)
                                  0.62   data arrival time

                  0.15    0.00    0.00   clock clk (rise edge)
                          0.00    0.00   clock network delay (ideal)
                          0.25    0.25   clock uncertainty
                          0.00    0.25   clock reconvergence pessimism
                                  0.25 ^ _1107_/CLK (sky130_fd_sc_hd__dfrtp_2)
                         -0.01    0.24   library hold time
                                  0.24   data required time
-----------------------------------------------------------------------------
                                  0.24   data required time
                                 -0.62   data arrival time
-----------------------------------------------------------------------------
                                  0.37   slack (MET)


Startpoint: _1126_ (rising edge-triggered flip-flop clocked by clk)
Endpoint: _1126_ (rising edge-triggered flip-flop clocked by clk)
Path Group: clk
Path Type: min

Fanout     Cap    Slew   Delay    Time   Description
-----------------------------------------------------------------------------
                  0.15    0.00    0.00   clock clk (rise edge)
                          0.00    0.00   clock network delay (ideal)
                  0.15    0.00    0.00 ^ _1126_/CLK (sky130_fd_sc_hd__dfrtp_2)
                  0.17    0.46    0.46 ^ _1126_/Q (sky130_fd_sc_hd__dfrtp_2)
     7    0.03                           spi_byte_buf[0] (net)
                  0.17    0.00    0.46 ^ _0924_/B2 (sky130_fd_sc_hd__a22o_2)
                  0.03    0.14    0.61 ^ _0924_/X (sky130_fd_sc_hd__a22o_2)
     1    0.00                           _0085_ (net)
                  0.03    0.00    0.61 ^ _1126_/D (sky130_fd_sc_hd__dfrtp_2)
                                  0.61   data arrival time

                  0.15    0.00    0.00   clock clk (rise edge)
                          0.00    0.00   clock network delay (ideal)
                          0.25    0.25   clock uncertainty
                          0.00    0.25   clock reconvergence pessimism
                                  0.25 ^ _1126_/CLK (sky130_fd_sc_hd__dfrtp_2)
                         -0.02    0.23   library hold time
                                  0.23   data required time
-----------------------------------------------------------------------------
                                  0.23   data required time
                                 -0.61   data arrival time
-----------------------------------------------------------------------------
                                  0.37   slack (MET)


Startpoint: _1117_ (rising edge-triggered flip-flop clocked by clk)
Endpoint: _1117_ (rising edge-triggered flip-flop clocked by clk)
Path Group: clk
Path Type: min

Fanout     Cap    Slew   Delay    Time   Description
-----------------------------------------------------------------------------
                  0.15    0.00    0.00   clock clk (rise edge)
                          0.00    0.00   clock network delay (ideal)
                  0.15    0.00    0.00 ^ _1117_/CLK (sky130_fd_sc_hd__dfrtp_2)
                  0.09    0.40    0.40 ^ _1117_/Q (sky130_fd_sc_hd__dfrtp_2)
     5    0.01                           spi_fail_count[0] (net)
                  0.09    0.00    0.40 ^ _0905_/S (sky130_fd_sc_hd__mux2_2)
                  0.04    0.14    0.54 ^ _0905_/X (sky130_fd_sc_hd__mux2_2)
     1    0.00                           _0426_ (net)
                  0.04    0.00    0.54 ^ _0906_/A (sky130_fd_sc_hd__buf_1)
                  0.04    0.07    0.61 ^ _0906_/X (sky130_fd_sc_hd__buf_1)
     1    0.00                           _0077_ (net)
                  0.04    0.00    0.61 ^ _1117_/D (sky130_fd_sc_hd__dfrtp_2)
                                  0.61   data arrival time

                  0.15    0.00    0.00   clock clk (rise edge)
                          0.00    0.00   clock network delay (ideal)
                          0.25    0.25   clock uncertainty
                          0.00    0.25   clock reconvergence pessimism
                                  0.25 ^ _1117_/CLK (sky130_fd_sc_hd__dfrtp_2)
                         -0.02    0.23   library hold time
                                  0.23   data required time
-----------------------------------------------------------------------------
                                  0.23   data required time
                                 -0.61   data arrival time
-----------------------------------------------------------------------------
                                  0.38   slack (MET)


Startpoint: _1171_ (rising edge-triggered flip-flop clocked by clk)
Endpoint: _1171_ (rising edge-triggered flip-flop clocked by clk)
Path Group: clk
Path Type: min

Fanout     Cap    Slew   Delay    Time   Description
-----------------------------------------------------------------------------
                  0.15    0.00    0.00   clock clk (rise edge)
                          0.00    0.00   clock network delay (ideal)
                  0.15    0.00    0.00 ^ _1171_/CLK (sky130_fd_sc_hd__dfrtp_2)
                  0.09    0.40    0.40 ^ _1171_/Q (sky130_fd_sc_hd__dfrtp_2)
     4    0.02                           spi_cmd_r[7] (net)
                  0.09    0.00    0.40 ^ _1034_/A0 (sky130_fd_sc_hd__mux2_2)
                  0.04    0.14    0.54 ^ _1034_/X (sky130_fd_sc_hd__mux2_2)
     1    0.00                           _0503_ (net)
                  0.04    0.00    0.54 ^ _1035_/A (sky130_fd_sc_hd__buf_1)
                  0.04    0.07    0.61 ^ _1035_/X (sky130_fd_sc_hd__buf_1)
     1    0.00                           _0129_ (net)
                  0.04    0.00    0.61 ^ _1171_/D (sky130_fd_sc_hd__dfrtp_2)
                                  0.61   data arrival time

                  0.15    0.00    0.00   clock clk (rise edge)
                          0.00    0.00   clock network delay (ideal)
                          0.25    0.25   clock uncertainty
                          0.00    0.25   clock reconvergence pessimism
                                  0.25 ^ _1171_/CLK (sky130_fd_sc_hd__dfrtp_2)
                         -0.02    0.23   library hold time
                                  0.23   data required time
-----------------------------------------------------------------------------
                                  0.23   data required time
                                 -0.61   data arrival time
-----------------------------------------------------------------------------
                                  0.38   slack (MET)


Startpoint: _1106_ (rising edge-triggered flip-flop clocked by clk)
Endpoint: _1106_ (rising edge-triggered flip-flop clocked by clk)
Path Group: clk
Path Type: min

Fanout     Cap    Slew   Delay    Time   Description
-----------------------------------------------------------------------------
                  0.15    0.00    0.00   clock clk (rise edge)
                          0.00    0.00   clock network delay (ideal)
                  0.15    0.00    0.00 ^ _1106_/CLK (sky130_fd_sc_hd__dfrtp_2)
                  0.04    0.36    0.36 ^ _1106_/Q (sky130_fd_sc_hd__dfrtp_2)
     2    0.00                           spi_lockout_timer[5] (net)
                  0.04    0.00    0.36 ^ _0710_/A1_N (sky130_fd_sc_hd__o2bb2a_2)
                  0.04    0.20    0.55 v _0710_/X (sky130_fd_sc_hd__o2bb2a_2)
     1    0.00                           _0292_ (net)
                  0.04    0.00    0.55 v _0711_/B (sky130_fd_sc_hd__nor2_2)
                  0.06    0.06    0.61 ^ _0711_/Y (sky130_fd_sc_hd__nor2_2)
     1    0.00                           _0015_ (net)
                  0.06    0.00    0.61 ^ _1106_/D (sky130_fd_sc_hd__dfrtp_2)
                                  0.61   data arrival time

                  0.15    0.00    0.00   clock clk (rise edge)
                          0.00    0.00   clock network delay (ideal)
                          0.25    0.25   clock uncertainty
                          0.00    0.25   clock reconvergence pessimism
                                  0.25 ^ _1106_/CLK (sky130_fd_sc_hd__dfrtp_2)
                         -0.02    0.23   library hold time
                                  0.23   data required time
-----------------------------------------------------------------------------
                                  0.23   data required time
                                 -0.61   data arrival time
-----------------------------------------------------------------------------
                                  0.38   slack (MET)


Startpoint: _1117_ (rising edge-triggered flip-flop clocked by clk)
Endpoint: _1111_ (rising edge-triggered flip-flop clocked by clk)
Path Group: clk
Path Type: min

Fanout     Cap    Slew   Delay    Time   Description
-----------------------------------------------------------------------------
                  0.15    0.00    0.00   clock clk (rise edge)
                          0.00    0.00   clock network delay (ideal)
                  0.15    0.00    0.00 ^ _1117_/CLK (sky130_fd_sc_hd__dfrtp_2)
                  0.09    0.40    0.40 ^ _1117_/Q (sky130_fd_sc_hd__dfrtp_2)
     5    0.01                           spi_fail_count[0] (net)
                  0.09    0.00    0.40 ^ _0702_/B (sky130_fd_sc_hd__nor4b_2)
                  0.10    0.11    0.51 v _0702_/Y (sky130_fd_sc_hd__nor4b_2)
     8    0.04                           _0286_ (net)
                  0.10    0.00    0.51 v _0728_/A (sky130_fd_sc_hd__nor2_2)
                  0.06    0.10    0.61 ^ _0728_/Y (sky130_fd_sc_hd__nor2_2)
     1    0.00                           _0005_ (net)
                  0.06    0.00    0.61 ^ _1111_/D (sky130_fd_sc_hd__dfrtp_2)
                                  0.61   data arrival time

                  0.15    0.00    0.00   clock clk (rise edge)
                          0.00    0.00   clock network delay (ideal)
                          0.25    0.25   clock uncertainty
                          0.00    0.25   clock reconvergence pessimism
                                  0.25 ^ _1111_/CLK (sky130_fd_sc_hd__dfrtp_2)
                         -0.02    0.23   library hold time
                                  0.23   data required time
-----------------------------------------------------------------------------
                                  0.23   data required time
                                 -0.61   data arrival time
-----------------------------------------------------------------------------
                                  0.39   slack (MET)


Startpoint: _1121_ (rising edge-triggered flip-flop clocked by clk)
Endpoint: _1121_ (rising edge-triggered flip-flop clocked by clk)
Path Group: clk
Path Type: min

Fanout     Cap    Slew   Delay    Time   Description
-----------------------------------------------------------------------------
                  0.15    0.00    0.00   clock clk (rise edge)
                          0.00    0.00   clock network delay (ideal)
                  0.15    0.00    0.00 ^ _1121_/CLK (sky130_fd_sc_hd__dfrtp_2)
                  0.09    0.40    0.40 ^ _1121_/Q (sky130_fd_sc_hd__dfrtp_2)
     4    0.02                           spi_bit_cnt[0] (net)
                  0.09    0.00    0.40 ^ _0911_/S (sky130_fd_sc_hd__mux2_2)
                  0.04    0.14    0.55 ^ _0911_/X (sky130_fd_sc_hd__mux2_2)
     1    0.00                           _0429_ (net)
                  0.04    0.00    0.55 ^ _0912_/A (sky130_fd_sc_hd__buf_1)
                  0.04    0.07    0.62 ^ _0912_/X (sky130_fd_sc_hd__buf_1)
     1    0.00                           _0080_ (net)
                  0.04    0.00    0.62 ^ _1121_/D (sky130_fd_sc_hd__dfrtp_2)
                                  0.62   data arrival time

                  0.15    0.00    0.00   clock clk (rise edge)
                          0.00    0.00   clock network delay (ideal)
                          0.25    0.25   clock uncertainty
                          0.00    0.25   clock reconvergence pessimism
                                  0.25 ^ _1121_/CLK (sky130_fd_sc_hd__dfrtp_2)
                         -0.02    0.23   library hold time
                                  0.23   data required time
-----------------------------------------------------------------------------
                                  0.23   data required time
                                 -0.62   data arrival time
-----------------------------------------------------------------------------
                                  0.39   slack (MET)


Startpoint: _1066_ (rising edge-triggered flip-flop clocked by clk)
Endpoint: _1066_ (rising edge-triggered flip-flop clocked by clk)
Path Group: clk
Path Type: min

Fanout     Cap    Slew   Delay    Time   Description
-----------------------------------------------------------------------------
                  0.15    0.00    0.00   clock clk (rise edge)
                          0.00    0.00   clock network delay (ideal)
                  0.15    0.00    0.00 ^ _1066_/CLK (sky130_fd_sc_hd__dfrtp_2)
                  0.10    0.41    0.41 ^ _1066_/Q (sky130_fd_sc_hd__dfrtp_2)
     6    0.02                           wifi_timeout[1] (net)
                  0.10    0.00    0.41 ^ _0799_/A1 (sky130_fd_sc_hd__mux2_2)
                  0.04    0.14    0.55 ^ _0799_/X (sky130_fd_sc_hd__mux2_2)
     1    0.00                           _0353_ (net)
                  0.04    0.00    0.55 ^ _0800_/A (sky130_fd_sc_hd__buf_1)
                  0.04    0.07    0.62 ^ _0800_/X (sky130_fd_sc_hd__buf_1)
     1    0.00                           _0044_ (net)
                  0.04    0.00    0.62 ^ _1066_/D (sky130_fd_sc_hd__dfrtp_2)
                                  0.62   data arrival time

                  0.15    0.00    0.00   clock clk (rise edge)
                          0.00    0.00   clock network delay (ideal)
                          0.25    0.25   clock uncertainty
                          0.00    0.25   clock reconvergence pessimism
                                  0.25 ^ _1066_/CLK (sky130_fd_sc_hd__dfrtp_2)
                         -0.02    0.23   library hold time
                                  0.23   data required time
-----------------------------------------------------------------------------
                                  0.23   data required time
                                 -0.62   data arrival time
-----------------------------------------------------------------------------
                                  0.39   slack (MET)


Startpoint: _1069_ (rising edge-triggered flip-flop clocked by clk)
Endpoint: _1069_ (rising edge-triggered flip-flop clocked by clk)
Path Group: clk
Path Type: min

Fanout     Cap    Slew   Delay    Time   Description
-----------------------------------------------------------------------------
                  0.15    0.00    0.00   clock clk (rise edge)
                          0.00    0.00   clock network delay (ideal)
                  0.15    0.00    0.00 ^ _1069_/CLK (sky130_fd_sc_hd__dfrtp_2)
                  0.10    0.41    0.41 ^ _1069_/Q (sky130_fd_sc_hd__dfrtp_2)
     6    0.02                           wifi_timeout[4] (net)
                  0.10    0.00    0.41 ^ _0813_/A1 (sky130_fd_sc_hd__mux2_2)
                  0.04    0.14    0.55 ^ _0813_/X (sky130_fd_sc_hd__mux2_2)
     1    0.00                           _0364_ (net)
                  0.04    0.00    0.55 ^ _0814_/A (sky130_fd_sc_hd__buf_1)
                  0.04    0.07    0.62 ^ _0814_/X (sky130_fd_sc_hd__buf_1)
     1    0.00                           _0047_ (net)
                  0.04    0.00    0.62 ^ _1069_/D (sky130_fd_sc_hd__dfrtp_2)
                                  0.62   data arrival time

                  0.15    0.00    0.00   clock clk (rise edge)
                          0.00    0.00   clock network delay (ideal)
                          0.25    0.25   clock uncertainty
                          0.00    0.25   clock reconvergence pessimism
                                  0.25 ^ _1069_/CLK (sky130_fd_sc_hd__dfrtp_2)
                         -0.02    0.23   library hold time
                                  0.23   data required time
-----------------------------------------------------------------------------
                                  0.23   data required time
                                 -0.62   data arrival time
-----------------------------------------------------------------------------
                                  0.39   slack (MET)


Startpoint: _1073_ (rising edge-triggered flip-flop clocked by clk)
Endpoint: _1073_ (rising edge-triggered flip-flop clocked by clk)
Path Group: clk
Path Type: min

Fanout     Cap    Slew   Delay    Time   Description
-----------------------------------------------------------------------------
                  0.15    0.00    0.00   clock clk (rise edge)
                          0.00    0.00   clock network delay (ideal)
                  0.15    0.00    0.00 ^ _1073_/CLK (sky130_fd_sc_hd__dfrtp_2)
                  0.10    0.41    0.41 ^ _1073_/Q (sky130_fd_sc_hd__dfrtp_2)
     6    0.02                           wifi_timeout[8] (net)
                  0.10    0.00    0.41 ^ _0832_/A1 (sky130_fd_sc_hd__mux2_2)
                  0.04    0.14    0.55 ^ _0832_/X (sky130_fd_sc_hd__mux2_2)
     1    0.00                           _0379_ (net)
                  0.04    0.00    0.55 ^ _0833_/A (sky130_fd_sc_hd__buf_1)
                  0.04    0.07    0.62 ^ _0833_/X (sky130_fd_sc_hd__buf_1)
     1    0.00                           _0051_ (net)
                  0.04    0.00    0.62 ^ _1073_/D (sky130_fd_sc_hd__dfrtp_2)
                                  0.62   data arrival time

                  0.15    0.00    0.00   clock clk (rise edge)
                          0.00    0.00   clock network delay (ideal)
                          0.25    0.25   clock uncertainty
                          0.00    0.25   clock reconvergence pessimism
                                  0.25 ^ _1073_/CLK (sky130_fd_sc_hd__dfrtp_2)
                         -0.02    0.23   library hold time
                                  0.23   data required time
-----------------------------------------------------------------------------
                                  0.23   data required time
                                 -0.62   data arrival time
-----------------------------------------------------------------------------
                                  0.39   slack (MET)


Startpoint: _1079_ (rising edge-triggered flip-flop clocked by clk)
Endpoint: _1079_ (rising edge-triggered flip-flop clocked by clk)
Path Group: clk
Path Type: min

Fanout     Cap    Slew   Delay    Time   Description
-----------------------------------------------------------------------------
                  0.15    0.00    0.00   clock clk (rise edge)
                          0.00    0.00   clock network delay (ideal)
                  0.15    0.00    0.00 ^ _1079_/CLK (sky130_fd_sc_hd__dfrtp_2)
                  0.11    0.41    0.41 ^ _1079_/Q (sky130_fd_sc_hd__dfrtp_2)
     6    0.02                           wifi_timeout[14] (net)
                  0.11    0.00    0.41 ^ _0859_/A1 (sky130_fd_sc_hd__mux2_2)
                  0.04    0.14    0.56 ^ _0859_/X (sky130_fd_sc_hd__mux2_2)
     1    0.00                           _0400_ (net)
                  0.04    0.00    0.56 ^ _0860_/A (sky130_fd_sc_hd__buf_1)
                  0.04    0.07    0.63 ^ _0860_/X (sky130_fd_sc_hd__buf_1)
     1    0.00                           _0057_ (net)
                  0.04    0.00    0.63 ^ _1079_/D (sky130_fd_sc_hd__dfrtp_2)
                                  0.63   data arrival time

                  0.15    0.00    0.00   clock clk (rise edge)
                          0.00    0.00   clock network delay (ideal)
                          0.25    0.25   clock uncertainty
                          0.00    0.25   clock reconvergence pessimism
                                  0.25 ^ _1079_/CLK (sky130_fd_sc_hd__dfrtp_2)
                         -0.02    0.23   library hold time
                                  0.23   data required time
-----------------------------------------------------------------------------
                                  0.23   data required time
                                 -0.63   data arrival time
-----------------------------------------------------------------------------
                                  0.39   slack (MET)


Startpoint: _1048_ (rising edge-triggered flip-flop clocked by clk)
Endpoint: _1048_ (rising edge-triggered flip-flop clocked by clk)
Path Group: clk
Path Type: min

Fanout     Cap    Slew   Delay    Time   Description
-----------------------------------------------------------------------------
                  0.15    0.00    0.00   clock clk (rise edge)
                          0.00    0.00   clock network delay (ideal)
                  0.15    0.00    0.00 ^ _1048_/CLK (sky130_fd_sc_hd__dfrtp_2)
                  0.06    0.38    0.38 ^ _1048_/Q (sky130_fd_sc_hd__dfrtp_2)
     3    0.01                           pulse_count[0] (net)
                  0.06    0.00    0.38 ^ _0768_/A_N (sky130_fd_sc_hd__and3b_2)
                  0.03    0.19    0.56 v _0768_/X (sky130_fd_sc_hd__and3b_2)
     1    0.00                           _0331_ (net)
                  0.03    0.00    0.56 v _0769_/A (sky130_fd_sc_hd__buf_1)
                  0.02    0.07    0.64 v _0769_/X (sky130_fd_sc_hd__buf_1)
     1    0.00                           _0035_ (net)
                  0.02    0.00    0.64 v _1048_/D (sky130_fd_sc_hd__dfrtp_2)
                                  0.64   data arrival time

                  0.15    0.00    0.00   clock clk (rise edge)
                          0.00    0.00   clock network delay (ideal)
                          0.25    0.25   clock uncertainty
                          0.00    0.25   clock reconvergence pessimism
                                  0.25 ^ _1048_/CLK (sky130_fd_sc_hd__dfrtp_2)
                         -0.01    0.24   library hold time
                                  0.24   data required time
-----------------------------------------------------------------------------
                                  0.24   data required time
                                 -0.64   data arrival time
-----------------------------------------------------------------------------
                                  0.40   slack (MET)


Startpoint: _1124_ (rising edge-triggered flip-flop clocked by clk)
Endpoint: _1124_ (rising edge-triggered flip-flop clocked by clk)
Path Group: clk
Path Type: min

Fanout     Cap    Slew   Delay    Time   Description
-----------------------------------------------------------------------------
                  0.15    0.00    0.00   clock clk (rise edge)
                          0.00    0.00   clock network delay (ideal)
                  0.15    0.00    0.00 ^ _1124_/CLK (sky130_fd_sc_hd__dfrtp_2)
                  0.11    0.41    0.41 ^ _1124_/Q (sky130_fd_sc_hd__dfrtp_2)
     6    0.02                           spi_byte_num[0] (net)
                  0.11    0.00    0.41 ^ _0919_/S (sky130_fd_sc_hd__mux2_2)
                  0.04    0.15    0.56 ^ _0919_/X (sky130_fd_sc_hd__mux2_2)
     1    0.00                           _0434_ (net)
                  0.04    0.00    0.56 ^ _0920_/A (sky130_fd_sc_hd__buf_1)
                  0.04    0.07    0.63 ^ _0920_/X (sky130_fd_sc_hd__buf_1)
     1    0.00                           _0083_ (net)
                  0.04    0.00    0.63 ^ _1124_/D (sky130_fd_sc_hd__dfrtp_2)
                                  0.63   data arrival time

                  0.15    0.00    0.00   clock clk (rise edge)
                          0.00    0.00   clock network delay (ideal)
                          0.25    0.25   clock uncertainty
                          0.00    0.25   clock reconvergence pessimism
                                  0.25 ^ _1124_/CLK (sky130_fd_sc_hd__dfrtp_2)
                         -0.02    0.23   library hold time
                                  0.23   data required time
-----------------------------------------------------------------------------
                                  0.23   data required time
                                 -0.63   data arrival time
-----------------------------------------------------------------------------
                                  0.40   slack (MET)


Startpoint: _1123_ (rising edge-triggered flip-flop clocked by clk)
Endpoint: _1168_ (rising edge-triggered flip-flop clocked by clk)
Path Group: clk
Path Type: min

Fanout     Cap    Slew   Delay    Time   Description
-----------------------------------------------------------------------------
                  0.15    0.00    0.00   clock clk (rise edge)
                          0.00    0.00   clock network delay (ideal)
                  0.15    0.00    0.00 ^ _1123_/CLK (sky130_fd_sc_hd__dfrtp_2)
                  0.06    0.43    0.43 v _1123_/Q (sky130_fd_sc_hd__dfrtp_2)
     5    0.01                           spi_bit_cnt[2] (net)
                  0.06    0.00    0.43 v _0747_/A (sky130_fd_sc_hd__nand2_2)
                  0.06    0.08    0.51 ^ _0747_/Y (sky130_fd_sc_hd__nand2_2)
     2    0.01                           _0317_ (net)
                  0.06    0.00    0.51 ^ _0749_/A (sky130_fd_sc_hd__nor2_2)
                  0.11    0.10    0.61 v _0749_/Y (sky130_fd_sc_hd__nor2_2)
    11    0.04                           _0020_ (net)
                  0.11    0.00    0.61 v _1168_/D (sky130_fd_sc_hd__dfrtp_2)
                                  0.61   data arrival time

                  0.15    0.00    0.00   clock clk (rise edge)
                          0.00    0.00   clock network delay (ideal)
                          0.25    0.25   clock uncertainty
                          0.00    0.25   clock reconvergence pessimism
                                  0.25 ^ _1168_/CLK (sky130_fd_sc_hd__dfrtp_2)
                         -0.04    0.21   library hold time
                                  0.21   data required time
-----------------------------------------------------------------------------
                                  0.21   data required time
                                 -0.61   data arrival time
-----------------------------------------------------------------------------
                                  0.41   slack (MET)


Startpoint: _1061_ (rising edge-triggered flip-flop clocked by clk)
Endpoint: _1061_ (rising edge-triggered flip-flop clocked by clk)
Path Group: clk
Path Type: min

Fanout     Cap    Slew   Delay    Time   Description
-----------------------------------------------------------------------------
                  0.15    0.00    0.00   clock clk (rise edge)
                          0.00    0.00   clock network delay (ideal)
                  0.15    0.00    0.00 ^ _1061_/CLK (sky130_fd_sc_hd__dfrtp_2)
                  0.05    0.36    0.36 ^ _1061_/Q (sky130_fd_sc_hd__dfrtp_2)
     2    0.00                           wifi_timeout_tick_count[5] (net)
                  0.05    0.00    0.36 ^ _0669_/B1 (sky130_fd_sc_hd__a21o_2)
                  0.02    0.07    0.43 ^ _0669_/X (sky130_fd_sc_hd__a21o_2)
     1    0.00                           _0259_ (net)
                  0.02    0.00    0.43 ^ _0670_/B (sky130_fd_sc_hd__and3b_2)
                  0.04    0.15    0.58 ^ _0670_/X (sky130_fd_sc_hd__and3b_2)
     1    0.00                           _0260_ (net)
                  0.04    0.00    0.58 ^ _0671_/A (sky130_fd_sc_hd__buf_1)
                  0.04    0.07    0.65 ^ _0671_/X (sky130_fd_sc_hd__buf_1)
     1    0.00                           _0027_ (net)
                  0.04    0.00    0.65 ^ _1061_/D (sky130_fd_sc_hd__dfrtp_2)
                                  0.65   data arrival time

                  0.15    0.00    0.00   clock clk (rise edge)
                          0.00    0.00   clock network delay (ideal)
                          0.25    0.25   clock uncertainty
                          0.00    0.25   clock reconvergence pessimism
                                  0.25 ^ _1061_/CLK (sky130_fd_sc_hd__dfrtp_2)
                         -0.02    0.23   library hold time
                                  0.23   data required time
-----------------------------------------------------------------------------
                                  0.23   data required time
                                 -0.65   data arrival time
-----------------------------------------------------------------------------
                                  0.42   slack (MET)


Startpoint: _1060_ (rising edge-triggered flip-flop clocked by clk)
Endpoint: _1060_ (rising edge-triggered flip-flop clocked by clk)
Path Group: clk
Path Type: min

Fanout     Cap    Slew   Delay    Time   Description
-----------------------------------------------------------------------------
                  0.15    0.00    0.00   clock clk (rise edge)
                          0.00    0.00   clock network delay (ideal)
                  0.15    0.00    0.00 ^ _1060_/CLK (sky130_fd_sc_hd__dfrtp_2)
                  0.07    0.38    0.38 ^ _1060_/Q (sky130_fd_sc_hd__dfrtp_2)
     4    0.01                           wifi_timeout_tick_count[4] (net)
                  0.07    0.00    0.38 ^ _0664_/A (sky130_fd_sc_hd__nand2_2)
                  0.03    0.04    0.42 v _0664_/Y (sky130_fd_sc_hd__nand2_2)
     1    0.00                           _0255_ (net)
                  0.03    0.00    0.42 v _0666_/B (sky130_fd_sc_hd__and3_2)
                  0.03    0.17    0.59 v _0666_/X (sky130_fd_sc_hd__and3_2)
     1    0.00                           _0257_ (net)
                  0.03    0.00    0.59 v _0667_/A (sky130_fd_sc_hd__buf_1)
                  0.02    0.08    0.67 v _0667_/X (sky130_fd_sc_hd__buf_1)
     1    0.00                           _0026_ (net)
                  0.02    0.00    0.67 v _1060_/D (sky130_fd_sc_hd__dfrtp_2)
                                  0.67   data arrival time

                  0.15    0.00    0.00   clock clk (rise edge)
                          0.00    0.00   clock network delay (ideal)
                          0.25    0.25   clock uncertainty
                          0.00    0.25   clock reconvergence pessimism
                                  0.25 ^ _1060_/CLK (sky130_fd_sc_hd__dfrtp_2)
                         -0.01    0.24   library hold time
                                  0.24   data required time
-----------------------------------------------------------------------------
                                  0.24   data required time
                                 -0.67   data arrival time
-----------------------------------------------------------------------------
                                  0.43   slack (MET)


Startpoint: _1059_ (rising edge-triggered flip-flop clocked by clk)
Endpoint: _1059_ (rising edge-triggered flip-flop clocked by clk)
Path Group: clk
Path Type: min

Fanout     Cap    Slew   Delay    Time   Description
-----------------------------------------------------------------------------
                  0.15    0.00    0.00   clock clk (rise edge)
                          0.00    0.00   clock network delay (ideal)
                  0.15    0.00    0.00 ^ _1059_/CLK (sky130_fd_sc_hd__dfrtp_2)
                  0.05    0.36    0.36 ^ _1059_/Q (sky130_fd_sc_hd__dfrtp_2)
     2    0.00                           wifi_timeout_tick_count[3] (net)
                  0.05    0.00    0.36 ^ _0661_/B1 (sky130_fd_sc_hd__a31o_2)
                  0.03    0.08    0.44 ^ _0661_/X (sky130_fd_sc_hd__a31o_2)
     1    0.00                           _0253_ (net)
                  0.03    0.00    0.44 ^ _0662_/B (sky130_fd_sc_hd__and3b_2)
                  0.04    0.15    0.59 ^ _0662_/X (sky130_fd_sc_hd__and3b_2)
     1    0.00                           _0254_ (net)
                  0.04    0.00    0.59 ^ _0663_/A (sky130_fd_sc_hd__buf_1)
                  0.04    0.07    0.66 ^ _0663_/X (sky130_fd_sc_hd__buf_1)
     1    0.00                           _0025_ (net)
                  0.04    0.00    0.66 ^ _1059_/D (sky130_fd_sc_hd__dfrtp_2)
                                  0.66   data arrival time

                  0.15    0.00    0.00   clock clk (rise edge)
                          0.00    0.00   clock network delay (ideal)
                          0.25    0.25   clock uncertainty
                          0.00    0.25   clock reconvergence pessimism
                                  0.25 ^ _1059_/CLK (sky130_fd_sc_hd__dfrtp_2)
                         -0.02    0.23   library hold time
                                  0.23   data required time
-----------------------------------------------------------------------------
                                  0.23   data required time
                                 -0.66   data arrival time
-----------------------------------------------------------------------------
                                  0.43   slack (MET)


Startpoint: _1169_ (rising edge-triggered flip-flop clocked by clk)
Endpoint: _1169_ (rising edge-triggered flip-flop clocked by clk)
Path Group: clk
Path Type: min

Fanout     Cap    Slew   Delay    Time   Description
-----------------------------------------------------------------------------
                  0.15    0.00    0.00   clock clk (rise edge)
                          0.00    0.00   clock network delay (ideal)
                  0.15    0.00    0.00 ^ _1169_/CLK (sky130_fd_sc_hd__dfrtp_2)
                  0.14    0.43    0.43 ^ _1169_/Q (sky130_fd_sc_hd__dfrtp_2)
     6    0.03                           spi_tag_match (net)
                  0.14    0.00    0.43 ^ _1031_/A0 (sky130_fd_sc_hd__mux2_2)
                  0.04    0.15    0.59 ^ _1031_/X (sky130_fd_sc_hd__mux2_2)
     1    0.00                           _0502_ (net)
                  0.04    0.00    0.59 ^ _1032_/A (sky130_fd_sc_hd__buf_1)
                  0.04    0.07    0.66 ^ _1032_/X (sky130_fd_sc_hd__buf_1)
     1    0.00                           _0127_ (net)
                  0.04    0.00    0.66 ^ _1169_/D (sky130_fd_sc_hd__dfrtp_2)
                                  0.66   data arrival time

                  0.15    0.00    0.00   clock clk (rise edge)
                          0.00    0.00   clock network delay (ideal)
                          0.25    0.25   clock uncertainty
                          0.00    0.25   clock reconvergence pessimism
                                  0.25 ^ _1169_/CLK (sky130_fd_sc_hd__dfrtp_2)
                         -0.02    0.23   library hold time
                                  0.23   data required time
-----------------------------------------------------------------------------
                                  0.23   data required time
                                 -0.66   data arrival time
-----------------------------------------------------------------------------
                                  0.43   slack (MET)


Startpoint: _1084_ (rising edge-triggered flip-flop clocked by clk)
Endpoint: _1084_ (rising edge-triggered flip-flop clocked by clk)
Path Group: clk
Path Type: min

Fanout     Cap    Slew   Delay    Time   Description
-----------------------------------------------------------------------------
                  0.15    0.00    0.00   clock clk (rise edge)
                          0.00    0.00   clock network delay (ideal)
                  0.15    0.00    0.00 ^ _1084_/CLK (sky130_fd_sc_hd__dfstp_2)
                  0.03    0.39    0.39 v _1084_/Q (sky130_fd_sc_hd__dfstp_2)
     3    0.01                           threshold_reg[3] (net)
                  0.03    0.00    0.39 v _0874_/A1 (sky130_fd_sc_hd__mux2_2)
                  0.04    0.24    0.62 v _0874_/X (sky130_fd_sc_hd__mux2_2)
     1    0.00                           _0410_ (net)
                  0.04    0.00    0.62 v _0875_/A (sky130_fd_sc_hd__buf_1)
                  0.03    0.08    0.70 v _0875_/X (sky130_fd_sc_hd__buf_1)
     1    0.00                           _0062_ (net)
                  0.03    0.00    0.70 v _1084_/D (sky130_fd_sc_hd__dfstp_2)
                                  0.70   data arrival time

                  0.15    0.00    0.00   clock clk (rise edge)
                          0.00    0.00   clock network delay (ideal)
                          0.25    0.25   clock uncertainty
                          0.00    0.25   clock reconvergence pessimism
                                  0.25 ^ _1084_/CLK (sky130_fd_sc_hd__dfstp_2)
                          0.02    0.27   library hold time
                                  0.27   data required time
-----------------------------------------------------------------------------
                                  0.27   data required time
                                 -0.70   data arrival time
-----------------------------------------------------------------------------
                                  0.43   slack (MET)


Startpoint: _1040_ (rising edge-triggered flip-flop clocked by clk)
Endpoint: _1040_ (rising edge-triggered flip-flop clocked by clk)
Path Group: clk
Path Type: min

Fanout     Cap    Slew   Delay    Time   Description
-----------------------------------------------------------------------------
                  0.15    0.00    0.00   clock clk (rise edge)
                          0.00    0.00   clock network delay (ideal)
                  0.15    0.00    0.00 ^ _1040_/CLK (sky130_fd_sc_hd__dfrtp_2)
                  0.09    0.39    0.39 ^ _1040_/Q (sky130_fd_sc_hd__dfrtp_2)
     4    0.01                           loop_inactive_cnt[1] (net)
                  0.09    0.00    0.39 ^ _0759_/A1 (sky130_fd_sc_hd__o21a_2)
                  0.03    0.12    0.51 ^ _0759_/X (sky130_fd_sc_hd__o21a_2)
     1    0.00                           _0325_ (net)
                  0.03    0.00    0.51 ^ _0760_/B (sky130_fd_sc_hd__or2_2)
                  0.03    0.08    0.60 ^ _0760_/X (sky130_fd_sc_hd__or2_2)
     1    0.00                           _0326_ (net)
                  0.03    0.00    0.60 ^ _0761_/A (sky130_fd_sc_hd__buf_1)
                  0.04    0.07    0.66 ^ _0761_/X (sky130_fd_sc_hd__buf_1)
     1    0.00                           _0032_ (net)
                  0.04    0.00    0.66 ^ _1040_/D (sky130_fd_sc_hd__dfrtp_2)
                                  0.66   data arrival time

                  0.15    0.00    0.00   clock clk (rise edge)
                          0.00    0.00   clock network delay (ideal)
                          0.25    0.25   clock uncertainty
                          0.00    0.25   clock reconvergence pessimism
                                  0.25 ^ _1040_/CLK (sky130_fd_sc_hd__dfrtp_2)
                         -0.02    0.23   library hold time
                                  0.23   data required time
-----------------------------------------------------------------------------
                                  0.23   data required time
                                 -0.66   data arrival time
-----------------------------------------------------------------------------
                                  0.43   slack (MET)


Startpoint: _1044_ (rising edge-triggered flip-flop clocked by clk)
Endpoint: _1049_ (rising edge-triggered flip-flop clocked by clk)
Path Group: clk
Path Type: min

Fanout     Cap    Slew   Delay    Time   Description
-----------------------------------------------------------------------------
                  0.15    0.00    0.00   clock clk (rise edge)
                          0.00    0.00   clock network delay (ideal)
                  0.15    0.00    0.00 ^ _1044_/CLK (sky130_fd_sc_hd__dfrtp_2)
                  0.04    0.35    0.35 ^ _1044_/Q (sky130_fd_sc_hd__dfrtp_2)
     2    0.00                           wifi_demand_d (net)
                  0.04    0.00    0.35 ^ _0766_/A (sky130_fd_sc_hd__or2b_2)
                  0.04    0.10    0.45 ^ _0766_/X (sky130_fd_sc_hd__or2b_2)
     3    0.01                           _0329_ (net)
                  0.04    0.00    0.45 ^ _0772_/A (sky130_fd_sc_hd__and3_2)
                  0.04    0.14    0.59 ^ _0772_/X (sky130_fd_sc_hd__and3_2)
     1    0.00                           _0334_ (net)
                  0.04    0.00    0.59 ^ _0773_/A (sky130_fd_sc_hd__buf_1)
                  0.04    0.07    0.67 ^ _0773_/X (sky130_fd_sc_hd__buf_1)
     1    0.00                           _0036_ (net)
                  0.04    0.00    0.67 ^ _1049_/D (sky130_fd_sc_hd__dfrtp_2)
                                  0.67   data arrival time

                  0.15    0.00    0.00   clock clk (rise edge)
                          0.00    0.00   clock network delay (ideal)
                          0.25    0.25   clock uncertainty
                          0.00    0.25   clock reconvergence pessimism
                                  0.25 ^ _1049_/CLK (sky130_fd_sc_hd__dfrtp_2)
                         -0.02    0.23   library hold time
                                  0.23   data required time
-----------------------------------------------------------------------------
                                  0.23   data required time
                                 -0.67   data arrival time
-----------------------------------------------------------------------------
                                  0.43   slack (MET)


Startpoint: _1044_ (rising edge-triggered flip-flop clocked by clk)
Endpoint: _1050_ (rising edge-triggered flip-flop clocked by clk)
Path Group: clk
Path Type: min

Fanout     Cap    Slew   Delay    Time   Description
-----------------------------------------------------------------------------
                  0.15    0.00    0.00   clock clk (rise edge)
                          0.00    0.00   clock network delay (ideal)
                  0.15    0.00    0.00 ^ _1044_/CLK (sky130_fd_sc_hd__dfrtp_2)
                  0.04    0.35    0.35 ^ _1044_/Q (sky130_fd_sc_hd__dfrtp_2)
     2    0.00                           wifi_demand_d (net)
                  0.04    0.00    0.35 ^ _0766_/A (sky130_fd_sc_hd__or2b_2)
                  0.04    0.10    0.45 ^ _0766_/X (sky130_fd_sc_hd__or2b_2)
     3    0.01                           _0329_ (net)
                  0.04    0.00    0.45 ^ _0775_/A (sky130_fd_sc_hd__and3_2)
                  0.04    0.14    0.59 ^ _0775_/X (sky130_fd_sc_hd__and3_2)
     1    0.00                           _0336_ (net)
                  0.04    0.00    0.59 ^ _0776_/A (sky130_fd_sc_hd__buf_1)
                  0.04    0.07    0.67 ^ _0776_/X (sky130_fd_sc_hd__buf_1)
     1    0.00                           _0037_ (net)
                  0.04    0.00    0.67 ^ _1050_/D (sky130_fd_sc_hd__dfrtp_2)
                                  0.67   data arrival time

                  0.15    0.00    0.00   clock clk (rise edge)
                          0.00    0.00   clock network delay (ideal)
                          0.25    0.25   clock uncertainty
                          0.00    0.25   clock reconvergence pessimism
                                  0.25 ^ _1050_/CLK (sky130_fd_sc_hd__dfrtp_2)
                         -0.02    0.23   library hold time
                                  0.23   data required time
-----------------------------------------------------------------------------
                                  0.23   data required time
                                 -0.67   data arrival time
-----------------------------------------------------------------------------
                                  0.44   slack (MET)


Startpoint: _1062_ (rising edge-triggered flip-flop clocked by clk)
Endpoint: _1062_ (rising edge-triggered flip-flop clocked by clk)
Path Group: clk
Path Type: min

Fanout     Cap    Slew   Delay    Time   Description
-----------------------------------------------------------------------------
                  0.15    0.00    0.00   clock clk (rise edge)
                          0.00    0.00   clock network delay (ideal)
                  0.15    0.00    0.00 ^ _1062_/CLK (sky130_fd_sc_hd__dfrtp_2)
                  0.04    0.35    0.35 ^ _1062_/Q (sky130_fd_sc_hd__dfrtp_2)
     2    0.00                           wifi_timeout_tick_count[6] (net)
                  0.04    0.00    0.35 ^ _0673_/A (sky130_fd_sc_hd__or2_2)
                  0.03    0.09    0.44 ^ _0673_/X (sky130_fd_sc_hd__or2_2)
     1    0.00                           _0262_ (net)
                  0.03    0.00    0.44 ^ _0674_/C (sky130_fd_sc_hd__and3b_2)
                  0.04    0.16    0.59 ^ _0674_/X (sky130_fd_sc_hd__and3b_2)
     1    0.00                           _0263_ (net)
                  0.04    0.00    0.59 ^ _0675_/A (sky130_fd_sc_hd__buf_1)
                  0.04    0.07    0.67 ^ _0675_/X (sky130_fd_sc_hd__buf_1)
     1    0.00                           _0028_ (net)
                  0.04    0.00    0.67 ^ _1062_/D (sky130_fd_sc_hd__dfrtp_2)
                                  0.67   data arrival time

                  0.15    0.00    0.00   clock clk (rise edge)
                          0.00    0.00   clock network delay (ideal)
                          0.25    0.25   clock uncertainty
                          0.00    0.25   clock reconvergence pessimism
                                  0.25 ^ _1062_/CLK (sky130_fd_sc_hd__dfrtp_2)
                         -0.02    0.23   library hold time
                                  0.23   data required time
-----------------------------------------------------------------------------
                                  0.23   data required time
                                 -0.67   data arrival time
-----------------------------------------------------------------------------
                                  0.44   slack (MET)


Startpoint: _1150_ (rising edge-triggered flip-flop clocked by clk)
Endpoint: _1054_ (rising edge-triggered flip-flop clocked by clk)
Path Group: clk
Path Type: min

Fanout     Cap    Slew   Delay    Time   Description
-----------------------------------------------------------------------------
                  0.15    0.00    0.00   clock clk (rise edge)
                          0.00    0.00   clock network delay (ideal)
                  0.15    0.00    0.00 ^ _1150_/CLK (sky130_fd_sc_hd__dfrtp_2)
                  0.05    0.36    0.36 ^ _1150_/Q (sky130_fd_sc_hd__dfrtp_2)
     2    0.00                           spi_dat_r[2] (net)
                  0.05    0.00    0.36 ^ _0787_/A1 (sky130_fd_sc_hd__mux2_2)
                  0.03    0.12    0.48 ^ _0787_/X (sky130_fd_sc_hd__mux2_2)
     1    0.00                           _0344_ (net)
                  0.03    0.00    0.48 ^ _0788_/A0 (sky130_fd_sc_hd__mux2_2)
                  0.04    0.12    0.60 ^ _0788_/X (sky130_fd_sc_hd__mux2_2)
     1    0.00                           _0345_ (net)
                  0.04    0.00    0.60 ^ _0789_/A (sky130_fd_sc_hd__buf_1)
                  0.04    0.07    0.67 ^ _0789_/X (sky130_fd_sc_hd__buf_1)
     1    0.00                           _0041_ (net)
                  0.04    0.00    0.67 ^ _1054_/D (sky130_fd_sc_hd__dfrtp_2)
                                  0.67   data arrival time

                  0.15    0.00    0.00   clock clk (rise edge)
                          0.00    0.00   clock network delay (ideal)
                          0.25    0.25   clock uncertainty
                          0.00    0.25   clock reconvergence pessimism
                                  0.25 ^ _1054_/CLK (sky130_fd_sc_hd__dfrtp_2)
                         -0.02    0.23   library hold time
                                  0.23   data required time
-----------------------------------------------------------------------------
                                  0.23   data required time
                                 -0.67   data arrival time
-----------------------------------------------------------------------------
                                  0.44   slack (MET)


Startpoint: _1151_ (rising edge-triggered flip-flop clocked by clk)
Endpoint: _1055_ (rising edge-triggered flip-flop clocked by clk)
Path Group: clk
Path Type: min

Fanout     Cap    Slew   Delay    Time   Description
-----------------------------------------------------------------------------
                  0.15    0.00    0.00   clock clk (rise edge)
                          0.00    0.00   clock network delay (ideal)
                  0.15    0.00    0.00 ^ _1151_/CLK (sky130_fd_sc_hd__dfrtp_2)
                  0.05    0.36    0.36 ^ _1151_/Q (sky130_fd_sc_hd__dfrtp_2)
     2    0.00                           spi_dat_r[3] (net)
                  0.05    0.00    0.36 ^ _0790_/A1 (sky130_fd_sc_hd__mux2_2)
                  0.03    0.12    0.48 ^ _0790_/X (sky130_fd_sc_hd__mux2_2)
     1    0.00                           _0346_ (net)
                  0.03    0.00    0.48 ^ _0791_/A0 (sky130_fd_sc_hd__mux2_2)
                  0.04    0.12    0.60 ^ _0791_/X (sky130_fd_sc_hd__mux2_2)
     1    0.00                           _0347_ (net)
                  0.04    0.00    0.60 ^ _0792_/A (sky130_fd_sc_hd__buf_1)
                  0.04    0.07    0.67 ^ _0792_/X (sky130_fd_sc_hd__buf_1)
     1    0.00                           _0042_ (net)
                  0.04    0.00    0.67 ^ _1055_/D (sky130_fd_sc_hd__dfrtp_2)
                                  0.67   data arrival time

                  0.15    0.00    0.00   clock clk (rise edge)
                          0.00    0.00   clock network delay (ideal)
                          0.25    0.25   clock uncertainty
                          0.00    0.25   clock reconvergence pessimism
                                  0.25 ^ _1055_/CLK (sky130_fd_sc_hd__dfrtp_2)
                         -0.02    0.23   library hold time
                                  0.23   data required time
-----------------------------------------------------------------------------
                                  0.23   data required time
                                 -0.67   data arrival time
-----------------------------------------------------------------------------
                                  0.44   slack (MET)


Startpoint: _1149_ (rising edge-triggered flip-flop clocked by clk)
Endpoint: _1053_ (rising edge-triggered flip-flop clocked by clk)
Path Group: clk
Path Type: min

Fanout     Cap    Slew   Delay    Time   Description
-----------------------------------------------------------------------------
                  0.15    0.00    0.00   clock clk (rise edge)
                          0.00    0.00   clock network delay (ideal)
                  0.15    0.00    0.00 ^ _1149_/CLK (sky130_fd_sc_hd__dfrtp_2)
                  0.05    0.36    0.36 ^ _1149_/Q (sky130_fd_sc_hd__dfrtp_2)
     2    0.01                           spi_dat_r[1] (net)
                  0.05    0.00    0.36 ^ _0784_/A1 (sky130_fd_sc_hd__mux2_2)
                  0.03    0.12    0.49 ^ _0784_/X (sky130_fd_sc_hd__mux2_2)
     1    0.00                           _0342_ (net)
                  0.03    0.00    0.49 ^ _0785_/A0 (sky130_fd_sc_hd__mux2_2)
                  0.04    0.12    0.61 ^ _0785_/X (sky130_fd_sc_hd__mux2_2)
     1    0.00                           _0343_ (net)
                  0.04    0.00    0.61 ^ _0786_/A (sky130_fd_sc_hd__buf_1)
                  0.04    0.07    0.68 ^ _0786_/X (sky130_fd_sc_hd__buf_1)
     1    0.00                           _0040_ (net)
                  0.04    0.00    0.68 ^ _1053_/D (sky130_fd_sc_hd__dfrtp_2)
                                  0.68   data arrival time

                  0.15    0.00    0.00   clock clk (rise edge)
                          0.00    0.00   clock network delay (ideal)
                          0.25    0.25   clock uncertainty
                          0.00    0.25   clock reconvergence pessimism
                                  0.25 ^ _1053_/CLK (sky130_fd_sc_hd__dfrtp_2)
                         -0.02    0.23   library hold time
                                  0.23   data required time
-----------------------------------------------------------------------------
                                  0.23   data required time
                                 -0.68   data arrival time
-----------------------------------------------------------------------------
                                  0.44   slack (MET)


Startpoint: _1148_ (rising edge-triggered flip-flop clocked by clk)
Endpoint: _1052_ (rising edge-triggered flip-flop clocked by clk)
Path Group: clk
Path Type: min

Fanout     Cap    Slew   Delay    Time   Description
-----------------------------------------------------------------------------
                  0.15    0.00    0.00   clock clk (rise edge)
                          0.00    0.00   clock network delay (ideal)
                  0.15    0.00    0.00 ^ _1148_/CLK (sky130_fd_sc_hd__dfrtp_2)
                  0.05    0.36    0.36 ^ _1148_/Q (sky130_fd_sc_hd__dfrtp_2)
     2    0.01                           spi_dat_r[0] (net)
                  0.05    0.00    0.36 ^ _0781_/A1 (sky130_fd_sc_hd__mux2_2)
                  0.04    0.12    0.49 ^ _0781_/X (sky130_fd_sc_hd__mux2_2)
     1    0.00                           _0340_ (net)
                  0.04    0.00    0.49 ^ _0782_/A0 (sky130_fd_sc_hd__mux2_2)
                  0.04    0.12    0.61 ^ _0782_/X (sky130_fd_sc_hd__mux2_2)
     1    0.00                           _0341_ (net)
                  0.04    0.00    0.61 ^ _0783_/A (sky130_fd_sc_hd__buf_1)
                  0.04    0.07    0.68 ^ _0783_/X (sky130_fd_sc_hd__buf_1)
     1    0.00                           _0039_ (net)
                  0.04    0.00    0.68 ^ _1052_/D (sky130_fd_sc_hd__dfrtp_2)
                                  0.68   data arrival time

                  0.15    0.00    0.00   clock clk (rise edge)
                          0.00    0.00   clock network delay (ideal)
                          0.25    0.25   clock uncertainty
                          0.00    0.25   clock reconvergence pessimism
                                  0.25 ^ _1052_/CLK (sky130_fd_sc_hd__dfrtp_2)
                         -0.02    0.23   library hold time
                                  0.23   data required time
-----------------------------------------------------------------------------
                                  0.23   data required time
                                 -0.68   data arrival time
-----------------------------------------------------------------------------
                                  0.45   slack (MET)


Startpoint: _1080_ (rising edge-triggered flip-flop clocked by clk)
Endpoint: _1064_ (rising edge-triggered flip-flop clocked by clk)
Path Group: clk
Path Type: min

Fanout     Cap    Slew   Delay    Time   Description
-----------------------------------------------------------------------------
                  0.15    0.00    0.00   clock clk (rise edge)
                          0.00    0.00   clock network delay (ideal)
                  0.15    0.00    0.00 ^ _1080_/CLK (sky130_fd_sc_hd__dfrtp_2)
                  0.07    0.39    0.39 ^ _1080_/Q (sky130_fd_sc_hd__dfrtp_2)
     4    0.01                           wifi_timeout[15] (net)
                  0.07    0.00    0.39 ^ _0677_/A (sky130_fd_sc_hd__or3_2)
                  0.06    0.13    0.52 ^ _0677_/X (sky130_fd_sc_hd__or3_2)
     3    0.01                           _0265_ (net)
                  0.06    0.00    0.52 ^ _0750_/C (sky130_fd_sc_hd__or3_2)
                  0.03    0.10    0.61 ^ _0750_/X (sky130_fd_sc_hd__or3_2)
     1    0.00                           _0319_ (net)
                  0.03    0.00    0.61 ^ _0751_/A (sky130_fd_sc_hd__buf_1)
                  0.04    0.07    0.68 ^ _0751_/X (sky130_fd_sc_hd__buf_1)
     1    0.00                           _0030_ (net)
                  0.04    0.00    0.68 ^ _1064_/D (sky130_fd_sc_hd__dfrtp_2)
                                  0.68   data arrival time

                  0.15    0.00    0.00   clock clk (rise edge)
                          0.00    0.00   clock network delay (ideal)
                          0.25    0.25   clock uncertainty
                          0.00    0.25   clock reconvergence pessimism
                                  0.25 ^ _1064_/CLK (sky130_fd_sc_hd__dfrtp_2)
                         -0.02    0.23   library hold time
                                  0.23   data required time
-----------------------------------------------------------------------------
                                  0.23   data required time
                                 -0.68   data arrival time
-----------------------------------------------------------------------------
                                  0.45   slack (MET)


Startpoint: _1058_ (rising edge-triggered flip-flop clocked by clk)
Endpoint: _1058_ (rising edge-triggered flip-flop clocked by clk)
Path Group: clk
Path Type: min

Fanout     Cap    Slew   Delay    Time   Description
-----------------------------------------------------------------------------
                  0.15    0.00    0.00   clock clk (rise edge)
                          0.00    0.00   clock network delay (ideal)
                  0.15    0.00    0.00 ^ _1058_/CLK (sky130_fd_sc_hd__dfrtp_2)
                  0.08    0.39    0.39 ^ _1058_/Q (sky130_fd_sc_hd__dfrtp_2)
     4    0.01                           wifi_timeout_tick_count[2] (net)
                  0.08    0.00    0.39 ^ _0656_/B1 (sky130_fd_sc_hd__a21o_2)
                  0.02    0.08    0.47 ^ _0656_/X (sky130_fd_sc_hd__a21o_2)
     1    0.00                           _0249_ (net)
                  0.02    0.00    0.47 ^ _0658_/B (sky130_fd_sc_hd__and3_2)
                  0.04    0.14    0.61 ^ _0658_/X (sky130_fd_sc_hd__and3_2)
     1    0.00                           _0251_ (net)
                  0.04    0.00    0.61 ^ _0659_/A (sky130_fd_sc_hd__buf_1)
                  0.04    0.07    0.69 ^ _0659_/X (sky130_fd_sc_hd__buf_1)
     1    0.00                           _0024_ (net)
                  0.04    0.00    0.69 ^ _1058_/D (sky130_fd_sc_hd__dfrtp_2)
                                  0.69   data arrival time

                  0.15    0.00    0.00   clock clk (rise edge)
                          0.00    0.00   clock network delay (ideal)
                          0.25    0.25   clock uncertainty
                          0.00    0.25   clock reconvergence pessimism
                                  0.25 ^ _1058_/CLK (sky130_fd_sc_hd__dfrtp_2)
                         -0.02    0.23   library hold time
                                  0.23   data required time
-----------------------------------------------------------------------------
                                  0.23   data required time
                                 -0.69   data arrival time
-----------------------------------------------------------------------------
                                  0.46   slack (MET)


Startpoint: _1056_ (rising edge-triggered flip-flop clocked by clk)
Endpoint: _1056_ (rising edge-triggered flip-flop clocked by clk)
Path Group: clk
Path Type: min

Fanout     Cap    Slew   Delay    Time   Description
-----------------------------------------------------------------------------
                  0.15    0.00    0.00   clock clk (rise edge)
                          0.00    0.00   clock network delay (ideal)
                  0.15    0.00    0.00 ^ _1056_/CLK (sky130_fd_sc_hd__dfrtp_2)
                  0.11    0.41    0.41 ^ _1056_/Q (sky130_fd_sc_hd__dfrtp_2)
     7    0.02                           wifi_timeout_tick_count[0] (net)
                  0.11    0.00    0.41 ^ _0650_/A_N (sky130_fd_sc_hd__and2b_2)
                  0.03    0.21    0.62 v _0650_/X (sky130_fd_sc_hd__and2b_2)
     1    0.00                           _0245_ (net)
                  0.03    0.00    0.62 v _0651_/A (sky130_fd_sc_hd__buf_1)
                  0.02    0.08    0.70 v _0651_/X (sky130_fd_sc_hd__buf_1)
     1    0.00                           _0022_ (net)
                  0.02    0.00    0.70 v _1056_/D (sky130_fd_sc_hd__dfrtp_2)
                                  0.70   data arrival time

                  0.15    0.00    0.00   clock clk (rise edge)
                          0.00    0.00   clock network delay (ideal)
                          0.25    0.25   clock uncertainty
                          0.00    0.25   clock reconvergence pessimism
                                  0.25 ^ _1056_/CLK (sky130_fd_sc_hd__dfrtp_2)
                         -0.01    0.24   library hold time
                                  0.24   data required time
-----------------------------------------------------------------------------
                                  0.24   data required time
                                 -0.70   data arrival time
-----------------------------------------------------------------------------
                                  0.46   slack (MET)


Startpoint: _1057_ (rising edge-triggered flip-flop clocked by clk)
Endpoint: _1057_ (rising edge-triggered flip-flop clocked by clk)
Path Group: clk
Path Type: min

Fanout     Cap    Slew   Delay    Time   Description
-----------------------------------------------------------------------------
                  0.15    0.00    0.00   clock clk (rise edge)
                          0.00    0.00   clock network delay (ideal)
                  0.15    0.00    0.00 ^ _1057_/CLK (sky130_fd_sc_hd__dfrtp_2)
                  0.10    0.41    0.41 ^ _1057_/Q (sky130_fd_sc_hd__dfrtp_2)
     6    0.02                           wifi_timeout_tick_count[1] (net)
                  0.10    0.00    0.41 ^ _0653_/A (sky130_fd_sc_hd__nand2_2)
                  0.03    0.04    0.45 v _0653_/Y (sky130_fd_sc_hd__nand2_2)
     1    0.00                           _0247_ (net)
                  0.03    0.00    0.45 v _0654_/C (sky130_fd_sc_hd__and3_2)
                  0.03    0.18    0.63 v _0654_/X (sky130_fd_sc_hd__and3_2)
     1    0.00                           _0248_ (net)
                  0.03    0.00    0.63 v _0655_/A (sky130_fd_sc_hd__buf_1)
                  0.02    0.08    0.71 v _0655_/X (sky130_fd_sc_hd__buf_1)
     1    0.00                           _0023_ (net)
                  0.02    0.00    0.71 v _1057_/D (sky130_fd_sc_hd__dfrtp_2)
                                  0.71   data arrival time

                  0.15    0.00    0.00   clock clk (rise edge)
                          0.00    0.00   clock network delay (ideal)
                          0.25    0.25   clock uncertainty
                          0.00    0.25   clock reconvergence pessimism
                                  0.25 ^ _1057_/CLK (sky130_fd_sc_hd__dfrtp_2)
                         -0.01    0.24   library hold time
                                  0.24   data required time
-----------------------------------------------------------------------------
                                  0.24   data required time
                                 -0.71   data arrival time
-----------------------------------------------------------------------------
                                  0.47   slack (MET)


Startpoint: _1063_ (rising edge-triggered flip-flop clocked by clk)
Endpoint: _1063_ (rising edge-triggered flip-flop clocked by clk)
Path Group: clk
Path Type: min

Fanout     Cap    Slew   Delay    Time   Description
-----------------------------------------------------------------------------
                  0.15    0.00    0.00   clock clk (rise edge)
                          0.00    0.00   clock network delay (ideal)
                  0.15    0.00    0.00 ^ _1063_/CLK (sky130_fd_sc_hd__dfrtp_2)
                  0.08    0.39    0.39 ^ _1063_/Q (sky130_fd_sc_hd__dfrtp_2)
     3    0.01                           wifi_timeout_tick_count[7] (net)
                  0.08    0.00    0.39 ^ _0676_/A (sky130_fd_sc_hd__nand2_2)
                  0.03    0.05    0.44 v _0676_/Y (sky130_fd_sc_hd__nand2_2)
     2    0.00                           _0264_ (net)
                  0.03    0.00    0.44 v _0679_/C (sky130_fd_sc_hd__and4bb_2)
                  0.04    0.19    0.63 v _0679_/X (sky130_fd_sc_hd__and4bb_2)
     1    0.00                           _0267_ (net)
                  0.04    0.00    0.63 v _0680_/A (sky130_fd_sc_hd__buf_1)
                  0.02    0.08    0.71 v _0680_/X (sky130_fd_sc_hd__buf_1)
     1    0.00                           _0029_ (net)
                  0.02    0.00    0.71 v _1063_/D (sky130_fd_sc_hd__dfrtp_2)
                                  0.71   data arrival time

                  0.15    0.00    0.00   clock clk (rise edge)
                          0.00    0.00   clock network delay (ideal)
                          0.25    0.25   clock uncertainty
                          0.00    0.25   clock reconvergence pessimism
                                  0.25 ^ _1063_/CLK (sky130_fd_sc_hd__dfrtp_2)
                         -0.01    0.24   library hold time
                                  0.24   data required time
-----------------------------------------------------------------------------
                                  0.24   data required time
                                 -0.71   data arrival time
-----------------------------------------------------------------------------
                                  0.47   slack (MET)


Startpoint: _1109_ (rising edge-triggered flip-flop clocked by clk)
Endpoint: _1109_ (rising edge-triggered flip-flop clocked by clk)
Path Group: clk
Path Type: min

Fanout     Cap    Slew   Delay    Time   Description
-----------------------------------------------------------------------------
                  0.15    0.00    0.00   clock clk (rise edge)
                          0.00    0.00   clock network delay (ideal)
                  0.15    0.00    0.00 ^ _1109_/CLK (sky130_fd_sc_hd__dfrtp_2)
                  0.09    0.40    0.40 ^ _1109_/Q (sky130_fd_sc_hd__dfrtp_2)
     4    0.01                           spi_lockout_timer[8] (net)
                  0.09    0.00    0.40 ^ _0720_/A1 (sky130_fd_sc_hd__a22o_2)
                  0.03    0.13    0.53 ^ _0720_/X (sky130_fd_sc_hd__a22o_2)
     1    0.00                           _0299_ (net)
                  0.03    0.00    0.53 ^ _0721_/B (sky130_fd_sc_hd__and2_2)
                  0.04    0.12    0.64 ^ _0721_/X (sky130_fd_sc_hd__and2_2)
     1    0.00                           _0300_ (net)
                  0.04    0.00    0.64 ^ _0722_/A (sky130_fd_sc_hd__buf_1)
                  0.04    0.07    0.71 ^ _0722_/X (sky130_fd_sc_hd__buf_1)
     1    0.00                           _0018_ (net)
                  0.04    0.00    0.71 ^ _1109_/D (sky130_fd_sc_hd__dfrtp_2)
                                  0.71   data arrival time

                  0.15    0.00    0.00   clock clk (rise edge)
                          0.00    0.00   clock network delay (ideal)
                          0.25    0.25   clock uncertainty
                          0.00    0.25   clock reconvergence pessimism
                                  0.25 ^ _1109_/CLK (sky130_fd_sc_hd__dfrtp_2)
                         -0.02    0.23   library hold time
                                  0.23   data required time
-----------------------------------------------------------------------------
                                  0.23   data required time
                                 -0.71   data arrival time
-----------------------------------------------------------------------------
                                  0.48   slack (MET)


Startpoint: _1111_ (rising edge-triggered flip-flop clocked by clk)
Endpoint: _1100_ (rising edge-triggered flip-flop clocked by clk)
Path Group: clk
Path Type: min

Fanout     Cap    Slew   Delay    Time   Description
-----------------------------------------------------------------------------
                  0.15    0.00    0.00   clock clk (rise edge)
                          0.00    0.00   clock network delay (ideal)
                  0.15    0.00    0.00 ^ _1111_/CLK (sky130_fd_sc_hd__dfrtp_2)
                  0.06    0.38    0.38 ^ _1111_/Q (sky130_fd_sc_hd__dfrtp_2)
     3    0.01                           spi_lockout_timer[10] (net)
                  0.06    0.00    0.38 ^ _0684_/D (sky130_fd_sc_hd__nor4_2)
                  0.03    0.05    0.42 v _0684_/Y (sky130_fd_sc_hd__nor4_2)
     3    0.01                           _0271_ (net)
                  0.03    0.00    0.42 v _0694_/A2 (sky130_fd_sc_hd__a41o_2)
                  0.09    0.28    0.70 v _0694_/X (sky130_fd_sc_hd__a41o_2)
     8    0.03                           _0280_ (net)
                  0.09    0.00    0.70 v _0744_/B (sky130_fd_sc_hd__nand2_2)
                  0.04    0.07    0.77 ^ _0744_/Y (sky130_fd_sc_hd__nand2_2)
     1    0.00                           _0003_ (net)
                  0.04    0.00    0.77 ^ _1100_/D (sky130_fd_sc_hd__dfrtp_2)
                                  0.77   data arrival time

                  0.15    0.00    0.00   clock clk (rise edge)
                          0.00    0.00   clock network delay (ideal)
                          0.25    0.25   clock uncertainty
                          0.00    0.25   clock reconvergence pessimism
                                  0.25 ^ _1100_/CLK (sky130_fd_sc_hd__dfrtp_2)
                         -0.02    0.23   library hold time
                                  0.23   data required time
-----------------------------------------------------------------------------
                                  0.23   data required time
                                 -0.77   data arrival time
-----------------------------------------------------------------------------
                                  0.54   slack (MET)


Startpoint: _1169_ (rising edge-triggered flip-flop clocked by clk)
Endpoint: _1098_ (rising edge-triggered flip-flop clocked by clk)
Path Group: clk
Path Type: min

Fanout     Cap    Slew   Delay    Time   Description
-----------------------------------------------------------------------------
                  0.15    0.00    0.00   clock clk (rise edge)
                          0.00    0.00   clock network delay (ideal)
                  0.15    0.00    0.00 ^ _1169_/CLK (sky130_fd_sc_hd__dfrtp_2)
                  0.09    0.46    0.46 v _1169_/Q (sky130_fd_sc_hd__dfrtp_2)
     6    0.02                           spi_tag_match (net)
                  0.09    0.00    0.46 v _0527_/B (sky130_fd_sc_hd__and3_2)
                  0.04    0.20    0.66 v _0527_/X (sky130_fd_sc_hd__and3_2)
     1    0.00                           _0152_ (net)
                  0.04    0.00    0.66 v _0528_/B1 (sky130_fd_sc_hd__o31a_2)
                  0.05    0.12    0.78 v _0528_/X (sky130_fd_sc_hd__o31a_2)
     4    0.01                           _0153_ (net)
                  0.05    0.00    0.78 v _0529_/A (sky130_fd_sc_hd__buf_1)
                  0.33    0.30    1.09 v _0529_/X (sky130_fd_sc_hd__buf_1)
    16    0.06                           _0002_ (net)
                  0.33    0.00    1.09 v _1098_/D (sky130_fd_sc_hd__dfrtp_2)
                                  1.09   data arrival time

                  0.15    0.00    0.00   clock clk (rise edge)
                          0.00    0.00   clock network delay (ideal)
                          0.25    0.25   clock uncertainty
                          0.00    0.25   clock reconvergence pessimism
                                  0.25 ^ _1098_/CLK (sky130_fd_sc_hd__dfrtp_2)
                         -0.13    0.12   library hold time
                                  0.12   data required time
-----------------------------------------------------------------------------
                                  0.12   data required time
                                 -1.09   data arrival time
-----------------------------------------------------------------------------
                                  0.97   slack (MET)


Startpoint: ui_in[2] (input port clocked by clk)
Endpoint: _1174_ (rising edge-triggered flip-flop clocked by clk)
Path Group: clk
Path Type: min

Fanout     Cap    Slew   Delay    Time   Description
-----------------------------------------------------------------------------
                  0.15    0.00    0.00   clock clk (rise edge)
                          0.00    0.00   clock network delay (ideal)
                          2.00    2.00 v input external delay
                  0.02    0.01    2.01 v ui_in[2] (in)
     1    0.01                           ui_in[2] (net)
                  0.02    0.00    2.01 v _1174_/D (sky130_fd_sc_hd__dfstp_2)
                                  2.01   data arrival time

                  0.15    0.00    0.00   clock clk (rise edge)
                          0.00    0.00   clock network delay (ideal)
                          0.25    0.25   clock uncertainty
                          0.00    0.25   clock reconvergence pessimism
                                  0.25 ^ _1174_/CLK (sky130_fd_sc_hd__dfstp_2)
                          0.02    0.27   library hold time
                                  0.27   data required time
-----------------------------------------------------------------------------
                                  0.27   data required time
                                 -2.01   data arrival time
-----------------------------------------------------------------------------
                                  1.74   slack (MET)


Startpoint: ui_in[3] (input port clocked by clk)
Endpoint: _1176_ (rising edge-triggered flip-flop clocked by clk)
Path Group: clk
Path Type: min

Fanout     Cap    Slew   Delay    Time   Description
-----------------------------------------------------------------------------
                  0.15    0.00    0.00   clock clk (rise edge)
                          0.00    0.00   clock network delay (ideal)
                          2.00    2.00 v input external delay
                  0.02    0.01    2.01 v ui_in[3] (in)
     1    0.01                           ui_in[3] (net)
                  0.02    0.00    2.01 v _1176_/D (sky130_fd_sc_hd__dfrtp_2)
                                  2.01   data arrival time

                  0.15    0.00    0.00   clock clk (rise edge)
                          0.00    0.00   clock network delay (ideal)
                          0.25    0.25   clock uncertainty
                          0.00    0.25   clock reconvergence pessimism
                                  0.25 ^ _1176_/CLK (sky130_fd_sc_hd__dfrtp_2)
                         -0.01    0.24   library hold time
                                  0.24   data required time
-----------------------------------------------------------------------------
                                  0.24   data required time
                                 -2.01   data arrival time
-----------------------------------------------------------------------------
                                  1.77   slack (MET)


Startpoint: ui_in[1] (input port clocked by clk)
Endpoint: _1172_ (rising edge-triggered flip-flop clocked by clk)
Path Group: clk
Path Type: min

Fanout     Cap    Slew   Delay    Time   Description
-----------------------------------------------------------------------------
                  0.15    0.00    0.00   clock clk (rise edge)
                          0.00    0.00   clock network delay (ideal)
                          2.00    2.00 v input external delay
                  0.04    0.03    2.03 v ui_in[1] (in)
     1    0.02                           ui_in[1] (net)
                  0.04    0.00    2.03 v _1172_/D (sky130_fd_sc_hd__dfrtp_2)
                                  2.03   data arrival time

                  0.15    0.00    0.00   clock clk (rise edge)
                          0.00    0.00   clock network delay (ideal)
                          0.25    0.25   clock uncertainty
                          0.00    0.25   clock reconvergence pessimism
                                  0.25 ^ _1172_/CLK (sky130_fd_sc_hd__dfrtp_2)
                         -0.02    0.23   library hold time
                                  0.23   data required time
-----------------------------------------------------------------------------
                                  0.23   data required time
                                 -2.03   data arrival time
-----------------------------------------------------------------------------
                                  1.79   slack (MET)


Startpoint: ui_in[0] (input port clocked by clk)
Endpoint: _1180_ (rising edge-triggered flip-flop clocked by clk)
Path Group: clk
Path Type: min

Fanout     Cap    Slew   Delay    Time   Description
-----------------------------------------------------------------------------
                  0.15    0.00    0.00   clock clk (rise edge)
                          0.00    0.00   clock network delay (ideal)
                          2.00    2.00 v input external delay
                  0.05    0.03    2.03 v ui_in[0] (in)
     1    0.02                           ui_in[0] (net)
                  0.05    0.00    2.03 v _1180_/D (sky130_fd_sc_hd__dfrtp_2)
                                  2.03   data arrival time

                  0.15    0.00    0.00   clock clk (rise edge)
                          0.00    0.00   clock network delay (ideal)
                          0.25    0.25   clock uncertainty
                          0.00    0.25   clock reconvergence pessimism
                                  0.25 ^ _1180_/CLK (sky130_fd_sc_hd__dfrtp_2)
                         -0.02    0.23   library hold time
                                  0.23   data required time
-----------------------------------------------------------------------------
                                  0.23   data required time
                                 -2.03   data arrival time
-----------------------------------------------------------------------------
                                  1.80   slack (MET)


Startpoint: _1045_ (rising edge-triggered flip-flop clocked by clk)
Endpoint: uo_out[1] (output port clocked by clk)
Path Group: clk
Path Type: min

Fanout     Cap    Slew   Delay    Time   Description
-----------------------------------------------------------------------------
                  0.15    0.00    0.00   clock clk (rise edge)
                          0.00    0.00   clock network delay (ideal)
                  0.15    0.00    0.00 ^ _1045_/CLK (sky130_fd_sc_hd__dfrtp_2)
                  0.16    0.52    0.52 v _1045_/Q (sky130_fd_sc_hd__dfrtp_2)
     2    0.06                           uo_out[1] (net)
                  0.16    0.01    0.53 v uo_out[1] (out)
                                  0.53   data arrival time

                  0.15    0.00    0.00   clock clk (rise edge)
                          0.00    0.00   clock network delay (ideal)
                          0.25    0.25   clock uncertainty
                          0.00    0.25   clock reconvergence pessimism
                         -2.00   -1.75   output external delay
                                 -1.75   data required time
-----------------------------------------------------------------------------
                                 -1.75   data required time
                                 -0.53   data arrival time
-----------------------------------------------------------------------------
                                  2.28   slack (MET)


Startpoint: _1046_ (rising edge-triggered flip-flop clocked by clk)
Endpoint: uo_out[2] (output port clocked by clk)
Path Group: clk
Path Type: min

Fanout     Cap    Slew   Delay    Time   Description
-----------------------------------------------------------------------------
                  0.15    0.00    0.00   clock clk (rise edge)
                          0.00    0.00   clock network delay (ideal)
                  0.15    0.00    0.00 ^ _1046_/CLK (sky130_fd_sc_hd__dfrtp_2)
                  0.17    0.53    0.53 v _1046_/Q (sky130_fd_sc_hd__dfrtp_2)
     3    0.06                           uo_out[2] (net)
                  0.17    0.01    0.53 v uo_out[2] (out)
                                  0.53   data arrival time

                  0.15    0.00    0.00   clock clk (rise edge)
                          0.00    0.00   clock network delay (ideal)
                          0.25    0.25   clock uncertainty
                          0.00    0.25   clock reconvergence pessimism
                         -2.00   -1.75   output external delay
                                 -1.75   data required time
-----------------------------------------------------------------------------
                                 -1.75   data required time
                                 -0.53   data arrival time
-----------------------------------------------------------------------------
                                  2.28   slack (MET)


Startpoint: _1043_ (rising edge-triggered flip-flop clocked by clk)
Endpoint: uo_out[3] (output port clocked by clk)
Path Group: clk
Path Type: min

Fanout     Cap    Slew   Delay    Time   Description
-----------------------------------------------------------------------------
                  0.15    0.00    0.00   clock clk (rise edge)
                          0.00    0.00   clock network delay (ideal)
                  0.15    0.00    0.00 ^ _1043_/CLK (sky130_fd_sc_hd__dfrtp_2)
                  0.20    0.55    0.55 v _1043_/Q (sky130_fd_sc_hd__dfrtp_2)
     4    0.08                           uo_out[3] (net)
                  0.21    0.02    0.57 v uo_out[3] (out)
                                  0.57   data arrival time

                  0.15    0.00    0.00   clock clk (rise edge)
                          0.00    0.00   clock network delay (ideal)
                          0.25    0.25   clock uncertainty
                          0.00    0.25   clock reconvergence pessimism
                         -2.00   -1.75   output external delay
                                 -1.75   data required time
-----------------------------------------------------------------------------
                                 -1.75   data required time
                                 -0.57   data arrival time
-----------------------------------------------------------------------------
                                  2.32   slack (MET)


Startpoint: rst_n (input port clocked by clk)
Endpoint: _1172_ (removal check against rising-edge clock clk)
Path Group: asynchronous
Path Type: min

Fanout     Cap    Slew   Delay    Time   Description
-----------------------------------------------------------------------------
                  0.15    0.00    0.00   clock clk (rise edge)
                          0.00    0.00   clock network delay (ideal)
                          2.00    2.00 ^ input external delay
                  2.73    1.78    3.78 ^ rst_n (in)
   144    0.61                           rst_n (net)
                  2.73    0.00    3.78 ^ _1172_/RESET_B (sky130_fd_sc_hd__dfrtp_2)
                                  3.78   data arrival time

                  0.15    0.00    0.00   clock clk (rise edge)
                          0.00    0.00   clock network delay (ideal)
                          0.25    0.25   clock uncertainty
                          0.00    0.25   clock reconvergence pessimism
                                  0.25 ^ _1172_/CLK (sky130_fd_sc_hd__dfrtp_2)
                          1.07    1.32   library removal time
                                  1.32   data required time
-----------------------------------------------------------------------------
                                  1.32   data required time
                                 -3.78   data arrival time
-----------------------------------------------------------------------------
                                  2.46   slack (MET)


Startpoint: rst_n (input port clocked by clk)
Endpoint: _1146_ (removal check against rising-edge clock clk)
Path Group: asynchronous
Path Type: min

Fanout     Cap    Slew   Delay    Time   Description
-----------------------------------------------------------------------------
                  0.15    0.00    0.00   clock clk (rise edge)
                          0.00    0.00   clock network delay (ideal)
                          2.00    2.00 ^ input external delay
                  2.73    1.78    3.78 ^ rst_n (in)
   144    0.61                           rst_n (net)
                  2.73    0.00    3.78 ^ _1146_/RESET_B (sky130_fd_sc_hd__dfrtp_2)
                                  3.78   data arrival time

                  0.15    0.00    0.00   clock clk (rise edge)
                          0.00    0.00   clock network delay (ideal)
                          0.25    0.25   clock uncertainty
                          0.00    0.25   clock reconvergence pessimism
                                  0.25 ^ _1146_/CLK (sky130_fd_sc_hd__dfrtp_2)
                          1.07    1.32   library removal time
                                  1.32   data required time
-----------------------------------------------------------------------------
                                  1.32   data required time
                                 -3.78   data arrival time
-----------------------------------------------------------------------------
                                  2.47   slack (MET)


Startpoint: rst_n (input port clocked by clk)
Endpoint: _1165_ (removal check against rising-edge clock clk)
Path Group: asynchronous
Path Type: min

Fanout     Cap    Slew   Delay    Time   Description
-----------------------------------------------------------------------------
                  0.15    0.00    0.00   clock clk (rise edge)
                          0.00    0.00   clock network delay (ideal)
                          2.00    2.00 ^ input external delay
                  2.73    1.78    3.78 ^ rst_n (in)
   144    0.61                           rst_n (net)
                  2.73    0.00    3.78 ^ _1165_/RESET_B (sky130_fd_sc_hd__dfrtp_2)
                                  3.78   data arrival time

                  0.15    0.00    0.00   clock clk (rise edge)
                          0.00    0.00   clock network delay (ideal)
                          0.25    0.25   clock uncertainty
                          0.00    0.25   clock reconvergence pessimism
                                  0.25 ^ _1165_/CLK (sky130_fd_sc_hd__dfrtp_2)
                          1.07    1.32   library removal time
                                  1.32   data required time
-----------------------------------------------------------------------------
                                  1.32   data required time
                                 -3.78   data arrival time
-----------------------------------------------------------------------------
                                  2.47   slack (MET)


Startpoint: rst_n (input port clocked by clk)
Endpoint: _1138_ (removal check against rising-edge clock clk)
Path Group: asynchronous
Path Type: min

Fanout     Cap    Slew   Delay    Time   Description
-----------------------------------------------------------------------------
                  0.15    0.00    0.00   clock clk (rise edge)
                          0.00    0.00   clock network delay (ideal)
                          2.00    2.00 ^ input external delay
                  2.73    1.78    3.78 ^ rst_n (in)
   144    0.61                           rst_n (net)
                  2.73    0.00    3.78 ^ _1138_/RESET_B (sky130_fd_sc_hd__dfrtp_2)
                                  3.78   data arrival time

                  0.15    0.00    0.00   clock clk (rise edge)
                          0.00    0.00   clock network delay (ideal)
                          0.25    0.25   clock uncertainty
                          0.00    0.25   clock reconvergence pessimism
                                  0.25 ^ _1138_/CLK (sky130_fd_sc_hd__dfrtp_2)
                          1.07    1.32   library removal time
                                  1.32   data required time
-----------------------------------------------------------------------------
                                  1.32   data required time
                                 -3.78   data arrival time
-----------------------------------------------------------------------------
                                  2.47   slack (MET)


Startpoint: rst_n (input port clocked by clk)
Endpoint: _1139_ (removal check against rising-edge clock clk)
Path Group: asynchronous
Path Type: min

Fanout     Cap    Slew   Delay    Time   Description
-----------------------------------------------------------------------------
                  0.15    0.00    0.00   clock clk (rise edge)
                          0.00    0.00   clock network delay (ideal)
                          2.00    2.00 ^ input external delay
                  2.73    1.78    3.78 ^ rst_n (in)
   144    0.61                           rst_n (net)
                  2.73    0.00    3.78 ^ _1139_/RESET_B (sky130_fd_sc_hd__dfrtp_2)
                                  3.78   data arrival time

                  0.15    0.00    0.00   clock clk (rise edge)
                          0.00    0.00   clock network delay (ideal)
                          0.25    0.25   clock uncertainty
                          0.00    0.25   clock reconvergence pessimism
                                  0.25 ^ _1139_/CLK (sky130_fd_sc_hd__dfrtp_2)
                          1.07    1.32   library removal time
                                  1.32   data required time
-----------------------------------------------------------------------------
                                  1.32   data required time
                                 -3.78   data arrival time
-----------------------------------------------------------------------------
                                  2.47   slack (MET)


Startpoint: rst_n (input port clocked by clk)
Endpoint: _1173_ (removal check against rising-edge clock clk)
Path Group: asynchronous
Path Type: min

Fanout     Cap    Slew   Delay    Time   Description
-----------------------------------------------------------------------------
                  0.15    0.00    0.00   clock clk (rise edge)
                          0.00    0.00   clock network delay (ideal)
                          2.00    2.00 ^ input external delay
                  2.73    1.79    3.79 ^ rst_n (in)
   144    0.61                           rst_n (net)
                  2.73    0.00    3.79 ^ _1173_/RESET_B (sky130_fd_sc_hd__dfrtp_2)
                                  3.79   data arrival time

                  0.15    0.00    0.00   clock clk (rise edge)
                          0.00    0.00   clock network delay (ideal)
                          0.25    0.25   clock uncertainty
                          0.00    0.25   clock reconvergence pessimism
                                  0.25 ^ _1173_/CLK (sky130_fd_sc_hd__dfrtp_2)
                          1.07    1.32   library removal time
                                  1.32   data required time
-----------------------------------------------------------------------------
                                  1.32   data required time
                                 -3.79   data arrival time
-----------------------------------------------------------------------------
                                  2.47   slack (MET)


Startpoint: rst_n (input port clocked by clk)
Endpoint: _1147_ (removal check against rising-edge clock clk)
Path Group: asynchronous
Path Type: min

Fanout     Cap    Slew   Delay    Time   Description
-----------------------------------------------------------------------------
                  0.15    0.00    0.00   clock clk (rise edge)
                          0.00    0.00   clock network delay (ideal)
                          2.00    2.00 ^ input external delay
                  2.73    1.79    3.79 ^ rst_n (in)
   144    0.61                           rst_n (net)
                  2.73    0.00    3.79 ^ _1147_/RESET_B (sky130_fd_sc_hd__dfrtp_2)
                                  3.79   data arrival time

                  0.15    0.00    0.00   clock clk (rise edge)
                          0.00    0.00   clock network delay (ideal)
                          0.25    0.25   clock uncertainty
                          0.00    0.25   clock reconvergence pessimism
                                  0.25 ^ _1147_/CLK (sky130_fd_sc_hd__dfrtp_2)
                          1.07    1.32   library removal time
                                  1.32   data required time
-----------------------------------------------------------------------------
                                  1.32   data required time
                                 -3.79   data arrival time
-----------------------------------------------------------------------------
                                  2.47   slack (MET)


Startpoint: rst_n (input port clocked by clk)
Endpoint: _1166_ (removal check against rising-edge clock clk)
Path Group: asynchronous
Path Type: min

Fanout     Cap    Slew   Delay    Time   Description
-----------------------------------------------------------------------------
                  0.15    0.00    0.00   clock clk (rise edge)
                          0.00    0.00   clock network delay (ideal)
                          2.00    2.00 ^ input external delay
                  2.73    1.79    3.79 ^ rst_n (in)
   144    0.61                           rst_n (net)
                  2.73    0.00    3.79 ^ _1166_/RESET_B (sky130_fd_sc_hd__dfrtp_2)
                                  3.79   data arrival time

                  0.15    0.00    0.00   clock clk (rise edge)
                          0.00    0.00   clock network delay (ideal)
                          0.25    0.25   clock uncertainty
                          0.00    0.25   clock reconvergence pessimism
                                  0.25 ^ _1166_/CLK (sky130_fd_sc_hd__dfrtp_2)
                          1.07    1.32   library removal time
                                  1.32   data required time
-----------------------------------------------------------------------------
                                  1.32   data required time
                                 -3.79   data arrival time
-----------------------------------------------------------------------------
                                  2.47   slack (MET)


Startpoint: rst_n (input port clocked by clk)
Endpoint: _1170_ (removal check against rising-edge clock clk)
Path Group: asynchronous
Path Type: min

Fanout     Cap    Slew   Delay    Time   Description
-----------------------------------------------------------------------------
                  0.15    0.00    0.00   clock clk (rise edge)
                          0.00    0.00   clock network delay (ideal)
                          2.00    2.00 ^ input external delay
                  2.73    1.79    3.79 ^ rst_n (in)
   144    0.61                           rst_n (net)
                  2.73    0.00    3.79 ^ _1170_/RESET_B (sky130_fd_sc_hd__dfrtp_2)
                                  3.79   data arrival time

                  0.15    0.00    0.00   clock clk (rise edge)
                          0.00    0.00   clock network delay (ideal)
                          0.25    0.25   clock uncertainty
                          0.00    0.25   clock reconvergence pessimism
                                  0.25 ^ _1170_/CLK (sky130_fd_sc_hd__dfrtp_2)
                          1.07    1.32   library removal time
                                  1.32   data required time
-----------------------------------------------------------------------------
                                  1.32   data required time
                                 -3.79   data arrival time
-----------------------------------------------------------------------------
                                  2.47   slack (MET)


Startpoint: rst_n (input port clocked by clk)
Endpoint: _1145_ (removal check against rising-edge clock clk)
Path Group: asynchronous
Path Type: min

Fanout     Cap    Slew   Delay    Time   Description
-----------------------------------------------------------------------------
                  0.15    0.00    0.00   clock clk (rise edge)
                          0.00    0.00   clock network delay (ideal)
                          2.00    2.00 ^ input external delay
                  2.73    1.79    3.79 ^ rst_n (in)
   144    0.61                           rst_n (net)
                  2.73    0.00    3.79 ^ _1145_/RESET_B (sky130_fd_sc_hd__dfrtp_2)
                                  3.79   data arrival time

                  0.15    0.00    0.00   clock clk (rise edge)
                          0.00    0.00   clock network delay (ideal)
                          0.25    0.25   clock uncertainty
                          0.00    0.25   clock reconvergence pessimism
                                  0.25 ^ _1145_/CLK (sky130_fd_sc_hd__dfrtp_2)
                          1.07    1.32   library removal time
                                  1.32   data required time
-----------------------------------------------------------------------------
                                  1.32   data required time
                                 -3.79   data arrival time
-----------------------------------------------------------------------------
                                  2.47   slack (MET)


Startpoint: rst_n (input port clocked by clk)
Endpoint: _1164_ (removal check against rising-edge clock clk)
Path Group: asynchronous
Path Type: min

Fanout     Cap    Slew   Delay    Time   Description
-----------------------------------------------------------------------------
                  0.15    0.00    0.00   clock clk (rise edge)
                          0.00    0.00   clock network delay (ideal)
                          2.00    2.00 ^ input external delay
                  2.73    1.79    3.79 ^ rst_n (in)
   144    0.61                           rst_n (net)
                  2.73    0.00    3.79 ^ _1164_/RESET_B (sky130_fd_sc_hd__dfrtp_2)
                                  3.79   data arrival time

                  0.15    0.00    0.00   clock clk (rise edge)
                          0.00    0.00   clock network delay (ideal)
                          0.25    0.25   clock uncertainty
                          0.00    0.25   clock reconvergence pessimism
                                  0.25 ^ _1164_/CLK (sky130_fd_sc_hd__dfrtp_2)
                          1.07    1.32   library removal time
                                  1.32   data required time
-----------------------------------------------------------------------------
                                  1.32   data required time
                                 -3.79   data arrival time
-----------------------------------------------------------------------------
                                  2.47   slack (MET)


Startpoint: rst_n (input port clocked by clk)
Endpoint: _1096_ (removal check against rising-edge clock clk)
Path Group: asynchronous
Path Type: min

Fanout     Cap    Slew   Delay    Time   Description
-----------------------------------------------------------------------------
                  0.15    0.00    0.00   clock clk (rise edge)
                          0.00    0.00   clock network delay (ideal)
                          2.00    2.00 ^ input external delay
                  2.73    1.79    3.79 ^ rst_n (in)
   144    0.61                           rst_n (net)
                  2.73    0.00    3.79 ^ _1096_/RESET_B (sky130_fd_sc_hd__dfrtp_2)
                                  3.79   data arrival time

                  0.15    0.00    0.00   clock clk (rise edge)
                          0.00    0.00   clock network delay (ideal)
                          0.25    0.25   clock uncertainty
                          0.00    0.25   clock reconvergence pessimism
                                  0.25 ^ _1096_/CLK (sky130_fd_sc_hd__dfrtp_2)
                          1.07    1.32   library removal time
                                  1.32   data required time
-----------------------------------------------------------------------------
                                  1.32   data required time
                                 -3.79   data arrival time
-----------------------------------------------------------------------------
                                  2.47   slack (MET)


Startpoint: rst_n (input port clocked by clk)
Endpoint: _1168_ (removal check against rising-edge clock clk)
Path Group: asynchronous
Path Type: min

Fanout     Cap    Slew   Delay    Time   Description
-----------------------------------------------------------------------------
                  0.15    0.00    0.00   clock clk (rise edge)
                          0.00    0.00   clock network delay (ideal)
                          2.00    2.00 ^ input external delay
                  2.73    1.79    3.79 ^ rst_n (in)
   144    0.61                           rst_n (net)
                  2.73    0.00    3.79 ^ _1168_/RESET_B (sky130_fd_sc_hd__dfrtp_2)
                                  3.79   data arrival time

                  0.15    0.00    0.00   clock clk (rise edge)
                          0.00    0.00   clock network delay (ideal)
                          0.25    0.25   clock uncertainty
                          0.00    0.25   clock reconvergence pessimism
                                  0.25 ^ _1168_/CLK (sky130_fd_sc_hd__dfrtp_2)
                          1.07    1.32   library removal time
                                  1.32   data required time
-----------------------------------------------------------------------------
                                  1.32   data required time
                                 -3.79   data arrival time
-----------------------------------------------------------------------------
                                  2.47   slack (MET)


Startpoint: rst_n (input port clocked by clk)
Endpoint: _1097_ (removal check against rising-edge clock clk)
Path Group: asynchronous
Path Type: min

Fanout     Cap    Slew   Delay    Time   Description
-----------------------------------------------------------------------------
                  0.15    0.00    0.00   clock clk (rise edge)
                          0.00    0.00   clock network delay (ideal)
                          2.00    2.00 ^ input external delay
                  2.73    1.79    3.79 ^ rst_n (in)
   144    0.61                           rst_n (net)
                  2.73    0.00    3.79 ^ _1097_/RESET_B (sky130_fd_sc_hd__dfrtp_2)
                                  3.79   data arrival time

                  0.15    0.00    0.00   clock clk (rise edge)
                          0.00    0.00   clock network delay (ideal)
                          0.25    0.25   clock uncertainty
                          0.00    0.25   clock reconvergence pessimism
                                  0.25 ^ _1097_/CLK (sky130_fd_sc_hd__dfrtp_2)
                          1.07    1.32   library removal time
                                  1.32   data required time
-----------------------------------------------------------------------------
                                  1.32   data required time
                                 -3.79   data arrival time
-----------------------------------------------------------------------------
                                  2.47   slack (MET)


Startpoint: rst_n (input port clocked by clk)
Endpoint: _1169_ (removal check against rising-edge clock clk)
Path Group: asynchronous
Path Type: min

Fanout     Cap    Slew   Delay    Time   Description
-----------------------------------------------------------------------------
                  0.15    0.00    0.00   clock clk (rise edge)
                          0.00    0.00   clock network delay (ideal)
                          2.00    2.00 ^ input external delay
                  2.73    1.79    3.79 ^ rst_n (in)
   144    0.61                           rst_n (net)
                  2.73    0.00    3.79 ^ _1169_/RESET_B (sky130_fd_sc_hd__dfrtp_2)
                                  3.79   data arrival time

                  0.15    0.00    0.00   clock clk (rise edge)
                          0.00    0.00   clock network delay (ideal)
                          0.25    0.25   clock uncertainty
                          0.00    0.25   clock reconvergence pessimism
                                  0.25 ^ _1169_/CLK (sky130_fd_sc_hd__dfrtp_2)
                          1.07    1.32   library removal time
                                  1.32   data required time
-----------------------------------------------------------------------------
                                  1.32   data required time
                                 -3.79   data arrival time
-----------------------------------------------------------------------------
                                  2.47   slack (MET)


Startpoint: rst_n (input port clocked by clk)
Endpoint: _1163_ (removal check against rising-edge clock clk)
Path Group: asynchronous
Path Type: min

Fanout     Cap    Slew   Delay    Time   Description
-----------------------------------------------------------------------------
                  0.15    0.00    0.00   clock clk (rise edge)
                          0.00    0.00   clock network delay (ideal)
                          2.00    2.00 ^ input external delay
                  2.73    1.79    3.79 ^ rst_n (in)
   144    0.61                           rst_n (net)
                  2.73    0.00    3.79 ^ _1163_/RESET_B (sky130_fd_sc_hd__dfrtp_2)
                                  3.79   data arrival time

                  0.15    0.00    0.00   clock clk (rise edge)
                          0.00    0.00   clock network delay (ideal)
                          0.25    0.25   clock uncertainty
                          0.00    0.25   clock reconvergence pessimism
                                  0.25 ^ _1163_/CLK (sky130_fd_sc_hd__dfrtp_2)
                          1.07    1.32   library removal time
                                  1.32   data required time
-----------------------------------------------------------------------------
                                  1.32   data required time
                                 -3.79   data arrival time
-----------------------------------------------------------------------------
                                  2.47   slack (MET)


Startpoint: rst_n (input port clocked by clk)
Endpoint: _1144_ (removal check against rising-edge clock clk)
Path Group: asynchronous
Path Type: min

Fanout     Cap    Slew   Delay    Time   Description
-----------------------------------------------------------------------------
                  0.15    0.00    0.00   clock clk (rise edge)
                          0.00    0.00   clock network delay (ideal)
                          2.00    2.00 ^ input external delay
                  2.73    1.79    3.79 ^ rst_n (in)
   144    0.61                           rst_n (net)
                  2.73    0.00    3.79 ^ _1144_/RESET_B (sky130_fd_sc_hd__dfrtp_2)
                                  3.79   data arrival time

                  0.15    0.00    0.00   clock clk (rise edge)
                          0.00    0.00   clock network delay (ideal)
                          0.25    0.25   clock uncertainty
                          0.00    0.25   clock reconvergence pessimism
                                  0.25 ^ _1144_/CLK (sky130_fd_sc_hd__dfrtp_2)
                          1.07    1.32   library removal time
                                  1.32   data required time
-----------------------------------------------------------------------------
                                  1.32   data required time
                                 -3.79   data arrival time
-----------------------------------------------------------------------------
                                  2.47   slack (MET)


Startpoint: rst_n (input port clocked by clk)
Endpoint: _1142_ (removal check against rising-edge clock clk)
Path Group: asynchronous
Path Type: min

Fanout     Cap    Slew   Delay    Time   Description
-----------------------------------------------------------------------------
                  0.15    0.00    0.00   clock clk (rise edge)
                          0.00    0.00   clock network delay (ideal)
                          2.00    2.00 ^ input external delay
                  2.73    1.79    3.79 ^ rst_n (in)
   144    0.61                           rst_n (net)
                  2.73    0.00    3.79 ^ _1142_/RESET_B (sky130_fd_sc_hd__dfrtp_2)
                                  3.79   data arrival time

                  0.15    0.00    0.00   clock clk (rise edge)
                          0.00    0.00   clock network delay (ideal)
                          0.25    0.25   clock uncertainty
                          0.00    0.25   clock reconvergence pessimism
                                  0.25 ^ _1142_/CLK (sky130_fd_sc_hd__dfrtp_2)
                          1.07    1.32   library removal time
                                  1.32   data required time
-----------------------------------------------------------------------------
                                  1.32   data required time
                                 -3.79   data arrival time
-----------------------------------------------------------------------------
                                  2.47   slack (MET)


Startpoint: rst_n (input port clocked by clk)
Endpoint: _1161_ (removal check against rising-edge clock clk)
Path Group: asynchronous
Path Type: min

Fanout     Cap    Slew   Delay    Time   Description
-----------------------------------------------------------------------------
                  0.15    0.00    0.00   clock clk (rise edge)
                          0.00    0.00   clock network delay (ideal)
                          2.00    2.00 ^ input external delay
                  2.73    1.79    3.79 ^ rst_n (in)
   144    0.61                           rst_n (net)
                  2.73    0.00    3.79 ^ _1161_/RESET_B (sky130_fd_sc_hd__dfrtp_2)
                                  3.79   data arrival time

                  0.15    0.00    0.00   clock clk (rise edge)
                          0.00    0.00   clock network delay (ideal)
                          0.25    0.25   clock uncertainty
                          0.00    0.25   clock reconvergence pessimism
                                  0.25 ^ _1161_/CLK (sky130_fd_sc_hd__dfrtp_2)
                          1.07    1.32   library removal time
                                  1.32   data required time
-----------------------------------------------------------------------------
                                  1.32   data required time
                                 -3.79   data arrival time
-----------------------------------------------------------------------------
                                  2.47   slack (MET)


Startpoint: rst_n (input port clocked by clk)
Endpoint: _1160_ (removal check against rising-edge clock clk)
Path Group: asynchronous
Path Type: min

Fanout     Cap    Slew   Delay    Time   Description
-----------------------------------------------------------------------------
                  0.15    0.00    0.00   clock clk (rise edge)
                          0.00    0.00   clock network delay (ideal)
                          2.00    2.00 ^ input external delay
                  2.73    1.79    3.79 ^ rst_n (in)
   144    0.61                           rst_n (net)
                  2.73    0.00    3.79 ^ _1160_/RESET_B (sky130_fd_sc_hd__dfrtp_2)
                                  3.79   data arrival time

                  0.15    0.00    0.00   clock clk (rise edge)
                          0.00    0.00   clock network delay (ideal)
                          0.25    0.25   clock uncertainty
                          0.00    0.25   clock reconvergence pessimism
                                  0.25 ^ _1160_/CLK (sky130_fd_sc_hd__dfrtp_2)
                          1.07    1.32   library removal time
                                  1.32   data required time
-----------------------------------------------------------------------------
                                  1.32   data required time
                                 -3.79   data arrival time
-----------------------------------------------------------------------------
                                  2.47   slack (MET)


Startpoint: rst_n (input port clocked by clk)
Endpoint: _1162_ (removal check against rising-edge clock clk)
Path Group: asynchronous
Path Type: min

Fanout     Cap    Slew   Delay    Time   Description
-----------------------------------------------------------------------------
                  0.15    0.00    0.00   clock clk (rise edge)
                          0.00    0.00   clock network delay (ideal)
                          2.00    2.00 ^ input external delay
                  2.73    1.79    3.79 ^ rst_n (in)
   144    0.61                           rst_n (net)
                  2.73    0.00    3.79 ^ _1162_/RESET_B (sky130_fd_sc_hd__dfrtp_2)
                                  3.79   data arrival time

                  0.15    0.00    0.00   clock clk (rise edge)
                          0.00    0.00   clock network delay (ideal)
                          0.25    0.25   clock uncertainty
                          0.00    0.25   clock reconvergence pessimism
                                  0.25 ^ _1162_/CLK (sky130_fd_sc_hd__dfrtp_2)
                          1.07    1.32   library removal time
                                  1.32   data required time
-----------------------------------------------------------------------------
                                  1.32   data required time
                                 -3.79   data arrival time
-----------------------------------------------------------------------------
                                  2.47   slack (MET)


Startpoint: rst_n (input port clocked by clk)
Endpoint: _1143_ (removal check against rising-edge clock clk)
Path Group: asynchronous
Path Type: min

Fanout     Cap    Slew   Delay    Time   Description
-----------------------------------------------------------------------------
                  0.15    0.00    0.00   clock clk (rise edge)
                          0.00    0.00   clock network delay (ideal)
                          2.00    2.00 ^ input external delay
                  2.73    1.79    3.79 ^ rst_n (in)
   144    0.61                           rst_n (net)
                  2.73    0.00    3.79 ^ _1143_/RESET_B (sky130_fd_sc_hd__dfrtp_2)
                                  3.79   data arrival time

                  0.15    0.00    0.00   clock clk (rise edge)
                          0.00    0.00   clock network delay (ideal)
                          0.25    0.25   clock uncertainty
                          0.00    0.25   clock reconvergence pessimism
                                  0.25 ^ _1143_/CLK (sky130_fd_sc_hd__dfrtp_2)
                          1.07    1.32   library removal time
                                  1.32   data required time
-----------------------------------------------------------------------------
                                  1.32   data required time
                                 -3.79   data arrival time
-----------------------------------------------------------------------------
                                  2.47   slack (MET)


Startpoint: rst_n (input port clocked by clk)
Endpoint: _1136_ (removal check against rising-edge clock clk)
Path Group: asynchronous
Path Type: min

Fanout     Cap    Slew   Delay    Time   Description
-----------------------------------------------------------------------------
                  0.15    0.00    0.00   clock clk (rise edge)
                          0.00    0.00   clock network delay (ideal)
                          2.00    2.00 ^ input external delay
                  2.73    1.79    3.79 ^ rst_n (in)
   144    0.61                           rst_n (net)
                  2.73    0.00    3.79 ^ _1136_/RESET_B (sky130_fd_sc_hd__dfrtp_2)
                                  3.79   data arrival time

                  0.15    0.00    0.00   clock clk (rise edge)
                          0.00    0.00   clock network delay (ideal)
                          0.25    0.25   clock uncertainty
                          0.00    0.25   clock reconvergence pessimism
                                  0.25 ^ _1136_/CLK (sky130_fd_sc_hd__dfrtp_2)
                          1.07    1.32   library removal time
                                  1.32   data required time
-----------------------------------------------------------------------------
                                  1.32   data required time
                                 -3.79   data arrival time
-----------------------------------------------------------------------------
                                  2.47   slack (MET)


Startpoint: rst_n (input port clocked by clk)
Endpoint: _1126_ (removal check against rising-edge clock clk)
Path Group: asynchronous
Path Type: min

Fanout     Cap    Slew   Delay    Time   Description
-----------------------------------------------------------------------------
                  0.15    0.00    0.00   clock clk (rise edge)
                          0.00    0.00   clock network delay (ideal)
                          2.00    2.00 ^ input external delay
                  2.73    1.79    3.79 ^ rst_n (in)
   144    0.61                           rst_n (net)
                  2.73    0.00    3.79 ^ _1126_/RESET_B (sky130_fd_sc_hd__dfrtp_2)
                                  3.79   data arrival time

                  0.15    0.00    0.00   clock clk (rise edge)
                          0.00    0.00   clock network delay (ideal)
                          0.25    0.25   clock uncertainty
                          0.00    0.25   clock reconvergence pessimism
                                  0.25 ^ _1126_/CLK (sky130_fd_sc_hd__dfrtp_2)
                          1.07    1.32   library removal time
                                  1.32   data required time
-----------------------------------------------------------------------------
                                  1.32   data required time
                                 -3.79   data arrival time
-----------------------------------------------------------------------------
                                  2.47   slack (MET)


Startpoint: rst_n (input port clocked by clk)
Endpoint: _1135_ (removal check against rising-edge clock clk)
Path Group: asynchronous
Path Type: min

Fanout     Cap    Slew   Delay    Time   Description
-----------------------------------------------------------------------------
                  0.15    0.00    0.00   clock clk (rise edge)
                          0.00    0.00   clock network delay (ideal)
                          2.00    2.00 ^ input external delay
                  2.73    1.79    3.79 ^ rst_n (in)
   144    0.61                           rst_n (net)
                  2.73    0.00    3.79 ^ _1135_/RESET_B (sky130_fd_sc_hd__dfrtp_2)
                                  3.79   data arrival time

                  0.15    0.00    0.00   clock clk (rise edge)
                          0.00    0.00   clock network delay (ideal)
                          0.25    0.25   clock uncertainty
                          0.00    0.25   clock reconvergence pessimism
                                  0.25 ^ _1135_/CLK (sky130_fd_sc_hd__dfrtp_2)
                          1.07    1.32   library removal time
                                  1.32   data required time
-----------------------------------------------------------------------------
                                  1.32   data required time
                                 -3.79   data arrival time
-----------------------------------------------------------------------------
                                  2.47   slack (MET)


Startpoint: rst_n (input port clocked by clk)
Endpoint: _1129_ (removal check against rising-edge clock clk)
Path Group: asynchronous
Path Type: min

Fanout     Cap    Slew   Delay    Time   Description
-----------------------------------------------------------------------------
                  0.15    0.00    0.00   clock clk (rise edge)
                          0.00    0.00   clock network delay (ideal)
                          2.00    2.00 ^ input external delay
                  2.73    1.79    3.79 ^ rst_n (in)
   144    0.61                           rst_n (net)
                  2.73    0.00    3.79 ^ _1129_/RESET_B (sky130_fd_sc_hd__dfrtp_2)
                                  3.79   data arrival time

                  0.15    0.00    0.00   clock clk (rise edge)
                          0.00    0.00   clock network delay (ideal)
                          0.25    0.25   clock uncertainty
                          0.00    0.25   clock reconvergence pessimism
                                  0.25 ^ _1129_/CLK (sky130_fd_sc_hd__dfrtp_2)
                          1.07    1.32   library removal time
                                  1.32   data required time
-----------------------------------------------------------------------------
                                  1.32   data required time
                                 -3.79   data arrival time
-----------------------------------------------------------------------------
                                  2.47   slack (MET)


Startpoint: rst_n (input port clocked by clk)
Endpoint: _1130_ (removal check against rising-edge clock clk)
Path Group: asynchronous
Path Type: min

Fanout     Cap    Slew   Delay    Time   Description
-----------------------------------------------------------------------------
                  0.15    0.00    0.00   clock clk (rise edge)
                          0.00    0.00   clock network delay (ideal)
                          2.00    2.00 ^ input external delay
                  2.73    1.79    3.79 ^ rst_n (in)
   144    0.61                           rst_n (net)
                  2.73    0.00    3.79 ^ _1130_/RESET_B (sky130_fd_sc_hd__dfrtp_2)
                                  3.79   data arrival time

                  0.15    0.00    0.00   clock clk (rise edge)
                          0.00    0.00   clock network delay (ideal)
                          0.25    0.25   clock uncertainty
                          0.00    0.25   clock reconvergence pessimism
                                  0.25 ^ _1130_/CLK (sky130_fd_sc_hd__dfrtp_2)
                          1.07    1.32   library removal time
                                  1.32   data required time
-----------------------------------------------------------------------------
                                  1.32   data required time
                                 -3.79   data arrival time
-----------------------------------------------------------------------------
                                  2.47   slack (MET)


Startpoint: rst_n (input port clocked by clk)
Endpoint: _1123_ (removal check against rising-edge clock clk)
Path Group: asynchronous
Path Type: min

Fanout     Cap    Slew   Delay    Time   Description
-----------------------------------------------------------------------------
                  0.15    0.00    0.00   clock clk (rise edge)
                          0.00    0.00   clock network delay (ideal)
                          2.00    2.00 ^ input external delay
                  2.73    1.79    3.79 ^ rst_n (in)
   144    0.61                           rst_n (net)
                  2.73    0.00    3.79 ^ _1123_/RESET_B (sky130_fd_sc_hd__dfrtp_2)
                                  3.79   data arrival time

                  0.15    0.00    0.00   clock clk (rise edge)
                          0.00    0.00   clock network delay (ideal)
                          0.25    0.25   clock uncertainty
                          0.00    0.25   clock reconvergence pessimism
                                  0.25 ^ _1123_/CLK (sky130_fd_sc_hd__dfrtp_2)
                          1.07    1.32   library removal time
                                  1.32   data required time
-----------------------------------------------------------------------------
                                  1.32   data required time
                                 -3.79   data arrival time
-----------------------------------------------------------------------------
                                  2.47   slack (MET)


Startpoint: rst_n (input port clocked by clk)
Endpoint: _1131_ (removal check against rising-edge clock clk)
Path Group: asynchronous
Path Type: min

Fanout     Cap    Slew   Delay    Time   Description
-----------------------------------------------------------------------------
                  0.15    0.00    0.00   clock clk (rise edge)
                          0.00    0.00   clock network delay (ideal)
                          2.00    2.00 ^ input external delay
                  2.73    1.79    3.79 ^ rst_n (in)
   144    0.61                           rst_n (net)
                  2.73    0.00    3.79 ^ _1131_/RESET_B (sky130_fd_sc_hd__dfrtp_2)
                                  3.79   data arrival time

                  0.15    0.00    0.00   clock clk (rise edge)
                          0.00    0.00   clock network delay (ideal)
                          0.25    0.25   clock uncertainty
                          0.00    0.25   clock reconvergence pessimism
                                  0.25 ^ _1131_/CLK (sky130_fd_sc_hd__dfrtp_2)
                          1.07    1.32   library removal time
                                  1.32   data required time
-----------------------------------------------------------------------------
                                  1.32   data required time
                                 -3.79   data arrival time
-----------------------------------------------------------------------------
                                  2.47   slack (MET)


Startpoint: rst_n (input port clocked by clk)
Endpoint: _1125_ (removal check against rising-edge clock clk)
Path Group: asynchronous
Path Type: min

Fanout     Cap    Slew   Delay    Time   Description
-----------------------------------------------------------------------------
                  0.15    0.00    0.00   clock clk (rise edge)
                          0.00    0.00   clock network delay (ideal)
                          2.00    2.00 ^ input external delay
                  2.73    1.79    3.79 ^ rst_n (in)
   144    0.61                           rst_n (net)
                  2.73    0.00    3.79 ^ _1125_/RESET_B (sky130_fd_sc_hd__dfrtp_2)
                                  3.79   data arrival time

                  0.15    0.00    0.00   clock clk (rise edge)
                          0.00    0.00   clock network delay (ideal)
                          0.25    0.25   clock uncertainty
                          0.00    0.25   clock reconvergence pessimism
                                  0.25 ^ _1125_/CLK (sky130_fd_sc_hd__dfrtp_2)
                          1.07    1.32   library removal time
                                  1.32   data required time
-----------------------------------------------------------------------------
                                  1.32   data required time
                                 -3.79   data arrival time
-----------------------------------------------------------------------------
                                  2.47   slack (MET)


Startpoint: rst_n (input port clocked by clk)
Endpoint: _1124_ (removal check against rising-edge clock clk)
Path Group: asynchronous
Path Type: min

Fanout     Cap    Slew   Delay    Time   Description
-----------------------------------------------------------------------------
                  0.15    0.00    0.00   clock clk (rise edge)
                          0.00    0.00   clock network delay (ideal)
                          2.00    2.00 ^ input external delay
                  2.73    1.79    3.79 ^ rst_n (in)
   144    0.61                           rst_n (net)
                  2.73    0.00    3.79 ^ _1124_/RESET_B (sky130_fd_sc_hd__dfrtp_2)
                                  3.79   data arrival time

                  0.15    0.00    0.00   clock clk (rise edge)
                          0.00    0.00   clock network delay (ideal)
                          0.25    0.25   clock uncertainty
                          0.00    0.25   clock reconvergence pessimism
                                  0.25 ^ _1124_/CLK (sky130_fd_sc_hd__dfrtp_2)
                          1.07    1.32   library removal time
                                  1.32   data required time
-----------------------------------------------------------------------------
                                  1.32   data required time
                                 -3.79   data arrival time
-----------------------------------------------------------------------------
                                  2.47   slack (MET)


Startpoint: rst_n (input port clocked by clk)
Endpoint: _1167_ (removal check against rising-edge clock clk)
Path Group: asynchronous
Path Type: min

Fanout     Cap    Slew   Delay    Time   Description
-----------------------------------------------------------------------------
                  0.15    0.00    0.00   clock clk (rise edge)
                          0.00    0.00   clock network delay (ideal)
                          2.00    2.00 ^ input external delay
                  2.73    1.79    3.79 ^ rst_n (in)
   144    0.61                           rst_n (net)
                  2.73    0.00    3.79 ^ _1167_/RESET_B (sky130_fd_sc_hd__dfrtp_2)
                                  3.79   data arrival time

                  0.15    0.00    0.00   clock clk (rise edge)
                          0.00    0.00   clock network delay (ideal)
                          0.25    0.25   clock uncertainty
                          0.00    0.25   clock reconvergence pessimism
                                  0.25 ^ _1167_/CLK (sky130_fd_sc_hd__dfrtp_2)
                          1.07    1.32   library removal time
                                  1.32   data required time
-----------------------------------------------------------------------------
                                  1.32   data required time
                                 -3.79   data arrival time
-----------------------------------------------------------------------------
                                  2.47   slack (MET)


Startpoint: rst_n (input port clocked by clk)
Endpoint: _1122_ (removal check against rising-edge clock clk)
Path Group: asynchronous
Path Type: min

Fanout     Cap    Slew   Delay    Time   Description
-----------------------------------------------------------------------------
                  0.15    0.00    0.00   clock clk (rise edge)
                          0.00    0.00   clock network delay (ideal)
                          2.00    2.00 ^ input external delay
                  2.73    1.79    3.79 ^ rst_n (in)
   144    0.61                           rst_n (net)
                  2.73    0.00    3.79 ^ _1122_/RESET_B (sky130_fd_sc_hd__dfrtp_2)
                                  3.79   data arrival time

                  0.15    0.00    0.00   clock clk (rise edge)
                          0.00    0.00   clock network delay (ideal)
                          0.25    0.25   clock uncertainty
                          0.00    0.25   clock reconvergence pessimism
                                  0.25 ^ _1122_/CLK (sky130_fd_sc_hd__dfrtp_2)
                          1.07    1.32   library removal time
                                  1.32   data required time
-----------------------------------------------------------------------------
                                  1.32   data required time
                                 -3.79   data arrival time
-----------------------------------------------------------------------------
                                  2.47   slack (MET)


Startpoint: rst_n (input port clocked by clk)
Endpoint: _1154_ (removal check against rising-edge clock clk)
Path Group: asynchronous
Path Type: min

Fanout     Cap    Slew   Delay    Time   Description
-----------------------------------------------------------------------------
                  0.15    0.00    0.00   clock clk (rise edge)
                          0.00    0.00   clock network delay (ideal)
                          2.00    2.00 ^ input external delay
                  2.73    1.79    3.79 ^ rst_n (in)
   144    0.61                           rst_n (net)
                  2.73    0.00    3.79 ^ _1154_/RESET_B (sky130_fd_sc_hd__dfrtp_2)
                                  3.79   data arrival time

                  0.15    0.00    0.00   clock clk (rise edge)
                          0.00    0.00   clock network delay (ideal)
                          0.25    0.25   clock uncertainty
                          0.00    0.25   clock reconvergence pessimism
                                  0.25 ^ _1154_/CLK (sky130_fd_sc_hd__dfrtp_2)
                          1.07    1.32   library removal time
                                  1.32   data required time
-----------------------------------------------------------------------------
                                  1.32   data required time
                                 -3.79   data arrival time
-----------------------------------------------------------------------------
                                  2.47   slack (MET)


Startpoint: rst_n (input port clocked by clk)
Endpoint: _1089_ (removal check against rising-edge clock clk)
Path Group: asynchronous
Path Type: min

Fanout     Cap    Slew   Delay    Time   Description
-----------------------------------------------------------------------------
                  0.15    0.00    0.00   clock clk (rise edge)
                          0.00    0.00   clock network delay (ideal)
                          2.00    2.00 ^ input external delay
                  2.73    1.79    3.79 ^ rst_n (in)
   144    0.61                           rst_n (net)
                  2.73    0.00    3.79 ^ _1089_/RESET_B (sky130_fd_sc_hd__dfrtp_2)
                                  3.79   data arrival time

                  0.15    0.00    0.00   clock clk (rise edge)
                          0.00    0.00   clock network delay (ideal)
                          0.25    0.25   clock uncertainty
                          0.00    0.25   clock reconvergence pessimism
                                  0.25 ^ _1089_/CLK (sky130_fd_sc_hd__dfrtp_2)
                          1.07    1.32   library removal time
                                  1.32   data required time
-----------------------------------------------------------------------------
                                  1.32   data required time
                                 -3.79   data arrival time
-----------------------------------------------------------------------------
                                  2.47   slack (MET)


Startpoint: rst_n (input port clocked by clk)
Endpoint: _1044_ (removal check against rising-edge clock clk)
Path Group: asynchronous
Path Type: min

Fanout     Cap    Slew   Delay    Time   Description
-----------------------------------------------------------------------------
                  0.15    0.00    0.00   clock clk (rise edge)
                          0.00    0.00   clock network delay (ideal)
                          2.00    2.00 ^ input external delay
                  2.73    1.79    3.79 ^ rst_n (in)
   144    0.61                           rst_n (net)
                  2.73    0.00    3.79 ^ _1044_/RESET_B (sky130_fd_sc_hd__dfrtp_2)
                                  3.79   data arrival time

                  0.15    0.00    0.00   clock clk (rise edge)
                          0.00    0.00   clock network delay (ideal)
                          0.25    0.25   clock uncertainty
                          0.00    0.25   clock reconvergence pessimism
                                  0.25 ^ _1044_/CLK (sky130_fd_sc_hd__dfrtp_2)
                          1.07    1.32   library removal time
                                  1.32   data required time
-----------------------------------------------------------------------------
                                  1.32   data required time
                                 -3.79   data arrival time
-----------------------------------------------------------------------------
                                  2.47   slack (MET)


Startpoint: rst_n (input port clocked by clk)
Endpoint: _1158_ (removal check against rising-edge clock clk)
Path Group: asynchronous
Path Type: min

Fanout     Cap    Slew   Delay    Time   Description
-----------------------------------------------------------------------------
                  0.15    0.00    0.00   clock clk (rise edge)
                          0.00    0.00   clock network delay (ideal)
                          2.00    2.00 ^ input external delay
                  2.73    1.79    3.79 ^ rst_n (in)
   144    0.61                           rst_n (net)
                  2.73    0.00    3.79 ^ _1158_/RESET_B (sky130_fd_sc_hd__dfrtp_2)
                                  3.79   data arrival time

                  0.15    0.00    0.00   clock clk (rise edge)
                          0.00    0.00   clock network delay (ideal)
                          0.25    0.25   clock uncertainty
                          0.00    0.25   clock reconvergence pessimism
                                  0.25 ^ _1158_/CLK (sky130_fd_sc_hd__dfrtp_2)
                          1.07    1.32   library removal time
                                  1.32   data required time
-----------------------------------------------------------------------------
                                  1.32   data required time
                                 -3.79   data arrival time
-----------------------------------------------------------------------------
                                  2.47   slack (MET)


Startpoint: rst_n (input port clocked by clk)
Endpoint: _1051_ (removal check against rising-edge clock clk)
Path Group: asynchronous
Path Type: min

Fanout     Cap    Slew   Delay    Time   Description
-----------------------------------------------------------------------------
                  0.15    0.00    0.00   clock clk (rise edge)
                          0.00    0.00   clock network delay (ideal)
                          2.00    2.00 ^ input external delay
                  2.73    1.79    3.79 ^ rst_n (in)
   144    0.61                           rst_n (net)
                  2.73    0.00    3.79 ^ _1051_/RESET_B (sky130_fd_sc_hd__dfrtp_2)
                                  3.79   data arrival time

                  0.15    0.00    0.00   clock clk (rise edge)
                          0.00    0.00   clock network delay (ideal)
                          0.25    0.25   clock uncertainty
                          0.00    0.25   clock reconvergence pessimism
                                  0.25 ^ _1051_/CLK (sky130_fd_sc_hd__dfrtp_2)
                          1.07    1.32   library removal time
                                  1.32   data required time
-----------------------------------------------------------------------------
                                  1.32   data required time
                                 -3.79   data arrival time
-----------------------------------------------------------------------------
                                  2.47   slack (MET)


Startpoint: rst_n (input port clocked by clk)
Endpoint: _1050_ (removal check against rising-edge clock clk)
Path Group: asynchronous
Path Type: min

Fanout     Cap    Slew   Delay    Time   Description
-----------------------------------------------------------------------------
                  0.15    0.00    0.00   clock clk (rise edge)
                          0.00    0.00   clock network delay (ideal)
                          2.00    2.00 ^ input external delay
                  2.73    1.79    3.79 ^ rst_n (in)
   144    0.61                           rst_n (net)
                  2.73    0.00    3.79 ^ _1050_/RESET_B (sky130_fd_sc_hd__dfrtp_2)
                                  3.79   data arrival time

                  0.15    0.00    0.00   clock clk (rise edge)
                          0.00    0.00   clock network delay (ideal)
                          0.25    0.25   clock uncertainty
                          0.00    0.25   clock reconvergence pessimism
                                  0.25 ^ _1050_/CLK (sky130_fd_sc_hd__dfrtp_2)
                          1.07    1.32   library removal time
                                  1.32   data required time
-----------------------------------------------------------------------------
                                  1.32   data required time
                                 -3.79   data arrival time
-----------------------------------------------------------------------------
                                  2.47   slack (MET)


Startpoint: rst_n (input port clocked by clk)
Endpoint: _1049_ (removal check against rising-edge clock clk)
Path Group: asynchronous
Path Type: min

Fanout     Cap    Slew   Delay    Time   Description
-----------------------------------------------------------------------------
                  0.15    0.00    0.00   clock clk (rise edge)
                          0.00    0.00   clock network delay (ideal)
                          2.00    2.00 ^ input external delay
                  2.73    1.79    3.79 ^ rst_n (in)
   144    0.61                           rst_n (net)
                  2.73    0.00    3.79 ^ _1049_/RESET_B (sky130_fd_sc_hd__dfrtp_2)
                                  3.79   data arrival time

                  0.15    0.00    0.00   clock clk (rise edge)
                          0.00    0.00   clock network delay (ideal)
                          0.25    0.25   clock uncertainty
                          0.00    0.25   clock reconvergence pessimism
                                  0.25 ^ _1049_/CLK (sky130_fd_sc_hd__dfrtp_2)
                          1.07    1.32   library removal time
                                  1.32   data required time
-----------------------------------------------------------------------------
                                  1.32   data required time
                                 -3.79   data arrival time
-----------------------------------------------------------------------------
                                  2.47   slack (MET)


Startpoint: rst_n (input port clocked by clk)
Endpoint: _1048_ (removal check against rising-edge clock clk)
Path Group: asynchronous
Path Type: min

Fanout     Cap    Slew   Delay    Time   Description
-----------------------------------------------------------------------------
                  0.15    0.00    0.00   clock clk (rise edge)
                          0.00    0.00   clock network delay (ideal)
                          2.00    2.00 ^ input external delay
                  2.73    1.79    3.79 ^ rst_n (in)
   144    0.61                           rst_n (net)
                  2.73    0.00    3.79 ^ _1048_/RESET_B (sky130_fd_sc_hd__dfrtp_2)
                                  3.79   data arrival time

                  0.15    0.00    0.00   clock clk (rise edge)
                          0.00    0.00   clock network delay (ideal)
                          0.25    0.25   clock uncertainty
                          0.00    0.25   clock reconvergence pessimism
                                  0.25 ^ _1048_/CLK (sky130_fd_sc_hd__dfrtp_2)
                          1.07    1.32   library removal time
                                  1.32   data required time
-----------------------------------------------------------------------------
                                  1.32   data required time
                                 -3.79   data arrival time
-----------------------------------------------------------------------------
                                  2.47   slack (MET)


Startpoint: rst_n (input port clocked by clk)
Endpoint: _1153_ (removal check against rising-edge clock clk)
Path Group: asynchronous
Path Type: min

Fanout     Cap    Slew   Delay    Time   Description
-----------------------------------------------------------------------------
                  0.15    0.00    0.00   clock clk (rise edge)
                          0.00    0.00   clock network delay (ideal)
                          2.00    2.00 ^ input external delay
                  2.73    1.79    3.79 ^ rst_n (in)
   144    0.61                           rst_n (net)
                  2.73    0.00    3.79 ^ _1153_/RESET_B (sky130_fd_sc_hd__dfrtp_2)
                                  3.79   data arrival time

                  0.15    0.00    0.00   clock clk (rise edge)
                          0.00    0.00   clock network delay (ideal)
                          0.25    0.25   clock uncertainty
                          0.00    0.25   clock reconvergence pessimism
                                  0.25 ^ _1153_/CLK (sky130_fd_sc_hd__dfrtp_2)
                          1.07    1.32   library removal time
                                  1.32   data required time
-----------------------------------------------------------------------------
                                  1.32   data required time
                                 -3.79   data arrival time
-----------------------------------------------------------------------------
                                  2.47   slack (MET)


Startpoint: rst_n (input port clocked by clk)
Endpoint: _1093_ (removal check against rising-edge clock clk)
Path Group: asynchronous
Path Type: min

Fanout     Cap    Slew   Delay    Time   Description
-----------------------------------------------------------------------------
                  0.15    0.00    0.00   clock clk (rise edge)
                          0.00    0.00   clock network delay (ideal)
                          2.00    2.00 ^ input external delay
                  2.73    1.79    3.79 ^ rst_n (in)
   144    0.61                           rst_n (net)
                  2.73    0.00    3.79 ^ _1093_/RESET_B (sky130_fd_sc_hd__dfrtp_2)
                                  3.79   data arrival time

                  0.15    0.00    0.00   clock clk (rise edge)
                          0.00    0.00   clock network delay (ideal)
                          0.25    0.25   clock uncertainty
                          0.00    0.25   clock reconvergence pessimism
                                  0.25 ^ _1093_/CLK (sky130_fd_sc_hd__dfrtp_2)
                          1.07    1.32   library removal time
                                  1.32   data required time
-----------------------------------------------------------------------------
                                  1.32   data required time
                                 -3.79   data arrival time
-----------------------------------------------------------------------------
                                  2.47   slack (MET)


Startpoint: rst_n (input port clocked by clk)
Endpoint: _1088_ (removal check against rising-edge clock clk)
Path Group: asynchronous
Path Type: min

Fanout     Cap    Slew   Delay    Time   Description
-----------------------------------------------------------------------------
                  0.15    0.00    0.00   clock clk (rise edge)
                          0.00    0.00   clock network delay (ideal)
                          2.00    2.00 ^ input external delay
                  2.73    1.79    3.79 ^ rst_n (in)
   144    0.61                           rst_n (net)
                  2.73    0.00    3.79 ^ _1088_/RESET_B (sky130_fd_sc_hd__dfrtp_2)
                                  3.79   data arrival time

                  0.15    0.00    0.00   clock clk (rise edge)
                          0.00    0.00   clock network delay (ideal)
                          0.25    0.25   clock uncertainty
                          0.00    0.25   clock reconvergence pessimism
                                  0.25 ^ _1088_/CLK (sky130_fd_sc_hd__dfrtp_2)
                          1.07    1.32   library removal time
                                  1.32   data required time
-----------------------------------------------------------------------------
                                  1.32   data required time
                                 -3.79   data arrival time
-----------------------------------------------------------------------------
                                  2.47   slack (MET)


Startpoint: rst_n (input port clocked by clk)
Endpoint: _1047_ (removal check against rising-edge clock clk)
Path Group: asynchronous
Path Type: min

Fanout     Cap    Slew   Delay    Time   Description
-----------------------------------------------------------------------------
                  0.15    0.00    0.00   clock clk (rise edge)
                          0.00    0.00   clock network delay (ideal)
                          2.00    2.00 ^ input external delay
                  2.73    1.79    3.79 ^ rst_n (in)
   144    0.61                           rst_n (net)
                  2.73    0.00    3.79 ^ _1047_/RESET_B (sky130_fd_sc_hd__dfrtp_2)
                                  3.79   data arrival time

                  0.15    0.00    0.00   clock clk (rise edge)
                          0.00    0.00   clock network delay (ideal)
                          0.25    0.25   clock uncertainty
                          0.00    0.25   clock reconvergence pessimism
                                  0.25 ^ _1047_/CLK (sky130_fd_sc_hd__dfrtp_2)
                          1.07    1.32   library removal time
                                  1.32   data required time
-----------------------------------------------------------------------------
                                  1.32   data required time
                                 -3.79   data arrival time
-----------------------------------------------------------------------------
                                  2.47   slack (MET)


Startpoint: rst_n (input port clocked by clk)
Endpoint: _1095_ (removal check against rising-edge clock clk)
Path Group: asynchronous
Path Type: min

Fanout     Cap    Slew   Delay    Time   Description
-----------------------------------------------------------------------------
                  0.15    0.00    0.00   clock clk (rise edge)
                          0.00    0.00   clock network delay (ideal)
                          2.00    2.00 ^ input external delay
                  2.73    1.79    3.79 ^ rst_n (in)
   144    0.61                           rst_n (net)
                  2.73    0.00    3.79 ^ _1095_/RESET_B (sky130_fd_sc_hd__dfrtp_2)
                                  3.79   data arrival time

                  0.15    0.00    0.00   clock clk (rise edge)
                          0.00    0.00   clock network delay (ideal)
                          0.25    0.25   clock uncertainty
                          0.00    0.25   clock reconvergence pessimism
                                  0.25 ^ _1095_/CLK (sky130_fd_sc_hd__dfrtp_2)
                          1.07    1.32   library removal time
                                  1.32   data required time
-----------------------------------------------------------------------------
                                  1.32   data required time
                                 -3.79   data arrival time
-----------------------------------------------------------------------------
                                  2.47   slack (MET)


Startpoint: rst_n (input port clocked by clk)
Endpoint: _1177_ (removal check against rising-edge clock clk)
Path Group: asynchronous
Path Type: min

Fanout     Cap    Slew   Delay    Time   Description
-----------------------------------------------------------------------------
                  0.15    0.00    0.00   clock clk (rise edge)
                          0.00    0.00   clock network delay (ideal)
                          2.00    2.00 ^ input external delay
                  2.73    1.79    3.79 ^ rst_n (in)
   144    0.61                           rst_n (net)
                  2.73    0.00    3.79 ^ _1177_/RESET_B (sky130_fd_sc_hd__dfrtp_2)
                                  3.79   data arrival time

                  0.15    0.00    0.00   clock clk (rise edge)
                          0.00    0.00   clock network delay (ideal)
                          0.25    0.25   clock uncertainty
                          0.00    0.25   clock reconvergence pessimism
                                  0.25 ^ _1177_/CLK (sky130_fd_sc_hd__dfrtp_2)
                          1.07    1.32   library removal time
                                  1.32   data required time
-----------------------------------------------------------------------------
                                  1.32   data required time
                                 -3.79   data arrival time
-----------------------------------------------------------------------------
                                  2.47   slack (MET)


Startpoint: rst_n (input port clocked by clk)
Endpoint: _1098_ (removal check against rising-edge clock clk)
Path Group: asynchronous
Path Type: min

Fanout     Cap    Slew   Delay    Time   Description
-----------------------------------------------------------------------------
                  0.15    0.00    0.00   clock clk (rise edge)
                          0.00    0.00   clock network delay (ideal)
                          2.00    2.00 ^ input external delay
                  2.73    1.79    3.79 ^ rst_n (in)
   144    0.61                           rst_n (net)
                  2.73    0.00    3.79 ^ _1098_/RESET_B (sky130_fd_sc_hd__dfrtp_2)
                                  3.79   data arrival time

                  0.15    0.00    0.00   clock clk (rise edge)
                          0.00    0.00   clock network delay (ideal)
                          0.25    0.25   clock uncertainty
                          0.00    0.25   clock reconvergence pessimism
                                  0.25 ^ _1098_/CLK (sky130_fd_sc_hd__dfrtp_2)
                          1.07    1.32   library removal time
                                  1.32   data required time
-----------------------------------------------------------------------------
                                  1.32   data required time
                                 -3.79   data arrival time
-----------------------------------------------------------------------------
                                  2.47   slack (MET)


Startpoint: rst_n (input port clocked by clk)
Endpoint: _1176_ (removal check against rising-edge clock clk)
Path Group: asynchronous
Path Type: min

Fanout     Cap    Slew   Delay    Time   Description
-----------------------------------------------------------------------------
                  0.15    0.00    0.00   clock clk (rise edge)
                          0.00    0.00   clock network delay (ideal)
                          2.00    2.00 ^ input external delay
                  2.73    1.79    3.79 ^ rst_n (in)
   144    0.61                           rst_n (net)
                  2.73    0.00    3.79 ^ _1176_/RESET_B (sky130_fd_sc_hd__dfrtp_2)
                                  3.79   data arrival time

                  0.15    0.00    0.00   clock clk (rise edge)
                          0.00    0.00   clock network delay (ideal)
                          0.25    0.25   clock uncertainty
                          0.00    0.25   clock reconvergence pessimism
                                  0.25 ^ _1176_/CLK (sky130_fd_sc_hd__dfrtp_2)
                          1.07    1.32   library removal time
                                  1.32   data required time
-----------------------------------------------------------------------------
                                  1.32   data required time
                                 -3.79   data arrival time
-----------------------------------------------------------------------------
                                  2.47   slack (MET)


Startpoint: rst_n (input port clocked by clk)
Endpoint: _1128_ (removal check against rising-edge clock clk)
Path Group: asynchronous
Path Type: min

Fanout     Cap    Slew   Delay    Time   Description
-----------------------------------------------------------------------------
                  0.15    0.00    0.00   clock clk (rise edge)
                          0.00    0.00   clock network delay (ideal)
                          2.00    2.00 ^ input external delay
                  2.73    1.79    3.79 ^ rst_n (in)
   144    0.61                           rst_n (net)
                  2.73    0.00    3.79 ^ _1128_/RESET_B (sky130_fd_sc_hd__dfrtp_2)
                                  3.79   data arrival time

                  0.15    0.00    0.00   clock clk (rise edge)
                          0.00    0.00   clock network delay (ideal)
                          0.25    0.25   clock uncertainty
                          0.00    0.25   clock reconvergence pessimism
                                  0.25 ^ _1128_/CLK (sky130_fd_sc_hd__dfrtp_2)
                          1.07    1.32   library removal time
                                  1.32   data required time
-----------------------------------------------------------------------------
                                  1.32   data required time
                                 -3.79   data arrival time
-----------------------------------------------------------------------------
                                  2.48   slack (MET)


Startpoint: rst_n (input port clocked by clk)
Endpoint: _1086_ (removal check against rising-edge clock clk)
Path Group: asynchronous
Path Type: min

Fanout     Cap    Slew   Delay    Time   Description
-----------------------------------------------------------------------------
                  0.15    0.00    0.00   clock clk (rise edge)
                          0.00    0.00   clock network delay (ideal)
                          2.00    2.00 ^ input external delay
                  2.73    1.79    3.79 ^ rst_n (in)
   144    0.61                           rst_n (net)
                  2.73    0.00    3.79 ^ _1086_/RESET_B (sky130_fd_sc_hd__dfrtp_2)
                                  3.79   data arrival time

                  0.15    0.00    0.00   clock clk (rise edge)
                          0.00    0.00   clock network delay (ideal)
                          0.25    0.25   clock uncertainty
                          0.00    0.25   clock reconvergence pessimism
                                  0.25 ^ _1086_/CLK (sky130_fd_sc_hd__dfrtp_2)
                          1.07    1.32   library removal time
                                  1.32   data required time
-----------------------------------------------------------------------------
                                  1.32   data required time
                                 -3.79   data arrival time
-----------------------------------------------------------------------------
                                  2.48   slack (MET)


Startpoint: rst_n (input port clocked by clk)
Endpoint: _1127_ (removal check against rising-edge clock clk)
Path Group: asynchronous
Path Type: min

Fanout     Cap    Slew   Delay    Time   Description
-----------------------------------------------------------------------------
                  0.15    0.00    0.00   clock clk (rise edge)
                          0.00    0.00   clock network delay (ideal)
                          2.00    2.00 ^ input external delay
                  2.73    1.79    3.79 ^ rst_n (in)
   144    0.61                           rst_n (net)
                  2.73    0.00    3.79 ^ _1127_/RESET_B (sky130_fd_sc_hd__dfrtp_2)
                                  3.79   data arrival time

                  0.15    0.00    0.00   clock clk (rise edge)
                          0.00    0.00   clock network delay (ideal)
                          0.25    0.25   clock uncertainty
                          0.00    0.25   clock reconvergence pessimism
                                  0.25 ^ _1127_/CLK (sky130_fd_sc_hd__dfrtp_2)
                          1.07    1.32   library removal time
                                  1.32   data required time
-----------------------------------------------------------------------------
                                  1.32   data required time
                                 -3.79   data arrival time
-----------------------------------------------------------------------------
                                  2.48   slack (MET)


Startpoint: rst_n (input port clocked by clk)
Endpoint: _1171_ (removal check against rising-edge clock clk)
Path Group: asynchronous
Path Type: min

Fanout     Cap    Slew   Delay    Time   Description
-----------------------------------------------------------------------------
                  0.15    0.00    0.00   clock clk (rise edge)
                          0.00    0.00   clock network delay (ideal)
                          2.00    2.00 ^ input external delay
                  2.73    1.79    3.79 ^ rst_n (in)
   144    0.61                           rst_n (net)
                  2.73    0.00    3.79 ^ _1171_/RESET_B (sky130_fd_sc_hd__dfrtp_2)
                                  3.79   data arrival time

                  0.15    0.00    0.00   clock clk (rise edge)
                          0.00    0.00   clock network delay (ideal)
                          0.25    0.25   clock uncertainty
                          0.00    0.25   clock reconvergence pessimism
                                  0.25 ^ _1171_/CLK (sky130_fd_sc_hd__dfrtp_2)
                          1.07    1.32   library removal time
                                  1.32   data required time
-----------------------------------------------------------------------------
                                  1.32   data required time
                                 -3.79   data arrival time
-----------------------------------------------------------------------------
                                  2.48   slack (MET)


Startpoint: rst_n (input port clocked by clk)
Endpoint: _1082_ (removal check against rising-edge clock clk)
Path Group: asynchronous
Path Type: min

Fanout     Cap    Slew   Delay    Time   Description
-----------------------------------------------------------------------------
                  0.15    0.00    0.00   clock clk (rise edge)
                          0.00    0.00   clock network delay (ideal)
                          2.00    2.00 ^ input external delay
                  2.73    1.79    3.79 ^ rst_n (in)
   144    0.61                           rst_n (net)
                  2.73    0.00    3.79 ^ _1082_/RESET_B (sky130_fd_sc_hd__dfrtp_2)
                                  3.79   data arrival time

                  0.15    0.00    0.00   clock clk (rise edge)
                          0.00    0.00   clock network delay (ideal)
                          0.25    0.25   clock uncertainty
                          0.00    0.25   clock reconvergence pessimism
                                  0.25 ^ _1082_/CLK (sky130_fd_sc_hd__dfrtp_2)
                          1.07    1.32   library removal time
                                  1.32   data required time
-----------------------------------------------------------------------------
                                  1.32   data required time
                                 -3.79   data arrival time
-----------------------------------------------------------------------------
                                  2.48   slack (MET)


Startpoint: rst_n (input port clocked by clk)
Endpoint: _1178_ (removal check against rising-edge clock clk)
Path Group: asynchronous
Path Type: min

Fanout     Cap    Slew   Delay    Time   Description
-----------------------------------------------------------------------------
                  0.15    0.00    0.00   clock clk (rise edge)
                          0.00    0.00   clock network delay (ideal)
                          2.00    2.00 ^ input external delay
                  2.73    1.79    3.79 ^ rst_n (in)
   144    0.61                           rst_n (net)
                  2.73    0.00    3.79 ^ _1178_/RESET_B (sky130_fd_sc_hd__dfrtp_2)
                                  3.79   data arrival time

                  0.15    0.00    0.00   clock clk (rise edge)
                          0.00    0.00   clock network delay (ideal)
                          0.25    0.25   clock uncertainty
                          0.00    0.25   clock reconvergence pessimism
                                  0.25 ^ _1178_/CLK (sky130_fd_sc_hd__dfrtp_2)
                          1.07    1.32   library removal time
                                  1.32   data required time
-----------------------------------------------------------------------------
                                  1.32   data required time
                                 -3.79   data arrival time
-----------------------------------------------------------------------------
                                  2.48   slack (MET)


Startpoint: rst_n (input port clocked by clk)
Endpoint: _1141_ (removal check against rising-edge clock clk)
Path Group: asynchronous
Path Type: min

Fanout     Cap    Slew   Delay    Time   Description
-----------------------------------------------------------------------------
                  0.15    0.00    0.00   clock clk (rise edge)
                          0.00    0.00   clock network delay (ideal)
                          2.00    2.00 ^ input external delay
                  2.73    1.79    3.79 ^ rst_n (in)
   144    0.61                           rst_n (net)
                  2.73    0.00    3.79 ^ _1141_/RESET_B (sky130_fd_sc_hd__dfrtp_2)
                                  3.79   data arrival time

                  0.15    0.00    0.00   clock clk (rise edge)
                          0.00    0.00   clock network delay (ideal)
                          0.25    0.25   clock uncertainty
                          0.00    0.25   clock reconvergence pessimism
                                  0.25 ^ _1141_/CLK (sky130_fd_sc_hd__dfrtp_2)
                          1.07    1.32   library removal time
                                  1.32   data required time
-----------------------------------------------------------------------------
                                  1.32   data required time
                                 -3.79   data arrival time
-----------------------------------------------------------------------------
                                  2.48   slack (MET)


Startpoint: rst_n (input port clocked by clk)
Endpoint: _1121_ (removal check against rising-edge clock clk)
Path Group: asynchronous
Path Type: min

Fanout     Cap    Slew   Delay    Time   Description
-----------------------------------------------------------------------------
                  0.15    0.00    0.00   clock clk (rise edge)
                          0.00    0.00   clock network delay (ideal)
                          2.00    2.00 ^ input external delay
                  2.73    1.79    3.79 ^ rst_n (in)
   144    0.61                           rst_n (net)
                  2.73    0.00    3.79 ^ _1121_/RESET_B (sky130_fd_sc_hd__dfrtp_2)
                                  3.79   data arrival time

                  0.15    0.00    0.00   clock clk (rise edge)
                          0.00    0.00   clock network delay (ideal)
                          0.25    0.25   clock uncertainty
                          0.00    0.25   clock reconvergence pessimism
                                  0.25 ^ _1121_/CLK (sky130_fd_sc_hd__dfrtp_2)
                          1.07    1.32   library removal time
                                  1.32   data required time
-----------------------------------------------------------------------------
                                  1.32   data required time
                                 -3.79   data arrival time
-----------------------------------------------------------------------------
                                  2.48   slack (MET)


Startpoint: rst_n (input port clocked by clk)
Endpoint: _1132_ (removal check against rising-edge clock clk)
Path Group: asynchronous
Path Type: min

Fanout     Cap    Slew   Delay    Time   Description
-----------------------------------------------------------------------------
                  0.15    0.00    0.00   clock clk (rise edge)
                          0.00    0.00   clock network delay (ideal)
                          2.00    2.00 ^ input external delay
                  2.73    1.79    3.79 ^ rst_n (in)
   144    0.61                           rst_n (net)
                  2.73    0.00    3.79 ^ _1132_/RESET_B (sky130_fd_sc_hd__dfrtp_2)
                                  3.79   data arrival time

                  0.15    0.00    0.00   clock clk (rise edge)
                          0.00    0.00   clock network delay (ideal)
                          0.25    0.25   clock uncertainty
                          0.00    0.25   clock reconvergence pessimism
                                  0.25 ^ _1132_/CLK (sky130_fd_sc_hd__dfrtp_2)
                          1.07    1.32   library removal time
                                  1.32   data required time
-----------------------------------------------------------------------------
                                  1.32   data required time
                                 -3.79   data arrival time
-----------------------------------------------------------------------------
                                  2.48   slack (MET)


Startpoint: rst_n (input port clocked by clk)
Endpoint: _1055_ (removal check against rising-edge clock clk)
Path Group: asynchronous
Path Type: min

Fanout     Cap    Slew   Delay    Time   Description
-----------------------------------------------------------------------------
                  0.15    0.00    0.00   clock clk (rise edge)
                          0.00    0.00   clock network delay (ideal)
                          2.00    2.00 ^ input external delay
                  2.73    1.79    3.79 ^ rst_n (in)
   144    0.61                           rst_n (net)
                  2.73    0.00    3.79 ^ _1055_/RESET_B (sky130_fd_sc_hd__dfrtp_2)
                                  3.79   data arrival time

                  0.15    0.00    0.00   clock clk (rise edge)
                          0.00    0.00   clock network delay (ideal)
                          0.25    0.25   clock uncertainty
                          0.00    0.25   clock reconvergence pessimism
                                  0.25 ^ _1055_/CLK (sky130_fd_sc_hd__dfrtp_2)
                          1.07    1.32   library removal time
                                  1.32   data required time
-----------------------------------------------------------------------------
                                  1.32   data required time
                                 -3.79   data arrival time
-----------------------------------------------------------------------------
                                  2.48   slack (MET)


Startpoint: rst_n (input port clocked by clk)
Endpoint: _1150_ (removal check against rising-edge clock clk)
Path Group: asynchronous
Path Type: min

Fanout     Cap    Slew   Delay    Time   Description
-----------------------------------------------------------------------------
                  0.15    0.00    0.00   clock clk (rise edge)
                          0.00    0.00   clock network delay (ideal)
                          2.00    2.00 ^ input external delay
                  2.73    1.79    3.79 ^ rst_n (in)
   144    0.61                           rst_n (net)
                  2.73    0.00    3.79 ^ _1150_/RESET_B (sky130_fd_sc_hd__dfrtp_2)
                                  3.79   data arrival time

                  0.15    0.00    0.00   clock clk (rise edge)
                          0.00    0.00   clock network delay (ideal)
                          0.25    0.25   clock uncertainty
                          0.00    0.25   clock reconvergence pessimism
                                  0.25 ^ _1150_/CLK (sky130_fd_sc_hd__dfrtp_2)
                          1.07    1.32   library removal time
                                  1.32   data required time
-----------------------------------------------------------------------------
                                  1.32   data required time
                                 -3.79   data arrival time
-----------------------------------------------------------------------------
                                  2.48   slack (MET)


Startpoint: rst_n (input port clocked by clk)
Endpoint: _1054_ (removal check against rising-edge clock clk)
Path Group: asynchronous
Path Type: min

Fanout     Cap    Slew   Delay    Time   Description
-----------------------------------------------------------------------------
                  0.15    0.00    0.00   clock clk (rise edge)
                          0.00    0.00   clock network delay (ideal)
                          2.00    2.00 ^ input external delay
                  2.73    1.79    3.79 ^ rst_n (in)
   144    0.61                           rst_n (net)
                  2.73    0.00    3.79 ^ _1054_/RESET_B (sky130_fd_sc_hd__dfrtp_2)
                                  3.79   data arrival time

                  0.15    0.00    0.00   clock clk (rise edge)
                          0.00    0.00   clock network delay (ideal)
                          0.25    0.25   clock uncertainty
                          0.00    0.25   clock reconvergence pessimism
                                  0.25 ^ _1054_/CLK (sky130_fd_sc_hd__dfrtp_2)
                          1.07    1.32   library removal time
                                  1.32   data required time
-----------------------------------------------------------------------------
                                  1.32   data required time
                                 -3.79   data arrival time
-----------------------------------------------------------------------------
                                  2.48   slack (MET)


Startpoint: rst_n (input port clocked by clk)
Endpoint: _1045_ (removal check against rising-edge clock clk)
Path Group: asynchronous
Path Type: min

Fanout     Cap    Slew   Delay    Time   Description
-----------------------------------------------------------------------------
                  0.15    0.00    0.00   clock clk (rise edge)
                          0.00    0.00   clock network delay (ideal)
                          2.00    2.00 ^ input external delay
                  2.73    1.79    3.79 ^ rst_n (in)
   144    0.61                           rst_n (net)
                  2.73    0.00    3.79 ^ _1045_/RESET_B (sky130_fd_sc_hd__dfrtp_2)
                                  3.79   data arrival time

                  0.15    0.00    0.00   clock clk (rise edge)
                          0.00    0.00   clock network delay (ideal)
                          0.25    0.25   clock uncertainty
                          0.00    0.25   clock reconvergence pessimism
                                  0.25 ^ _1045_/CLK (sky130_fd_sc_hd__dfrtp_2)
                          1.07    1.32   library removal time
                                  1.32   data required time
-----------------------------------------------------------------------------
                                  1.32   data required time
                                 -3.79   data arrival time
-----------------------------------------------------------------------------
                                  2.48   slack (MET)


Startpoint: rst_n (input port clocked by clk)
Endpoint: _1119_ (removal check against rising-edge clock clk)
Path Group: asynchronous
Path Type: min

Fanout     Cap    Slew   Delay    Time   Description
-----------------------------------------------------------------------------
                  0.15    0.00    0.00   clock clk (rise edge)
                          0.00    0.00   clock network delay (ideal)
                          2.00    2.00 ^ input external delay
                  2.73    1.80    3.80 ^ rst_n (in)
   144    0.61                           rst_n (net)
                  2.73    0.00    3.80 ^ _1119_/RESET_B (sky130_fd_sc_hd__dfrtp_2)
                                  3.80   data arrival time

                  0.15    0.00    0.00   clock clk (rise edge)
                          0.00    0.00   clock network delay (ideal)
                          0.25    0.25   clock uncertainty
                          0.00    0.25   clock reconvergence pessimism
                                  0.25 ^ _1119_/CLK (sky130_fd_sc_hd__dfrtp_2)
                          1.07    1.32   library removal time
                                  1.32   data required time
-----------------------------------------------------------------------------
                                  1.32   data required time
                                 -3.80   data arrival time
-----------------------------------------------------------------------------
                                  2.48   slack (MET)


Startpoint: rst_n (input port clocked by clk)
Endpoint: _1085_ (removal check against rising-edge clock clk)
Path Group: asynchronous
Path Type: min

Fanout     Cap    Slew   Delay    Time   Description
-----------------------------------------------------------------------------
                  0.15    0.00    0.00   clock clk (rise edge)
                          0.00    0.00   clock network delay (ideal)
                          2.00    2.00 ^ input external delay
                  2.73    1.80    3.80 ^ rst_n (in)
   144    0.61                           rst_n (net)
                  2.73    0.00    3.80 ^ _1085_/RESET_B (sky130_fd_sc_hd__dfrtp_2)
                                  3.80   data arrival time

                  0.15    0.00    0.00   clock clk (rise edge)
                          0.00    0.00   clock network delay (ideal)
                          0.25    0.25   clock uncertainty
                          0.00    0.25   clock reconvergence pessimism
                                  0.25 ^ _1085_/CLK (sky130_fd_sc_hd__dfrtp_2)
                          1.07    1.32   library removal time
                                  1.32   data required time
-----------------------------------------------------------------------------
                                  1.32   data required time
                                 -3.80   data arrival time
-----------------------------------------------------------------------------
                                  2.48   slack (MET)


Startpoint: rst_n (input port clocked by clk)
Endpoint: _1083_ (removal check against rising-edge clock clk)
Path Group: asynchronous
Path Type: min

Fanout     Cap    Slew   Delay    Time   Description
-----------------------------------------------------------------------------
                  0.15    0.00    0.00   clock clk (rise edge)
                          0.00    0.00   clock network delay (ideal)
                          2.00    2.00 ^ input external delay
                  2.73    1.80    3.80 ^ rst_n (in)
   144    0.61                           rst_n (net)
                  2.73    0.00    3.80 ^ _1083_/RESET_B (sky130_fd_sc_hd__dfrtp_2)
                                  3.80   data arrival time

                  0.15    0.00    0.00   clock clk (rise edge)
                          0.00    0.00   clock network delay (ideal)
                          0.25    0.25   clock uncertainty
                          0.00    0.25   clock reconvergence pessimism
                                  0.25 ^ _1083_/CLK (sky130_fd_sc_hd__dfrtp_2)
                          1.07    1.32   library removal time
                                  1.32   data required time
-----------------------------------------------------------------------------
                                  1.32   data required time
                                 -3.80   data arrival time
-----------------------------------------------------------------------------
                                  2.48   slack (MET)


Startpoint: rst_n (input port clocked by clk)
Endpoint: _1081_ (removal check against rising-edge clock clk)
Path Group: asynchronous
Path Type: min

Fanout     Cap    Slew   Delay    Time   Description
-----------------------------------------------------------------------------
                  0.15    0.00    0.00   clock clk (rise edge)
                          0.00    0.00   clock network delay (ideal)
                          2.00    2.00 ^ input external delay
                  2.73    1.80    3.80 ^ rst_n (in)
   144    0.61                           rst_n (net)
                  2.73    0.00    3.80 ^ _1081_/RESET_B (sky130_fd_sc_hd__dfrtp_2)
                                  3.80   data arrival time

                  0.15    0.00    0.00   clock clk (rise edge)
                          0.00    0.00   clock network delay (ideal)
                          0.25    0.25   clock uncertainty
                          0.00    0.25   clock reconvergence pessimism
                                  0.25 ^ _1081_/CLK (sky130_fd_sc_hd__dfrtp_2)
                          1.07    1.32   library removal time
                                  1.32   data required time
-----------------------------------------------------------------------------
                                  1.32   data required time
                                 -3.80   data arrival time
-----------------------------------------------------------------------------
                                  2.48   slack (MET)


Startpoint: rst_n (input port clocked by clk)
Endpoint: _1120_ (removal check against rising-edge clock clk)
Path Group: asynchronous
Path Type: min

Fanout     Cap    Slew   Delay    Time   Description
-----------------------------------------------------------------------------
                  0.15    0.00    0.00   clock clk (rise edge)
                          0.00    0.00   clock network delay (ideal)
                          2.00    2.00 ^ input external delay
                  2.73    1.80    3.80 ^ rst_n (in)
   144    0.61                           rst_n (net)
                  2.73    0.00    3.80 ^ _1120_/RESET_B (sky130_fd_sc_hd__dfrtp_2)
                                  3.80   data arrival time

                  0.15    0.00    0.00   clock clk (rise edge)
                          0.00    0.00   clock network delay (ideal)
                          0.25    0.25   clock uncertainty
                          0.00    0.25   clock reconvergence pessimism
                                  0.25 ^ _1120_/CLK (sky130_fd_sc_hd__dfrtp_2)
                          1.07    1.32   library removal time
                                  1.32   data required time
-----------------------------------------------------------------------------
                                  1.32   data required time
                                 -3.80   data arrival time
-----------------------------------------------------------------------------
                                  2.48   slack (MET)


Startpoint: rst_n (input port clocked by clk)
Endpoint: _1043_ (removal check against rising-edge clock clk)
Path Group: asynchronous
Path Type: min

Fanout     Cap    Slew   Delay    Time   Description
-----------------------------------------------------------------------------
                  0.15    0.00    0.00   clock clk (rise edge)
                          0.00    0.00   clock network delay (ideal)
                          2.00    2.00 ^ input external delay
                  2.73    1.80    3.80 ^ rst_n (in)
   144    0.61                           rst_n (net)
                  2.73    0.00    3.80 ^ _1043_/RESET_B (sky130_fd_sc_hd__dfrtp_2)
                                  3.80   data arrival time

                  0.15    0.00    0.00   clock clk (rise edge)
                          0.00    0.00   clock network delay (ideal)
                          0.25    0.25   clock uncertainty
                          0.00    0.25   clock reconvergence pessimism
                                  0.25 ^ _1043_/CLK (sky130_fd_sc_hd__dfrtp_2)
                          1.07    1.32   library removal time
                                  1.32   data required time
-----------------------------------------------------------------------------
                                  1.32   data required time
                                 -3.80   data arrival time
-----------------------------------------------------------------------------
                                  2.48   slack (MET)


Startpoint: rst_n (input port clocked by clk)
Endpoint: _1159_ (removal check against rising-edge clock clk)
Path Group: asynchronous
Path Type: min

Fanout     Cap    Slew   Delay    Time   Description
-----------------------------------------------------------------------------
                  0.15    0.00    0.00   clock clk (rise edge)
                          0.00    0.00   clock network delay (ideal)
                          2.00    2.00 ^ input external delay
                  2.73    1.80    3.80 ^ rst_n (in)
   144    0.61                           rst_n (net)
                  2.73    0.00    3.80 ^ _1159_/RESET_B (sky130_fd_sc_hd__dfrtp_2)
                                  3.80   data arrival time

                  0.15    0.00    0.00   clock clk (rise edge)
                          0.00    0.00   clock network delay (ideal)
                          0.25    0.25   clock uncertainty
                          0.00    0.25   clock reconvergence pessimism
                                  0.25 ^ _1159_/CLK (sky130_fd_sc_hd__dfrtp_2)
                          1.07    1.32   library removal time
                                  1.32   data required time
-----------------------------------------------------------------------------
                                  1.32   data required time
                                 -3.80   data arrival time
-----------------------------------------------------------------------------
                                  2.48   slack (MET)


Startpoint: rst_n (input port clocked by clk)
Endpoint: _1157_ (removal check against rising-edge clock clk)
Path Group: asynchronous
Path Type: min

Fanout     Cap    Slew   Delay    Time   Description
-----------------------------------------------------------------------------
                  0.15    0.00    0.00   clock clk (rise edge)
                          0.00    0.00   clock network delay (ideal)
                          2.00    2.00 ^ input external delay
                  2.73    1.80    3.80 ^ rst_n (in)
   144    0.61                           rst_n (net)
                  2.73    0.00    3.80 ^ _1157_/RESET_B (sky130_fd_sc_hd__dfrtp_2)
                                  3.80   data arrival time

                  0.15    0.00    0.00   clock clk (rise edge)
                          0.00    0.00   clock network delay (ideal)
                          0.25    0.25   clock uncertainty
                          0.00    0.25   clock reconvergence pessimism
                                  0.25 ^ _1157_/CLK (sky130_fd_sc_hd__dfrtp_2)
                          1.07    1.32   library removal time
                                  1.32   data required time
-----------------------------------------------------------------------------
                                  1.32   data required time
                                 -3.80   data arrival time
-----------------------------------------------------------------------------
                                  2.48   slack (MET)


Startpoint: rst_n (input port clocked by clk)
Endpoint: _1152_ (removal check against rising-edge clock clk)
Path Group: asynchronous
Path Type: min

Fanout     Cap    Slew   Delay    Time   Description
-----------------------------------------------------------------------------
                  0.15    0.00    0.00   clock clk (rise edge)
                          0.00    0.00   clock network delay (ideal)
                          2.00    2.00 ^ input external delay
                  2.73    1.80    3.80 ^ rst_n (in)
   144    0.61                           rst_n (net)
                  2.73    0.00    3.80 ^ _1152_/RESET_B (sky130_fd_sc_hd__dfrtp_2)
                                  3.80   data arrival time

                  0.15    0.00    0.00   clock clk (rise edge)
                          0.00    0.00   clock network delay (ideal)
                          0.25    0.25   clock uncertainty
                          0.00    0.25   clock reconvergence pessimism
                                  0.25 ^ _1152_/CLK (sky130_fd_sc_hd__dfrtp_2)
                          1.07    1.32   library removal time
                                  1.32   data required time
-----------------------------------------------------------------------------
                                  1.32   data required time
                                 -3.80   data arrival time
-----------------------------------------------------------------------------
                                  2.48   slack (MET)


Startpoint: rst_n (input port clocked by clk)
Endpoint: _1087_ (removal check against rising-edge clock clk)
Path Group: asynchronous
Path Type: min

Fanout     Cap    Slew   Delay    Time   Description
-----------------------------------------------------------------------------
                  0.15    0.00    0.00   clock clk (rise edge)
                          0.00    0.00   clock network delay (ideal)
                          2.00    2.00 ^ input external delay
                  2.73    1.80    3.80 ^ rst_n (in)
   144    0.61                           rst_n (net)
                  2.73    0.00    3.80 ^ _1087_/RESET_B (sky130_fd_sc_hd__dfrtp_2)
                                  3.80   data arrival time

                  0.15    0.00    0.00   clock clk (rise edge)
                          0.00    0.00   clock network delay (ideal)
                          0.25    0.25   clock uncertainty
                          0.00    0.25   clock reconvergence pessimism
                                  0.25 ^ _1087_/CLK (sky130_fd_sc_hd__dfrtp_2)
                          1.07    1.32   library removal time
                                  1.32   data required time
-----------------------------------------------------------------------------
                                  1.32   data required time
                                 -3.80   data arrival time
-----------------------------------------------------------------------------
                                  2.48   slack (MET)


Startpoint: rst_n (input port clocked by clk)
Endpoint: _1092_ (removal check against rising-edge clock clk)
Path Group: asynchronous
Path Type: min

Fanout     Cap    Slew   Delay    Time   Description
-----------------------------------------------------------------------------
                  0.15    0.00    0.00   clock clk (rise edge)
                          0.00    0.00   clock network delay (ideal)
                          2.00    2.00 ^ input external delay
                  2.73    1.80    3.80 ^ rst_n (in)
   144    0.61                           rst_n (net)
                  2.73    0.00    3.80 ^ _1092_/RESET_B (sky130_fd_sc_hd__dfrtp_2)
                                  3.80   data arrival time

                  0.15    0.00    0.00   clock clk (rise edge)
                          0.00    0.00   clock network delay (ideal)
                          0.25    0.25   clock uncertainty
                          0.00    0.25   clock reconvergence pessimism
                                  0.25 ^ _1092_/CLK (sky130_fd_sc_hd__dfrtp_2)
                          1.07    1.32   library removal time
                                  1.32   data required time
-----------------------------------------------------------------------------
                                  1.32   data required time
                                 -3.80   data arrival time
-----------------------------------------------------------------------------
                                  2.48   slack (MET)


Startpoint: rst_n (input port clocked by clk)
Endpoint: _1094_ (removal check against rising-edge clock clk)
Path Group: asynchronous
Path Type: min

Fanout     Cap    Slew   Delay    Time   Description
-----------------------------------------------------------------------------
                  0.15    0.00    0.00   clock clk (rise edge)
                          0.00    0.00   clock network delay (ideal)
                          2.00    2.00 ^ input external delay
                  2.73    1.80    3.80 ^ rst_n (in)
   144    0.61                           rst_n (net)
                  2.73    0.00    3.80 ^ _1094_/RESET_B (sky130_fd_sc_hd__dfrtp_2)
                                  3.80   data arrival time

                  0.15    0.00    0.00   clock clk (rise edge)
                          0.00    0.00   clock network delay (ideal)
                          0.25    0.25   clock uncertainty
                          0.00    0.25   clock reconvergence pessimism
                                  0.25 ^ _1094_/CLK (sky130_fd_sc_hd__dfrtp_2)
                          1.07    1.32   library removal time
                                  1.32   data required time
-----------------------------------------------------------------------------
                                  1.32   data required time
                                 -3.80   data arrival time
-----------------------------------------------------------------------------
                                  2.48   slack (MET)


Startpoint: rst_n (input port clocked by clk)
Endpoint: _1062_ (removal check against rising-edge clock clk)
Path Group: asynchronous
Path Type: min

Fanout     Cap    Slew   Delay    Time   Description
-----------------------------------------------------------------------------
                  0.15    0.00    0.00   clock clk (rise edge)
                          0.00    0.00   clock network delay (ideal)
                          2.00    2.00 ^ input external delay
                  2.73    1.80    3.80 ^ rst_n (in)
   144    0.61                           rst_n (net)
                  2.73    0.00    3.80 ^ _1062_/RESET_B (sky130_fd_sc_hd__dfrtp_2)
                                  3.80   data arrival time

                  0.15    0.00    0.00   clock clk (rise edge)
                          0.00    0.00   clock network delay (ideal)
                          0.25    0.25   clock uncertainty
                          0.00    0.25   clock reconvergence pessimism
                                  0.25 ^ _1062_/CLK (sky130_fd_sc_hd__dfrtp_2)
                          1.07    1.32   library removal time
                                  1.32   data required time
-----------------------------------------------------------------------------
                                  1.32   data required time
                                 -3.80   data arrival time
-----------------------------------------------------------------------------
                                  2.48   slack (MET)


Startpoint: rst_n (input port clocked by clk)
Endpoint: _1155_ (removal check against rising-edge clock clk)
Path Group: asynchronous
Path Type: min

Fanout     Cap    Slew   Delay    Time   Description
-----------------------------------------------------------------------------
                  0.15    0.00    0.00   clock clk (rise edge)
                          0.00    0.00   clock network delay (ideal)
                          2.00    2.00 ^ input external delay
                  2.73    1.80    3.80 ^ rst_n (in)
   144    0.61                           rst_n (net)
                  2.73    0.00    3.80 ^ _1155_/RESET_B (sky130_fd_sc_hd__dfrtp_2)
                                  3.80   data arrival time

                  0.15    0.00    0.00   clock clk (rise edge)
                          0.00    0.00   clock network delay (ideal)
                          0.25    0.25   clock uncertainty
                          0.00    0.25   clock reconvergence pessimism
                                  0.25 ^ _1155_/CLK (sky130_fd_sc_hd__dfrtp_2)
                          1.07    1.32   library removal time
                                  1.32   data required time
-----------------------------------------------------------------------------
                                  1.32   data required time
                                 -3.80   data arrival time
-----------------------------------------------------------------------------
                                  2.48   slack (MET)


Startpoint: rst_n (input port clocked by clk)
Endpoint: _1061_ (removal check against rising-edge clock clk)
Path Group: asynchronous
Path Type: min

Fanout     Cap    Slew   Delay    Time   Description
-----------------------------------------------------------------------------
                  0.15    0.00    0.00   clock clk (rise edge)
                          0.00    0.00   clock network delay (ideal)
                          2.00    2.00 ^ input external delay
                  2.73    1.80    3.80 ^ rst_n (in)
   144    0.61                           rst_n (net)
                  2.73    0.00    3.80 ^ _1061_/RESET_B (sky130_fd_sc_hd__dfrtp_2)
                                  3.80   data arrival time

                  0.15    0.00    0.00   clock clk (rise edge)
                          0.00    0.00   clock network delay (ideal)
                          0.25    0.25   clock uncertainty
                          0.00    0.25   clock reconvergence pessimism
                                  0.25 ^ _1061_/CLK (sky130_fd_sc_hd__dfrtp_2)
                          1.07    1.32   library removal time
                                  1.32   data required time
-----------------------------------------------------------------------------
                                  1.32   data required time
                                 -3.80   data arrival time
-----------------------------------------------------------------------------
                                  2.48   slack (MET)


Startpoint: rst_n (input port clocked by clk)
Endpoint: _1060_ (removal check against rising-edge clock clk)
Path Group: asynchronous
Path Type: min

Fanout     Cap    Slew   Delay    Time   Description
-----------------------------------------------------------------------------
                  0.15    0.00    0.00   clock clk (rise edge)
                          0.00    0.00   clock network delay (ideal)
                          2.00    2.00 ^ input external delay
                  2.73    1.80    3.80 ^ rst_n (in)
   144    0.61                           rst_n (net)
                  2.73    0.00    3.80 ^ _1060_/RESET_B (sky130_fd_sc_hd__dfrtp_2)
                                  3.80   data arrival time

                  0.15    0.00    0.00   clock clk (rise edge)
                          0.00    0.00   clock network delay (ideal)
                          0.25    0.25   clock uncertainty
                          0.00    0.25   clock reconvergence pessimism
                                  0.25 ^ _1060_/CLK (sky130_fd_sc_hd__dfrtp_2)
                          1.07    1.32   library removal time
                                  1.32   data required time
-----------------------------------------------------------------------------
                                  1.32   data required time
                                 -3.80   data arrival time
-----------------------------------------------------------------------------
                                  2.48   slack (MET)


Startpoint: rst_n (input port clocked by clk)
Endpoint: _1090_ (removal check against rising-edge clock clk)
Path Group: asynchronous
Path Type: min

Fanout     Cap    Slew   Delay    Time   Description
-----------------------------------------------------------------------------
                  0.15    0.00    0.00   clock clk (rise edge)
                          0.00    0.00   clock network delay (ideal)
                          2.00    2.00 ^ input external delay
                  2.73    1.80    3.80 ^ rst_n (in)
   144    0.61                           rst_n (net)
                  2.73    0.00    3.80 ^ _1090_/RESET_B (sky130_fd_sc_hd__dfrtp_2)
                                  3.80   data arrival time

                  0.15    0.00    0.00   clock clk (rise edge)
                          0.00    0.00   clock network delay (ideal)
                          0.25    0.25   clock uncertainty
                          0.00    0.25   clock reconvergence pessimism
                                  0.25 ^ _1090_/CLK (sky130_fd_sc_hd__dfrtp_2)
                          1.07    1.32   library removal time
                                  1.32   data required time
-----------------------------------------------------------------------------
                                  1.32   data required time
                                 -3.80   data arrival time
-----------------------------------------------------------------------------
                                  2.48   slack (MET)


Startpoint: rst_n (input port clocked by clk)
Endpoint: _1110_ (removal check against rising-edge clock clk)
Path Group: asynchronous
Path Type: min

Fanout     Cap    Slew   Delay    Time   Description
-----------------------------------------------------------------------------
                  0.15    0.00    0.00   clock clk (rise edge)
                          0.00    0.00   clock network delay (ideal)
                          2.00    2.00 ^ input external delay
                  2.73    1.80    3.80 ^ rst_n (in)
   144    0.61                           rst_n (net)
                  2.73    0.00    3.80 ^ _1110_/RESET_B (sky130_fd_sc_hd__dfrtp_2)
                                  3.80   data arrival time

                  0.15    0.00    0.00   clock clk (rise edge)
                          0.00    0.00   clock network delay (ideal)
                          0.25    0.25   clock uncertainty
                          0.00    0.25   clock reconvergence pessimism
                                  0.25 ^ _1110_/CLK (sky130_fd_sc_hd__dfrtp_2)
                          1.07    1.32   library removal time
                                  1.32   data required time
-----------------------------------------------------------------------------
                                  1.32   data required time
                                 -3.80   data arrival time
-----------------------------------------------------------------------------
                                  2.48   slack (MET)


Startpoint: rst_n (input port clocked by clk)
Endpoint: _1156_ (removal check against rising-edge clock clk)
Path Group: asynchronous
Path Type: min

Fanout     Cap    Slew   Delay    Time   Description
-----------------------------------------------------------------------------
                  0.15    0.00    0.00   clock clk (rise edge)
                          0.00    0.00   clock network delay (ideal)
                          2.00    2.00 ^ input external delay
                  2.73    1.80    3.80 ^ rst_n (in)
   144    0.61                           rst_n (net)
                  2.73    0.00    3.80 ^ _1156_/RESET_B (sky130_fd_sc_hd__dfrtp_2)
                                  3.80   data arrival time

                  0.15    0.00    0.00   clock clk (rise edge)
                          0.00    0.00   clock network delay (ideal)
                          0.25    0.25   clock uncertainty
                          0.00    0.25   clock reconvergence pessimism
                                  0.25 ^ _1156_/CLK (sky130_fd_sc_hd__dfrtp_2)
                          1.07    1.32   library removal time
                                  1.32   data required time
-----------------------------------------------------------------------------
                                  1.32   data required time
                                 -3.80   data arrival time
-----------------------------------------------------------------------------
                                  2.48   slack (MET)


Startpoint: rst_n (input port clocked by clk)
Endpoint: _1091_ (removal check against rising-edge clock clk)
Path Group: asynchronous
Path Type: min

Fanout     Cap    Slew   Delay    Time   Description
-----------------------------------------------------------------------------
                  0.15    0.00    0.00   clock clk (rise edge)
                          0.00    0.00   clock network delay (ideal)
                          2.00    2.00 ^ input external delay
                  2.73    1.80    3.80 ^ rst_n (in)
   144    0.61                           rst_n (net)
                  2.73    0.00    3.80 ^ _1091_/RESET_B (sky130_fd_sc_hd__dfrtp_2)
                                  3.80   data arrival time

                  0.15    0.00    0.00   clock clk (rise edge)
                          0.00    0.00   clock network delay (ideal)
                          0.25    0.25   clock uncertainty
                          0.00    0.25   clock reconvergence pessimism
                                  0.25 ^ _1091_/CLK (sky130_fd_sc_hd__dfrtp_2)
                          1.07    1.32   library removal time
                                  1.32   data required time
-----------------------------------------------------------------------------
                                  1.32   data required time
                                 -3.80   data arrival time
-----------------------------------------------------------------------------
                                  2.48   slack (MET)


Startpoint: rst_n (input port clocked by clk)
Endpoint: _1109_ (removal check against rising-edge clock clk)
Path Group: asynchronous
Path Type: min

Fanout     Cap    Slew   Delay    Time   Description
-----------------------------------------------------------------------------
                  0.15    0.00    0.00   clock clk (rise edge)
                          0.00    0.00   clock network delay (ideal)
                          2.00    2.00 ^ input external delay
                  2.73    1.80    3.80 ^ rst_n (in)
   144    0.61                           rst_n (net)
                  2.73    0.00    3.80 ^ _1109_/RESET_B (sky130_fd_sc_hd__dfrtp_2)
                                  3.80   data arrival time

                  0.15    0.00    0.00   clock clk (rise edge)
                          0.00    0.00   clock network delay (ideal)
                          0.25    0.25   clock uncertainty
                          0.00    0.25   clock reconvergence pessimism
                                  0.25 ^ _1109_/CLK (sky130_fd_sc_hd__dfrtp_2)
                          1.07    1.32   library removal time
                                  1.32   data required time
-----------------------------------------------------------------------------
                                  1.32   data required time
                                 -3.80   data arrival time
-----------------------------------------------------------------------------
                                  2.48   slack (MET)


Startpoint: rst_n (input port clocked by clk)
Endpoint: _1058_ (removal check against rising-edge clock clk)
Path Group: asynchronous
Path Type: min

Fanout     Cap    Slew   Delay    Time   Description
-----------------------------------------------------------------------------
                  0.15    0.00    0.00   clock clk (rise edge)
                          0.00    0.00   clock network delay (ideal)
                          2.00    2.00 ^ input external delay
                  2.73    1.80    3.80 ^ rst_n (in)
   144    0.61                           rst_n (net)
                  2.73    0.00    3.80 ^ _1058_/RESET_B (sky130_fd_sc_hd__dfrtp_2)
                                  3.80   data arrival time

                  0.15    0.00    0.00   clock clk (rise edge)
                          0.00    0.00   clock network delay (ideal)
                          0.25    0.25   clock uncertainty
                          0.00    0.25   clock reconvergence pessimism
                                  0.25 ^ _1058_/CLK (sky130_fd_sc_hd__dfrtp_2)
                          1.07    1.32   library removal time
                                  1.32   data required time
-----------------------------------------------------------------------------
                                  1.32   data required time
                                 -3.80   data arrival time
-----------------------------------------------------------------------------
                                  2.48   slack (MET)


Startpoint: rst_n (input port clocked by clk)
Endpoint: _1056_ (removal check against rising-edge clock clk)
Path Group: asynchronous
Path Type: min

Fanout     Cap    Slew   Delay    Time   Description
-----------------------------------------------------------------------------
                  0.15    0.00    0.00   clock clk (rise edge)
                          0.00    0.00   clock network delay (ideal)
                          2.00    2.00 ^ input external delay
                  2.73    1.80    3.80 ^ rst_n (in)
   144    0.61                           rst_n (net)
                  2.73    0.00    3.80 ^ _1056_/RESET_B (sky130_fd_sc_hd__dfrtp_2)
                                  3.80   data arrival time

                  0.15    0.00    0.00   clock clk (rise edge)
                          0.00    0.00   clock network delay (ideal)
                          0.25    0.25   clock uncertainty
                          0.00    0.25   clock reconvergence pessimism
                                  0.25 ^ _1056_/CLK (sky130_fd_sc_hd__dfrtp_2)
                          1.07    1.32   library removal time
                                  1.32   data required time
-----------------------------------------------------------------------------
                                  1.32   data required time
                                 -3.80   data arrival time
-----------------------------------------------------------------------------
                                  2.48   slack (MET)


Startpoint: rst_n (input port clocked by clk)
Endpoint: _1057_ (removal check against rising-edge clock clk)
Path Group: asynchronous
Path Type: min

Fanout     Cap    Slew   Delay    Time   Description
-----------------------------------------------------------------------------
                  0.15    0.00    0.00   clock clk (rise edge)
                          0.00    0.00   clock network delay (ideal)
                          2.00    2.00 ^ input external delay
                  2.73    1.80    3.80 ^ rst_n (in)
   144    0.61                           rst_n (net)
                  2.73    0.00    3.80 ^ _1057_/RESET_B (sky130_fd_sc_hd__dfrtp_2)
                                  3.80   data arrival time

                  0.15    0.00    0.00   clock clk (rise edge)
                          0.00    0.00   clock network delay (ideal)
                          0.25    0.25   clock uncertainty
                          0.00    0.25   clock reconvergence pessimism
                                  0.25 ^ _1057_/CLK (sky130_fd_sc_hd__dfrtp_2)
                          1.07    1.32   library removal time
                                  1.32   data required time
-----------------------------------------------------------------------------
                                  1.32   data required time
                                 -3.80   data arrival time
-----------------------------------------------------------------------------
                                  2.48   slack (MET)


Startpoint: rst_n (input port clocked by clk)
Endpoint: _1059_ (removal check against rising-edge clock clk)
Path Group: asynchronous
Path Type: min

Fanout     Cap    Slew   Delay    Time   Description
-----------------------------------------------------------------------------
                  0.15    0.00    0.00   clock clk (rise edge)
                          0.00    0.00   clock network delay (ideal)
                          2.00    2.00 ^ input external delay
                  2.73    1.80    3.80 ^ rst_n (in)
   144    0.61                           rst_n (net)
                  2.73    0.00    3.80 ^ _1059_/RESET_B (sky130_fd_sc_hd__dfrtp_2)
                                  3.80   data arrival time

                  0.15    0.00    0.00   clock clk (rise edge)
                          0.00    0.00   clock network delay (ideal)
                          0.25    0.25   clock uncertainty
                          0.00    0.25   clock reconvergence pessimism
                                  0.25 ^ _1059_/CLK (sky130_fd_sc_hd__dfrtp_2)
                          1.07    1.32   library removal time
                                  1.32   data required time
-----------------------------------------------------------------------------
                                  1.32   data required time
                                 -3.80   data arrival time
-----------------------------------------------------------------------------
                                  2.48   slack (MET)


Startpoint: rst_n (input port clocked by clk)
Endpoint: _1100_ (removal check against rising-edge clock clk)
Path Group: asynchronous
Path Type: min

Fanout     Cap    Slew   Delay    Time   Description
-----------------------------------------------------------------------------
                  0.15    0.00    0.00   clock clk (rise edge)
                          0.00    0.00   clock network delay (ideal)
                          2.00    2.00 ^ input external delay
                  2.73    1.80    3.80 ^ rst_n (in)
   144    0.61                           rst_n (net)
                  2.73    0.00    3.80 ^ _1100_/RESET_B (sky130_fd_sc_hd__dfrtp_2)
                                  3.80   data arrival time

                  0.15    0.00    0.00   clock clk (rise edge)
                          0.00    0.00   clock network delay (ideal)
                          0.25    0.25   clock uncertainty
                          0.00    0.25   clock reconvergence pessimism
                                  0.25 ^ _1100_/CLK (sky130_fd_sc_hd__dfrtp_2)
                          1.07    1.32   library removal time
                                  1.32   data required time
-----------------------------------------------------------------------------
                                  1.32   data required time
                                 -3.80   data arrival time
-----------------------------------------------------------------------------
                                  2.48   slack (MET)


Startpoint: rst_n (input port clocked by clk)
Endpoint: _1111_ (removal check against rising-edge clock clk)
Path Group: asynchronous
Path Type: min

Fanout     Cap    Slew   Delay    Time   Description
-----------------------------------------------------------------------------
                  0.15    0.00    0.00   clock clk (rise edge)
                          0.00    0.00   clock network delay (ideal)
                          2.00    2.00 ^ input external delay
                  2.73    1.80    3.80 ^ rst_n (in)
   144    0.61                           rst_n (net)
                  2.73    0.00    3.80 ^ _1111_/RESET_B (sky130_fd_sc_hd__dfrtp_2)
                                  3.80   data arrival time

                  0.15    0.00    0.00   clock clk (rise edge)
                          0.00    0.00   clock network delay (ideal)
                          0.25    0.25   clock uncertainty
                          0.00    0.25   clock reconvergence pessimism
                                  0.25 ^ _1111_/CLK (sky130_fd_sc_hd__dfrtp_2)
                          1.07    1.32   library removal time
                                  1.32   data required time
-----------------------------------------------------------------------------
                                  1.32   data required time
                                 -3.80   data arrival time
-----------------------------------------------------------------------------
                                  2.48   slack (MET)


Startpoint: rst_n (input port clocked by clk)
Endpoint: _1151_ (removal check against rising-edge clock clk)
Path Group: asynchronous
Path Type: min

Fanout     Cap    Slew   Delay    Time   Description
-----------------------------------------------------------------------------
                  0.15    0.00    0.00   clock clk (rise edge)
                          0.00    0.00   clock network delay (ideal)
                          2.00    2.00 ^ input external delay
                  2.73    1.80    3.80 ^ rst_n (in)
   144    0.61                           rst_n (net)
                  2.73    0.00    3.80 ^ _1151_/RESET_B (sky130_fd_sc_hd__dfrtp_2)
                                  3.80   data arrival time

                  0.15    0.00    0.00   clock clk (rise edge)
                          0.00    0.00   clock network delay (ideal)
                          0.25    0.25   clock uncertainty
                          0.00    0.25   clock reconvergence pessimism
                                  0.25 ^ _1151_/CLK (sky130_fd_sc_hd__dfrtp_2)
                          1.07    1.32   library removal time
                                  1.32   data required time
-----------------------------------------------------------------------------
                                  1.32   data required time
                                 -3.80   data arrival time
-----------------------------------------------------------------------------
                                  2.48   slack (MET)


Startpoint: rst_n (input port clocked by clk)
Endpoint: _1112_ (removal check against rising-edge clock clk)
Path Group: asynchronous
Path Type: min

Fanout     Cap    Slew   Delay    Time   Description
-----------------------------------------------------------------------------
                  0.15    0.00    0.00   clock clk (rise edge)
                          0.00    0.00   clock network delay (ideal)
                          2.00    2.00 ^ input external delay
                  2.73    1.80    3.80 ^ rst_n (in)
   144    0.61                           rst_n (net)
                  2.73    0.00    3.80 ^ _1112_/RESET_B (sky130_fd_sc_hd__dfrtp_2)
                                  3.80   data arrival time

                  0.15    0.00    0.00   clock clk (rise edge)
                          0.00    0.00   clock network delay (ideal)
                          0.25    0.25   clock uncertainty
                          0.00    0.25   clock reconvergence pessimism
                                  0.25 ^ _1112_/CLK (sky130_fd_sc_hd__dfrtp_2)
                          1.07    1.32   library removal time
                                  1.32   data required time
-----------------------------------------------------------------------------
                                  1.32   data required time
                                 -3.80   data arrival time
-----------------------------------------------------------------------------
                                  2.48   slack (MET)


Startpoint: rst_n (input port clocked by clk)
Endpoint: _1101_ (removal check against rising-edge clock clk)
Path Group: asynchronous
Path Type: min

Fanout     Cap    Slew   Delay    Time   Description
-----------------------------------------------------------------------------
                  0.15    0.00    0.00   clock clk (rise edge)
                          0.00    0.00   clock network delay (ideal)
                          2.00    2.00 ^ input external delay
                  2.73    1.80    3.80 ^ rst_n (in)
   144    0.61                           rst_n (net)
                  2.73    0.00    3.80 ^ _1101_/RESET_B (sky130_fd_sc_hd__dfrtp_2)
                                  3.80   data arrival time

                  0.15    0.00    0.00   clock clk (rise edge)
                          0.00    0.00   clock network delay (ideal)
                          0.25    0.25   clock uncertainty
                          0.00    0.25   clock reconvergence pessimism
                                  0.25 ^ _1101_/CLK (sky130_fd_sc_hd__dfrtp_2)
                          1.07    1.32   library removal time
                                  1.32   data required time
-----------------------------------------------------------------------------
                                  1.32   data required time
                                 -3.80   data arrival time
-----------------------------------------------------------------------------
                                  2.48   slack (MET)


Startpoint: rst_n (input port clocked by clk)
Endpoint: _1114_ (removal check against rising-edge clock clk)
Path Group: asynchronous
Path Type: min

Fanout     Cap    Slew   Delay    Time   Description
-----------------------------------------------------------------------------
                  0.15    0.00    0.00   clock clk (rise edge)
                          0.00    0.00   clock network delay (ideal)
                          2.00    2.00 ^ input external delay
                  2.73    1.80    3.80 ^ rst_n (in)
   144    0.61                           rst_n (net)
                  2.73    0.00    3.80 ^ _1114_/RESET_B (sky130_fd_sc_hd__dfrtp_2)
                                  3.80   data arrival time

                  0.15    0.00    0.00   clock clk (rise edge)
                          0.00    0.00   clock network delay (ideal)
                          0.25    0.25   clock uncertainty
                          0.00    0.25   clock reconvergence pessimism
                                  0.25 ^ _1114_/CLK (sky130_fd_sc_hd__dfrtp_2)
                          1.07    1.32   library removal time
                                  1.32   data required time
-----------------------------------------------------------------------------
                                  1.32   data required time
                                 -3.80   data arrival time
-----------------------------------------------------------------------------
                                  2.48   slack (MET)


Startpoint: rst_n (input port clocked by clk)
Endpoint: _1103_ (removal check against rising-edge clock clk)
Path Group: asynchronous
Path Type: min

Fanout     Cap    Slew   Delay    Time   Description
-----------------------------------------------------------------------------
                  0.15    0.00    0.00   clock clk (rise edge)
                          0.00    0.00   clock network delay (ideal)
                          2.00    2.00 ^ input external delay
                  2.73    1.80    3.80 ^ rst_n (in)
   144    0.61                           rst_n (net)
                  2.73    0.00    3.80 ^ _1103_/RESET_B (sky130_fd_sc_hd__dfrtp_2)
                                  3.80   data arrival time

                  0.15    0.00    0.00   clock clk (rise edge)
                          0.00    0.00   clock network delay (ideal)
                          0.25    0.25   clock uncertainty
                          0.00    0.25   clock reconvergence pessimism
                                  0.25 ^ _1103_/CLK (sky130_fd_sc_hd__dfrtp_2)
                          1.07    1.32   library removal time
                                  1.32   data required time
-----------------------------------------------------------------------------
                                  1.32   data required time
                                 -3.80   data arrival time
-----------------------------------------------------------------------------
                                  2.48   slack (MET)


Startpoint: rst_n (input port clocked by clk)
Endpoint: _1116_ (removal check against rising-edge clock clk)
Path Group: asynchronous
Path Type: min

Fanout     Cap    Slew   Delay    Time   Description
-----------------------------------------------------------------------------
                  0.15    0.00    0.00   clock clk (rise edge)
                          0.00    0.00   clock network delay (ideal)
                          2.00    2.00 ^ input external delay
                  2.73    1.80    3.80 ^ rst_n (in)
   144    0.61                           rst_n (net)
                  2.73    0.00    3.80 ^ _1116_/RESET_B (sky130_fd_sc_hd__dfrtp_2)
                                  3.80   data arrival time

                  0.15    0.00    0.00   clock clk (rise edge)
                          0.00    0.00   clock network delay (ideal)
                          0.25    0.25   clock uncertainty
                          0.00    0.25   clock reconvergence pessimism
                                  0.25 ^ _1116_/CLK (sky130_fd_sc_hd__dfrtp_2)
                          1.07    1.32   library removal time
                                  1.32   data required time
-----------------------------------------------------------------------------
                                  1.32   data required time
                                 -3.80   data arrival time
-----------------------------------------------------------------------------
                                  2.48   slack (MET)


Startpoint: rst_n (input port clocked by clk)
Endpoint: _1102_ (removal check against rising-edge clock clk)
Path Group: asynchronous
Path Type: min

Fanout     Cap    Slew   Delay    Time   Description
-----------------------------------------------------------------------------
                  0.15    0.00    0.00   clock clk (rise edge)
                          0.00    0.00   clock network delay (ideal)
                          2.00    2.00 ^ input external delay
                  2.73    1.80    3.80 ^ rst_n (in)
   144    0.61                           rst_n (net)
                  2.73    0.00    3.80 ^ _1102_/RESET_B (sky130_fd_sc_hd__dfrtp_2)
                                  3.80   data arrival time

                  0.15    0.00    0.00   clock clk (rise edge)
                          0.00    0.00   clock network delay (ideal)
                          0.25    0.25   clock uncertainty
                          0.00    0.25   clock reconvergence pessimism
                                  0.25 ^ _1102_/CLK (sky130_fd_sc_hd__dfrtp_2)
                          1.07    1.32   library removal time
                                  1.32   data required time
-----------------------------------------------------------------------------
                                  1.32   data required time
                                 -3.80   data arrival time
-----------------------------------------------------------------------------
                                  2.48   slack (MET)


Startpoint: rst_n (input port clocked by clk)
Endpoint: _1115_ (removal check against rising-edge clock clk)
Path Group: asynchronous
Path Type: min

Fanout     Cap    Slew   Delay    Time   Description
-----------------------------------------------------------------------------
                  0.15    0.00    0.00   clock clk (rise edge)
                          0.00    0.00   clock network delay (ideal)
                          2.00    2.00 ^ input external delay
                  2.73    1.80    3.80 ^ rst_n (in)
   144    0.61                           rst_n (net)
                  2.73    0.00    3.80 ^ _1115_/RESET_B (sky130_fd_sc_hd__dfrtp_2)
                                  3.80   data arrival time

                  0.15    0.00    0.00   clock clk (rise edge)
                          0.00    0.00   clock network delay (ideal)
                          0.25    0.25   clock uncertainty
                          0.00    0.25   clock reconvergence pessimism
                                  0.25 ^ _1115_/CLK (sky130_fd_sc_hd__dfrtp_2)
                          1.07    1.32   library removal time
                                  1.32   data required time
-----------------------------------------------------------------------------
                                  1.32   data required time
                                 -3.80   data arrival time
-----------------------------------------------------------------------------
                                  2.48   slack (MET)


Startpoint: rst_n (input port clocked by clk)
Endpoint: _1113_ (removal check against rising-edge clock clk)
Path Group: asynchronous
Path Type: min

Fanout     Cap    Slew   Delay    Time   Description
-----------------------------------------------------------------------------
                  0.15    0.00    0.00   clock clk (rise edge)
                          0.00    0.00   clock network delay (ideal)
                          2.00    2.00 ^ input external delay
                  2.73    1.80    3.80 ^ rst_n (in)
   144    0.61                           rst_n (net)
                  2.73    0.00    3.80 ^ _1113_/RESET_B (sky130_fd_sc_hd__dfrtp_2)
                                  3.80   data arrival time

                  0.15    0.00    0.00   clock clk (rise edge)
                          0.00    0.00   clock network delay (ideal)
                          0.25    0.25   clock uncertainty
                          0.00    0.25   clock reconvergence pessimism
                                  0.25 ^ _1113_/CLK (sky130_fd_sc_hd__dfrtp_2)
                          1.07    1.32   library removal time
                                  1.32   data required time
-----------------------------------------------------------------------------
                                  1.32   data required time
                                 -3.80   data arrival time
-----------------------------------------------------------------------------
                                  2.48   slack (MET)


Startpoint: rst_n (input port clocked by clk)
Endpoint: _1099_ (removal check against rising-edge clock clk)
Path Group: asynchronous
Path Type: min

Fanout     Cap    Slew   Delay    Time   Description
-----------------------------------------------------------------------------
                  0.15    0.00    0.00   clock clk (rise edge)
                          0.00    0.00   clock network delay (ideal)
                          2.00    2.00 ^ input external delay
                  2.73    1.80    3.80 ^ rst_n (in)
   144    0.61                           rst_n (net)
                  2.73    0.00    3.80 ^ _1099_/RESET_B (sky130_fd_sc_hd__dfrtp_2)
                                  3.80   data arrival time

                  0.15    0.00    0.00   clock clk (rise edge)
                          0.00    0.00   clock network delay (ideal)
                          0.25    0.25   clock uncertainty
                          0.00    0.25   clock reconvergence pessimism
                                  0.25 ^ _1099_/CLK (sky130_fd_sc_hd__dfrtp_2)
                          1.07    1.32   library removal time
                                  1.32   data required time
-----------------------------------------------------------------------------
                                  1.32   data required time
                                 -3.80   data arrival time
-----------------------------------------------------------------------------
                                  2.48   slack (MET)


Startpoint: rst_n (input port clocked by clk)
Endpoint: _1108_ (removal check against rising-edge clock clk)
Path Group: asynchronous
Path Type: min

Fanout     Cap    Slew   Delay    Time   Description
-----------------------------------------------------------------------------
                  0.15    0.00    0.00   clock clk (rise edge)
                          0.00    0.00   clock network delay (ideal)
                          2.00    2.00 ^ input external delay
                  2.73    1.80    3.80 ^ rst_n (in)
   144    0.61                           rst_n (net)
                  2.73    0.00    3.80 ^ _1108_/RESET_B (sky130_fd_sc_hd__dfrtp_2)
                                  3.80   data arrival time

                  0.15    0.00    0.00   clock clk (rise edge)
                          0.00    0.00   clock network delay (ideal)
                          0.25    0.25   clock uncertainty
                          0.00    0.25   clock reconvergence pessimism
                                  0.25 ^ _1108_/CLK (sky130_fd_sc_hd__dfrtp_2)
                          1.07    1.32   library removal time
                                  1.32   data required time
-----------------------------------------------------------------------------
                                  1.32   data required time
                                 -3.80   data arrival time
-----------------------------------------------------------------------------
                                  2.48   slack (MET)


Startpoint: rst_n (input port clocked by clk)
Endpoint: _1107_ (removal check against rising-edge clock clk)
Path Group: asynchronous
Path Type: min

Fanout     Cap    Slew   Delay    Time   Description
-----------------------------------------------------------------------------
                  0.15    0.00    0.00   clock clk (rise edge)
                          0.00    0.00   clock network delay (ideal)
                          2.00    2.00 ^ input external delay
                  2.73    1.80    3.80 ^ rst_n (in)
   144    0.61                           rst_n (net)
                  2.73    0.00    3.80 ^ _1107_/RESET_B (sky130_fd_sc_hd__dfrtp_2)
                                  3.80   data arrival time

                  0.15    0.00    0.00   clock clk (rise edge)
                          0.00    0.00   clock network delay (ideal)
                          0.25    0.25   clock uncertainty
                          0.00    0.25   clock reconvergence pessimism
                                  0.25 ^ _1107_/CLK (sky130_fd_sc_hd__dfrtp_2)
                          1.07    1.32   library removal time
                                  1.32   data required time
-----------------------------------------------------------------------------
                                  1.32   data required time
                                 -3.80   data arrival time
-----------------------------------------------------------------------------
                                  2.48   slack (MET)


Startpoint: rst_n (input port clocked by clk)
Endpoint: _1106_ (removal check against rising-edge clock clk)
Path Group: asynchronous
Path Type: min

Fanout     Cap    Slew   Delay    Time   Description
-----------------------------------------------------------------------------
                  0.15    0.00    0.00   clock clk (rise edge)
                          0.00    0.00   clock network delay (ideal)
                          2.00    2.00 ^ input external delay
                  2.73    1.80    3.80 ^ rst_n (in)
   144    0.61                           rst_n (net)
                  2.73    0.00    3.80 ^ _1106_/RESET_B (sky130_fd_sc_hd__dfrtp_2)
                                  3.80   data arrival time

                  0.15    0.00    0.00   clock clk (rise edge)
                          0.00    0.00   clock network delay (ideal)
                          0.25    0.25   clock uncertainty
                          0.00    0.25   clock reconvergence pessimism
                                  0.25 ^ _1106_/CLK (sky130_fd_sc_hd__dfrtp_2)
                          1.07    1.32   library removal time
                                  1.32   data required time
-----------------------------------------------------------------------------
                                  1.32   data required time
                                 -3.80   data arrival time
-----------------------------------------------------------------------------
                                  2.48   slack (MET)


Startpoint: rst_n (input port clocked by clk)
Endpoint: _1105_ (removal check against rising-edge clock clk)
Path Group: asynchronous
Path Type: min

Fanout     Cap    Slew   Delay    Time   Description
-----------------------------------------------------------------------------
                  0.15    0.00    0.00   clock clk (rise edge)
                          0.00    0.00   clock network delay (ideal)
                          2.00    2.00 ^ input external delay
                  2.73    1.80    3.80 ^ rst_n (in)
   144    0.61                           rst_n (net)
                  2.73    0.00    3.80 ^ _1105_/RESET_B (sky130_fd_sc_hd__dfrtp_2)
                                  3.80   data arrival time

                  0.15    0.00    0.00   clock clk (rise edge)
                          0.00    0.00   clock network delay (ideal)
                          0.25    0.25   clock uncertainty
                          0.00    0.25   clock reconvergence pessimism
                                  0.25 ^ _1105_/CLK (sky130_fd_sc_hd__dfrtp_2)
                          1.07    1.32   library removal time
                                  1.32   data required time
-----------------------------------------------------------------------------
                                  1.32   data required time
                                 -3.80   data arrival time
-----------------------------------------------------------------------------
                                  2.48   slack (MET)


Startpoint: rst_n (input port clocked by clk)
Endpoint: _1104_ (removal check against rising-edge clock clk)
Path Group: asynchronous
Path Type: min

Fanout     Cap    Slew   Delay    Time   Description
-----------------------------------------------------------------------------
                  0.15    0.00    0.00   clock clk (rise edge)
                          0.00    0.00   clock network delay (ideal)
                          2.00    2.00 ^ input external delay
                  2.73    1.80    3.80 ^ rst_n (in)
   144    0.61                           rst_n (net)
                  2.73    0.00    3.80 ^ _1104_/RESET_B (sky130_fd_sc_hd__dfrtp_2)
                                  3.80   data arrival time

                  0.15    0.00    0.00   clock clk (rise edge)
                          0.00    0.00   clock network delay (ideal)
                          0.25    0.25   clock uncertainty
                          0.00    0.25   clock reconvergence pessimism
                                  0.25 ^ _1104_/CLK (sky130_fd_sc_hd__dfrtp_2)
                          1.07    1.32   library removal time
                                  1.32   data required time
-----------------------------------------------------------------------------
                                  1.32   data required time
                                 -3.80   data arrival time
-----------------------------------------------------------------------------
                                  2.48   slack (MET)


Startpoint: rst_n (input port clocked by clk)
Endpoint: _1063_ (removal check against rising-edge clock clk)
Path Group: asynchronous
Path Type: min

Fanout     Cap    Slew   Delay    Time   Description
-----------------------------------------------------------------------------
                  0.15    0.00    0.00   clock clk (rise edge)
                          0.00    0.00   clock network delay (ideal)
                          2.00    2.00 ^ input external delay
                  2.73    1.80    3.80 ^ rst_n (in)
   144    0.61                           rst_n (net)
                  2.73    0.00    3.80 ^ _1063_/RESET_B (sky130_fd_sc_hd__dfrtp_2)
                                  3.80   data arrival time

                  0.15    0.00    0.00   clock clk (rise edge)
                          0.00    0.00   clock network delay (ideal)
                          0.25    0.25   clock uncertainty
                          0.00    0.25   clock reconvergence pessimism
                                  0.25 ^ _1063_/CLK (sky130_fd_sc_hd__dfrtp_2)
                          1.07    1.32   library removal time
                                  1.32   data required time
-----------------------------------------------------------------------------
                                  1.32   data required time
                                 -3.80   data arrival time
-----------------------------------------------------------------------------
                                  2.48   slack (MET)


Startpoint: rst_n (input port clocked by clk)
Endpoint: _1064_ (removal check against rising-edge clock clk)
Path Group: asynchronous
Path Type: min

Fanout     Cap    Slew   Delay    Time   Description
-----------------------------------------------------------------------------
                  0.15    0.00    0.00   clock clk (rise edge)
                          0.00    0.00   clock network delay (ideal)
                          2.00    2.00 ^ input external delay
                  2.73    1.80    3.80 ^ rst_n (in)
   144    0.61                           rst_n (net)
                  2.73    0.00    3.80 ^ _1064_/RESET_B (sky130_fd_sc_hd__dfrtp_2)
                                  3.80   data arrival time

                  0.15    0.00    0.00   clock clk (rise edge)
                          0.00    0.00   clock network delay (ideal)
                          0.25    0.25   clock uncertainty
                          0.00    0.25   clock reconvergence pessimism
                                  0.25 ^ _1064_/CLK (sky130_fd_sc_hd__dfrtp_2)
                          1.07    1.32   library removal time
                                  1.32   data required time
-----------------------------------------------------------------------------
                                  1.32   data required time
                                 -3.80   data arrival time
-----------------------------------------------------------------------------
                                  2.48   slack (MET)


Startpoint: rst_n (input port clocked by clk)
Endpoint: _1117_ (removal check against rising-edge clock clk)
Path Group: asynchronous
Path Type: min

Fanout     Cap    Slew   Delay    Time   Description
-----------------------------------------------------------------------------
                  0.15    0.00    0.00   clock clk (rise edge)
                          0.00    0.00   clock network delay (ideal)
                          2.00    2.00 ^ input external delay
                  2.73    1.80    3.80 ^ rst_n (in)
   144    0.61                           rst_n (net)
                  2.73    0.00    3.80 ^ _1117_/RESET_B (sky130_fd_sc_hd__dfrtp_2)
                                  3.80   data arrival time

                  0.15    0.00    0.00   clock clk (rise edge)
                          0.00    0.00   clock network delay (ideal)
                          0.25    0.25   clock uncertainty
                          0.00    0.25   clock reconvergence pessimism
                                  0.25 ^ _1117_/CLK (sky130_fd_sc_hd__dfrtp_2)
                          1.07    1.32   library removal time
                                  1.32   data required time
-----------------------------------------------------------------------------
                                  1.32   data required time
                                 -3.80   data arrival time
-----------------------------------------------------------------------------
                                  2.48   slack (MET)


Startpoint: rst_n (input port clocked by clk)
Endpoint: _1118_ (removal check against rising-edge clock clk)
Path Group: asynchronous
Path Type: min

Fanout     Cap    Slew   Delay    Time   Description
-----------------------------------------------------------------------------
                  0.15    0.00    0.00   clock clk (rise edge)
                          0.00    0.00   clock network delay (ideal)
                          2.00    2.00 ^ input external delay
                  2.73    1.80    3.80 ^ rst_n (in)
   144    0.61                           rst_n (net)
                  2.73    0.00    3.80 ^ _1118_/RESET_B (sky130_fd_sc_hd__dfrtp_2)
                                  3.80   data arrival time

                  0.15    0.00    0.00   clock clk (rise edge)
                          0.00    0.00   clock network delay (ideal)
                          0.25    0.25   clock uncertainty
                          0.00    0.25   clock reconvergence pessimism
                                  0.25 ^ _1118_/CLK (sky130_fd_sc_hd__dfrtp_2)
                          1.07    1.32   library removal time
                                  1.32   data required time
-----------------------------------------------------------------------------
                                  1.32   data required time
                                 -3.80   data arrival time
-----------------------------------------------------------------------------
                                  2.48   slack (MET)


Startpoint: rst_n (input port clocked by clk)
Endpoint: _1149_ (removal check against rising-edge clock clk)
Path Group: asynchronous
Path Type: min

Fanout     Cap    Slew   Delay    Time   Description
-----------------------------------------------------------------------------
                  0.15    0.00    0.00   clock clk (rise edge)
                          0.00    0.00   clock network delay (ideal)
                          2.00    2.00 ^ input external delay
                  2.73    1.80    3.80 ^ rst_n (in)
   144    0.61                           rst_n (net)
                  2.73    0.00    3.80 ^ _1149_/RESET_B (sky130_fd_sc_hd__dfrtp_2)
                                  3.80   data arrival time

                  0.15    0.00    0.00   clock clk (rise edge)
                          0.00    0.00   clock network delay (ideal)
                          0.25    0.25   clock uncertainty
                          0.00    0.25   clock reconvergence pessimism
                                  0.25 ^ _1149_/CLK (sky130_fd_sc_hd__dfrtp_2)
                          1.07    1.32   library removal time
                                  1.32   data required time
-----------------------------------------------------------------------------
                                  1.32   data required time
                                 -3.80   data arrival time
-----------------------------------------------------------------------------
                                  2.48   slack (MET)


Startpoint: rst_n (input port clocked by clk)
Endpoint: _1148_ (removal check against rising-edge clock clk)
Path Group: asynchronous
Path Type: min

Fanout     Cap    Slew   Delay    Time   Description
-----------------------------------------------------------------------------
                  0.15    0.00    0.00   clock clk (rise edge)
                          0.00    0.00   clock network delay (ideal)
                          2.00    2.00 ^ input external delay
                  2.73    1.80    3.80 ^ rst_n (in)
   144    0.61                           rst_n (net)
                  2.73    0.00    3.80 ^ _1148_/RESET_B (sky130_fd_sc_hd__dfrtp_2)
                                  3.80   data arrival time

                  0.15    0.00    0.00   clock clk (rise edge)
                          0.00    0.00   clock network delay (ideal)
                          0.25    0.25   clock uncertainty
                          0.00    0.25   clock reconvergence pessimism
                                  0.25 ^ _1148_/CLK (sky130_fd_sc_hd__dfrtp_2)
                          1.07    1.32   library removal time
                                  1.32   data required time
-----------------------------------------------------------------------------
                                  1.32   data required time
                                 -3.80   data arrival time
-----------------------------------------------------------------------------
                                  2.48   slack (MET)


Startpoint: rst_n (input port clocked by clk)
Endpoint: _1053_ (removal check against rising-edge clock clk)
Path Group: asynchronous
Path Type: min

Fanout     Cap    Slew   Delay    Time   Description
-----------------------------------------------------------------------------
                  0.15    0.00    0.00   clock clk (rise edge)
                          0.00    0.00   clock network delay (ideal)
                          2.00    2.00 ^ input external delay
                  2.73    1.80    3.80 ^ rst_n (in)
   144    0.61                           rst_n (net)
                  2.73    0.00    3.80 ^ _1053_/RESET_B (sky130_fd_sc_hd__dfrtp_2)
                                  3.80   data arrival time

                  0.15    0.00    0.00   clock clk (rise edge)
                          0.00    0.00   clock network delay (ideal)
                          0.25    0.25   clock uncertainty
                          0.00    0.25   clock reconvergence pessimism
                                  0.25 ^ _1053_/CLK (sky130_fd_sc_hd__dfrtp_2)
                          1.07    1.32   library removal time
                                  1.32   data required time
-----------------------------------------------------------------------------
                                  1.32   data required time
                                 -3.80   data arrival time
-----------------------------------------------------------------------------
                                  2.48   slack (MET)


Startpoint: rst_n (input port clocked by clk)
Endpoint: _1052_ (removal check against rising-edge clock clk)
Path Group: asynchronous
Path Type: min

Fanout     Cap    Slew   Delay    Time   Description
-----------------------------------------------------------------------------
                  0.15    0.00    0.00   clock clk (rise edge)
                          0.00    0.00   clock network delay (ideal)
                          2.00    2.00 ^ input external delay
                  2.73    1.80    3.80 ^ rst_n (in)
   144    0.61                           rst_n (net)
                  2.73    0.00    3.80 ^ _1052_/RESET_B (sky130_fd_sc_hd__dfrtp_2)
                                  3.80   data arrival time

                  0.15    0.00    0.00   clock clk (rise edge)
                          0.00    0.00   clock network delay (ideal)
                          0.25    0.25   clock uncertainty
                          0.00    0.25   clock reconvergence pessimism
                                  0.25 ^ _1052_/CLK (sky130_fd_sc_hd__dfrtp_2)
                          1.07    1.32   library removal time
                                  1.32   data required time
-----------------------------------------------------------------------------
                                  1.32   data required time
                                 -3.80   data arrival time
-----------------------------------------------------------------------------
                                  2.48   slack (MET)


Startpoint: rst_n (input port clocked by clk)
Endpoint: _1078_ (removal check against rising-edge clock clk)
Path Group: asynchronous
Path Type: min

Fanout     Cap    Slew   Delay    Time   Description
-----------------------------------------------------------------------------
                  0.15    0.00    0.00   clock clk (rise edge)
                          0.00    0.00   clock network delay (ideal)
                          2.00    2.00 ^ input external delay
                  2.73    1.80    3.80 ^ rst_n (in)
   144    0.61                           rst_n (net)
                  2.73    0.00    3.80 ^ _1078_/RESET_B (sky130_fd_sc_hd__dfrtp_2)
                                  3.80   data arrival time

                  0.15    0.00    0.00   clock clk (rise edge)
                          0.00    0.00   clock network delay (ideal)
                          0.25    0.25   clock uncertainty
                          0.00    0.25   clock reconvergence pessimism
                                  0.25 ^ _1078_/CLK (sky130_fd_sc_hd__dfrtp_2)
                          1.07    1.32   library removal time
                                  1.32   data required time
-----------------------------------------------------------------------------
                                  1.32   data required time
                                 -3.80   data arrival time
-----------------------------------------------------------------------------
                                  2.48   slack (MET)


Startpoint: rst_n (input port clocked by clk)
Endpoint: _1077_ (removal check against rising-edge clock clk)
Path Group: asynchronous
Path Type: min

Fanout     Cap    Slew   Delay    Time   Description
-----------------------------------------------------------------------------
                  0.15    0.00    0.00   clock clk (rise edge)
                          0.00    0.00   clock network delay (ideal)
                          2.00    2.00 ^ input external delay
                  2.73    1.80    3.80 ^ rst_n (in)
   144    0.61                           rst_n (net)
                  2.73    0.00    3.80 ^ _1077_/RESET_B (sky130_fd_sc_hd__dfrtp_2)
                                  3.80   data arrival time

                  0.15    0.00    0.00   clock clk (rise edge)
                          0.00    0.00   clock network delay (ideal)
                          0.25    0.25   clock uncertainty
                          0.00    0.25   clock reconvergence pessimism
                                  0.25 ^ _1077_/CLK (sky130_fd_sc_hd__dfrtp_2)
                          1.07    1.32   library removal time
                                  1.32   data required time
-----------------------------------------------------------------------------
                                  1.32   data required time
                                 -3.80   data arrival time
-----------------------------------------------------------------------------
                                  2.48   slack (MET)


Startpoint: rst_n (input port clocked by clk)
Endpoint: _1080_ (removal check against rising-edge clock clk)
Path Group: asynchronous
Path Type: min

Fanout     Cap    Slew   Delay    Time   Description
-----------------------------------------------------------------------------
                  0.15    0.00    0.00   clock clk (rise edge)
                          0.00    0.00   clock network delay (ideal)
                          2.00    2.00 ^ input external delay
                  2.73    1.80    3.80 ^ rst_n (in)
   144    0.61                           rst_n (net)
                  2.73    0.00    3.80 ^ _1080_/RESET_B (sky130_fd_sc_hd__dfrtp_2)
                                  3.80   data arrival time

                  0.15    0.00    0.00   clock clk (rise edge)
                          0.00    0.00   clock network delay (ideal)
                          0.25    0.25   clock uncertainty
                          0.00    0.25   clock reconvergence pessimism
                                  0.25 ^ _1080_/CLK (sky130_fd_sc_hd__dfrtp_2)
                          1.07    1.32   library removal time
                                  1.32   data required time
-----------------------------------------------------------------------------
                                  1.32   data required time
                                 -3.80   data arrival time
-----------------------------------------------------------------------------
                                  2.48   slack (MET)


Startpoint: rst_n (input port clocked by clk)
Endpoint: _1079_ (removal check against rising-edge clock clk)
Path Group: asynchronous
Path Type: min

Fanout     Cap    Slew   Delay    Time   Description
-----------------------------------------------------------------------------
                  0.15    0.00    0.00   clock clk (rise edge)
                          0.00    0.00   clock network delay (ideal)
                          2.00    2.00 ^ input external delay
                  2.73    1.80    3.80 ^ rst_n (in)
   144    0.61                           rst_n (net)
                  2.73    0.00    3.80 ^ _1079_/RESET_B (sky130_fd_sc_hd__dfrtp_2)
                                  3.80   data arrival time

                  0.15    0.00    0.00   clock clk (rise edge)
                          0.00    0.00   clock network delay (ideal)
                          0.25    0.25   clock uncertainty
                          0.00    0.25   clock reconvergence pessimism
                                  0.25 ^ _1079_/CLK (sky130_fd_sc_hd__dfrtp_2)
                          1.07    1.32   library removal time
                                  1.32   data required time
-----------------------------------------------------------------------------
                                  1.32   data required time
                                 -3.80   data arrival time
-----------------------------------------------------------------------------
                                  2.48   slack (MET)


Startpoint: rst_n (input port clocked by clk)
Endpoint: _1179_ (removal check against rising-edge clock clk)
Path Group: asynchronous
Path Type: min

Fanout     Cap    Slew   Delay    Time   Description
-----------------------------------------------------------------------------
                  0.15    0.00    0.00   clock clk (rise edge)
                          0.00    0.00   clock network delay (ideal)
                          2.00    2.00 ^ input external delay
                  2.73    1.80    3.80 ^ rst_n (in)
   144    0.61                           rst_n (net)
                  2.73    0.00    3.80 ^ _1179_/RESET_B (sky130_fd_sc_hd__dfrtp_2)
                                  3.80   data arrival time

                  0.15    0.00    0.00   clock clk (rise edge)
                          0.00    0.00   clock network delay (ideal)
                          0.25    0.25   clock uncertainty
                          0.00    0.25   clock reconvergence pessimism
                                  0.25 ^ _1179_/CLK (sky130_fd_sc_hd__dfrtp_2)
                          1.07    1.32   library removal time
                                  1.32   data required time
-----------------------------------------------------------------------------
                                  1.32   data required time
                                 -3.80   data arrival time
-----------------------------------------------------------------------------
                                  2.48   slack (MET)


Startpoint: rst_n (input port clocked by clk)
Endpoint: _1072_ (removal check against rising-edge clock clk)
Path Group: asynchronous
Path Type: min

Fanout     Cap    Slew   Delay    Time   Description
-----------------------------------------------------------------------------
                  0.15    0.00    0.00   clock clk (rise edge)
                          0.00    0.00   clock network delay (ideal)
                          2.00    2.00 ^ input external delay
                  2.73    1.80    3.80 ^ rst_n (in)
   144    0.61                           rst_n (net)
                  2.73    0.00    3.80 ^ _1072_/RESET_B (sky130_fd_sc_hd__dfrtp_2)
                                  3.80   data arrival time

                  0.15    0.00    0.00   clock clk (rise edge)
                          0.00    0.00   clock network delay (ideal)
                          0.25    0.25   clock uncertainty
                          0.00    0.25   clock reconvergence pessimism
                                  0.25 ^ _1072_/CLK (sky130_fd_sc_hd__dfrtp_2)
                          1.07    1.32   library removal time
                                  1.32   data required time
-----------------------------------------------------------------------------
                                  1.32   data required time
                                 -3.80   data arrival time
-----------------------------------------------------------------------------
                                  2.48   slack (MET)


Startpoint: rst_n (input port clocked by clk)
Endpoint: _1071_ (removal check against rising-edge clock clk)
Path Group: asynchronous
Path Type: min

Fanout     Cap    Slew   Delay    Time   Description
-----------------------------------------------------------------------------
                  0.15    0.00    0.00   clock clk (rise edge)
                          0.00    0.00   clock network delay (ideal)
                          2.00    2.00 ^ input external delay
                  2.73    1.80    3.80 ^ rst_n (in)
   144    0.61                           rst_n (net)
                  2.73    0.00    3.80 ^ _1071_/RESET_B (sky130_fd_sc_hd__dfrtp_2)
                                  3.80   data arrival time

                  0.15    0.00    0.00   clock clk (rise edge)
                          0.00    0.00   clock network delay (ideal)
                          0.25    0.25   clock uncertainty
                          0.00    0.25   clock reconvergence pessimism
                                  0.25 ^ _1071_/CLK (sky130_fd_sc_hd__dfrtp_2)
                          1.07    1.32   library removal time
                                  1.32   data required time
-----------------------------------------------------------------------------
                                  1.32   data required time
                                 -3.80   data arrival time
-----------------------------------------------------------------------------
                                  2.48   slack (MET)


Startpoint: rst_n (input port clocked by clk)
Endpoint: _1065_ (removal check against rising-edge clock clk)
Path Group: asynchronous
Path Type: min

Fanout     Cap    Slew   Delay    Time   Description
-----------------------------------------------------------------------------
                  0.15    0.00    0.00   clock clk (rise edge)
                          0.00    0.00   clock network delay (ideal)
                          2.00    2.00 ^ input external delay
                  2.73    1.80    3.80 ^ rst_n (in)
   144    0.61                           rst_n (net)
                  2.73    0.00    3.80 ^ _1065_/RESET_B (sky130_fd_sc_hd__dfrtp_2)
                                  3.80   data arrival time

                  0.15    0.00    0.00   clock clk (rise edge)
                          0.00    0.00   clock network delay (ideal)
                          0.25    0.25   clock uncertainty
                          0.00    0.25   clock reconvergence pessimism
                                  0.25 ^ _1065_/CLK (sky130_fd_sc_hd__dfrtp_2)
                          1.07    1.32   library removal time
                                  1.32   data required time
-----------------------------------------------------------------------------
                                  1.32   data required time
                                 -3.80   data arrival time
-----------------------------------------------------------------------------
                                  2.48   slack (MET)


Startpoint: rst_n (input port clocked by clk)
Endpoint: _1069_ (removal check against rising-edge clock clk)
Path Group: asynchronous
Path Type: min

Fanout     Cap    Slew   Delay    Time   Description
-----------------------------------------------------------------------------
                  0.15    0.00    0.00   clock clk (rise edge)
                          0.00    0.00   clock network delay (ideal)
                          2.00    2.00 ^ input external delay
                  2.73    1.80    3.80 ^ rst_n (in)
   144    0.61                           rst_n (net)
                  2.73    0.00    3.80 ^ _1069_/RESET_B (sky130_fd_sc_hd__dfrtp_2)
                                  3.80   data arrival time

                  0.15    0.00    0.00   clock clk (rise edge)
                          0.00    0.00   clock network delay (ideal)
                          0.25    0.25   clock uncertainty
                          0.00    0.25   clock reconvergence pessimism
                                  0.25 ^ _1069_/CLK (sky130_fd_sc_hd__dfrtp_2)
                          1.07    1.32   library removal time
                                  1.32   data required time
-----------------------------------------------------------------------------
                                  1.32   data required time
                                 -3.80   data arrival time
-----------------------------------------------------------------------------
                                  2.48   slack (MET)


Startpoint: rst_n (input port clocked by clk)
Endpoint: _1070_ (removal check against rising-edge clock clk)
Path Group: asynchronous
Path Type: min

Fanout     Cap    Slew   Delay    Time   Description
-----------------------------------------------------------------------------
                  0.15    0.00    0.00   clock clk (rise edge)
                          0.00    0.00   clock network delay (ideal)
                          2.00    2.00 ^ input external delay
                  2.73    1.80    3.80 ^ rst_n (in)
   144    0.61                           rst_n (net)
                  2.73    0.00    3.80 ^ _1070_/RESET_B (sky130_fd_sc_hd__dfrtp_2)
                                  3.80   data arrival time

                  0.15    0.00    0.00   clock clk (rise edge)
                          0.00    0.00   clock network delay (ideal)
                          0.25    0.25   clock uncertainty
                          0.00    0.25   clock reconvergence pessimism
                                  0.25 ^ _1070_/CLK (sky130_fd_sc_hd__dfrtp_2)
                          1.07    1.32   library removal time
                                  1.32   data required time
-----------------------------------------------------------------------------
                                  1.32   data required time
                                 -3.80   data arrival time
-----------------------------------------------------------------------------
                                  2.48   slack (MET)


Startpoint: rst_n (input port clocked by clk)
Endpoint: _1040_ (removal check against rising-edge clock clk)
Path Group: asynchronous
Path Type: min

Fanout     Cap    Slew   Delay    Time   Description
-----------------------------------------------------------------------------
                  0.15    0.00    0.00   clock clk (rise edge)
                          0.00    0.00   clock network delay (ideal)
                          2.00    2.00 ^ input external delay
                  2.73    1.80    3.80 ^ rst_n (in)
   144    0.61                           rst_n (net)
                  2.73    0.00    3.80 ^ _1040_/RESET_B (sky130_fd_sc_hd__dfrtp_2)
                                  3.80   data arrival time

                  0.15    0.00    0.00   clock clk (rise edge)
                          0.00    0.00   clock network delay (ideal)
                          0.25    0.25   clock uncertainty
                          0.00    0.25   clock reconvergence pessimism
                                  0.25 ^ _1040_/CLK (sky130_fd_sc_hd__dfrtp_2)
                          1.07    1.32   library removal time
                                  1.32   data required time
-----------------------------------------------------------------------------
                                  1.32   data required time
                                 -3.80   data arrival time
-----------------------------------------------------------------------------
                                  2.48   slack (MET)


Startpoint: rst_n (input port clocked by clk)
Endpoint: _1039_ (removal check against rising-edge clock clk)
Path Group: asynchronous
Path Type: min

Fanout     Cap    Slew   Delay    Time   Description
-----------------------------------------------------------------------------
                  0.15    0.00    0.00   clock clk (rise edge)
                          0.00    0.00   clock network delay (ideal)
                          2.00    2.00 ^ input external delay
                  2.73    1.80    3.80 ^ rst_n (in)
   144    0.61                           rst_n (net)
                  2.73    0.00    3.80 ^ _1039_/RESET_B (sky130_fd_sc_hd__dfrtp_2)
                                  3.80   data arrival time

                  0.15    0.00    0.00   clock clk (rise edge)
                          0.00    0.00   clock network delay (ideal)
                          0.25    0.25   clock uncertainty
                          0.00    0.25   clock reconvergence pessimism
                                  0.25 ^ _1039_/CLK (sky130_fd_sc_hd__dfrtp_2)
                          1.07    1.32   library removal time
                                  1.32   data required time
-----------------------------------------------------------------------------
                                  1.32   data required time
                                 -3.80   data arrival time
-----------------------------------------------------------------------------
                                  2.48   slack (MET)


Startpoint: rst_n (input port clocked by clk)
Endpoint: _1076_ (removal check against rising-edge clock clk)
Path Group: asynchronous
Path Type: min

Fanout     Cap    Slew   Delay    Time   Description
-----------------------------------------------------------------------------
                  0.15    0.00    0.00   clock clk (rise edge)
                          0.00    0.00   clock network delay (ideal)
                          2.00    2.00 ^ input external delay
                  2.73    1.80    3.80 ^ rst_n (in)
   144    0.61                           rst_n (net)
                  2.73    0.00    3.80 ^ _1076_/RESET_B (sky130_fd_sc_hd__dfrtp_2)
                                  3.80   data arrival time

                  0.15    0.00    0.00   clock clk (rise edge)
                          0.00    0.00   clock network delay (ideal)
                          0.25    0.25   clock uncertainty
                          0.00    0.25   clock reconvergence pessimism
                                  0.25 ^ _1076_/CLK (sky130_fd_sc_hd__dfrtp_2)
                          1.07    1.32   library removal time
                                  1.32   data required time
-----------------------------------------------------------------------------
                                  1.32   data required time
                                 -3.80   data arrival time
-----------------------------------------------------------------------------
                                  2.48   slack (MET)


Startpoint: rst_n (input port clocked by clk)
Endpoint: _1041_ (removal check against rising-edge clock clk)
Path Group: asynchronous
Path Type: min

Fanout     Cap    Slew   Delay    Time   Description
-----------------------------------------------------------------------------
                  0.15    0.00    0.00   clock clk (rise edge)
                          0.00    0.00   clock network delay (ideal)
                          2.00    2.00 ^ input external delay
                  2.73    1.80    3.80 ^ rst_n (in)
   144    0.61                           rst_n (net)
                  2.73    0.00    3.80 ^ _1041_/RESET_B (sky130_fd_sc_hd__dfrtp_2)
                                  3.80   data arrival time

                  0.15    0.00    0.00   clock clk (rise edge)
                          0.00    0.00   clock network delay (ideal)
                          0.25    0.25   clock uncertainty
                          0.00    0.25   clock reconvergence pessimism
                                  0.25 ^ _1041_/CLK (sky130_fd_sc_hd__dfrtp_2)
                          1.07    1.32   library removal time
                                  1.32   data required time
-----------------------------------------------------------------------------
                                  1.32   data required time
                                 -3.80   data arrival time
-----------------------------------------------------------------------------
                                  2.48   slack (MET)


Startpoint: rst_n (input port clocked by clk)
Endpoint: _1075_ (removal check against rising-edge clock clk)
Path Group: asynchronous
Path Type: min

Fanout     Cap    Slew   Delay    Time   Description
-----------------------------------------------------------------------------
                  0.15    0.00    0.00   clock clk (rise edge)
                          0.00    0.00   clock network delay (ideal)
                          2.00    2.00 ^ input external delay
                  2.73    1.80    3.80 ^ rst_n (in)
   144    0.61                           rst_n (net)
                  2.73    0.00    3.80 ^ _1075_/RESET_B (sky130_fd_sc_hd__dfrtp_2)
                                  3.80   data arrival time

                  0.15    0.00    0.00   clock clk (rise edge)
                          0.00    0.00   clock network delay (ideal)
                          0.25    0.25   clock uncertainty
                          0.00    0.25   clock reconvergence pessimism
                                  0.25 ^ _1075_/CLK (sky130_fd_sc_hd__dfrtp_2)
                          1.07    1.32   library removal time
                                  1.32   data required time
-----------------------------------------------------------------------------
                                  1.32   data required time
                                 -3.80   data arrival time
-----------------------------------------------------------------------------
                                  2.48   slack (MET)


Startpoint: rst_n (input port clocked by clk)
Endpoint: _1042_ (removal check against rising-edge clock clk)
Path Group: asynchronous
Path Type: min

Fanout     Cap    Slew   Delay    Time   Description
-----------------------------------------------------------------------------
                  0.15    0.00    0.00   clock clk (rise edge)
                          0.00    0.00   clock network delay (ideal)
                          2.00    2.00 ^ input external delay
                  2.73    1.80    3.80 ^ rst_n (in)
   144    0.61                           rst_n (net)
                  2.73    0.00    3.80 ^ _1042_/RESET_B (sky130_fd_sc_hd__dfrtp_2)
                                  3.80   data arrival time

                  0.15    0.00    0.00   clock clk (rise edge)
                          0.00    0.00   clock network delay (ideal)
                          0.25    0.25   clock uncertainty
                          0.00    0.25   clock reconvergence pessimism
                                  0.25 ^ _1042_/CLK (sky130_fd_sc_hd__dfrtp_2)
                          1.07    1.32   library removal time
                                  1.32   data required time
-----------------------------------------------------------------------------
                                  1.32   data required time
                                 -3.80   data arrival time
-----------------------------------------------------------------------------
                                  2.48   slack (MET)


Startpoint: rst_n (input port clocked by clk)
Endpoint: _1046_ (removal check against rising-edge clock clk)
Path Group: asynchronous
Path Type: min

Fanout     Cap    Slew   Delay    Time   Description
-----------------------------------------------------------------------------
                  0.15    0.00    0.00   clock clk (rise edge)
                          0.00    0.00   clock network delay (ideal)
                          2.00    2.00 ^ input external delay
                  2.73    1.80    3.80 ^ rst_n (in)
   144    0.61                           rst_n (net)
                  2.73    0.00    3.80 ^ _1046_/RESET_B (sky130_fd_sc_hd__dfrtp_2)
                                  3.80   data arrival time

                  0.15    0.00    0.00   clock clk (rise edge)
                          0.00    0.00   clock network delay (ideal)
                          0.25    0.25   clock uncertainty
                          0.00    0.25   clock reconvergence pessimism
                                  0.25 ^ _1046_/CLK (sky130_fd_sc_hd__dfrtp_2)
                          1.07    1.32   library removal time
                                  1.32   data required time
-----------------------------------------------------------------------------
                                  1.32   data required time
                                 -3.80   data arrival time
-----------------------------------------------------------------------------
                                  2.48   slack (MET)


Startpoint: rst_n (input port clocked by clk)
Endpoint: _1074_ (removal check against rising-edge clock clk)
Path Group: asynchronous
Path Type: min

Fanout     Cap    Slew   Delay    Time   Description
-----------------------------------------------------------------------------
                  0.15    0.00    0.00   clock clk (rise edge)
                          0.00    0.00   clock network delay (ideal)
                          2.00    2.00 ^ input external delay
                  2.73    1.80    3.80 ^ rst_n (in)
   144    0.61                           rst_n (net)
                  2.73    0.00    3.80 ^ _1074_/RESET_B (sky130_fd_sc_hd__dfrtp_2)
                                  3.80   data arrival time

                  0.15    0.00    0.00   clock clk (rise edge)
                          0.00    0.00   clock network delay (ideal)
                          0.25    0.25   clock uncertainty
                          0.00    0.25   clock reconvergence pessimism
                                  0.25 ^ _1074_/CLK (sky130_fd_sc_hd__dfrtp_2)
                          1.07    1.32   library removal time
                                  1.32   data required time
-----------------------------------------------------------------------------
                                  1.32   data required time
                                 -3.80   data arrival time
-----------------------------------------------------------------------------
                                  2.48   slack (MET)


Startpoint: rst_n (input port clocked by clk)
Endpoint: _1182_ (removal check against rising-edge clock clk)
Path Group: asynchronous
Path Type: min

Fanout     Cap    Slew   Delay    Time   Description
-----------------------------------------------------------------------------
                  0.15    0.00    0.00   clock clk (rise edge)
                          0.00    0.00   clock network delay (ideal)
                          2.00    2.00 ^ input external delay
                  2.73    1.80    3.80 ^ rst_n (in)
   144    0.61                           rst_n (net)
                  2.73    0.00    3.80 ^ _1182_/RESET_B (sky130_fd_sc_hd__dfrtp_2)
                                  3.80   data arrival time

                  0.15    0.00    0.00   clock clk (rise edge)
                          0.00    0.00   clock network delay (ideal)
                          0.25    0.25   clock uncertainty
                          0.00    0.25   clock reconvergence pessimism
                                  0.25 ^ _1182_/CLK (sky130_fd_sc_hd__dfrtp_2)
                          1.07    1.32   library removal time
                                  1.32   data required time
-----------------------------------------------------------------------------
                                  1.32   data required time
                                 -3.80   data arrival time
-----------------------------------------------------------------------------
                                  2.48   slack (MET)


Startpoint: rst_n (input port clocked by clk)
Endpoint: _1073_ (removal check against rising-edge clock clk)
Path Group: asynchronous
Path Type: min

Fanout     Cap    Slew   Delay    Time   Description
-----------------------------------------------------------------------------
                  0.15    0.00    0.00   clock clk (rise edge)
                          0.00    0.00   clock network delay (ideal)
                          2.00    2.00 ^ input external delay
                  2.73    1.80    3.80 ^ rst_n (in)
   144    0.61                           rst_n (net)
                  2.73    0.00    3.80 ^ _1073_/RESET_B (sky130_fd_sc_hd__dfrtp_2)
                                  3.80   data arrival time

                  0.15    0.00    0.00   clock clk (rise edge)
                          0.00    0.00   clock network delay (ideal)
                          0.25    0.25   clock uncertainty
                          0.00    0.25   clock reconvergence pessimism
                                  0.25 ^ _1073_/CLK (sky130_fd_sc_hd__dfrtp_2)
                          1.07    1.32   library removal time
                                  1.32   data required time
-----------------------------------------------------------------------------
                                  1.32   data required time
                                 -3.80   data arrival time
-----------------------------------------------------------------------------
                                  2.48   slack (MET)


Startpoint: rst_n (input port clocked by clk)
Endpoint: _1181_ (removal check against rising-edge clock clk)
Path Group: asynchronous
Path Type: min

Fanout     Cap    Slew   Delay    Time   Description
-----------------------------------------------------------------------------
                  0.15    0.00    0.00   clock clk (rise edge)
                          0.00    0.00   clock network delay (ideal)
                          2.00    2.00 ^ input external delay
                  2.73    1.80    3.80 ^ rst_n (in)
   144    0.61                           rst_n (net)
                  2.73    0.00    3.80 ^ _1181_/RESET_B (sky130_fd_sc_hd__dfrtp_2)
                                  3.80   data arrival time

                  0.15    0.00    0.00   clock clk (rise edge)
                          0.00    0.00   clock network delay (ideal)
                          0.25    0.25   clock uncertainty
                          0.00    0.25   clock reconvergence pessimism
                                  0.25 ^ _1181_/CLK (sky130_fd_sc_hd__dfrtp_2)
                          1.07    1.32   library removal time
                                  1.32   data required time
-----------------------------------------------------------------------------
                                  1.32   data required time
                                 -3.80   data arrival time
-----------------------------------------------------------------------------
                                  2.48   slack (MET)


Startpoint: rst_n (input port clocked by clk)
Endpoint: _1180_ (removal check against rising-edge clock clk)
Path Group: asynchronous
Path Type: min

Fanout     Cap    Slew   Delay    Time   Description
-----------------------------------------------------------------------------
                  0.15    0.00    0.00   clock clk (rise edge)
                          0.00    0.00   clock network delay (ideal)
                          2.00    2.00 ^ input external delay
                  2.73    1.80    3.80 ^ rst_n (in)
   144    0.61                           rst_n (net)
                  2.73    0.00    3.80 ^ _1180_/RESET_B (sky130_fd_sc_hd__dfrtp_2)
                                  3.80   data arrival time

                  0.15    0.00    0.00   clock clk (rise edge)
                          0.00    0.00   clock network delay (ideal)
                          0.25    0.25   clock uncertainty
                          0.00    0.25   clock reconvergence pessimism
                                  0.25 ^ _1180_/CLK (sky130_fd_sc_hd__dfrtp_2)
                          1.07    1.32   library removal time
                                  1.32   data required time
-----------------------------------------------------------------------------
                                  1.32   data required time
                                 -3.80   data arrival time
-----------------------------------------------------------------------------
                                  2.48   slack (MET)


Startpoint: rst_n (input port clocked by clk)
Endpoint: _1066_ (removal check against rising-edge clock clk)
Path Group: asynchronous
Path Type: min

Fanout     Cap    Slew   Delay    Time   Description
-----------------------------------------------------------------------------
                  0.15    0.00    0.00   clock clk (rise edge)
                          0.00    0.00   clock network delay (ideal)
                          2.00    2.00 ^ input external delay
                  2.73    1.80    3.80 ^ rst_n (in)
   144    0.61                           rst_n (net)
                  2.73    0.00    3.80 ^ _1066_/RESET_B (sky130_fd_sc_hd__dfrtp_2)
                                  3.80   data arrival time

                  0.15    0.00    0.00   clock clk (rise edge)
                          0.00    0.00   clock network delay (ideal)
                          0.25    0.25   clock uncertainty
                          0.00    0.25   clock reconvergence pessimism
                                  0.25 ^ _1066_/CLK (sky130_fd_sc_hd__dfrtp_2)
                          1.07    1.32   library removal time
                                  1.32   data required time
-----------------------------------------------------------------------------
                                  1.32   data required time
                                 -3.80   data arrival time
-----------------------------------------------------------------------------
                                  2.48   slack (MET)


Startpoint: rst_n (input port clocked by clk)
Endpoint: _1067_ (removal check against rising-edge clock clk)
Path Group: asynchronous
Path Type: min

Fanout     Cap    Slew   Delay    Time   Description
-----------------------------------------------------------------------------
                  0.15    0.00    0.00   clock clk (rise edge)
                          0.00    0.00   clock network delay (ideal)
                          2.00    2.00 ^ input external delay
                  2.73    1.80    3.80 ^ rst_n (in)
   144    0.61                           rst_n (net)
                  2.73    0.00    3.80 ^ _1067_/RESET_B (sky130_fd_sc_hd__dfrtp_2)
                                  3.80   data arrival time

                  0.15    0.00    0.00   clock clk (rise edge)
                          0.00    0.00   clock network delay (ideal)
                          0.25    0.25   clock uncertainty
                          0.00    0.25   clock reconvergence pessimism
                                  0.25 ^ _1067_/CLK (sky130_fd_sc_hd__dfrtp_2)
                          1.07    1.32   library removal time
                                  1.32   data required time
-----------------------------------------------------------------------------
                                  1.32   data required time
                                 -3.80   data arrival time
-----------------------------------------------------------------------------
                                  2.48   slack (MET)


Startpoint: rst_n (input port clocked by clk)
Endpoint: _1068_ (removal check against rising-edge clock clk)
Path Group: asynchronous
Path Type: min

Fanout     Cap    Slew   Delay    Time   Description
-----------------------------------------------------------------------------
                  0.15    0.00    0.00   clock clk (rise edge)
                          0.00    0.00   clock network delay (ideal)
                          2.00    2.00 ^ input external delay
                  2.73    1.80    3.80 ^ rst_n (in)
   144    0.61                           rst_n (net)
                  2.73    0.00    3.80 ^ _1068_/RESET_B (sky130_fd_sc_hd__dfrtp_2)
                                  3.80   data arrival time

                  0.15    0.00    0.00   clock clk (rise edge)
                          0.00    0.00   clock network delay (ideal)
                          0.25    0.25   clock uncertainty
                          0.00    0.25   clock reconvergence pessimism
                                  0.25 ^ _1068_/CLK (sky130_fd_sc_hd__dfrtp_2)
                          1.07    1.32   library removal time
                                  1.32   data required time
-----------------------------------------------------------------------------
                                  1.32   data required time
                                 -3.80   data arrival time
-----------------------------------------------------------------------------
                                  2.48   slack (MET)


Startpoint: _1054_ (rising edge-triggered flip-flop clocked by clk)
Endpoint: data_out[2] (output port clocked by clk)
Path Group: clk
Path Type: min

Fanout     Cap    Slew   Delay    Time   Description
-----------------------------------------------------------------------------
                  0.15    0.00    0.00   clock clk (rise edge)
                          0.00    0.00   clock network delay (ideal)
                  0.15    0.00    0.00 ^ _1054_/CLK (sky130_fd_sc_hd__dfrtp_2)
                  0.08    0.39    0.39 ^ _1054_/Q (sky130_fd_sc_hd__dfrtp_2)
     4    0.01                           wifi_count_reg[2] (net)
                  0.08    0.00    0.39 ^ _0568_/B2 (sky130_fd_sc_hd__a221o_2)
                  0.03    0.13    0.52 ^ _0568_/X (sky130_fd_sc_hd__a221o_2)
     1    0.00                           _0187_ (net)
                  0.03    0.00    0.52 ^ _0569_/A2 (sky130_fd_sc_hd__o21a_2)
                  0.22    0.23    0.75 ^ _0569_/X (sky130_fd_sc_hd__o21a_2)
     1    0.04                           data_out[2] (net)
                  0.22    0.00    0.76 ^ data_out[2] (out)
                                  0.76   data arrival time

                  0.15    0.00    0.00   clock clk (rise edge)
                          0.00    0.00   clock network delay (ideal)
                          0.25    0.25   clock uncertainty
                          0.00    0.25   clock reconvergence pessimism
                         -2.00   -1.75   output external delay
                                 -1.75   data required time
-----------------------------------------------------------------------------
                                 -1.75   data required time
                                 -0.76   data arrival time
-----------------------------------------------------------------------------
                                  2.51   slack (MET)


Startpoint: _1047_ (rising edge-triggered flip-flop clocked by clk)
Endpoint: data_out[1] (output port clocked by clk)
Path Group: clk
Path Type: min

Fanout     Cap    Slew   Delay    Time   Description
-----------------------------------------------------------------------------
                  0.15    0.00    0.00   clock clk (rise edge)
                          0.00    0.00   clock network delay (ideal)
                  0.15    0.00    0.00 ^ _1047_/CLK (sky130_fd_sc_hd__dfrtp_2)
                  0.08    0.39    0.39 ^ _1047_/Q (sky130_fd_sc_hd__dfrtp_2)
     5    0.01                           supplemental_request_level (net)
                  0.08    0.00    0.39 ^ _0562_/A1 (sky130_fd_sc_hd__a21o_2)
                  0.03    0.11    0.50 ^ _0562_/X (sky130_fd_sc_hd__a21o_2)
     1    0.00                           _0182_ (net)
                  0.03    0.00    0.50 ^ _0565_/A2 (sky130_fd_sc_hd__o31a_2)
                  0.27    0.28    0.78 ^ _0565_/X (sky130_fd_sc_hd__o31a_2)
     1    0.05                           data_out[1] (net)
                  0.27    0.01    0.78 ^ data_out[1] (out)
                                  0.78   data arrival time

                  0.15    0.00    0.00   clock clk (rise edge)
                          0.00    0.00   clock network delay (ideal)
                          0.25    0.25   clock uncertainty
                          0.00    0.25   clock reconvergence pessimism
                         -2.00   -1.75   output external delay
                                 -1.75   data required time
-----------------------------------------------------------------------------
                                 -1.75   data required time
                                 -0.78   data arrival time
-----------------------------------------------------------------------------
                                  2.53   slack (MET)


Startpoint: _1052_ (rising edge-triggered flip-flop clocked by clk)
Endpoint: data_out[0] (output port clocked by clk)
Path Group: clk
Path Type: min

Fanout     Cap    Slew   Delay    Time   Description
-----------------------------------------------------------------------------
                  0.15    0.00    0.00   clock clk (rise edge)
                          0.00    0.00   clock network delay (ideal)
                  0.15    0.00    0.00 ^ _1052_/CLK (sky130_fd_sc_hd__dfrtp_2)
                  0.07    0.38    0.38 ^ _1052_/Q (sky130_fd_sc_hd__dfrtp_2)
     3    0.01                           wifi_count_reg[0] (net)
                  0.07    0.00    0.38 ^ _0556_/A1 (sky130_fd_sc_hd__a221o_2)
                  0.03    0.13    0.51 ^ _0556_/X (sky130_fd_sc_hd__a221o_2)
     1    0.00                           _0177_ (net)
                  0.03    0.00    0.51 ^ _0559_/A2 (sky130_fd_sc_hd__o21a_2)
                  0.30    0.28    0.79 ^ _0559_/X (sky130_fd_sc_hd__o21a_2)
     1    0.06                           data_out[0] (net)
                  0.30    0.01    0.80 ^ data_out[0] (out)
                                  0.80   data arrival time

                  0.15    0.00    0.00   clock clk (rise edge)
                          0.00    0.00   clock network delay (ideal)
                          0.25    0.25   clock uncertainty
                          0.00    0.25   clock reconvergence pessimism
                         -2.00   -1.75   output external delay
                                 -1.75   data required time
-----------------------------------------------------------------------------
                                 -1.75   data required time
                                 -0.80   data arrival time
-----------------------------------------------------------------------------
                                  2.55   slack (MET)


Startpoint: _1043_ (rising edge-triggered flip-flop clocked by clk)
Endpoint: user_interrupt (output port clocked by clk)
Path Group: clk
Path Type: min

Fanout     Cap    Slew   Delay    Time   Description
-----------------------------------------------------------------------------
                  0.15    0.00    0.00   clock clk (rise edge)
                          0.00    0.00   clock network delay (ideal)
                  0.15    0.00    0.00 ^ _1043_/CLK (sky130_fd_sc_hd__dfrtp_2)
                  0.20    0.55    0.55 v _1043_/Q (sky130_fd_sc_hd__dfrtp_2)
     4    0.08                           uo_out[3] (net)
                  0.20    0.00    0.55 v _1194_/A (sky130_fd_sc_hd__buf_2)
                  0.10    0.25    0.80 v _1194_/X (sky130_fd_sc_hd__buf_2)
     1    0.04                           user_interrupt (net)
                  0.10    0.00    0.80 v user_interrupt (out)
                                  0.80   data arrival time

                  0.15    0.00    0.00   clock clk (rise edge)
                          0.00    0.00   clock network delay (ideal)
                          0.25    0.25   clock uncertainty
                          0.00    0.25   clock reconvergence pessimism
                         -2.00   -1.75   output external delay
                                 -1.75   data required time
-----------------------------------------------------------------------------
                                 -1.75   data required time
                                 -0.80   data arrival time
-----------------------------------------------------------------------------
                                  2.55   slack (MET)


Startpoint: _1098_ (rising edge-triggered flip-flop clocked by clk)
Endpoint: data_out[19] (output port clocked by clk)
Path Group: clk
Path Type: min

Fanout     Cap    Slew   Delay    Time   Description
-----------------------------------------------------------------------------
                  0.15    0.00    0.00   clock clk (rise edge)
                          0.00    0.00   clock network delay (ideal)
                  0.15    0.00    0.00 ^ _1098_/CLK (sky130_fd_sc_hd__dfrtp_2)
                  0.04    0.39    0.39 v _1098_/Q (sky130_fd_sc_hd__dfrtp_2)
     1    0.00                           spi_last_pkt_accepted (net)
                  0.04    0.00    0.39 v _0626_/A (sky130_fd_sc_hd__and3_2)
                  0.07    0.20    0.58 v _0626_/X (sky130_fd_sc_hd__and3_2)
     1    0.02                           _0227_ (net)
                  0.07    0.00    0.58 v _0627_/A (sky130_fd_sc_hd__buf_1)
                  0.20    0.22    0.81 v _0627_/X (sky130_fd_sc_hd__buf_1)
     1    0.04                           data_out[19] (net)
                  0.20    0.00    0.81 v data_out[19] (out)
                                  0.81   data arrival time

                  0.15    0.00    0.00   clock clk (rise edge)
                          0.00    0.00   clock network delay (ideal)
                          0.25    0.25   clock uncertainty
                          0.00    0.25   clock reconvergence pessimism
                         -2.00   -1.75   output external delay
                                 -1.75   data required time
-----------------------------------------------------------------------------
                                 -1.75   data required time
                                 -0.81   data arrival time
-----------------------------------------------------------------------------
                                  2.56   slack (MET)


Startpoint: _1055_ (rising edge-triggered flip-flop clocked by clk)
Endpoint: data_out[3] (output port clocked by clk)
Path Group: clk
Path Type: min

Fanout     Cap    Slew   Delay    Time   Description
-----------------------------------------------------------------------------
                  0.15    0.00    0.00   clock clk (rise edge)
                          0.00    0.00   clock network delay (ideal)
                  0.15    0.00    0.00 ^ _1055_/CLK (sky130_fd_sc_hd__dfrtp_2)
                  0.08    0.39    0.39 ^ _1055_/Q (sky130_fd_sc_hd__dfrtp_2)
     4    0.01                           wifi_count_reg[3] (net)
                  0.08    0.00    0.39 ^ _0572_/B2 (sky130_fd_sc_hd__a221o_2)
                  0.03    0.13    0.52 ^ _0572_/X (sky130_fd_sc_hd__a221o_2)
     1    0.00                           _0190_ (net)
                  0.03    0.00    0.52 ^ _0573_/A2 (sky130_fd_sc_hd__o21a_2)
                  0.31    0.28    0.81 ^ _0573_/X (sky130_fd_sc_hd__o21a_2)
     1    0.06                           data_out[3] (net)
                  0.31    0.01    0.82 ^ data_out[3] (out)
                                  0.82   data arrival time

                  0.15    0.00    0.00   clock clk (rise edge)
                          0.00    0.00   clock network delay (ideal)
                          0.25    0.25   clock uncertainty
                          0.00    0.25   clock reconvergence pessimism
                         -2.00   -1.75   output external delay
                                 -1.75   data required time
-----------------------------------------------------------------------------
                                 -1.75   data required time
                                 -0.82   data arrival time
-----------------------------------------------------------------------------
                                  2.57   slack (MET)


Startpoint: _1118_ (rising edge-triggered flip-flop clocked by clk)
Endpoint: data_out[22] (output port clocked by clk)
Path Group: clk
Path Type: min

Fanout     Cap    Slew   Delay    Time   Description
-----------------------------------------------------------------------------
                  0.15    0.00    0.00   clock clk (rise edge)
                          0.00    0.00   clock network delay (ideal)
                  0.15    0.00    0.00 ^ _1118_/CLK (sky130_fd_sc_hd__dfrtp_2)
                  0.06    0.43    0.43 v _1118_/Q (sky130_fd_sc_hd__dfrtp_2)
     5    0.01                           spi_fail_count[1] (net)
                  0.06    0.00    0.43 v _0632_/A (sky130_fd_sc_hd__and3_2)
                  0.05    0.18    0.61 v _0632_/X (sky130_fd_sc_hd__and3_2)
     1    0.01                           _0230_ (net)
                  0.05    0.00    0.61 v _0633_/A (sky130_fd_sc_hd__buf_1)
                  0.20    0.21    0.83 v _0633_/X (sky130_fd_sc_hd__buf_1)
     1    0.03                           data_out[22] (net)
                  0.20    0.00    0.83 v data_out[22] (out)
                                  0.83   data arrival time

                  0.15    0.00    0.00   clock clk (rise edge)
                          0.00    0.00   clock network delay (ideal)
                          0.25    0.25   clock uncertainty
                          0.00    0.25   clock reconvergence pessimism
                         -2.00   -1.75   output external delay
                                 -1.75   data required time
-----------------------------------------------------------------------------
                                 -1.75   data required time
                                 -0.83   data arrival time
-----------------------------------------------------------------------------
                                  2.58   slack (MET)


Startpoint: _1095_ (rising edge-triggered flip-flop clocked by clk)
Endpoint: data_out[20] (output port clocked by clk)
Path Group: clk
Path Type: min

Fanout     Cap    Slew   Delay    Time   Description
-----------------------------------------------------------------------------
                  0.15    0.00    0.00   clock clk (rise edge)
                          0.00    0.00   clock network delay (ideal)
                  0.15    0.00    0.00 ^ _1095_/CLK (sky130_fd_sc_hd__dfrtp_2)
                  0.06    0.43    0.43 v _1095_/Q (sky130_fd_sc_hd__dfrtp_2)
     3    0.01                           last_spi_seq_valid (net)
                  0.06    0.00    0.43 v _0628_/A (sky130_fd_sc_hd__and3_2)
                  0.05    0.19    0.61 v _0628_/X (sky130_fd_sc_hd__and3_2)
     1    0.01                           _0228_ (net)
                  0.05    0.00    0.61 v _0629_/A (sky130_fd_sc_hd__buf_1)
                  0.20    0.21    0.83 v _0629_/X (sky130_fd_sc_hd__buf_1)
     1    0.03                           data_out[20] (net)
                  0.20    0.00    0.83 v data_out[20] (out)
                                  0.83   data arrival time

                  0.15    0.00    0.00   clock clk (rise edge)
                          0.00    0.00   clock network delay (ideal)
                          0.25    0.25   clock uncertainty
                          0.00    0.25   clock reconvergence pessimism
                         -2.00   -1.75   output external delay
                                 -1.75   data required time
-----------------------------------------------------------------------------
                                 -1.75   data required time
                                 -0.83   data arrival time
-----------------------------------------------------------------------------
                                  2.58   slack (MET)


Startpoint: _1092_ (rising edge-triggered flip-flop clocked by clk)
Endpoint: data_out[13] (output port clocked by clk)
Path Group: clk
Path Type: min

Fanout     Cap    Slew   Delay    Time   Description
-----------------------------------------------------------------------------
                  0.15    0.00    0.00   clock clk (rise edge)
                          0.00    0.00   clock network delay (ideal)
                  0.15    0.00    0.00 ^ _1092_/CLK (sky130_fd_sc_hd__dfrtp_2)
                  0.07    0.43    0.43 v _1092_/Q (sky130_fd_sc_hd__dfrtp_2)
     3    0.01                           last_spi_seq[5] (net)
                  0.07    0.00    0.44 v _0609_/A (sky130_fd_sc_hd__and3_2)
                  0.05    0.19    0.62 v _0609_/X (sky130_fd_sc_hd__and3_2)
     1    0.01                           _0216_ (net)
                  0.05    0.00    0.62 v _0610_/A (sky130_fd_sc_hd__buf_1)
                  0.20    0.21    0.83 v _0610_/X (sky130_fd_sc_hd__buf_1)
     1    0.03                           data_out[13] (net)
                  0.20    0.00    0.83 v data_out[13] (out)
                                  0.83   data arrival time

                  0.15    0.00    0.00   clock clk (rise edge)
                          0.00    0.00   clock network delay (ideal)
                          0.25    0.25   clock uncertainty
                          0.00    0.25   clock reconvergence pessimism
                         -2.00   -1.75   output external delay
                                 -1.75   data required time
-----------------------------------------------------------------------------
                                 -1.75   data required time
                                 -0.83   data arrival time
-----------------------------------------------------------------------------
                                  2.58   slack (MET)


Startpoint: _1120_ (rising edge-triggered flip-flop clocked by clk)
Endpoint: data_out[24] (output port clocked by clk)
Path Group: clk
Path Type: min

Fanout     Cap    Slew   Delay    Time   Description
-----------------------------------------------------------------------------
                  0.15    0.00    0.00   clock clk (rise edge)
                          0.00    0.00   clock network delay (ideal)
                  0.15    0.00    0.00 ^ _1120_/CLK (sky130_fd_sc_hd__dfrtp_2)
                  0.05    0.42    0.42 v _1120_/Q (sky130_fd_sc_hd__dfrtp_2)
     4    0.01                           sec_alert (net)
                  0.05    0.00    0.42 v _0636_/A (sky130_fd_sc_hd__and3_2)
                  0.03    0.16    0.58 v _0636_/X (sky130_fd_sc_hd__and3_2)
     1    0.00                           _0232_ (net)
                  0.03    0.00    0.58 v _0637_/A (sky130_fd_sc_hd__buf_1)
                  0.28    0.26    0.84 v _0637_/X (sky130_fd_sc_hd__buf_1)
     1    0.05                           data_out[24] (net)
                  0.28    0.01    0.84 v data_out[24] (out)
                                  0.84   data arrival time

                  0.15    0.00    0.00   clock clk (rise edge)
                          0.00    0.00   clock network delay (ideal)
                          0.25    0.25   clock uncertainty
                          0.00    0.25   clock reconvergence pessimism
                         -2.00   -1.75   output external delay
                                 -1.75   data required time
-----------------------------------------------------------------------------
                                 -1.75   data required time
                                 -0.84   data arrival time
-----------------------------------------------------------------------------
                                  2.59   slack (MET)


Startpoint: _1117_ (rising edge-triggered flip-flop clocked by clk)
Endpoint: data_out[21] (output port clocked by clk)
Path Group: clk
Path Type: min

Fanout     Cap    Slew   Delay    Time   Description
-----------------------------------------------------------------------------
                  0.15    0.00    0.00   clock clk (rise edge)
                          0.00    0.00   clock network delay (ideal)
                  0.15    0.00    0.00 ^ _1117_/CLK (sky130_fd_sc_hd__dfrtp_2)
                  0.06    0.43    0.43 v _1117_/Q (sky130_fd_sc_hd__dfrtp_2)
     5    0.01                           spi_fail_count[0] (net)
                  0.06    0.00    0.43 v _0630_/A (sky130_fd_sc_hd__and3_2)
                  0.05    0.19    0.62 v _0630_/X (sky130_fd_sc_hd__and3_2)
     1    0.01                           _0229_ (net)
                  0.05    0.00    0.62 v _0631_/A (sky130_fd_sc_hd__buf_1)
                  0.22    0.22    0.84 v _0631_/X (sky130_fd_sc_hd__buf_1)
     1    0.04                           data_out[21] (net)
                  0.22    0.00    0.85 v data_out[21] (out)
                                  0.85   data arrival time

                  0.15    0.00    0.00   clock clk (rise edge)
                          0.00    0.00   clock network delay (ideal)
                          0.25    0.25   clock uncertainty
                          0.00    0.25   clock reconvergence pessimism
                         -2.00   -1.75   output external delay
                                 -1.75   data required time
-----------------------------------------------------------------------------
                                 -1.75   data required time
                                 -0.85   data arrival time
-----------------------------------------------------------------------------
                                  2.60   slack (MET)


Startpoint: _1099_ (rising edge-triggered flip-flop clocked by clk)
Endpoint: data_out[18] (output port clocked by clk)
Path Group: clk
Path Type: min

Fanout     Cap    Slew   Delay    Time   Description
-----------------------------------------------------------------------------
                  0.15    0.00    0.00   clock clk (rise edge)
                          0.00    0.00   clock network delay (ideal)
                  0.15    0.00    0.00 ^ _1099_/CLK (sky130_fd_sc_hd__dfrtp_2)
                  0.06    0.42    0.42 v _1099_/Q (sky130_fd_sc_hd__dfrtp_2)
     2    0.01                           spi_last_cmd_ok (net)
                  0.06    0.00    0.42 v _0624_/A (sky130_fd_sc_hd__and3_2)
                  0.07    0.21    0.63 v _0624_/X (sky130_fd_sc_hd__and3_2)
     1    0.02                           _0226_ (net)
                  0.07    0.00    0.63 v _0625_/A (sky130_fd_sc_hd__buf_1)
                  0.21    0.23    0.86 v _0625_/X (sky130_fd_sc_hd__buf_1)
     1    0.04                           data_out[18] (net)
                  0.21    0.00    0.86 v data_out[18] (out)
                                  0.86   data arrival time

                  0.15    0.00    0.00   clock clk (rise edge)
                          0.00    0.00   clock network delay (ideal)
                          0.25    0.25   clock uncertainty
                          0.00    0.25   clock reconvergence pessimism
                         -2.00   -1.75   output external delay
                                 -1.75   data required time
-----------------------------------------------------------------------------
                                 -1.75   data required time
                                 -0.86   data arrival time
-----------------------------------------------------------------------------
                                  2.61   slack (MET)


Startpoint: _1100_ (rising edge-triggered flip-flop clocked by clk)
Endpoint: data_out[23] (output port clocked by clk)
Path Group: clk
Path Type: min

Fanout     Cap    Slew   Delay    Time   Description
-----------------------------------------------------------------------------
                  0.15    0.00    0.00   clock clk (rise edge)
                          0.00    0.00   clock network delay (ideal)
                  0.15    0.00    0.00 ^ _1100_/CLK (sky130_fd_sc_hd__dfrtp_2)
                  0.09    0.46    0.46 v _1100_/Q (sky130_fd_sc_hd__dfrtp_2)
     6    0.02                           spi_lockout_active (net)
                  0.09    0.00    0.46 v _0634_/A (sky130_fd_sc_hd__and3_2)
                  0.05    0.19    0.65 v _0634_/X (sky130_fd_sc_hd__and3_2)
     1    0.01                           _0231_ (net)
                  0.05    0.00    0.65 v _0635_/A (sky130_fd_sc_hd__buf_1)
                  0.20    0.21    0.86 v _0635_/X (sky130_fd_sc_hd__buf_1)
     1    0.03                           data_out[23] (net)
                  0.20    0.00    0.86 v data_out[23] (out)
                                  0.86   data arrival time

                  0.15    0.00    0.00   clock clk (rise edge)
                          0.00    0.00   clock network delay (ideal)
                          0.25    0.25   clock uncertainty
                          0.00    0.25   clock reconvergence pessimism
                         -2.00   -1.75   output external delay
                                 -1.75   data required time
-----------------------------------------------------------------------------
                                 -1.75   data required time
                                 -0.86   data arrival time
-----------------------------------------------------------------------------
                                  2.61   slack (MET)


Startpoint: _1086_ (rising edge-triggered flip-flop clocked by clk)
Endpoint: uo_out[0] (output port clocked by clk)
Path Group: clk
Path Type: min

Fanout     Cap    Slew   Delay    Time   Description
-----------------------------------------------------------------------------
                  0.15    0.00    0.00   clock clk (rise edge)
                          0.00    0.00   clock network delay (ideal)
                  0.15    0.00    0.00 ^ _1086_/CLK (sky130_fd_sc_hd__dfrtp_2)
                  0.06    0.38    0.38 ^ _1086_/Q (sky130_fd_sc_hd__dfrtp_2)
     3    0.01                           ctrl_pulse_mode (net)
                  0.06    0.00    0.38 ^ _0576_/S (sky130_fd_sc_hd__mux2_2)
                  0.04    0.14    0.51 ^ _0576_/X (sky130_fd_sc_hd__mux2_2)
     1    0.00                           _0193_ (net)
                  0.04    0.00    0.51 ^ _0577_/A (sky130_fd_sc_hd__buf_1)
                  0.48    0.36    0.87 ^ _0577_/X (sky130_fd_sc_hd__buf_1)
     2    0.04                           uo_out[0] (net)
                  0.48    0.00    0.88 ^ uo_out[0] (out)
                                  0.88   data arrival time

                  0.15    0.00    0.00   clock clk (rise edge)
                          0.00    0.00   clock network delay (ideal)
                          0.25    0.25   clock uncertainty
                          0.00    0.25   clock reconvergence pessimism
                         -2.00   -1.75   output external delay
                                 -1.75   data required time
-----------------------------------------------------------------------------
                                 -1.75   data required time
                                 -0.88   data arrival time
-----------------------------------------------------------------------------
                                  2.63   slack (MET)


Startpoint: _1164_ (rising edge-triggered flip-flop clocked by clk)
Endpoint: data_out[4] (output port clocked by clk)
Path Group: clk
Path Type: min

Fanout     Cap    Slew   Delay    Time   Description
-----------------------------------------------------------------------------
                  0.15    0.00    0.00   clock clk (rise edge)
                          0.00    0.00   clock network delay (ideal)
                  0.15    0.00    0.00 ^ _1164_/CLK (sky130_fd_sc_hd__dfrtp_2)
                  0.05    0.36    0.36 ^ _1164_/Q (sky130_fd_sc_hd__dfrtp_2)
     2    0.00                           spi_tag_r[4] (net)
                  0.05    0.00    0.36 ^ _0579_/A1 (sky130_fd_sc_hd__a221o_2)
                  0.03    0.12    0.48 ^ _0579_/X (sky130_fd_sc_hd__a221o_2)
     1    0.00                           _0195_ (net)
                  0.03    0.00    0.48 ^ _0580_/B (sky130_fd_sc_hd__and2_2)
                  0.04    0.12    0.60 ^ _0580_/X (sky130_fd_sc_hd__and2_2)
     1    0.00                           _0196_ (net)
                  0.04    0.00    0.60 ^ _0581_/A (sky130_fd_sc_hd__buf_1)
                  0.43    0.33    0.93 ^ _0581_/X (sky130_fd_sc_hd__buf_1)
     1    0.04                           data_out[4] (net)
                  0.43    0.00    0.93 ^ data_out[4] (out)
                                  0.93   data arrival time

                  0.15    0.00    0.00   clock clk (rise edge)
                          0.00    0.00   clock network delay (ideal)
                          0.25    0.25   clock uncertainty
                          0.00    0.25   clock reconvergence pessimism
                         -2.00   -1.75   output external delay
                                 -1.75   data required time
-----------------------------------------------------------------------------
                                 -1.75   data required time
                                 -0.93   data arrival time
-----------------------------------------------------------------------------
                                  2.68   slack (MET)


Startpoint: _1096_ (rising edge-triggered flip-flop clocked by clk)
Endpoint: data_out[16] (output port clocked by clk)
Path Group: clk
Path Type: min

Fanout     Cap    Slew   Delay    Time   Description
-----------------------------------------------------------------------------
                  0.15    0.00    0.00   clock clk (rise edge)
                          0.00    0.00   clock network delay (ideal)
                  0.15    0.00    0.00 ^ _1096_/CLK (sky130_fd_sc_hd__dfrtp_2)
                  0.05    0.36    0.36 ^ _1096_/Q (sky130_fd_sc_hd__dfrtp_2)
     2    0.01                           spi_last_tag_ok (net)
                  0.05    0.00    0.36 ^ _0617_/A1 (sky130_fd_sc_hd__a22o_2)
                  0.04    0.12    0.49 ^ _0617_/X (sky130_fd_sc_hd__a22o_2)
     1    0.00                           _0221_ (net)
                  0.04    0.00    0.49 ^ _0618_/B (sky130_fd_sc_hd__and2_2)
                  0.05    0.13    0.61 ^ _0618_/X (sky130_fd_sc_hd__and2_2)
     1    0.00                           _0222_ (net)
                  0.05    0.00    0.61 ^ _0619_/A (sky130_fd_sc_hd__buf_1)
                  0.41    0.32    0.93 ^ _0619_/X (sky130_fd_sc_hd__buf_1)
     1    0.03                           data_out[16] (net)
                  0.41    0.00    0.93 ^ data_out[16] (out)
                                  0.93   data arrival time

                  0.15    0.00    0.00   clock clk (rise edge)
                          0.00    0.00   clock network delay (ideal)
                          0.25    0.25   clock uncertainty
                          0.00    0.25   clock reconvergence pessimism
                         -2.00   -1.75   output external delay
                                 -1.75   data required time
-----------------------------------------------------------------------------
                                 -1.75   data required time
                                 -0.93   data arrival time
-----------------------------------------------------------------------------
                                  2.68   slack (MET)


Startpoint: _1179_ (rising edge-triggered flip-flop clocked by clk)
Endpoint: data_out[6] (output port clocked by clk)
Path Group: clk
Path Type: min

Fanout     Cap    Slew   Delay    Time   Description
-----------------------------------------------------------------------------
                  0.15    0.00    0.00   clock clk (rise edge)
                          0.00    0.00   clock network delay (ideal)
                  0.15    0.00    0.00 ^ _1179_/CLK (sky130_fd_sc_hd__dfrtp_2)
                  0.08    0.40    0.40 ^ _1179_/Q (sky130_fd_sc_hd__dfrtp_2)
     3    0.01                           loop_inactive_stable (net)
                  0.08    0.00    0.40 ^ _0587_/A1 (sky130_fd_sc_hd__a21o_2)
                  0.02    0.11    0.51 ^ _0587_/X (sky130_fd_sc_hd__a21o_2)
     1    0.00                           _0201_ (net)
                  0.02    0.00    0.51 ^ _0588_/B (sky130_fd_sc_hd__and2_2)
                  0.04    0.12    0.63 ^ _0588_/X (sky130_fd_sc_hd__and2_2)
     1    0.00                           _0202_ (net)
                  0.04    0.00    0.63 ^ _0589_/A (sky130_fd_sc_hd__buf_1)
                  0.41    0.32    0.94 ^ _0589_/X (sky130_fd_sc_hd__buf_1)
     1    0.03                           data_out[6] (net)
                  0.41    0.00    0.94 ^ data_out[6] (out)
                                  0.94   data arrival time

                  0.15    0.00    0.00   clock clk (rise edge)
                          0.00    0.00   clock network delay (ideal)
                          0.25    0.25   clock uncertainty
                          0.00    0.25   clock reconvergence pessimism
                         -2.00   -1.75   output external delay
                                 -1.75   data required time
-----------------------------------------------------------------------------
                                 -1.75   data required time
                                 -0.94   data arrival time
-----------------------------------------------------------------------------
                                  2.69   slack (MET)


Startpoint: _1097_ (rising edge-triggered flip-flop clocked by clk)
Endpoint: data_out[17] (output port clocked by clk)
Path Group: clk
Path Type: min

Fanout     Cap    Slew   Delay    Time   Description
-----------------------------------------------------------------------------
                  0.15    0.00    0.00   clock clk (rise edge)
                          0.00    0.00   clock network delay (ideal)
                  0.15    0.00    0.00 ^ _1097_/CLK (sky130_fd_sc_hd__dfrtp_2)
                  0.05    0.36    0.36 ^ _1097_/Q (sky130_fd_sc_hd__dfrtp_2)
     2    0.01                           spi_last_seq_ok (net)
                  0.05    0.00    0.36 ^ _0621_/A1 (sky130_fd_sc_hd__a22o_2)
                  0.05    0.13    0.50 ^ _0621_/X (sky130_fd_sc_hd__a22o_2)
     1    0.01                           _0224_ (net)
                  0.05    0.00    0.50 ^ _0622_/B (sky130_fd_sc_hd__and2_2)
                  0.05    0.13    0.63 ^ _0622_/X (sky130_fd_sc_hd__and2_2)
     1    0.01                           _0225_ (net)
                  0.05    0.00    0.63 ^ _0623_/A (sky130_fd_sc_hd__buf_1)
                  0.41    0.32    0.95 ^ _0623_/X (sky130_fd_sc_hd__buf_1)
     1    0.03                           data_out[17] (net)
                  0.41    0.00    0.95 ^ data_out[17] (out)
                                  0.95   data arrival time

                  0.15    0.00    0.00   clock clk (rise edge)
                          0.00    0.00   clock network delay (ideal)
                          0.25    0.25   clock uncertainty
                          0.00    0.25   clock reconvergence pessimism
                         -2.00   -1.75   output external delay
                                 -1.75   data required time
-----------------------------------------------------------------------------
                                 -1.75   data required time
                                 -0.95   data arrival time
-----------------------------------------------------------------------------
                                  2.70   slack (MET)


Startpoint: _1088_ (rising edge-triggered flip-flop clocked by clk)
Endpoint: data_out[9] (output port clocked by clk)
Path Group: clk
Path Type: min

Fanout     Cap    Slew   Delay    Time   Description
-----------------------------------------------------------------------------
                  0.15    0.00    0.00   clock clk (rise edge)
                          0.00    0.00   clock network delay (ideal)
                  0.15    0.00    0.00 ^ _1088_/CLK (sky130_fd_sc_hd__dfrtp_2)
                  0.06    0.38    0.38 ^ _1088_/Q (sky130_fd_sc_hd__dfrtp_2)
     4    0.01                           last_spi_seq[1] (net)
                  0.06    0.00    0.38 ^ _0597_/A1 (sky130_fd_sc_hd__a22o_2)
                  0.03    0.12    0.50 ^ _0597_/X (sky130_fd_sc_hd__a22o_2)
     1    0.00                           _0208_ (net)
                  0.03    0.00    0.50 ^ _0598_/B (sky130_fd_sc_hd__and2_2)
                  0.07    0.15    0.64 ^ _0598_/X (sky130_fd_sc_hd__and2_2)
     1    0.01                           _0209_ (net)
                  0.07    0.00    0.64 ^ _0599_/A (sky130_fd_sc_hd__buf_1)
                  0.40    0.32    0.96 ^ _0599_/X (sky130_fd_sc_hd__buf_1)
     1    0.03                           data_out[9] (net)
                  0.40    0.00    0.97 ^ data_out[9] (out)
                                  0.97   data arrival time

                  0.15    0.00    0.00   clock clk (rise edge)
                          0.00    0.00   clock network delay (ideal)
                          0.25    0.25   clock uncertainty
                          0.00    0.25   clock reconvergence pessimism
                         -2.00   -1.75   output external delay
                                 -1.75   data required time
-----------------------------------------------------------------------------
                                 -1.75   data required time
                                 -0.97   data arrival time
-----------------------------------------------------------------------------
                                  2.72   slack (MET)


Startpoint: _1167_ (rising edge-triggered flip-flop clocked by clk)
Endpoint: data_out[7] (output port clocked by clk)
Path Group: clk
Path Type: min

Fanout     Cap    Slew   Delay    Time   Description
-----------------------------------------------------------------------------
                  0.15    0.00    0.00   clock clk (rise edge)
                          0.00    0.00   clock network delay (ideal)
                  0.15    0.00    0.00 ^ _1167_/CLK (sky130_fd_sc_hd__dfrtp_2)
                  0.06    0.37    0.37 ^ _1167_/Q (sky130_fd_sc_hd__dfrtp_2)
     2    0.01                           spi_tag_r[7] (net)
                  0.06    0.00    0.37 ^ _0591_/A1 (sky130_fd_sc_hd__a22o_2)
                  0.03    0.12    0.49 ^ _0591_/X (sky130_fd_sc_hd__a22o_2)
     1    0.00                           _0204_ (net)
                  0.03    0.00    0.49 ^ _0592_/B (sky130_fd_sc_hd__and2_2)
                  0.09    0.16    0.65 ^ _0592_/X (sky130_fd_sc_hd__and2_2)
     1    0.01                           _0205_ (net)
                  0.09    0.00    0.65 ^ _0593_/A (sky130_fd_sc_hd__buf_1)
                  0.41    0.33    0.99 ^ _0593_/X (sky130_fd_sc_hd__buf_1)
     1    0.04                           data_out[7] (net)
                  0.41    0.00    0.99 ^ data_out[7] (out)
                                  0.99   data arrival time

                  0.15    0.00    0.00   clock clk (rise edge)
                          0.00    0.00   clock network delay (ideal)
                          0.25    0.25   clock uncertainty
                          0.00    0.25   clock reconvergence pessimism
                         -2.00   -1.75   output external delay
                                 -1.75   data required time
-----------------------------------------------------------------------------
                                 -1.75   data required time
                                 -0.99   data arrival time
-----------------------------------------------------------------------------
                                  2.74   slack (MET)


Startpoint: _1089_ (rising edge-triggered flip-flop clocked by clk)
Endpoint: data_out[10] (output port clocked by clk)
Path Group: clk
Path Type: min

Fanout     Cap    Slew   Delay    Time   Description
-----------------------------------------------------------------------------
                  0.15    0.00    0.00   clock clk (rise edge)
                          0.00    0.00   clock network delay (ideal)
                  0.15    0.00    0.00 ^ _1089_/CLK (sky130_fd_sc_hd__dfrtp_2)
                  0.07    0.38    0.38 ^ _1089_/Q (sky130_fd_sc_hd__dfrtp_2)
     4    0.01                           last_spi_seq[2] (net)
                  0.07    0.00    0.38 ^ _0600_/A1 (sky130_fd_sc_hd__a22o_2)
                  0.05    0.14    0.52 ^ _0600_/X (sky130_fd_sc_hd__a22o_2)
     1    0.01                           _0210_ (net)
                  0.05    0.00    0.52 ^ _0601_/B (sky130_fd_sc_hd__and2_2)
                  0.04    0.12    0.65 ^ _0601_/X (sky130_fd_sc_hd__and2_2)
     1    0.00                           _0211_ (net)
                  0.04    0.00    0.65 ^ _0602_/A (sky130_fd_sc_hd__buf_1)
                  0.45    0.34    0.99 ^ _0602_/X (sky130_fd_sc_hd__buf_1)
     1    0.04                           data_out[10] (net)
                  0.45    0.00    0.99 ^ data_out[10] (out)
                                  0.99   data arrival time

                  0.15    0.00    0.00   clock clk (rise edge)
                          0.00    0.00   clock network delay (ideal)
                          0.25    0.25   clock uncertainty
                          0.00    0.25   clock reconvergence pessimism
                         -2.00   -1.75   output external delay
                                 -1.75   data required time
-----------------------------------------------------------------------------
                                 -1.75   data required time
                                 -0.99   data arrival time
-----------------------------------------------------------------------------
                                  2.74   slack (MET)


Startpoint: _1090_ (rising edge-triggered flip-flop clocked by clk)
Endpoint: data_out[11] (output port clocked by clk)
Path Group: clk
Path Type: min

Fanout     Cap    Slew   Delay    Time   Description
-----------------------------------------------------------------------------
                  0.15    0.00    0.00   clock clk (rise edge)
                          0.00    0.00   clock network delay (ideal)
                  0.15    0.00    0.00 ^ _1090_/CLK (sky130_fd_sc_hd__dfrtp_2)
                  0.08    0.39    0.39 ^ _1090_/Q (sky130_fd_sc_hd__dfrtp_2)
     4    0.01                           last_spi_seq[3] (net)
                  0.08    0.00    0.39 ^ _0603_/A1 (sky130_fd_sc_hd__a22o_2)
                  0.03    0.13    0.52 ^ _0603_/X (sky130_fd_sc_hd__a22o_2)
     1    0.00                           _0212_ (net)
                  0.03    0.00    0.52 ^ _0604_/B (sky130_fd_sc_hd__and2_2)
                  0.07    0.14    0.66 ^ _0604_/X (sky130_fd_sc_hd__and2_2)
     1    0.01                           _0213_ (net)
                  0.07    0.00    0.66 ^ _0605_/A (sky130_fd_sc_hd__buf_1)
                  0.42    0.33    0.99 ^ _0605_/X (sky130_fd_sc_hd__buf_1)
     1    0.04                           data_out[11] (net)
                  0.42    0.00    0.99 ^ data_out[11] (out)
                                  0.99   data arrival time

                  0.15    0.00    0.00   clock clk (rise edge)
                          0.00    0.00   clock network delay (ideal)
                          0.25    0.25   clock uncertainty
                          0.00    0.25   clock reconvergence pessimism
                         -2.00   -1.75   output external delay
                                 -1.75   data required time
-----------------------------------------------------------------------------
                                 -1.75   data required time
                                 -0.99   data arrival time
-----------------------------------------------------------------------------
                                  2.74   slack (MET)


Startpoint: _1091_ (rising edge-triggered flip-flop clocked by clk)
Endpoint: data_out[12] (output port clocked by clk)
Path Group: clk
Path Type: min

Fanout     Cap    Slew   Delay    Time   Description
-----------------------------------------------------------------------------
                  0.15    0.00    0.00   clock clk (rise edge)
                          0.00    0.00   clock network delay (ideal)
                  0.15    0.00    0.00 ^ _1091_/CLK (sky130_fd_sc_hd__dfrtp_2)
                  0.07    0.38    0.38 ^ _1091_/Q (sky130_fd_sc_hd__dfrtp_2)
     3    0.01                           last_spi_seq[4] (net)
                  0.07    0.00    0.38 ^ _0606_/A1 (sky130_fd_sc_hd__a22o_2)
                  0.03    0.12    0.51 ^ _0606_/X (sky130_fd_sc_hd__a22o_2)
     1    0.00                           _0214_ (net)
                  0.03    0.00    0.51 ^ _0607_/B (sky130_fd_sc_hd__and2_2)
                  0.09    0.17    0.67 ^ _0607_/X (sky130_fd_sc_hd__and2_2)
     1    0.02                           _0215_ (net)
                  0.09    0.00    0.67 ^ _0608_/A (sky130_fd_sc_hd__buf_1)
                  0.41    0.33    1.00 ^ _0608_/X (sky130_fd_sc_hd__buf_1)
     1    0.03                           data_out[12] (net)
                  0.41    0.00    1.00 ^ data_out[12] (out)
                                  1.00   data arrival time

                  0.15    0.00    0.00   clock clk (rise edge)
                          0.00    0.00   clock network delay (ideal)
                          0.25    0.25   clock uncertainty
                          0.00    0.25   clock reconvergence pessimism
                         -2.00   -1.75   output external delay
                                 -1.75   data required time
-----------------------------------------------------------------------------
                                 -1.75   data required time
                                 -1.00   data arrival time
-----------------------------------------------------------------------------
                                  2.75   slack (MET)


Startpoint: _1064_ (rising edge-triggered flip-flop clocked by clk)
Endpoint: data_out[5] (output port clocked by clk)
Path Group: clk
Path Type: min

Fanout     Cap    Slew   Delay    Time   Description
-----------------------------------------------------------------------------
                  0.15    0.00    0.00   clock clk (rise edge)
                          0.00    0.00   clock network delay (ideal)
                  0.15    0.00    0.00 ^ _1064_/CLK (sky130_fd_sc_hd__dfrtp_2)
                  0.09    0.40    0.40 ^ _1064_/Q (sky130_fd_sc_hd__dfrtp_2)
     3    0.01                           wifi_valid (net)
                  0.09    0.00    0.40 ^ _0583_/A1 (sky130_fd_sc_hd__a21o_2)
                  0.02    0.11    0.51 ^ _0583_/X (sky130_fd_sc_hd__a21o_2)
     1    0.00                           _0198_ (net)
                  0.02    0.00    0.51 ^ _0584_/B (sky130_fd_sc_hd__and2_2)
                  0.09    0.16    0.67 ^ _0584_/X (sky130_fd_sc_hd__and2_2)
     1    0.01                           _0199_ (net)
                  0.09    0.00    0.67 ^ _0585_/A (sky130_fd_sc_hd__buf_1)
                  0.42    0.33    1.00 ^ _0585_/X (sky130_fd_sc_hd__buf_1)
     1    0.04                           data_out[5] (net)
                  0.42    0.00    1.00 ^ data_out[5] (out)
                                  1.00   data arrival time

                  0.15    0.00    0.00   clock clk (rise edge)
                          0.00    0.00   clock network delay (ideal)
                          0.25    0.25   clock uncertainty
                          0.00    0.25   clock reconvergence pessimism
                         -2.00   -1.75   output external delay
                                 -1.75   data required time
-----------------------------------------------------------------------------
                                 -1.75   data required time
                                 -1.00   data arrival time
-----------------------------------------------------------------------------
                                  2.75   slack (MET)


Startpoint: _1087_ (rising edge-triggered flip-flop clocked by clk)
Endpoint: data_out[8] (output port clocked by clk)
Path Group: clk
Path Type: min

Fanout     Cap    Slew   Delay    Time   Description
-----------------------------------------------------------------------------
                  0.15    0.00    0.00   clock clk (rise edge)
                          0.00    0.00   clock network delay (ideal)
                  0.15    0.00    0.00 ^ _1087_/CLK (sky130_fd_sc_hd__dfrtp_2)
                  0.08    0.39    0.39 ^ _1087_/Q (sky130_fd_sc_hd__dfrtp_2)
     4    0.01                           last_spi_seq[0] (net)
                  0.08    0.00    0.39 ^ _0594_/A1 (sky130_fd_sc_hd__a22o_2)
                  0.03    0.13    0.52 ^ _0594_/X (sky130_fd_sc_hd__a22o_2)
     1    0.00                           _0206_ (net)
                  0.03    0.00    0.52 ^ _0595_/B (sky130_fd_sc_hd__and2_2)
                  0.09    0.16    0.69 ^ _0595_/X (sky130_fd_sc_hd__and2_2)
     1    0.02                           _0207_ (net)
                  0.09    0.00    0.69 ^ _0596_/A (sky130_fd_sc_hd__buf_1)
                  0.41    0.33    1.02 ^ _0596_/X (sky130_fd_sc_hd__buf_1)
     1    0.04                           data_out[8] (net)
                  0.41    0.00    1.02 ^ data_out[8] (out)
                                  1.02   data arrival time

                  0.15    0.00    0.00   clock clk (rise edge)
                          0.00    0.00   clock network delay (ideal)
                          0.25    0.25   clock uncertainty
                          0.00    0.25   clock reconvergence pessimism
                         -2.00   -1.75   output external delay
                                 -1.75   data required time
-----------------------------------------------------------------------------
                                 -1.75   data required time
                                 -1.02   data arrival time
-----------------------------------------------------------------------------
                                  2.77   slack (MET)


Startpoint: _1094_ (rising edge-triggered flip-flop clocked by clk)
Endpoint: data_out[15] (output port clocked by clk)
Path Group: clk
Path Type: min

Fanout     Cap    Slew   Delay    Time   Description
-----------------------------------------------------------------------------
                  0.15    0.00    0.00   clock clk (rise edge)
                          0.00    0.00   clock network delay (ideal)
                  0.15    0.00    0.00 ^ _1094_/CLK (sky130_fd_sc_hd__dfrtp_2)
                  0.11    0.42    0.42 ^ _1094_/Q (sky130_fd_sc_hd__dfrtp_2)
     3    0.02                           last_spi_seq[7] (net)
                  0.11    0.00    0.42 ^ _0614_/A1 (sky130_fd_sc_hd__a22o_2)
                  0.03    0.14    0.55 ^ _0614_/X (sky130_fd_sc_hd__a22o_2)
     1    0.00                           _0219_ (net)
                  0.03    0.00    0.55 ^ _0615_/B (sky130_fd_sc_hd__and2_2)
                  0.06    0.14    0.69 ^ _0615_/X (sky130_fd_sc_hd__and2_2)
     1    0.01                           _0220_ (net)
                  0.06    0.00    0.69 ^ _0616_/A (sky130_fd_sc_hd__buf_1)
                  0.44    0.34    1.03 ^ _0616_/X (sky130_fd_sc_hd__buf_1)
     1    0.04                           data_out[15] (net)
                  0.44    0.00    1.03 ^ data_out[15] (out)
                                  1.03   data arrival time

                  0.15    0.00    0.00   clock clk (rise edge)
                          0.00    0.00   clock network delay (ideal)
                          0.25    0.25   clock uncertainty
                          0.00    0.25   clock reconvergence pessimism
                         -2.00   -1.75   output external delay
                                 -1.75   data required time
-----------------------------------------------------------------------------
                                 -1.75   data required time
                                 -1.03   data arrival time
-----------------------------------------------------------------------------
                                  2.78   slack (MET)


Startpoint: _1093_ (rising edge-triggered flip-flop clocked by clk)
Endpoint: data_out[14] (output port clocked by clk)
Path Group: clk
Path Type: min

Fanout     Cap    Slew   Delay    Time   Description
-----------------------------------------------------------------------------
                  0.15    0.00    0.00   clock clk (rise edge)
                          0.00    0.00   clock network delay (ideal)
                  0.15    0.00    0.00 ^ _1093_/CLK (sky130_fd_sc_hd__dfrtp_2)
                  0.08    0.39    0.39 ^ _1093_/Q (sky130_fd_sc_hd__dfrtp_2)
     4    0.01                           last_spi_seq[6] (net)
                  0.08    0.00    0.39 ^ _0611_/A1 (sky130_fd_sc_hd__a22o_2)
                  0.03    0.13    0.52 ^ _0611_/X (sky130_fd_sc_hd__a22o_2)
     1    0.00                           _0217_ (net)
                  0.03    0.00    0.52 ^ _0612_/B (sky130_fd_sc_hd__and2_2)
                  0.12    0.18    0.70 ^ _0612_/X (sky130_fd_sc_hd__and2_2)
     1    0.02                           _0218_ (net)
                  0.12    0.00    0.71 ^ _0613_/A (sky130_fd_sc_hd__buf_1)
                  0.41    0.34    1.04 ^ _0613_/X (sky130_fd_sc_hd__buf_1)
     1    0.03                           data_out[14] (net)
                  0.41    0.00    1.04 ^ data_out[14] (out)
                                  1.04   data arrival time

                  0.15    0.00    0.00   clock clk (rise edge)
                          0.00    0.00   clock network delay (ideal)
                          0.25    0.25   clock uncertainty
                          0.00    0.25   clock reconvergence pessimism
                         -2.00   -1.75   output external delay
                                 -1.75   data required time
-----------------------------------------------------------------------------
                                 -1.75   data required time
                                 -1.04   data arrival time
-----------------------------------------------------------------------------
                                  2.79   slack (MET)


Startpoint: rst_n (input port clocked by clk)
Endpoint: _1137_ (removal check against rising-edge clock clk)
Path Group: asynchronous
Path Type: min

Fanout     Cap    Slew   Delay    Time   Description
-----------------------------------------------------------------------------
                  0.15    0.00    0.00   clock clk (rise edge)
                          0.00    0.00   clock network delay (ideal)
                          2.00    2.00 ^ input external delay
                  2.73    1.78    3.78 ^ rst_n (in)
   144    0.61                           rst_n (net)
                  2.73    0.00    3.78 ^ _1137_/SET_B (sky130_fd_sc_hd__dfstp_2)
                                  3.78   data arrival time

                  0.15    0.00    0.00   clock clk (rise edge)
                          0.00    0.00   clock network delay (ideal)
                          0.25    0.25   clock uncertainty
                          0.00    0.25   clock reconvergence pessimism
                                  0.25 ^ _1137_/CLK (sky130_fd_sc_hd__dfstp_2)
                          0.20    0.45   library removal time
                                  0.45   data required time
-----------------------------------------------------------------------------
                                  0.45   data required time
                                 -3.78   data arrival time
-----------------------------------------------------------------------------
                                  3.33   slack (MET)


Startpoint: rst_n (input port clocked by clk)
Endpoint: _1140_ (removal check against rising-edge clock clk)
Path Group: asynchronous
Path Type: min

Fanout     Cap    Slew   Delay    Time   Description
-----------------------------------------------------------------------------
                  0.15    0.00    0.00   clock clk (rise edge)
                          0.00    0.00   clock network delay (ideal)
                          2.00    2.00 ^ input external delay
                  2.73    1.78    3.78 ^ rst_n (in)
   144    0.61                           rst_n (net)
                  2.73    0.00    3.78 ^ _1140_/SET_B (sky130_fd_sc_hd__dfstp_2)
                                  3.78   data arrival time

                  0.15    0.00    0.00   clock clk (rise edge)
                          0.00    0.00   clock network delay (ideal)
                          0.25    0.25   clock uncertainty
                          0.00    0.25   clock reconvergence pessimism
                                  0.25 ^ _1140_/CLK (sky130_fd_sc_hd__dfstp_2)
                          0.20    0.45   library removal time
                                  0.45   data required time
-----------------------------------------------------------------------------
                                  0.45   data required time
                                 -3.78   data arrival time
-----------------------------------------------------------------------------
                                  3.33   slack (MET)


Startpoint: rst_n (input port clocked by clk)
Endpoint: _1134_ (removal check against rising-edge clock clk)
Path Group: asynchronous
Path Type: min

Fanout     Cap    Slew   Delay    Time   Description
-----------------------------------------------------------------------------
                  0.15    0.00    0.00   clock clk (rise edge)
                          0.00    0.00   clock network delay (ideal)
                          2.00    2.00 ^ input external delay
                  2.73    1.79    3.79 ^ rst_n (in)
   144    0.61                           rst_n (net)
                  2.73    0.00    3.79 ^ _1134_/SET_B (sky130_fd_sc_hd__dfstp_2)
                                  3.79   data arrival time

                  0.15    0.00    0.00   clock clk (rise edge)
                          0.00    0.00   clock network delay (ideal)
                          0.25    0.25   clock uncertainty
                          0.00    0.25   clock reconvergence pessimism
                                  0.25 ^ _1134_/CLK (sky130_fd_sc_hd__dfstp_2)
                          0.20    0.45   library removal time
                                  0.45   data required time
-----------------------------------------------------------------------------
                                  0.45   data required time
                                 -3.79   data arrival time
-----------------------------------------------------------------------------
                                  3.34   slack (MET)


Startpoint: rst_n (input port clocked by clk)
Endpoint: _1133_ (removal check against rising-edge clock clk)
Path Group: asynchronous
Path Type: min

Fanout     Cap    Slew   Delay    Time   Description
-----------------------------------------------------------------------------
                  0.15    0.00    0.00   clock clk (rise edge)
                          0.00    0.00   clock network delay (ideal)
                          2.00    2.00 ^ input external delay
                  2.73    1.79    3.79 ^ rst_n (in)
   144    0.61                           rst_n (net)
                  2.73    0.00    3.79 ^ _1133_/SET_B (sky130_fd_sc_hd__dfstp_2)
                                  3.79   data arrival time

                  0.15    0.00    0.00   clock clk (rise edge)
                          0.00    0.00   clock network delay (ideal)
                          0.25    0.25   clock uncertainty
                          0.00    0.25   clock reconvergence pessimism
                                  0.25 ^ _1133_/CLK (sky130_fd_sc_hd__dfstp_2)
                          0.20    0.45   library removal time
                                  0.45   data required time
-----------------------------------------------------------------------------
                                  0.45   data required time
                                 -3.79   data arrival time
-----------------------------------------------------------------------------
                                  3.34   slack (MET)


Startpoint: rst_n (input port clocked by clk)
Endpoint: _1175_ (removal check against rising-edge clock clk)
Path Group: asynchronous
Path Type: min

Fanout     Cap    Slew   Delay    Time   Description
-----------------------------------------------------------------------------
                  0.15    0.00    0.00   clock clk (rise edge)
                          0.00    0.00   clock network delay (ideal)
                          2.00    2.00 ^ input external delay
                  2.73    1.79    3.79 ^ rst_n (in)
   144    0.61                           rst_n (net)
                  2.73    0.00    3.79 ^ _1175_/SET_B (sky130_fd_sc_hd__dfstp_2)
                                  3.79   data arrival time

                  0.15    0.00    0.00   clock clk (rise edge)
                          0.00    0.00   clock network delay (ideal)
                          0.25    0.25   clock uncertainty
                          0.00    0.25   clock reconvergence pessimism
                                  0.25 ^ _1175_/CLK (sky130_fd_sc_hd__dfstp_2)
                          0.20    0.45   library removal time
                                  0.45   data required time
-----------------------------------------------------------------------------
                                  0.45   data required time
                                 -3.79   data arrival time
-----------------------------------------------------------------------------
                                  3.34   slack (MET)


Startpoint: rst_n (input port clocked by clk)
Endpoint: _1174_ (removal check against rising-edge clock clk)
Path Group: asynchronous
Path Type: min

Fanout     Cap    Slew   Delay    Time   Description
-----------------------------------------------------------------------------
                  0.15    0.00    0.00   clock clk (rise edge)
                          0.00    0.00   clock network delay (ideal)
                          2.00    2.00 ^ input external delay
                  2.73    1.79    3.79 ^ rst_n (in)
   144    0.61                           rst_n (net)
                  2.73    0.00    3.79 ^ _1174_/SET_B (sky130_fd_sc_hd__dfstp_2)
                                  3.79   data arrival time

                  0.15    0.00    0.00   clock clk (rise edge)
                          0.00    0.00   clock network delay (ideal)
                          0.25    0.25   clock uncertainty
                          0.00    0.25   clock reconvergence pessimism
                                  0.25 ^ _1174_/CLK (sky130_fd_sc_hd__dfstp_2)
                          0.20    0.45   library removal time
                                  0.45   data required time
-----------------------------------------------------------------------------
                                  0.45   data required time
                                 -3.79   data arrival time
-----------------------------------------------------------------------------
                                  3.34   slack (MET)


Startpoint: rst_n (input port clocked by clk)
Endpoint: _1084_ (removal check against rising-edge clock clk)
Path Group: asynchronous
Path Type: min

Fanout     Cap    Slew   Delay    Time   Description
-----------------------------------------------------------------------------
                  0.15    0.00    0.00   clock clk (rise edge)
                          0.00    0.00   clock network delay (ideal)
                          2.00    2.00 ^ input external delay
                  2.73    1.80    3.80 ^ rst_n (in)
   144    0.61                           rst_n (net)
                  2.73    0.00    3.80 ^ _1084_/SET_B (sky130_fd_sc_hd__dfstp_2)
                                  3.80   data arrival time

                  0.15    0.00    0.00   clock clk (rise edge)
                          0.00    0.00   clock network delay (ideal)
                          0.25    0.25   clock uncertainty
                          0.00    0.25   clock reconvergence pessimism
                                  0.25 ^ _1084_/CLK (sky130_fd_sc_hd__dfstp_2)
                          0.20    0.45   library removal time
                                  0.45   data required time
-----------------------------------------------------------------------------
                                  0.45   data required time
                                 -3.80   data arrival time
-----------------------------------------------------------------------------
                                  3.35   slack (MET)



