
===========================================================================
report_checks -path_delay min (Hold)
============================================================================
======================= Typical Corner ===================================

Startpoint: _1055_ (rising edge-triggered flip-flop clocked by clk)
Endpoint: _1055_ (rising edge-triggered flip-flop clocked by clk)
Path Group: clk
Path Type: min

Fanout     Cap    Slew   Delay    Time   Description
-----------------------------------------------------------------------------
                          0.00    0.00   clock clk (rise edge)
                          0.00    0.00   clock source latency
                  0.15    0.10    0.10 ^ clk (in)
     1    0.03                           clk (net)
                  0.15    0.00    0.10 ^ clkbuf_0_clk/A (sky130_fd_sc_hd__clkbuf_16)
                  0.09    0.19    0.29 ^ clkbuf_0_clk/X (sky130_fd_sc_hd__clkbuf_16)
    16    0.07                           clknet_0_clk (net)
                  0.09    0.00    0.29 ^ clkbuf_4_11_0_clk/A (sky130_fd_sc_hd__clkbuf_8)
                  0.07    0.15    0.44 ^ clkbuf_4_11_0_clk/X (sky130_fd_sc_hd__clkbuf_8)
    10    0.03                           clknet_4_11_0_clk (net)
                  0.07    0.00    0.44 ^ _1055_/CLK (sky130_fd_sc_hd__dfrtp_4)
                  0.07    0.39    0.84 ^ _1055_/Q (sky130_fd_sc_hd__dfrtp_4)
     4    0.01                           net46 (net)
                  0.07    0.00    0.84 ^ _0765_/B2 (sky130_fd_sc_hd__a221o_1)
                  0.04    0.12    0.96 ^ _0765_/X (sky130_fd_sc_hd__a221o_1)
     1    0.00                           _0000_ (net)
                  0.04    0.00    0.96 ^ _1055_/D (sky130_fd_sc_hd__dfrtp_4)
                                  0.96   data arrival time

                          0.00    0.00   clock clk (rise edge)
                          0.00    0.00   clock source latency
                  0.15    0.11    0.11 ^ clk (in)
     1    0.03                           clk (net)
                  0.15    0.00    0.11 ^ clkbuf_0_clk/A (sky130_fd_sc_hd__clkbuf_16)
                  0.09    0.21    0.32 ^ clkbuf_0_clk/X (sky130_fd_sc_hd__clkbuf_16)
    16    0.07                           clknet_0_clk (net)
                  0.09    0.00    0.32 ^ clkbuf_4_11_0_clk/A (sky130_fd_sc_hd__clkbuf_8)
                  0.07    0.17    0.49 ^ clkbuf_4_11_0_clk/X (sky130_fd_sc_hd__clkbuf_8)
    10    0.03                           clknet_4_11_0_clk (net)
                  0.07    0.00    0.49 ^ _1055_/CLK (sky130_fd_sc_hd__dfrtp_4)
                          0.25    0.74   clock uncertainty
                         -0.05    0.69   clock reconvergence pessimism
                         -0.03    0.66   library hold time
                                  0.66   data required time
-----------------------------------------------------------------------------
                                  0.66   data required time
                                 -0.96   data arrival time
-----------------------------------------------------------------------------
                                  0.30   slack (MET)


Startpoint: _1194_ (rising edge-triggered flip-flop clocked by clk)
Endpoint: _1058_ (rising edge-triggered flip-flop clocked by clk)
Path Group: clk
Path Type: min

Fanout     Cap    Slew   Delay    Time   Description
-----------------------------------------------------------------------------
                          0.00    0.00   clock clk (rise edge)
                          0.00    0.00   clock source latency
                  0.15    0.10    0.10 ^ clk (in)
     1    0.03                           clk (net)
                  0.15    0.00    0.10 ^ clkbuf_0_clk/A (sky130_fd_sc_hd__clkbuf_16)
                  0.09    0.19    0.29 ^ clkbuf_0_clk/X (sky130_fd_sc_hd__clkbuf_16)
    16    0.07                           clknet_0_clk (net)
                  0.09    0.00    0.29 ^ clkbuf_4_15_0_clk/A (sky130_fd_sc_hd__clkbuf_8)
                  0.05    0.14    0.43 ^ clkbuf_4_15_0_clk/X (sky130_fd_sc_hd__clkbuf_8)
     6    0.02                           clknet_4_15_0_clk (net)
                  0.05    0.00    0.43 ^ _1194_/CLK (sky130_fd_sc_hd__dfrtp_1)
                  0.05    0.35    0.79 v _1194_/Q (sky130_fd_sc_hd__dfrtp_1)
     3    0.01                           loop_sync (net)
                  0.05    0.00    0.79 v hold8/A (sky130_fd_sc_hd__buf_1)
                  0.09    0.13    0.92 v hold8/X (sky130_fd_sc_hd__buf_1)
     4    0.01                           net90 (net)
                  0.09    0.00    0.92 v _1058_/D (sky130_fd_sc_hd__dfrtp_4)
                                  0.92   data arrival time

                          0.00    0.00   clock clk (rise edge)
                          0.00    0.00   clock source latency
                  0.15    0.11    0.11 ^ clk (in)
     1    0.03                           clk (net)
                  0.15    0.00    0.11 ^ clkbuf_0_clk/A (sky130_fd_sc_hd__clkbuf_16)
                  0.09    0.21    0.32 ^ clkbuf_0_clk/X (sky130_fd_sc_hd__clkbuf_16)
    16    0.07                           clknet_0_clk (net)
                  0.09    0.00    0.32 ^ clkbuf_4_15_0_clk/A (sky130_fd_sc_hd__clkbuf_8)
                  0.05    0.15    0.48 ^ clkbuf_4_15_0_clk/X (sky130_fd_sc_hd__clkbuf_8)
     6    0.02                           clknet_4_15_0_clk (net)
                  0.05    0.00    0.48 ^ _1058_/CLK (sky130_fd_sc_hd__dfrtp_4)
                          0.25    0.73   clock uncertainty
                         -0.05    0.68   clock reconvergence pessimism
                         -0.06    0.62   library hold time
                                  0.62   data required time
-----------------------------------------------------------------------------
                                  0.62   data required time
                                 -0.92   data arrival time
-----------------------------------------------------------------------------
                                  0.30   slack (MET)


Startpoint: _1113_ (rising edge-triggered flip-flop clocked by clk)
Endpoint: _1113_ (rising edge-triggered flip-flop clocked by clk)
Path Group: clk
Path Type: min

Fanout     Cap    Slew   Delay    Time   Description
-----------------------------------------------------------------------------
                          0.00    0.00   clock clk (rise edge)
                          0.00    0.00   clock source latency
                  0.15    0.10    0.10 ^ clk (in)
     1    0.03                           clk (net)
                  0.15    0.00    0.10 ^ clkbuf_0_clk/A (sky130_fd_sc_hd__clkbuf_16)
                  0.09    0.19    0.29 ^ clkbuf_0_clk/X (sky130_fd_sc_hd__clkbuf_16)
    16    0.07                           clknet_0_clk (net)
                  0.09    0.00    0.29 ^ clkbuf_4_10_0_clk/A (sky130_fd_sc_hd__clkbuf_8)
                  0.06    0.14    0.44 ^ clkbuf_4_10_0_clk/X (sky130_fd_sc_hd__clkbuf_8)
    12    0.02                           clknet_4_10_0_clk (net)
                  0.06    0.00    0.44 ^ _1113_/CLK (sky130_fd_sc_hd__dfrtp_2)
                  0.10    0.37    0.81 ^ _1113_/Q (sky130_fd_sc_hd__dfrtp_2)
     5    0.02                           spi_lockout_timer[0] (net)
                  0.10    0.00    0.81 ^ _0701_/A1 (sky130_fd_sc_hd__o211a_1)
                  0.04    0.15    0.96 ^ _0701_/X (sky130_fd_sc_hd__o211a_1)
     1    0.00                           _0004_ (net)
                  0.04    0.00    0.96 ^ _1113_/D (sky130_fd_sc_hd__dfrtp_2)
                                  0.96   data arrival time

                          0.00    0.00   clock clk (rise edge)
                          0.00    0.00   clock source latency
                  0.15    0.11    0.11 ^ clk (in)
     1    0.03                           clk (net)
                  0.15    0.00    0.11 ^ clkbuf_0_clk/A (sky130_fd_sc_hd__clkbuf_16)
                  0.09    0.21    0.32 ^ clkbuf_0_clk/X (sky130_fd_sc_hd__clkbuf_16)
    16    0.07                           clknet_0_clk (net)
                  0.09    0.00    0.32 ^ clkbuf_4_10_0_clk/A (sky130_fd_sc_hd__clkbuf_8)
                  0.06    0.16    0.48 ^ clkbuf_4_10_0_clk/X (sky130_fd_sc_hd__clkbuf_8)
    12    0.02                           clknet_4_10_0_clk (net)
                  0.06    0.00    0.48 ^ _1113_/CLK (sky130_fd_sc_hd__dfrtp_2)
                          0.25    0.73   clock uncertainty
                         -0.05    0.69   clock reconvergence pessimism
                         -0.03    0.65   library hold time
                                  0.65   data required time
-----------------------------------------------------------------------------
                                  0.65   data required time
                                 -0.96   data arrival time
-----------------------------------------------------------------------------
                                  0.31   slack (MET)


Startpoint: _1107_ (rising edge-triggered flip-flop clocked by clk)
Endpoint: _1107_ (rising edge-triggered flip-flop clocked by clk)
Path Group: clk
Path Type: min

Fanout     Cap    Slew   Delay    Time   Description
-----------------------------------------------------------------------------
                          0.00    0.00   clock clk (rise edge)
                          0.00    0.00   clock source latency
                  0.15    0.10    0.10 ^ clk (in)
     1    0.03                           clk (net)
                  0.15    0.00    0.10 ^ clkbuf_0_clk/A (sky130_fd_sc_hd__clkbuf_16)
                  0.09    0.19    0.29 ^ clkbuf_0_clk/X (sky130_fd_sc_hd__clkbuf_16)
    16    0.07                           clknet_0_clk (net)
                  0.09    0.00    0.29 ^ clkbuf_4_4_0_clk/A (sky130_fd_sc_hd__clkbuf_8)
                  0.05    0.14    0.43 ^ clkbuf_4_4_0_clk/X (sky130_fd_sc_hd__clkbuf_8)
     7    0.02                           clknet_4_4_0_clk (net)
                  0.05    0.00    0.44 ^ _1107_/CLK (sky130_fd_sc_hd__dfrtp_1)
                  0.10    0.35    0.78 ^ _1107_/Q (sky130_fd_sc_hd__dfrtp_1)
     3    0.01                           last_spi_seq_valid (net)
                  0.10    0.00    0.78 ^ _0907_/A (sky130_fd_sc_hd__or2_1)
                  0.04    0.11    0.89 ^ _0907_/X (sky130_fd_sc_hd__or2_1)
     1    0.00                           _0426_ (net)
                  0.04    0.00    0.89 ^ _0908_/A (sky130_fd_sc_hd__clkbuf_1)
                  0.04    0.07    0.96 ^ _0908_/X (sky130_fd_sc_hd__clkbuf_1)
     1    0.00                           _0073_ (net)
                  0.04    0.00    0.96 ^ _1107_/D (sky130_fd_sc_hd__dfrtp_1)
                                  0.96   data arrival time

                          0.00    0.00   clock clk (rise edge)
                          0.00    0.00   clock source latency
                  0.15    0.11    0.11 ^ clk (in)
     1    0.03                           clk (net)
                  0.15    0.00    0.11 ^ clkbuf_0_clk/A (sky130_fd_sc_hd__clkbuf_16)
                  0.09    0.21    0.32 ^ clkbuf_0_clk/X (sky130_fd_sc_hd__clkbuf_16)
    16    0.07                           clknet_0_clk (net)
                  0.09    0.00    0.32 ^ clkbuf_4_4_0_clk/A (sky130_fd_sc_hd__clkbuf_8)
                  0.05    0.16    0.48 ^ clkbuf_4_4_0_clk/X (sky130_fd_sc_hd__clkbuf_8)
     7    0.02                           clknet_4_4_0_clk (net)
                  0.05    0.00    0.48 ^ _1107_/CLK (sky130_fd_sc_hd__dfrtp_1)
                          0.25    0.73   clock uncertainty
                         -0.05    0.69   clock reconvergence pessimism
                         -0.03    0.65   library hold time
                                  0.65   data required time
-----------------------------------------------------------------------------
                                  0.65   data required time
                                 -0.96   data arrival time
-----------------------------------------------------------------------------
                                  0.31   slack (MET)


Startpoint: _1189_ (rising edge-triggered flip-flop clocked by clk)
Endpoint: _1138_ (rising edge-triggered flip-flop clocked by clk)
Path Group: clk
Path Type: min

Fanout     Cap    Slew   Delay    Time   Description
-----------------------------------------------------------------------------
                          0.00    0.00   clock clk (rise edge)
                          0.00    0.00   clock source latency
                  0.15    0.10    0.10 ^ clk (in)
     1    0.03                           clk (net)
                  0.15    0.00    0.10 ^ clkbuf_0_clk/A (sky130_fd_sc_hd__clkbuf_16)
                  0.09    0.19    0.29 ^ clkbuf_0_clk/X (sky130_fd_sc_hd__clkbuf_16)
    16    0.07                           clknet_0_clk (net)
                  0.09    0.00    0.29 ^ clkbuf_4_5_0_clk/A (sky130_fd_sc_hd__clkbuf_8)
                  0.06    0.15    0.44 ^ clkbuf_4_5_0_clk/X (sky130_fd_sc_hd__clkbuf_8)
     9    0.03                           clknet_4_5_0_clk (net)
                  0.06    0.00    0.44 ^ _1189_/CLK (sky130_fd_sc_hd__dfrtp_4)
                  0.08    0.41    0.85 ^ _1189_/Q (sky130_fd_sc_hd__dfrtp_4)
     6    0.01                           spi_mosi_s2 (net)
                  0.08    0.00    0.85 ^ _0936_/A1 (sky130_fd_sc_hd__a22o_1)
                  0.05    0.13    0.97 ^ _0936_/X (sky130_fd_sc_hd__a22o_1)
     1    0.00                           _0085_ (net)
                  0.05    0.00    0.98 ^ _1138_/D (sky130_fd_sc_hd__dfrtp_4)
                                  0.98   data arrival time

                          0.00    0.00   clock clk (rise edge)
                          0.00    0.00   clock source latency
                  0.15    0.11    0.11 ^ clk (in)
     1    0.03                           clk (net)
                  0.15    0.00    0.11 ^ clkbuf_0_clk/A (sky130_fd_sc_hd__clkbuf_16)
                  0.09    0.21    0.32 ^ clkbuf_0_clk/X (sky130_fd_sc_hd__clkbuf_16)
    16    0.07                           clknet_0_clk (net)
                  0.09    0.00    0.32 ^ clkbuf_4_2_0_clk/A (sky130_fd_sc_hd__clkbuf_8)
                  0.06    0.16    0.48 ^ clkbuf_4_2_0_clk/X (sky130_fd_sc_hd__clkbuf_8)
    12    0.02                           clknet_4_2_0_clk (net)
                  0.06    0.00    0.48 ^ _1138_/CLK (sky130_fd_sc_hd__dfrtp_4)
                          0.25    0.73   clock uncertainty
                         -0.03    0.70   clock reconvergence pessimism
                         -0.03    0.67   library hold time
                                  0.67   data required time
-----------------------------------------------------------------------------
                                  0.67   data required time
                                 -0.98   data arrival time
-----------------------------------------------------------------------------
                                  0.31   slack (MET)


Startpoint: _1112_ (rising edge-triggered flip-flop clocked by clk)
Endpoint: _1120_ (rising edge-triggered flip-flop clocked by clk)
Path Group: clk
Path Type: min

Fanout     Cap    Slew   Delay    Time   Description
-----------------------------------------------------------------------------
                          0.00    0.00   clock clk (rise edge)
                          0.00    0.00   clock source latency
                  0.15    0.10    0.10 ^ clk (in)
     1    0.03                           clk (net)
                  0.15    0.00    0.10 ^ clkbuf_0_clk/A (sky130_fd_sc_hd__clkbuf_16)
                  0.09    0.19    0.29 ^ clkbuf_0_clk/X (sky130_fd_sc_hd__clkbuf_16)
    16    0.07                           clknet_0_clk (net)
                  0.09    0.00    0.29 ^ clkbuf_4_8_0_clk/A (sky130_fd_sc_hd__clkbuf_8)
                  0.05    0.14    0.43 ^ clkbuf_4_8_0_clk/X (sky130_fd_sc_hd__clkbuf_8)
     9    0.02                           clknet_4_8_0_clk (net)
                  0.05    0.00    0.43 ^ _1112_/CLK (sky130_fd_sc_hd__dfrtp_2)
                  0.07    0.41    0.83 v _1112_/Q (sky130_fd_sc_hd__dfrtp_2)
     5    0.02                           spi_lockout_active (net)
                  0.07    0.00    0.84 v _0723_/A (sky130_fd_sc_hd__nand2_1)
                  0.06    0.07    0.91 ^ _0723_/Y (sky130_fd_sc_hd__nand2_1)
     2    0.00                           _0297_ (net)
                  0.06    0.00    0.91 ^ _0725_/A1 (sky130_fd_sc_hd__a21oi_1)
                  0.04    0.06    0.97 v _0725_/Y (sky130_fd_sc_hd__a21oi_1)
     1    0.00                           _0017_ (net)
                  0.04    0.00    0.97 v _1120_/D (sky130_fd_sc_hd__dfrtp_1)
                                  0.97   data arrival time

                          0.00    0.00   clock clk (rise edge)
                          0.00    0.00   clock source latency
                  0.15    0.11    0.11 ^ clk (in)
     1    0.03                           clk (net)
                  0.15    0.00    0.11 ^ clkbuf_0_clk/A (sky130_fd_sc_hd__clkbuf_16)
                  0.09    0.21    0.32 ^ clkbuf_0_clk/X (sky130_fd_sc_hd__clkbuf_16)
    16    0.07                           clknet_0_clk (net)
                  0.09    0.00    0.32 ^ clkbuf_4_10_0_clk/A (sky130_fd_sc_hd__clkbuf_8)
                  0.06    0.16    0.48 ^ clkbuf_4_10_0_clk/X (sky130_fd_sc_hd__clkbuf_8)
    12    0.02                           clknet_4_10_0_clk (net)
                  0.06    0.00    0.48 ^ _1120_/CLK (sky130_fd_sc_hd__dfrtp_1)
                          0.25    0.73   clock uncertainty
                         -0.03    0.70   clock reconvergence pessimism
                         -0.04    0.66   library hold time
                                  0.66   data required time
-----------------------------------------------------------------------------
                                  0.66   data required time
                                 -0.97   data arrival time
-----------------------------------------------------------------------------
                                  0.31   slack (MET)


Startpoint: _1191_ (rising edge-triggered flip-flop clocked by clk)
Endpoint: _1059_ (rising edge-triggered flip-flop clocked by clk)
Path Group: clk
Path Type: min

Fanout     Cap    Slew   Delay    Time   Description
-----------------------------------------------------------------------------
                          0.00    0.00   clock clk (rise edge)
                          0.00    0.00   clock source latency
                  0.15    0.10    0.10 ^ clk (in)
     1    0.03                           clk (net)
                  0.15    0.00    0.10 ^ clkbuf_0_clk/A (sky130_fd_sc_hd__clkbuf_16)
                  0.09    0.19    0.29 ^ clkbuf_0_clk/X (sky130_fd_sc_hd__clkbuf_16)
    16    0.07                           clknet_0_clk (net)
                  0.09    0.00    0.29 ^ clkbuf_4_11_0_clk/A (sky130_fd_sc_hd__clkbuf_8)
                  0.07    0.15    0.44 ^ clkbuf_4_11_0_clk/X (sky130_fd_sc_hd__clkbuf_8)
    10    0.03                           clknet_4_11_0_clk (net)
                  0.07    0.00    0.44 ^ _1191_/CLK (sky130_fd_sc_hd__dfrtp_1)
                  0.07    0.32    0.77 ^ _1191_/Q (sky130_fd_sc_hd__dfrtp_1)
     3    0.01                           loop_inactive_stable (net)
                  0.07    0.00    0.77 ^ _0549_/A (sky130_fd_sc_hd__and2_1)
                  0.05    0.12    0.89 ^ _0549_/X (sky130_fd_sc_hd__and2_1)
     1    0.00                           _0165_ (net)
                  0.05    0.00    0.89 ^ _0550_/A (sky130_fd_sc_hd__clkbuf_1)
                  0.06    0.09    0.97 ^ _0550_/X (sky130_fd_sc_hd__clkbuf_1)
     1    0.00                           _0021_ (net)
                  0.06    0.00    0.97 ^ _1059_/D (sky130_fd_sc_hd__dfrtp_1)
                                  0.97   data arrival time

                          0.00    0.00   clock clk (rise edge)
                          0.00    0.00   clock source latency
                  0.15    0.11    0.11 ^ clk (in)
     1    0.03                           clk (net)
                  0.15    0.00    0.11 ^ clkbuf_0_clk/A (sky130_fd_sc_hd__clkbuf_16)
                  0.09    0.21    0.32 ^ clkbuf_0_clk/X (sky130_fd_sc_hd__clkbuf_16)
    16    0.07                           clknet_0_clk (net)
                  0.09    0.00    0.32 ^ clkbuf_4_9_0_clk/A (sky130_fd_sc_hd__clkbuf_8)
                  0.05    0.16    0.48 ^ clkbuf_4_9_0_clk/X (sky130_fd_sc_hd__clkbuf_8)
     7    0.02                           clknet_4_9_0_clk (net)
                  0.05    0.00    0.48 ^ _1059_/CLK (sky130_fd_sc_hd__dfrtp_1)
                          0.25    0.73   clock uncertainty
                         -0.03    0.70   clock reconvergence pessimism
                         -0.04    0.66   library hold time
                                  0.66   data required time
-----------------------------------------------------------------------------
                                  0.66   data required time
                                 -0.97   data arrival time
-----------------------------------------------------------------------------
                                  0.31   slack (MET)


Startpoint: _1101_ (rising edge-triggered flip-flop clocked by clk)
Endpoint: _1101_ (rising edge-triggered flip-flop clocked by clk)
Path Group: clk
Path Type: min

Fanout     Cap    Slew   Delay    Time   Description
-----------------------------------------------------------------------------
                          0.00    0.00   clock clk (rise edge)
                          0.00    0.00   clock source latency
                  0.15    0.10    0.10 ^ clk (in)
     1    0.03                           clk (net)
                  0.15    0.00    0.10 ^ clkbuf_0_clk/A (sky130_fd_sc_hd__clkbuf_16)
                  0.09    0.19    0.29 ^ clkbuf_0_clk/X (sky130_fd_sc_hd__clkbuf_16)
    16    0.07                           clknet_0_clk (net)
                  0.09    0.00    0.29 ^ clkbuf_4_4_0_clk/A (sky130_fd_sc_hd__clkbuf_8)
                  0.05    0.14    0.43 ^ clkbuf_4_4_0_clk/X (sky130_fd_sc_hd__clkbuf_8)
     7    0.02                           clknet_4_4_0_clk (net)
                  0.05    0.00    0.44 ^ _1101_/CLK (sky130_fd_sc_hd__dfrtp_1)
                  0.08    0.33    0.77 ^ _1101_/Q (sky130_fd_sc_hd__dfrtp_1)
     4    0.01                           last_spi_seq[2] (net)
                  0.08    0.00    0.77 ^ _0895_/A0 (sky130_fd_sc_hd__mux2_1)
                  0.04    0.12    0.88 ^ _0895_/X (sky130_fd_sc_hd__mux2_1)
     1    0.00                           _0420_ (net)
                  0.04    0.00    0.88 ^ _0896_/A (sky130_fd_sc_hd__clkbuf_1)
                  0.05    0.08    0.96 ^ _0896_/X (sky130_fd_sc_hd__clkbuf_1)
     1    0.00                           _0067_ (net)
                  0.05    0.00    0.96 ^ _1101_/D (sky130_fd_sc_hd__dfrtp_1)
                                  0.96   data arrival time

                          0.00    0.00   clock clk (rise edge)
                          0.00    0.00   clock source latency
                  0.15    0.11    0.11 ^ clk (in)
     1    0.03                           clk (net)
                  0.15    0.00    0.11 ^ clkbuf_0_clk/A (sky130_fd_sc_hd__clkbuf_16)
                  0.09    0.21    0.32 ^ clkbuf_0_clk/X (sky130_fd_sc_hd__clkbuf_16)
    16    0.07                           clknet_0_clk (net)
                  0.09    0.00    0.32 ^ clkbuf_4_4_0_clk/A (sky130_fd_sc_hd__clkbuf_8)
                  0.05    0.16    0.48 ^ clkbuf_4_4_0_clk/X (sky130_fd_sc_hd__clkbuf_8)
     7    0.02                           clknet_4_4_0_clk (net)
                  0.05    0.00    0.48 ^ _1101_/CLK (sky130_fd_sc_hd__dfrtp_1)
                          0.25    0.73   clock uncertainty
                         -0.05    0.69   clock reconvergence pessimism
                         -0.03    0.65   library hold time
                                  0.65   data required time
-----------------------------------------------------------------------------
                                  0.65   data required time
                                 -0.96   data arrival time
-----------------------------------------------------------------------------
                                  0.31   slack (MET)


Startpoint: _1125_ (rising edge-triggered flip-flop clocked by clk)
Endpoint: _1125_ (rising edge-triggered flip-flop clocked by clk)
Path Group: clk
Path Type: min

Fanout     Cap    Slew   Delay    Time   Description
-----------------------------------------------------------------------------
                          0.00    0.00   clock clk (rise edge)
                          0.00    0.00   clock source latency
                  0.15    0.10    0.10 ^ clk (in)
     1    0.03                           clk (net)
                  0.15    0.00    0.10 ^ clkbuf_0_clk/A (sky130_fd_sc_hd__clkbuf_16)
                  0.09    0.19    0.29 ^ clkbuf_0_clk/X (sky130_fd_sc_hd__clkbuf_16)
    16    0.07                           clknet_0_clk (net)
                  0.09    0.00    0.29 ^ clkbuf_4_8_0_clk/A (sky130_fd_sc_hd__clkbuf_8)
                  0.05    0.14    0.43 ^ clkbuf_4_8_0_clk/X (sky130_fd_sc_hd__clkbuf_8)
     9    0.02                           clknet_4_8_0_clk (net)
                  0.05    0.00    0.43 ^ _1125_/CLK (sky130_fd_sc_hd__dfrtp_1)
                  0.12    0.36    0.79 ^ _1125_/Q (sky130_fd_sc_hd__dfrtp_1)
     5    0.01                           spi_lockout_timer[12] (net)
                  0.12    0.00    0.79 ^ _0742_/A (sky130_fd_sc_hd__or2_1)
                  0.04    0.11    0.90 ^ _0742_/X (sky130_fd_sc_hd__or2_1)
     1    0.00                           _0311_ (net)
                  0.04    0.00    0.90 ^ _0743_/A2 (sky130_fd_sc_hd__a21oi_1)
                  0.04    0.06    0.95 v _0743_/Y (sky130_fd_sc_hd__a21oi_1)
     1    0.00                           _0007_ (net)
                  0.04    0.00    0.95 v _1125_/D (sky130_fd_sc_hd__dfrtp_1)
                                  0.95   data arrival time

                          0.00    0.00   clock clk (rise edge)
                          0.00    0.00   clock source latency
                  0.15    0.11    0.11 ^ clk (in)
     1    0.03                           clk (net)
                  0.15    0.00    0.11 ^ clkbuf_0_clk/A (sky130_fd_sc_hd__clkbuf_16)
                  0.09    0.21    0.32 ^ clkbuf_0_clk/X (sky130_fd_sc_hd__clkbuf_16)
    16    0.07                           clknet_0_clk (net)
                  0.09    0.00    0.32 ^ clkbuf_4_8_0_clk/A (sky130_fd_sc_hd__clkbuf_8)
                  0.05    0.15    0.47 ^ clkbuf_4_8_0_clk/X (sky130_fd_sc_hd__clkbuf_8)
     9    0.02                           clknet_4_8_0_clk (net)
                  0.05    0.00    0.47 ^ _1125_/CLK (sky130_fd_sc_hd__dfrtp_1)
                          0.25    0.72   clock uncertainty
                         -0.05    0.68   clock reconvergence pessimism
                         -0.04    0.64   library hold time
                                  0.64   data required time
-----------------------------------------------------------------------------
                                  0.64   data required time
                                 -0.95   data arrival time
-----------------------------------------------------------------------------
                                  0.32   slack (MET)


Startpoint: _1116_ (rising edge-triggered flip-flop clocked by clk)
Endpoint: _1116_ (rising edge-triggered flip-flop clocked by clk)
Path Group: clk
Path Type: min

Fanout     Cap    Slew   Delay    Time   Description
-----------------------------------------------------------------------------
                          0.00    0.00   clock clk (rise edge)
                          0.00    0.00   clock source latency
                  0.15    0.10    0.10 ^ clk (in)
     1    0.03                           clk (net)
                  0.15    0.00    0.10 ^ clkbuf_0_clk/A (sky130_fd_sc_hd__clkbuf_16)
                  0.09    0.19    0.29 ^ clkbuf_0_clk/X (sky130_fd_sc_hd__clkbuf_16)
    16    0.07                           clknet_0_clk (net)
                  0.09    0.00    0.29 ^ clkbuf_4_10_0_clk/A (sky130_fd_sc_hd__clkbuf_8)
                  0.06    0.14    0.44 ^ clkbuf_4_10_0_clk/X (sky130_fd_sc_hd__clkbuf_8)
    12    0.02                           clknet_4_10_0_clk (net)
                  0.06    0.00    0.44 ^ _1116_/CLK (sky130_fd_sc_hd__dfrtp_1)
                  0.13    0.37    0.81 ^ _1116_/Q (sky130_fd_sc_hd__dfrtp_1)
     4    0.01                           spi_lockout_timer[3] (net)
                  0.13    0.00    0.81 ^ _0711_/A (sky130_fd_sc_hd__xnor2_1)
                  0.06    0.13    0.93 ^ _0711_/Y (sky130_fd_sc_hd__xnor2_1)
     1    0.00                           _0289_ (net)
                  0.06    0.00    0.93 ^ _0712_/B (sky130_fd_sc_hd__nor2_1)
                  0.02    0.04    0.97 v _0712_/Y (sky130_fd_sc_hd__nor2_1)
     1    0.00                           _0013_ (net)
                  0.02    0.00    0.97 v _1116_/D (sky130_fd_sc_hd__dfrtp_1)
                                  0.97   data arrival time

                          0.00    0.00   clock clk (rise edge)
                          0.00    0.00   clock source latency
                  0.15    0.11    0.11 ^ clk (in)
     1    0.03                           clk (net)
                  0.15    0.00    0.11 ^ clkbuf_0_clk/A (sky130_fd_sc_hd__clkbuf_16)
                  0.09    0.21    0.32 ^ clkbuf_0_clk/X (sky130_fd_sc_hd__clkbuf_16)
    16    0.07                           clknet_0_clk (net)
                  0.09    0.00    0.32 ^ clkbuf_4_10_0_clk/A (sky130_fd_sc_hd__clkbuf_8)
                  0.06    0.16    0.48 ^ clkbuf_4_10_0_clk/X (sky130_fd_sc_hd__clkbuf_8)
    12    0.02                           clknet_4_10_0_clk (net)
                  0.06    0.00    0.48 ^ _1116_/CLK (sky130_fd_sc_hd__dfrtp_1)
                          0.25    0.73   clock uncertainty
                         -0.05    0.69   clock reconvergence pessimism
                         -0.03    0.65   library hold time
                                  0.65   data required time
-----------------------------------------------------------------------------
                                  0.65   data required time
                                 -0.97   data arrival time
-----------------------------------------------------------------------------
                                  0.32   slack (MET)


Startpoint: _1154_ (rising edge-triggered flip-flop clocked by clk)
Endpoint: _1154_ (rising edge-triggered flip-flop clocked by clk)
Path Group: clk
Path Type: min

Fanout     Cap    Slew   Delay    Time   Description
-----------------------------------------------------------------------------
                          0.00    0.00   clock clk (rise edge)
                          0.00    0.00   clock source latency
                  0.15    0.10    0.10 ^ clk (in)
     1    0.03                           clk (net)
                  0.15    0.00    0.10 ^ clkbuf_0_clk/A (sky130_fd_sc_hd__clkbuf_16)
                  0.09    0.19    0.29 ^ clkbuf_0_clk/X (sky130_fd_sc_hd__clkbuf_16)
    16    0.07                           clknet_0_clk (net)
                  0.09    0.00    0.29 ^ clkbuf_4_9_0_clk/A (sky130_fd_sc_hd__clkbuf_8)
                  0.05    0.14    0.43 ^ clkbuf_4_9_0_clk/X (sky130_fd_sc_hd__clkbuf_8)
     7    0.02                           clknet_4_9_0_clk (net)
                  0.05    0.00    0.44 ^ _1154_/CLK (sky130_fd_sc_hd__dfrtp_1)
                  0.09    0.34    0.78 ^ _1154_/Q (sky130_fd_sc_hd__dfrtp_1)
     3    0.01                           spi_cmd_r[1] (net)
                  0.09    0.00    0.78 ^ _0983_/A0 (sky130_fd_sc_hd__mux2_1)
                  0.04    0.12    0.90 ^ _0983_/X (sky130_fd_sc_hd__mux2_1)
     1    0.00                           _0474_ (net)
                  0.04    0.00    0.90 ^ _0984_/A (sky130_fd_sc_hd__clkbuf_1)
                  0.04    0.07    0.97 ^ _0984_/X (sky130_fd_sc_hd__clkbuf_1)
     1    0.00                           _0101_ (net)
                  0.04    0.00    0.97 ^ _1154_/D (sky130_fd_sc_hd__dfrtp_1)
                                  0.97   data arrival time

                          0.00    0.00   clock clk (rise edge)
                          0.00    0.00   clock source latency
                  0.15    0.11    0.11 ^ clk (in)
     1    0.03                           clk (net)
                  0.15    0.00    0.11 ^ clkbuf_0_clk/A (sky130_fd_sc_hd__clkbuf_16)
                  0.09    0.21    0.32 ^ clkbuf_0_clk/X (sky130_fd_sc_hd__clkbuf_16)
    16    0.07                           clknet_0_clk (net)
                  0.09    0.00    0.32 ^ clkbuf_4_9_0_clk/A (sky130_fd_sc_hd__clkbuf_8)
                  0.05    0.16    0.48 ^ clkbuf_4_9_0_clk/X (sky130_fd_sc_hd__clkbuf_8)
     7    0.02                           clknet_4_9_0_clk (net)
                  0.05    0.00    0.48 ^ _1154_/CLK (sky130_fd_sc_hd__dfrtp_1)
                          0.25    0.73   clock uncertainty
                         -0.05    0.69   clock reconvergence pessimism
                         -0.03    0.65   library hold time
                                  0.65   data required time
-----------------------------------------------------------------------------
                                  0.65   data required time
                                 -0.97   data arrival time
-----------------------------------------------------------------------------
                                  0.32   slack (MET)


Startpoint: _1127_ (rising edge-triggered flip-flop clocked by clk)
Endpoint: _1127_ (rising edge-triggered flip-flop clocked by clk)
Path Group: clk
Path Type: min

Fanout     Cap    Slew   Delay    Time   Description
-----------------------------------------------------------------------------
                          0.00    0.00   clock clk (rise edge)
                          0.00    0.00   clock source latency
                  0.15    0.10    0.10 ^ clk (in)
     1    0.03                           clk (net)
                  0.15    0.00    0.10 ^ clkbuf_0_clk/A (sky130_fd_sc_hd__clkbuf_16)
                  0.09    0.19    0.29 ^ clkbuf_0_clk/X (sky130_fd_sc_hd__clkbuf_16)
    16    0.07                           clknet_0_clk (net)
                  0.09    0.00    0.29 ^ clkbuf_4_8_0_clk/A (sky130_fd_sc_hd__clkbuf_8)
                  0.05    0.14    0.43 ^ clkbuf_4_8_0_clk/X (sky130_fd_sc_hd__clkbuf_8)
     9    0.02                           clknet_4_8_0_clk (net)
                  0.05    0.00    0.43 ^ _1127_/CLK (sky130_fd_sc_hd__dfrtp_1)
                  0.08    0.38    0.81 v _1127_/Q (sky130_fd_sc_hd__dfrtp_1)
     4    0.01                           spi_lockout_timer[14] (net)
                  0.08    0.00    0.81 v _0749_/B1 (sky130_fd_sc_hd__o21ai_1)
                  0.08    0.08    0.88 ^ _0749_/Y (sky130_fd_sc_hd__o21ai_1)
     1    0.00                           _0316_ (net)
                  0.08    0.00    0.89 ^ _0750_/A2 (sky130_fd_sc_hd__a21oi_1)
                  0.04    0.07    0.96 v _0750_/Y (sky130_fd_sc_hd__a21oi_1)
     1    0.00                           _0009_ (net)
                  0.04    0.00    0.96 v _1127_/D (sky130_fd_sc_hd__dfrtp_1)
                                  0.96   data arrival time

                          0.00    0.00   clock clk (rise edge)
                          0.00    0.00   clock source latency
                  0.15    0.11    0.11 ^ clk (in)
     1    0.03                           clk (net)
                  0.15    0.00    0.11 ^ clkbuf_0_clk/A (sky130_fd_sc_hd__clkbuf_16)
                  0.09    0.21    0.32 ^ clkbuf_0_clk/X (sky130_fd_sc_hd__clkbuf_16)
    16    0.07                           clknet_0_clk (net)
                  0.09    0.00    0.32 ^ clkbuf_4_8_0_clk/A (sky130_fd_sc_hd__clkbuf_8)
                  0.05    0.15    0.47 ^ clkbuf_4_8_0_clk/X (sky130_fd_sc_hd__clkbuf_8)
     9    0.02                           clknet_4_8_0_clk (net)
                  0.05    0.00    0.47 ^ _1127_/CLK (sky130_fd_sc_hd__dfrtp_1)
                          0.25    0.72   clock uncertainty
                         -0.05    0.68   clock reconvergence pessimism
                         -0.04    0.64   library hold time
                                  0.64   data required time
-----------------------------------------------------------------------------
                                  0.64   data required time
                                 -0.96   data arrival time
-----------------------------------------------------------------------------
                                  0.32   slack (MET)


Startpoint: _1149_ (rising edge-triggered flip-flop clocked by clk)
Endpoint: _1149_ (rising edge-triggered flip-flop clocked by clk)
Path Group: clk
Path Type: min

Fanout     Cap    Slew   Delay    Time   Description
-----------------------------------------------------------------------------
                          0.00    0.00   clock clk (rise edge)
                          0.00    0.00   clock source latency
                  0.15    0.10    0.10 ^ clk (in)
     1    0.03                           clk (net)
                  0.15    0.00    0.10 ^ clkbuf_0_clk/A (sky130_fd_sc_hd__clkbuf_16)
                  0.09    0.19    0.29 ^ clkbuf_0_clk/X (sky130_fd_sc_hd__clkbuf_16)
    16    0.07                           clknet_0_clk (net)
                  0.09    0.00    0.29 ^ clkbuf_4_0_0_clk/A (sky130_fd_sc_hd__clkbuf_8)
                  0.05    0.14    0.43 ^ clkbuf_4_0_0_clk/X (sky130_fd_sc_hd__clkbuf_8)
     9    0.02                           clknet_4_0_0_clk (net)
                  0.05    0.00    0.43 ^ _1149_/CLK (sky130_fd_sc_hd__dfstp_1)
                  0.06    0.36    0.79 v _1149_/Q (sky130_fd_sc_hd__dfstp_1)
     2    0.01                           spi_crc[4] (net)
                  0.06    0.00    0.79 v _0968_/A1 (sky130_fd_sc_hd__o22a_1)
                  0.04    0.20    0.99 v _0968_/X (sky130_fd_sc_hd__o22a_1)
     1    0.00                           _0096_ (net)
                  0.04    0.00    0.99 v _1149_/D (sky130_fd_sc_hd__dfstp_1)
                                  0.99   data arrival time

                          0.00    0.00   clock clk (rise edge)
                          0.00    0.00   clock source latency
                  0.15    0.11    0.11 ^ clk (in)
     1    0.03                           clk (net)
                  0.15    0.00    0.11 ^ clkbuf_0_clk/A (sky130_fd_sc_hd__clkbuf_16)
                  0.09    0.21    0.32 ^ clkbuf_0_clk/X (sky130_fd_sc_hd__clkbuf_16)
    16    0.07                           clknet_0_clk (net)
                  0.09    0.00    0.32 ^ clkbuf_4_0_0_clk/A (sky130_fd_sc_hd__clkbuf_8)
                  0.05    0.15    0.47 ^ clkbuf_4_0_0_clk/X (sky130_fd_sc_hd__clkbuf_8)
     9    0.02                           clknet_4_0_0_clk (net)
                  0.05    0.00    0.47 ^ _1149_/CLK (sky130_fd_sc_hd__dfstp_1)
                          0.25    0.72   clock uncertainty
                         -0.05    0.68   clock reconvergence pessimism
                         -0.01    0.67   library hold time
                                  0.67   data required time
-----------------------------------------------------------------------------
                                  0.67   data required time
                                 -0.99   data arrival time
-----------------------------------------------------------------------------
                                  0.32   slack (MET)


Startpoint: _1097_ (rising edge-triggered flip-flop clocked by clk)
Endpoint: _1097_ (rising edge-triggered flip-flop clocked by clk)
Path Group: clk
Path Type: min

Fanout     Cap    Slew   Delay    Time   Description
-----------------------------------------------------------------------------
                          0.00    0.00   clock clk (rise edge)
                          0.00    0.00   clock source latency
                  0.15    0.10    0.10 ^ clk (in)
     1    0.03                           clk (net)
                  0.15    0.00    0.10 ^ clkbuf_0_clk/A (sky130_fd_sc_hd__clkbuf_16)
                  0.09    0.19    0.29 ^ clkbuf_0_clk/X (sky130_fd_sc_hd__clkbuf_16)
    16    0.07                           clknet_0_clk (net)
                  0.09    0.00    0.29 ^ clkbuf_4_14_0_clk/A (sky130_fd_sc_hd__clkbuf_8)
                  0.06    0.14    0.44 ^ clkbuf_4_14_0_clk/X (sky130_fd_sc_hd__clkbuf_8)
     9    0.02                           clknet_4_14_0_clk (net)
                  0.06    0.00    0.44 ^ _1097_/CLK (sky130_fd_sc_hd__dfrtp_1)
                  0.09    0.34    0.78 ^ _1097_/Q (sky130_fd_sc_hd__dfrtp_1)
     4    0.01                           ctrl_enable (net)
                  0.09    0.00    0.78 ^ _0887_/A0 (sky130_fd_sc_hd__mux2_1)
                  0.04    0.13    0.90 ^ _0887_/X (sky130_fd_sc_hd__mux2_1)
     1    0.00                           _0416_ (net)
                  0.04    0.00    0.90 ^ _0888_/A (sky130_fd_sc_hd__clkbuf_1)
                  0.05    0.08    0.98 ^ _0888_/X (sky130_fd_sc_hd__clkbuf_1)
     1    0.00                           _0063_ (net)
                  0.05    0.00    0.98 ^ _1097_/D (sky130_fd_sc_hd__dfrtp_1)
                                  0.98   data arrival time

                          0.00    0.00   clock clk (rise edge)
                          0.00    0.00   clock source latency
                  0.15    0.11    0.11 ^ clk (in)
     1    0.03                           clk (net)
                  0.15    0.00    0.11 ^ clkbuf_0_clk/A (sky130_fd_sc_hd__clkbuf_16)
                  0.09    0.21    0.32 ^ clkbuf_0_clk/X (sky130_fd_sc_hd__clkbuf_16)
    16    0.07                           clknet_0_clk (net)
                  0.09    0.00    0.32 ^ clkbuf_4_14_0_clk/A (sky130_fd_sc_hd__clkbuf_8)
                  0.06    0.16    0.48 ^ clkbuf_4_14_0_clk/X (sky130_fd_sc_hd__clkbuf_8)
     9    0.02                           clknet_4_14_0_clk (net)
                  0.06    0.00    0.48 ^ _1097_/CLK (sky130_fd_sc_hd__dfrtp_1)
                          0.25    0.73   clock uncertainty
                         -0.05    0.69   clock reconvergence pessimism
                         -0.03    0.65   library hold time
                                  0.65   data required time
-----------------------------------------------------------------------------
                                  0.65   data required time
                                 -0.98   data arrival time
-----------------------------------------------------------------------------
                                  0.33   slack (MET)


Startpoint: _1106_ (rising edge-triggered flip-flop clocked by clk)
Endpoint: _1106_ (rising edge-triggered flip-flop clocked by clk)
Path Group: clk
Path Type: min

Fanout     Cap    Slew   Delay    Time   Description
-----------------------------------------------------------------------------
                          0.00    0.00   clock clk (rise edge)
                          0.00    0.00   clock source latency
                  0.15    0.10    0.10 ^ clk (in)
     1    0.03                           clk (net)
                  0.15    0.00    0.10 ^ clkbuf_0_clk/A (sky130_fd_sc_hd__clkbuf_16)
                  0.09    0.19    0.29 ^ clkbuf_0_clk/X (sky130_fd_sc_hd__clkbuf_16)
    16    0.07                           clknet_0_clk (net)
                  0.09    0.00    0.29 ^ clkbuf_4_6_0_clk/A (sky130_fd_sc_hd__clkbuf_8)
                  0.06    0.14    0.44 ^ clkbuf_4_6_0_clk/X (sky130_fd_sc_hd__clkbuf_8)
     8    0.02                           clknet_4_6_0_clk (net)
                  0.06    0.00    0.44 ^ _1106_/CLK (sky130_fd_sc_hd__dfrtp_1)
                  0.09    0.34    0.78 ^ _1106_/Q (sky130_fd_sc_hd__dfrtp_1)
     3    0.01                           last_spi_seq[7] (net)
                  0.09    0.00    0.78 ^ _0905_/A0 (sky130_fd_sc_hd__mux2_1)
                  0.04    0.12    0.90 ^ _0905_/X (sky130_fd_sc_hd__mux2_1)
     1    0.00                           _0425_ (net)
                  0.04    0.00    0.90 ^ _0906_/A (sky130_fd_sc_hd__clkbuf_1)
                  0.05    0.08    0.98 ^ _0906_/X (sky130_fd_sc_hd__clkbuf_1)
     1    0.00                           _0072_ (net)
                  0.05    0.00    0.98 ^ _1106_/D (sky130_fd_sc_hd__dfrtp_1)
                                  0.98   data arrival time

                          0.00    0.00   clock clk (rise edge)
                          0.00    0.00   clock source latency
                  0.15    0.11    0.11 ^ clk (in)
     1    0.03                           clk (net)
                  0.15    0.00    0.11 ^ clkbuf_0_clk/A (sky130_fd_sc_hd__clkbuf_16)
                  0.09    0.21    0.32 ^ clkbuf_0_clk/X (sky130_fd_sc_hd__clkbuf_16)
    16    0.07                           clknet_0_clk (net)
                  0.09    0.00    0.32 ^ clkbuf_4_6_0_clk/A (sky130_fd_sc_hd__clkbuf_8)
                  0.06    0.16    0.48 ^ clkbuf_4_6_0_clk/X (sky130_fd_sc_hd__clkbuf_8)
     8    0.02                           clknet_4_6_0_clk (net)
                  0.06    0.00    0.48 ^ _1106_/CLK (sky130_fd_sc_hd__dfrtp_1)
                          0.25    0.73   clock uncertainty
                         -0.05    0.69   clock reconvergence pessimism
                         -0.03    0.65   library hold time
                                  0.65   data required time
-----------------------------------------------------------------------------
                                  0.65   data required time
                                 -0.98   data arrival time
-----------------------------------------------------------------------------
                                  0.33   slack (MET)


Startpoint: _1152_ (rising edge-triggered flip-flop clocked by clk)
Endpoint: _1152_ (rising edge-triggered flip-flop clocked by clk)
Path Group: clk
Path Type: min

Fanout     Cap    Slew   Delay    Time   Description
-----------------------------------------------------------------------------
                          0.00    0.00   clock clk (rise edge)
                          0.00    0.00   clock source latency
                  0.15    0.10    0.10 ^ clk (in)
     1    0.03                           clk (net)
                  0.15    0.00    0.10 ^ clkbuf_0_clk/A (sky130_fd_sc_hd__clkbuf_16)
                  0.09    0.19    0.29 ^ clkbuf_0_clk/X (sky130_fd_sc_hd__clkbuf_16)
    16    0.07                           clknet_0_clk (net)
                  0.09    0.00    0.29 ^ clkbuf_4_0_0_clk/A (sky130_fd_sc_hd__clkbuf_8)
                  0.05    0.14    0.43 ^ clkbuf_4_0_0_clk/X (sky130_fd_sc_hd__clkbuf_8)
     9    0.02                           clknet_4_0_0_clk (net)
                  0.05    0.00    0.43 ^ _1152_/CLK (sky130_fd_sc_hd__dfstp_2)
                  0.06    0.37    0.80 v _1152_/Q (sky130_fd_sc_hd__dfstp_2)
     2    0.02                           spi_crc[7] (net)
                  0.06    0.00    0.80 v _0979_/A1 (sky130_fd_sc_hd__o22a_1)
                  0.04    0.20    1.00 v _0979_/X (sky130_fd_sc_hd__o22a_1)
     1    0.00                           _0099_ (net)
                  0.04    0.00    1.00 v _1152_/D (sky130_fd_sc_hd__dfstp_2)
                                  1.00   data arrival time

                          0.00    0.00   clock clk (rise edge)
                          0.00    0.00   clock source latency
                  0.15    0.11    0.11 ^ clk (in)
     1    0.03                           clk (net)
                  0.15    0.00    0.11 ^ clkbuf_0_clk/A (sky130_fd_sc_hd__clkbuf_16)
                  0.09    0.21    0.32 ^ clkbuf_0_clk/X (sky130_fd_sc_hd__clkbuf_16)
    16    0.07                           clknet_0_clk (net)
                  0.09    0.00    0.32 ^ clkbuf_4_0_0_clk/A (sky130_fd_sc_hd__clkbuf_8)
                  0.05    0.15    0.47 ^ clkbuf_4_0_0_clk/X (sky130_fd_sc_hd__clkbuf_8)
     9    0.02                           clknet_4_0_0_clk (net)
                  0.05    0.00    0.47 ^ _1152_/CLK (sky130_fd_sc_hd__dfstp_2)
                          0.25    0.72   clock uncertainty
                         -0.05    0.68   clock reconvergence pessimism
                         -0.01    0.67   library hold time
                                  0.67   data required time
-----------------------------------------------------------------------------
                                  0.67   data required time
                                 -1.00   data arrival time
-----------------------------------------------------------------------------
                                  0.33   slack (MET)


Startpoint: _1141_ (rising edge-triggered flip-flop clocked by clk)
Endpoint: _1141_ (rising edge-triggered flip-flop clocked by clk)
Path Group: clk
Path Type: min

Fanout     Cap    Slew   Delay    Time   Description
-----------------------------------------------------------------------------
                          0.00    0.00   clock clk (rise edge)
                          0.00    0.00   clock source latency
                  0.15    0.10    0.10 ^ clk (in)
     1    0.03                           clk (net)
                  0.15    0.00    0.10 ^ clkbuf_0_clk/A (sky130_fd_sc_hd__clkbuf_16)
                  0.09    0.19    0.29 ^ clkbuf_0_clk/X (sky130_fd_sc_hd__clkbuf_16)
    16    0.07                           clknet_0_clk (net)
                  0.09    0.00    0.29 ^ clkbuf_4_2_0_clk/A (sky130_fd_sc_hd__clkbuf_8)
                  0.06    0.14    0.44 ^ clkbuf_4_2_0_clk/X (sky130_fd_sc_hd__clkbuf_8)
    12    0.02                           clknet_4_2_0_clk (net)
                  0.06    0.00    0.44 ^ _1141_/CLK (sky130_fd_sc_hd__dfrtp_4)
                  0.10    0.42    0.86 ^ _1141_/Q (sky130_fd_sc_hd__dfrtp_4)
     7    0.02                           spi_byte_buf[3] (net)
                  0.10    0.00    0.86 ^ _0939_/B2 (sky130_fd_sc_hd__a22o_1)
                  0.05    0.13    0.98 ^ _0939_/X (sky130_fd_sc_hd__a22o_1)
     1    0.00                           _0088_ (net)
                  0.05    0.00    0.98 ^ _1141_/D (sky130_fd_sc_hd__dfrtp_4)
                                  0.98   data arrival time

                          0.00    0.00   clock clk (rise edge)
                          0.00    0.00   clock source latency
                  0.15    0.11    0.11 ^ clk (in)
     1    0.03                           clk (net)
                  0.15    0.00    0.11 ^ clkbuf_0_clk/A (sky130_fd_sc_hd__clkbuf_16)
                  0.09    0.21    0.32 ^ clkbuf_0_clk/X (sky130_fd_sc_hd__clkbuf_16)
    16    0.07                           clknet_0_clk (net)
                  0.09    0.00    0.32 ^ clkbuf_4_2_0_clk/A (sky130_fd_sc_hd__clkbuf_8)
                  0.06    0.16    0.48 ^ clkbuf_4_2_0_clk/X (sky130_fd_sc_hd__clkbuf_8)
    12    0.02                           clknet_4_2_0_clk (net)
                  0.06    0.00    0.48 ^ _1141_/CLK (sky130_fd_sc_hd__dfrtp_4)
                          0.25    0.73   clock uncertainty
                         -0.05    0.69   clock reconvergence pessimism
                         -0.03    0.65   library hold time
                                  0.65   data required time
-----------------------------------------------------------------------------
                                  0.65   data required time
                                 -0.98   data arrival time
-----------------------------------------------------------------------------
                                  0.33   slack (MET)


Startpoint: _1164_ (rising edge-triggered flip-flop clocked by clk)
Endpoint: _1164_ (rising edge-triggered flip-flop clocked by clk)
Path Group: clk
Path Type: min

Fanout     Cap    Slew   Delay    Time   Description
-----------------------------------------------------------------------------
                          0.00    0.00   clock clk (rise edge)
                          0.00    0.00   clock source latency
                  0.15    0.10    0.10 ^ clk (in)
     1    0.03                           clk (net)
                  0.15    0.00    0.10 ^ clkbuf_0_clk/A (sky130_fd_sc_hd__clkbuf_16)
                  0.09    0.19    0.29 ^ clkbuf_0_clk/X (sky130_fd_sc_hd__clkbuf_16)
    16    0.07                           clknet_0_clk (net)
                  0.09    0.00    0.29 ^ clkbuf_4_6_0_clk/A (sky130_fd_sc_hd__clkbuf_8)
                  0.06    0.14    0.44 ^ clkbuf_4_6_0_clk/X (sky130_fd_sc_hd__clkbuf_8)
     8    0.02                           clknet_4_6_0_clk (net)
                  0.06    0.00    0.44 ^ _1164_/CLK (sky130_fd_sc_hd__dfrtp_1)
                  0.10    0.35    0.78 ^ _1164_/Q (sky130_fd_sc_hd__dfrtp_1)
     3    0.01                           spi_seq_r[0] (net)
                  0.10    0.00    0.78 ^ _1006_/A0 (sky130_fd_sc_hd__mux2_1)
                  0.04    0.12    0.91 ^ _1006_/X (sky130_fd_sc_hd__mux2_1)
     1    0.00                           _0487_ (net)
                  0.04    0.00    0.91 ^ _1007_/A (sky130_fd_sc_hd__clkbuf_1)
                  0.04    0.08    0.98 ^ _1007_/X (sky130_fd_sc_hd__clkbuf_1)
     1    0.00                           _0111_ (net)
                  0.04    0.00    0.98 ^ _1164_/D (sky130_fd_sc_hd__dfrtp_1)
                                  0.98   data arrival time

                          0.00    0.00   clock clk (rise edge)
                          0.00    0.00   clock source latency
                  0.15    0.11    0.11 ^ clk (in)
     1    0.03                           clk (net)
                  0.15    0.00    0.11 ^ clkbuf_0_clk/A (sky130_fd_sc_hd__clkbuf_16)
                  0.09    0.21    0.32 ^ clkbuf_0_clk/X (sky130_fd_sc_hd__clkbuf_16)
    16    0.07                           clknet_0_clk (net)
                  0.09    0.00    0.32 ^ clkbuf_4_6_0_clk/A (sky130_fd_sc_hd__clkbuf_8)
                  0.06    0.16    0.48 ^ clkbuf_4_6_0_clk/X (sky130_fd_sc_hd__clkbuf_8)
     8    0.02                           clknet_4_6_0_clk (net)
                  0.06    0.00    0.48 ^ _1164_/CLK (sky130_fd_sc_hd__dfrtp_1)
                          0.25    0.73   clock uncertainty
                         -0.05    0.69   clock reconvergence pessimism
                         -0.03    0.65   library hold time
                                  0.65   data required time
-----------------------------------------------------------------------------
                                  0.65   data required time
                                 -0.98   data arrival time
-----------------------------------------------------------------------------
                                  0.33   slack (MET)


Startpoint: _1104_ (rising edge-triggered flip-flop clocked by clk)
Endpoint: _1104_ (rising edge-triggered flip-flop clocked by clk)
Path Group: clk
Path Type: min

Fanout     Cap    Slew   Delay    Time   Description
-----------------------------------------------------------------------------
                          0.00    0.00   clock clk (rise edge)
                          0.00    0.00   clock source latency
                  0.15    0.10    0.10 ^ clk (in)
     1    0.03                           clk (net)
                  0.15    0.00    0.10 ^ clkbuf_0_clk/A (sky130_fd_sc_hd__clkbuf_16)
                  0.09    0.19    0.29 ^ clkbuf_0_clk/X (sky130_fd_sc_hd__clkbuf_16)
    16    0.07                           clknet_0_clk (net)
                  0.09    0.00    0.29 ^ clkbuf_4_6_0_clk/A (sky130_fd_sc_hd__clkbuf_8)
                  0.06    0.14    0.44 ^ clkbuf_4_6_0_clk/X (sky130_fd_sc_hd__clkbuf_8)
     8    0.02                           clknet_4_6_0_clk (net)
                  0.06    0.00    0.44 ^ _1104_/CLK (sky130_fd_sc_hd__dfrtp_1)
                  0.10    0.35    0.79 ^ _1104_/Q (sky130_fd_sc_hd__dfrtp_1)
     3    0.01                           last_spi_seq[5] (net)
                  0.10    0.00    0.79 ^ _0901_/A0 (sky130_fd_sc_hd__mux2_1)
                  0.04    0.13    0.91 ^ _0901_/X (sky130_fd_sc_hd__mux2_1)
     1    0.00                           _0423_ (net)
                  0.04    0.00    0.91 ^ _0902_/A (sky130_fd_sc_hd__clkbuf_1)
                  0.04    0.07    0.99 ^ _0902_/X (sky130_fd_sc_hd__clkbuf_1)
     1    0.00                           _0070_ (net)
                  0.04    0.00    0.99 ^ _1104_/D (sky130_fd_sc_hd__dfrtp_1)
                                  0.99   data arrival time

                          0.00    0.00   clock clk (rise edge)
                          0.00    0.00   clock source latency
                  0.15    0.11    0.11 ^ clk (in)
     1    0.03                           clk (net)
                  0.15    0.00    0.11 ^ clkbuf_0_clk/A (sky130_fd_sc_hd__clkbuf_16)
                  0.09    0.21    0.32 ^ clkbuf_0_clk/X (sky130_fd_sc_hd__clkbuf_16)
    16    0.07                           clknet_0_clk (net)
                  0.09    0.00    0.32 ^ clkbuf_4_6_0_clk/A (sky130_fd_sc_hd__clkbuf_8)
                  0.06    0.16    0.48 ^ clkbuf_4_6_0_clk/X (sky130_fd_sc_hd__clkbuf_8)
     8    0.02                           clknet_4_6_0_clk (net)
                  0.06    0.00    0.48 ^ _1104_/CLK (sky130_fd_sc_hd__dfrtp_1)
                          0.25    0.73   clock uncertainty
                         -0.05    0.69   clock reconvergence pessimism
                         -0.03    0.65   library hold time
                                  0.65   data required time
-----------------------------------------------------------------------------
                                  0.65   data required time
                                 -0.99   data arrival time
-----------------------------------------------------------------------------
                                  0.33   slack (MET)


Startpoint: _1112_ (rising edge-triggered flip-flop clocked by clk)
Endpoint: _1117_ (rising edge-triggered flip-flop clocked by clk)
Path Group: clk
Path Type: min

Fanout     Cap    Slew   Delay    Time   Description
-----------------------------------------------------------------------------
                          0.00    0.00   clock clk (rise edge)
                          0.00    0.00   clock source latency
                  0.15    0.10    0.10 ^ clk (in)
     1    0.03                           clk (net)
                  0.15    0.00    0.10 ^ clkbuf_0_clk/A (sky130_fd_sc_hd__clkbuf_16)
                  0.09    0.19    0.29 ^ clkbuf_0_clk/X (sky130_fd_sc_hd__clkbuf_16)
    16    0.07                           clknet_0_clk (net)
                  0.09    0.00    0.29 ^ clkbuf_4_8_0_clk/A (sky130_fd_sc_hd__clkbuf_8)
                  0.05    0.14    0.43 ^ clkbuf_4_8_0_clk/X (sky130_fd_sc_hd__clkbuf_8)
     9    0.02                           clknet_4_8_0_clk (net)
                  0.05    0.00    0.43 ^ _1112_/CLK (sky130_fd_sc_hd__dfrtp_2)
                  0.10    0.37    0.80 ^ _1112_/Q (sky130_fd_sc_hd__dfrtp_2)
     5    0.02                           spi_lockout_active (net)
                  0.10    0.00    0.80 ^ _0715_/A1 (sky130_fd_sc_hd__a21o_1)
                  0.09    0.15    0.95 ^ _0715_/X (sky130_fd_sc_hd__a21o_1)
     3    0.01                           _0292_ (net)
                  0.09    0.00    0.95 ^ _0716_/B1 (sky130_fd_sc_hd__a21oi_1)
                  0.03    0.04    0.99 v _0716_/Y (sky130_fd_sc_hd__a21oi_1)
     1    0.00                           _0014_ (net)
                  0.03    0.00    0.99 v _1117_/D (sky130_fd_sc_hd__dfrtp_1)
                                  0.99   data arrival time

                          0.00    0.00   clock clk (rise edge)
                          0.00    0.00   clock source latency
                  0.15    0.11    0.11 ^ clk (in)
     1    0.03                           clk (net)
                  0.15    0.00    0.11 ^ clkbuf_0_clk/A (sky130_fd_sc_hd__clkbuf_16)
                  0.09    0.21    0.32 ^ clkbuf_0_clk/X (sky130_fd_sc_hd__clkbuf_16)
    16    0.07                           clknet_0_clk (net)
                  0.09    0.00    0.32 ^ clkbuf_4_10_0_clk/A (sky130_fd_sc_hd__clkbuf_8)
                  0.06    0.16    0.48 ^ clkbuf_4_10_0_clk/X (sky130_fd_sc_hd__clkbuf_8)
    12    0.02                           clknet_4_10_0_clk (net)
                  0.06    0.00    0.48 ^ _1117_/CLK (sky130_fd_sc_hd__dfrtp_1)
                          0.25    0.73   clock uncertainty
                         -0.03    0.70   clock reconvergence pessimism
                         -0.04    0.66   library hold time
                                  0.66   data required time
-----------------------------------------------------------------------------
                                  0.66   data required time
                                 -0.99   data arrival time
-----------------------------------------------------------------------------
                                  0.33   slack (MET)


Startpoint: _1112_ (rising edge-triggered flip-flop clocked by clk)
Endpoint: _1118_ (rising edge-triggered flip-flop clocked by clk)
Path Group: clk
Path Type: min

Fanout     Cap    Slew   Delay    Time   Description
-----------------------------------------------------------------------------
                          0.00    0.00   clock clk (rise edge)
                          0.00    0.00   clock source latency
                  0.15    0.10    0.10 ^ clk (in)
     1    0.03                           clk (net)
                  0.15    0.00    0.10 ^ clkbuf_0_clk/A (sky130_fd_sc_hd__clkbuf_16)
                  0.09    0.19    0.29 ^ clkbuf_0_clk/X (sky130_fd_sc_hd__clkbuf_16)
    16    0.07                           clknet_0_clk (net)
                  0.09    0.00    0.29 ^ clkbuf_4_8_0_clk/A (sky130_fd_sc_hd__clkbuf_8)
                  0.05    0.14    0.43 ^ clkbuf_4_8_0_clk/X (sky130_fd_sc_hd__clkbuf_8)
     9    0.02                           clknet_4_8_0_clk (net)
                  0.05    0.00    0.43 ^ _1112_/CLK (sky130_fd_sc_hd__dfrtp_2)
                  0.10    0.37    0.80 ^ _1112_/Q (sky130_fd_sc_hd__dfrtp_2)
     5    0.02                           spi_lockout_active (net)
                  0.10    0.00    0.80 ^ _0715_/A1 (sky130_fd_sc_hd__a21o_1)
                  0.09    0.15    0.95 ^ _0715_/X (sky130_fd_sc_hd__a21o_1)
     3    0.01                           _0292_ (net)
                  0.09    0.00    0.95 ^ _0719_/A (sky130_fd_sc_hd__nor2_1)
                  0.02    0.05    1.00 v _0719_/Y (sky130_fd_sc_hd__nor2_1)
     1    0.00                           _0015_ (net)
                  0.02    0.00    1.00 v _1118_/D (sky130_fd_sc_hd__dfrtp_1)
                                  1.00   data arrival time

                          0.00    0.00   clock clk (rise edge)
                          0.00    0.00   clock source latency
                  0.15    0.11    0.11 ^ clk (in)
     1    0.03                           clk (net)
                  0.15    0.00    0.11 ^ clkbuf_0_clk/A (sky130_fd_sc_hd__clkbuf_16)
                  0.09    0.21    0.32 ^ clkbuf_0_clk/X (sky130_fd_sc_hd__clkbuf_16)
    16    0.07                           clknet_0_clk (net)
                  0.09    0.00    0.32 ^ clkbuf_4_10_0_clk/A (sky130_fd_sc_hd__clkbuf_8)
                  0.06    0.16    0.48 ^ clkbuf_4_10_0_clk/X (sky130_fd_sc_hd__clkbuf_8)
    12    0.02                           clknet_4_10_0_clk (net)
                  0.06    0.00    0.48 ^ _1118_/CLK (sky130_fd_sc_hd__dfrtp_1)
                          0.25    0.73   clock uncertainty
                         -0.03    0.70   clock reconvergence pessimism
                         -0.03    0.67   library hold time
                                  0.67   data required time
-----------------------------------------------------------------------------
                                  0.67   data required time
                                 -1.00   data arrival time
-----------------------------------------------------------------------------
                                  0.33   slack (MET)


Startpoint: _1084_ (rising edge-triggered flip-flop clocked by clk)
Endpoint: _1084_ (rising edge-triggered flip-flop clocked by clk)
Path Group: clk
Path Type: min

Fanout     Cap    Slew   Delay    Time   Description
-----------------------------------------------------------------------------
                          0.00    0.00   clock clk (rise edge)
                          0.00    0.00   clock source latency
                  0.15    0.10    0.10 ^ clk (in)
     1    0.03                           clk (net)
                  0.15    0.00    0.10 ^ clkbuf_0_clk/A (sky130_fd_sc_hd__clkbuf_16)
                  0.09    0.19    0.29 ^ clkbuf_0_clk/X (sky130_fd_sc_hd__clkbuf_16)
    16    0.07                           clknet_0_clk (net)
                  0.09    0.00    0.29 ^ clkbuf_4_13_0_clk/A (sky130_fd_sc_hd__clkbuf_8)
                  0.06    0.15    0.44 ^ clkbuf_4_13_0_clk/X (sky130_fd_sc_hd__clkbuf_8)
     9    0.03                           clknet_4_13_0_clk (net)
                  0.06    0.00    0.44 ^ _1084_/CLK (sky130_fd_sc_hd__dfrtp_1)
                  0.08    0.34    0.78 ^ _1084_/Q (sky130_fd_sc_hd__dfrtp_1)
     3    0.01                           wifi_timeout[7] (net)
                  0.08    0.00    0.78 ^ _0838_/A1 (sky130_fd_sc_hd__mux2_1)
                  0.05    0.13    0.91 ^ _0838_/X (sky130_fd_sc_hd__mux2_1)
     1    0.00                           _0380_ (net)
                  0.05    0.00    0.91 ^ _0839_/A (sky130_fd_sc_hd__clkbuf_1)
                  0.05    0.08    0.99 ^ _0839_/X (sky130_fd_sc_hd__clkbuf_1)
     1    0.00                           _0050_ (net)
                  0.05    0.00    0.99 ^ _1084_/D (sky130_fd_sc_hd__dfrtp_1)
                                  0.99   data arrival time

                          0.00    0.00   clock clk (rise edge)
                          0.00    0.00   clock source latency
                  0.15    0.11    0.11 ^ clk (in)
     1    0.03                           clk (net)
                  0.15    0.00    0.11 ^ clkbuf_0_clk/A (sky130_fd_sc_hd__clkbuf_16)
                  0.09    0.21    0.32 ^ clkbuf_0_clk/X (sky130_fd_sc_hd__clkbuf_16)
    16    0.07                           clknet_0_clk (net)
                  0.09    0.00    0.32 ^ clkbuf_4_13_0_clk/A (sky130_fd_sc_hd__clkbuf_8)
                  0.06    0.16    0.49 ^ clkbuf_4_13_0_clk/X (sky130_fd_sc_hd__clkbuf_8)
     9    0.03                           clknet_4_13_0_clk (net)
                  0.06    0.00    0.49 ^ _1084_/CLK (sky130_fd_sc_hd__dfrtp_1)
                          0.25    0.74   clock uncertainty
                         -0.05    0.69   clock reconvergence pessimism
                         -0.03    0.66   library hold time
                                  0.66   data required time
-----------------------------------------------------------------------------
                                  0.66   data required time
                                 -0.99   data arrival time
-----------------------------------------------------------------------------
                                  0.33   slack (MET)


Startpoint: _1141_ (rising edge-triggered flip-flop clocked by clk)
Endpoint: _1142_ (rising edge-triggered flip-flop clocked by clk)
Path Group: clk
Path Type: min

Fanout     Cap    Slew   Delay    Time   Description
-----------------------------------------------------------------------------
                          0.00    0.00   clock clk (rise edge)
                          0.00    0.00   clock source latency
                  0.15    0.10    0.10 ^ clk (in)
     1    0.03                           clk (net)
                  0.15    0.00    0.10 ^ clkbuf_0_clk/A (sky130_fd_sc_hd__clkbuf_16)
                  0.09    0.19    0.29 ^ clkbuf_0_clk/X (sky130_fd_sc_hd__clkbuf_16)
    16    0.07                           clknet_0_clk (net)
                  0.09    0.00    0.29 ^ clkbuf_4_2_0_clk/A (sky130_fd_sc_hd__clkbuf_8)
                  0.06    0.14    0.44 ^ clkbuf_4_2_0_clk/X (sky130_fd_sc_hd__clkbuf_8)
    12    0.02                           clknet_4_2_0_clk (net)
                  0.06    0.00    0.44 ^ _1141_/CLK (sky130_fd_sc_hd__dfrtp_4)
                  0.10    0.42    0.86 ^ _1141_/Q (sky130_fd_sc_hd__dfrtp_4)
     7    0.02                           spi_byte_buf[3] (net)
                  0.10    0.00    0.86 ^ _0940_/A1 (sky130_fd_sc_hd__a22o_1)
                  0.04    0.13    0.99 ^ _0940_/X (sky130_fd_sc_hd__a22o_1)
     1    0.00                           _0089_ (net)
                  0.04    0.00    0.99 ^ _1142_/D (sky130_fd_sc_hd__dfrtp_4)
                                  0.99   data arrival time

                          0.00    0.00   clock clk (rise edge)
                          0.00    0.00   clock source latency
                  0.15    0.11    0.11 ^ clk (in)
     1    0.03                           clk (net)
                  0.15    0.00    0.11 ^ clkbuf_0_clk/A (sky130_fd_sc_hd__clkbuf_16)
                  0.09    0.21    0.32 ^ clkbuf_0_clk/X (sky130_fd_sc_hd__clkbuf_16)
    16    0.07                           clknet_0_clk (net)
                  0.09    0.00    0.32 ^ clkbuf_4_2_0_clk/A (sky130_fd_sc_hd__clkbuf_8)
                  0.06    0.16    0.48 ^ clkbuf_4_2_0_clk/X (sky130_fd_sc_hd__clkbuf_8)
    12    0.02                           clknet_4_2_0_clk (net)
                  0.06    0.00    0.48 ^ _1142_/CLK (sky130_fd_sc_hd__dfrtp_4)
                          0.25    0.73   clock uncertainty
                         -0.05    0.69   clock reconvergence pessimism
                         -0.03    0.65   library hold time
                                  0.65   data required time
-----------------------------------------------------------------------------
                                  0.65   data required time
                                 -0.99   data arrival time
-----------------------------------------------------------------------------
                                  0.33   slack (MET)


Startpoint: _1153_ (rising edge-triggered flip-flop clocked by clk)
Endpoint: _1153_ (rising edge-triggered flip-flop clocked by clk)
Path Group: clk
Path Type: min

Fanout     Cap    Slew   Delay    Time   Description
-----------------------------------------------------------------------------
                          0.00    0.00   clock clk (rise edge)
                          0.00    0.00   clock source latency
                  0.15    0.10    0.10 ^ clk (in)
     1    0.03                           clk (net)
                  0.15    0.00    0.10 ^ clkbuf_0_clk/A (sky130_fd_sc_hd__clkbuf_16)
                  0.09    0.19    0.29 ^ clkbuf_0_clk/X (sky130_fd_sc_hd__clkbuf_16)
    16    0.07                           clknet_0_clk (net)
                  0.09    0.00    0.29 ^ clkbuf_4_3_0_clk/A (sky130_fd_sc_hd__clkbuf_8)
                  0.06    0.15    0.44 ^ clkbuf_4_3_0_clk/X (sky130_fd_sc_hd__clkbuf_8)
    10    0.03                           clknet_4_3_0_clk (net)
                  0.06    0.00    0.44 ^ _1153_/CLK (sky130_fd_sc_hd__dfrtp_1)
                  0.09    0.35    0.79 ^ _1153_/Q (sky130_fd_sc_hd__dfrtp_1)
     3    0.01                           spi_cmd_r[0] (net)
                  0.09    0.00    0.79 ^ _0981_/A0 (sky130_fd_sc_hd__mux2_1)
                  0.05    0.13    0.92 ^ _0981_/X (sky130_fd_sc_hd__mux2_1)
     1    0.00                           _0473_ (net)
                  0.05    0.00    0.92 ^ _0982_/A (sky130_fd_sc_hd__clkbuf_1)
                  0.04    0.08    1.00 ^ _0982_/X (sky130_fd_sc_hd__clkbuf_1)
     1    0.00                           _0100_ (net)
                  0.04    0.00    1.00 ^ _1153_/D (sky130_fd_sc_hd__dfrtp_1)
                                  1.00   data arrival time

                          0.00    0.00   clock clk (rise edge)
                          0.00    0.00   clock source latency
                  0.15    0.11    0.11 ^ clk (in)
     1    0.03                           clk (net)
                  0.15    0.00    0.11 ^ clkbuf_0_clk/A (sky130_fd_sc_hd__clkbuf_16)
                  0.09    0.21    0.32 ^ clkbuf_0_clk/X (sky130_fd_sc_hd__clkbuf_16)
    16    0.07                           clknet_0_clk (net)
                  0.09    0.00    0.32 ^ clkbuf_4_3_0_clk/A (sky130_fd_sc_hd__clkbuf_8)
                  0.06    0.17    0.49 ^ clkbuf_4_3_0_clk/X (sky130_fd_sc_hd__clkbuf_8)
    10    0.03                           clknet_4_3_0_clk (net)
                  0.06    0.00    0.49 ^ _1153_/CLK (sky130_fd_sc_hd__dfrtp_1)
                          0.25    0.74   clock uncertainty
                         -0.05    0.69   clock reconvergence pessimism
                         -0.03    0.66   library hold time
                                  0.66   data required time
-----------------------------------------------------------------------------
                                  0.66   data required time
                                 -1.00   data arrival time
-----------------------------------------------------------------------------
                                  0.34   slack (MET)


Startpoint: _1144_ (rising edge-triggered flip-flop clocked by clk)
Endpoint: _1144_ (rising edge-triggered flip-flop clocked by clk)
Path Group: clk
Path Type: min

Fanout     Cap    Slew   Delay    Time   Description
-----------------------------------------------------------------------------
                          0.00    0.00   clock clk (rise edge)
                          0.00    0.00   clock source latency
                  0.15    0.10    0.10 ^ clk (in)
     1    0.03                           clk (net)
                  0.15    0.00    0.10 ^ clkbuf_0_clk/A (sky130_fd_sc_hd__clkbuf_16)
                  0.09    0.19    0.29 ^ clkbuf_0_clk/X (sky130_fd_sc_hd__clkbuf_16)
    16    0.07                           clknet_0_clk (net)
                  0.09    0.00    0.29 ^ clkbuf_4_3_0_clk/A (sky130_fd_sc_hd__clkbuf_8)
                  0.06    0.15    0.44 ^ clkbuf_4_3_0_clk/X (sky130_fd_sc_hd__clkbuf_8)
    10    0.03                           clknet_4_3_0_clk (net)
                  0.06    0.00    0.44 ^ _1144_/CLK (sky130_fd_sc_hd__dfrtp_4)
                  0.10    0.43    0.87 ^ _1144_/Q (sky130_fd_sc_hd__dfrtp_4)
     5    0.02                           spi_byte_buf[6] (net)
                  0.10    0.00    0.87 ^ _0942_/B2 (sky130_fd_sc_hd__a22o_1)
                  0.04    0.12    1.00 ^ _0942_/X (sky130_fd_sc_hd__a22o_1)
     1    0.00                           _0091_ (net)
                  0.04    0.00    1.00 ^ _1144_/D (sky130_fd_sc_hd__dfrtp_4)
                                  1.00   data arrival time

                          0.00    0.00   clock clk (rise edge)
                          0.00    0.00   clock source latency
                  0.15    0.11    0.11 ^ clk (in)
     1    0.03                           clk (net)
                  0.15    0.00    0.11 ^ clkbuf_0_clk/A (sky130_fd_sc_hd__clkbuf_16)
                  0.09    0.21    0.32 ^ clkbuf_0_clk/X (sky130_fd_sc_hd__clkbuf_16)
    16    0.07                           clknet_0_clk (net)
                  0.09    0.00    0.32 ^ clkbuf_4_3_0_clk/A (sky130_fd_sc_hd__clkbuf_8)
                  0.06    0.17    0.49 ^ clkbuf_4_3_0_clk/X (sky130_fd_sc_hd__clkbuf_8)
    10    0.03                           clknet_4_3_0_clk (net)
                  0.06    0.00    0.49 ^ _1144_/CLK (sky130_fd_sc_hd__dfrtp_4)
                          0.25    0.74   clock uncertainty
                         -0.05    0.69   clock reconvergence pessimism
                         -0.03    0.66   library hold time
                                  0.66   data required time
-----------------------------------------------------------------------------
                                  0.66   data required time
                                 -1.00   data arrival time
-----------------------------------------------------------------------------
                                  0.34   slack (MET)


Startpoint: _1099_ (rising edge-triggered flip-flop clocked by clk)
Endpoint: _1099_ (rising edge-triggered flip-flop clocked by clk)
Path Group: clk
Path Type: min

Fanout     Cap    Slew   Delay    Time   Description
-----------------------------------------------------------------------------
                          0.00    0.00   clock clk (rise edge)
                          0.00    0.00   clock source latency
                  0.15    0.10    0.10 ^ clk (in)
     1    0.03                           clk (net)
                  0.15    0.00    0.10 ^ clkbuf_0_clk/A (sky130_fd_sc_hd__clkbuf_16)
                  0.09    0.19    0.29 ^ clkbuf_0_clk/X (sky130_fd_sc_hd__clkbuf_16)
    16    0.07                           clknet_0_clk (net)
                  0.09    0.00    0.29 ^ clkbuf_4_6_0_clk/A (sky130_fd_sc_hd__clkbuf_8)
                  0.06    0.14    0.44 ^ clkbuf_4_6_0_clk/X (sky130_fd_sc_hd__clkbuf_8)
     8    0.02                           clknet_4_6_0_clk (net)
                  0.06    0.00    0.44 ^ _1099_/CLK (sky130_fd_sc_hd__dfrtp_1)
                  0.09    0.34    0.78 ^ _1099_/Q (sky130_fd_sc_hd__dfrtp_1)
     4    0.01                           last_spi_seq[0] (net)
                  0.09    0.00    0.78 ^ _0891_/A0 (sky130_fd_sc_hd__mux2_1)
                  0.04    0.13    0.91 ^ _0891_/X (sky130_fd_sc_hd__mux2_1)
     1    0.00                           _0418_ (net)
                  0.04    0.00    0.91 ^ _0892_/A (sky130_fd_sc_hd__clkbuf_1)
                  0.05    0.08    0.99 ^ _0892_/X (sky130_fd_sc_hd__clkbuf_1)
     1    0.00                           _0065_ (net)
                  0.05    0.00    0.99 ^ _1099_/D (sky130_fd_sc_hd__dfrtp_1)
                                  0.99   data arrival time

                          0.00    0.00   clock clk (rise edge)
                          0.00    0.00   clock source latency
                  0.15    0.11    0.11 ^ clk (in)
     1    0.03                           clk (net)
                  0.15    0.00    0.11 ^ clkbuf_0_clk/A (sky130_fd_sc_hd__clkbuf_16)
                  0.09    0.21    0.32 ^ clkbuf_0_clk/X (sky130_fd_sc_hd__clkbuf_16)
    16    0.07                           clknet_0_clk (net)
                  0.09    0.00    0.32 ^ clkbuf_4_6_0_clk/A (sky130_fd_sc_hd__clkbuf_8)
                  0.06    0.16    0.48 ^ clkbuf_4_6_0_clk/X (sky130_fd_sc_hd__clkbuf_8)
     8    0.02                           clknet_4_6_0_clk (net)
                  0.06    0.00    0.48 ^ _1099_/CLK (sky130_fd_sc_hd__dfrtp_1)
                          0.25    0.73   clock uncertainty
                         -0.05    0.69   clock reconvergence pessimism
                         -0.03    0.65   library hold time
                                  0.65   data required time
-----------------------------------------------------------------------------
                                  0.65   data required time
                                 -0.99   data arrival time
-----------------------------------------------------------------------------
                                  0.34   slack (MET)


Startpoint: _1087_ (rising edge-triggered flip-flop clocked by clk)
Endpoint: _1087_ (rising edge-triggered flip-flop clocked by clk)
Path Group: clk
Path Type: min

Fanout     Cap    Slew   Delay    Time   Description
-----------------------------------------------------------------------------
                          0.00    0.00   clock clk (rise edge)
                          0.00    0.00   clock source latency
                  0.15    0.10    0.10 ^ clk (in)
     1    0.03                           clk (net)
                  0.15    0.00    0.10 ^ clkbuf_0_clk/A (sky130_fd_sc_hd__clkbuf_16)
                  0.09    0.19    0.29 ^ clkbuf_0_clk/X (sky130_fd_sc_hd__clkbuf_16)
    16    0.07                           clknet_0_clk (net)
                  0.09    0.00    0.29 ^ clkbuf_4_7_0_clk/A (sky130_fd_sc_hd__clkbuf_8)
                  0.07    0.16    0.45 ^ clkbuf_4_7_0_clk/X (sky130_fd_sc_hd__clkbuf_8)
    12    0.03                           clknet_4_7_0_clk (net)
                  0.07    0.00    0.45 ^ _1087_/CLK (sky130_fd_sc_hd__dfrtp_1)
                  0.09    0.35    0.80 ^ _1087_/Q (sky130_fd_sc_hd__dfrtp_1)
     4    0.01                           wifi_timeout[10] (net)
                  0.09    0.00    0.80 ^ _0853_/A1 (sky130_fd_sc_hd__mux2_1)
                  0.05    0.13    0.93 ^ _0853_/X (sky130_fd_sc_hd__mux2_1)
     1    0.00                           _0392_ (net)
                  0.05    0.00    0.94 ^ _0854_/A (sky130_fd_sc_hd__clkbuf_1)
                  0.04    0.07    1.01 ^ _0854_/X (sky130_fd_sc_hd__clkbuf_1)
     1    0.00                           _0053_ (net)
                  0.04    0.00    1.01 ^ _1087_/D (sky130_fd_sc_hd__dfrtp_1)
                                  1.01   data arrival time

                          0.00    0.00   clock clk (rise edge)
                          0.00    0.00   clock source latency
                  0.15    0.11    0.11 ^ clk (in)
     1    0.03                           clk (net)
                  0.15    0.00    0.11 ^ clkbuf_0_clk/A (sky130_fd_sc_hd__clkbuf_16)
                  0.09    0.21    0.32 ^ clkbuf_0_clk/X (sky130_fd_sc_hd__clkbuf_16)
    16    0.07                           clknet_0_clk (net)
                  0.09    0.00    0.32 ^ clkbuf_4_7_0_clk/A (sky130_fd_sc_hd__clkbuf_8)
                  0.07    0.17    0.50 ^ clkbuf_4_7_0_clk/X (sky130_fd_sc_hd__clkbuf_8)
    12    0.03                           clknet_4_7_0_clk (net)
                  0.07    0.00    0.50 ^ _1087_/CLK (sky130_fd_sc_hd__dfrtp_1)
                          0.25    0.75   clock uncertainty
                         -0.05    0.70   clock reconvergence pessimism
                         -0.03    0.67   library hold time
                                  0.67   data required time
-----------------------------------------------------------------------------
                                  0.67   data required time
                                 -1.01   data arrival time
-----------------------------------------------------------------------------
                                  0.34   slack (MET)


Startpoint: _1094_ (rising edge-triggered flip-flop clocked by clk)
Endpoint: _1094_ (rising edge-triggered flip-flop clocked by clk)
Path Group: clk
Path Type: min

Fanout     Cap    Slew   Delay    Time   Description
-----------------------------------------------------------------------------
                          0.00    0.00   clock clk (rise edge)
                          0.00    0.00   clock source latency
                  0.15    0.10    0.10 ^ clk (in)
     1    0.03                           clk (net)
                  0.15    0.00    0.10 ^ clkbuf_0_clk/A (sky130_fd_sc_hd__clkbuf_16)
                  0.09    0.19    0.29 ^ clkbuf_0_clk/X (sky130_fd_sc_hd__clkbuf_16)
    16    0.07                           clknet_0_clk (net)
                  0.09    0.00    0.29 ^ clkbuf_4_14_0_clk/A (sky130_fd_sc_hd__clkbuf_8)
                  0.06    0.14    0.44 ^ clkbuf_4_14_0_clk/X (sky130_fd_sc_hd__clkbuf_8)
     9    0.02                           clknet_4_14_0_clk (net)
                  0.06    0.00    0.44 ^ _1094_/CLK (sky130_fd_sc_hd__dfrtp_1)
                  0.10    0.34    0.78 ^ _1094_/Q (sky130_fd_sc_hd__dfrtp_1)
     3    0.01                           threshold_reg[1] (net)
                  0.10    0.00    0.78 ^ _0881_/A1 (sky130_fd_sc_hd__mux2_1)
                  0.04    0.13    0.91 ^ _0881_/X (sky130_fd_sc_hd__mux2_1)
     1    0.00                           _0413_ (net)
                  0.04    0.00    0.91 ^ _0882_/A (sky130_fd_sc_hd__clkbuf_1)
                  0.06    0.08    0.99 ^ _0882_/X (sky130_fd_sc_hd__clkbuf_1)
     1    0.00                           _0060_ (net)
                  0.06    0.00    0.99 ^ _1094_/D (sky130_fd_sc_hd__dfrtp_1)
                                  0.99   data arrival time

                          0.00    0.00   clock clk (rise edge)
                          0.00    0.00   clock source latency
                  0.15    0.11    0.11 ^ clk (in)
     1    0.03                           clk (net)
                  0.15    0.00    0.11 ^ clkbuf_0_clk/A (sky130_fd_sc_hd__clkbuf_16)
                  0.09    0.21    0.32 ^ clkbuf_0_clk/X (sky130_fd_sc_hd__clkbuf_16)
    16    0.07                           clknet_0_clk (net)
                  0.09    0.00    0.32 ^ clkbuf_4_14_0_clk/A (sky130_fd_sc_hd__clkbuf_8)
                  0.06    0.16    0.48 ^ clkbuf_4_14_0_clk/X (sky130_fd_sc_hd__clkbuf_8)
     9    0.02                           clknet_4_14_0_clk (net)
                  0.06    0.00    0.48 ^ _1094_/CLK (sky130_fd_sc_hd__dfrtp_1)
                          0.25    0.73   clock uncertainty
                         -0.05    0.69   clock reconvergence pessimism
                         -0.04    0.65   library hold time
                                  0.65   data required time
-----------------------------------------------------------------------------
                                  0.65   data required time
                                 -0.99   data arrival time
-----------------------------------------------------------------------------
                                  0.34   slack (MET)


Startpoint: _1194_ (rising edge-triggered flip-flop clocked by clk)
Endpoint: _1051_ (rising edge-triggered flip-flop clocked by clk)
Path Group: clk
Path Type: min

Fanout     Cap    Slew   Delay    Time   Description
-----------------------------------------------------------------------------
                          0.00    0.00   clock clk (rise edge)
                          0.00    0.00   clock source latency
                  0.15    0.10    0.10 ^ clk (in)
     1    0.03                           clk (net)
                  0.15    0.00    0.10 ^ clkbuf_0_clk/A (sky130_fd_sc_hd__clkbuf_16)
                  0.09    0.19    0.29 ^ clkbuf_0_clk/X (sky130_fd_sc_hd__clkbuf_16)
    16    0.07                           clknet_0_clk (net)
                  0.09    0.00    0.29 ^ clkbuf_4_15_0_clk/A (sky130_fd_sc_hd__clkbuf_8)
                  0.05    0.14    0.43 ^ clkbuf_4_15_0_clk/X (sky130_fd_sc_hd__clkbuf_8)
     6    0.02                           clknet_4_15_0_clk (net)
                  0.05    0.00    0.43 ^ _1194_/CLK (sky130_fd_sc_hd__dfrtp_1)
                  0.07    0.32    0.76 ^ _1194_/Q (sky130_fd_sc_hd__dfrtp_1)
     3    0.01                           loop_sync (net)
                  0.07    0.00    0.76 ^ hold8/A (sky130_fd_sc_hd__buf_1)
                  0.18    0.18    0.93 ^ hold8/X (sky130_fd_sc_hd__buf_1)
     4    0.02                           net90 (net)
                  0.18    0.00    0.93 ^ _0766_/B1 (sky130_fd_sc_hd__a21oi_1)
                  0.05    0.07    1.00 v _0766_/Y (sky130_fd_sc_hd__a21oi_1)
     1    0.00                           _0031_ (net)
                  0.05    0.00    1.00 v _1051_/D (sky130_fd_sc_hd__dfrtp_1)
                                  1.00   data arrival time

                          0.00    0.00   clock clk (rise edge)
                          0.00    0.00   clock source latency
                  0.15    0.11    0.11 ^ clk (in)
     1    0.03                           clk (net)
                  0.15    0.00    0.11 ^ clkbuf_0_clk/A (sky130_fd_sc_hd__clkbuf_16)
                  0.09    0.21    0.32 ^ clkbuf_0_clk/X (sky130_fd_sc_hd__clkbuf_16)
    16    0.07                           clknet_0_clk (net)
                  0.09    0.00    0.32 ^ clkbuf_4_14_0_clk/A (sky130_fd_sc_hd__clkbuf_8)
                  0.06    0.16    0.48 ^ clkbuf_4_14_0_clk/X (sky130_fd_sc_hd__clkbuf_8)
     9    0.02                           clknet_4_14_0_clk (net)
                  0.06    0.00    0.48 ^ _1051_/CLK (sky130_fd_sc_hd__dfrtp_1)
                          0.25    0.73   clock uncertainty
                         -0.03    0.70   clock reconvergence pessimism
                         -0.04    0.66   library hold time
                                  0.66   data required time
-----------------------------------------------------------------------------
                                  0.66   data required time
                                 -1.00   data arrival time
-----------------------------------------------------------------------------
                                  0.34   slack (MET)


Startpoint: _1165_ (rising edge-triggered flip-flop clocked by clk)
Endpoint: _1165_ (rising edge-triggered flip-flop clocked by clk)
Path Group: clk
Path Type: min

Fanout     Cap    Slew   Delay    Time   Description
-----------------------------------------------------------------------------
                          0.00    0.00   clock clk (rise edge)
                          0.00    0.00   clock source latency
                  0.15    0.10    0.10 ^ clk (in)
     1    0.03                           clk (net)
                  0.15    0.00    0.10 ^ clkbuf_0_clk/A (sky130_fd_sc_hd__clkbuf_16)
                  0.09    0.19    0.29 ^ clkbuf_0_clk/X (sky130_fd_sc_hd__clkbuf_16)
    16    0.07                           clknet_0_clk (net)
                  0.09    0.00    0.29 ^ clkbuf_4_5_0_clk/A (sky130_fd_sc_hd__clkbuf_8)
                  0.06    0.15    0.44 ^ clkbuf_4_5_0_clk/X (sky130_fd_sc_hd__clkbuf_8)
     9    0.03                           clknet_4_5_0_clk (net)
                  0.06    0.00    0.44 ^ _1165_/CLK (sky130_fd_sc_hd__dfrtp_1)
                  0.09    0.35    0.79 ^ _1165_/Q (sky130_fd_sc_hd__dfrtp_1)
     4    0.01                           spi_seq_r[1] (net)
                  0.09    0.00    0.79 ^ _1008_/A0 (sky130_fd_sc_hd__mux2_1)
                  0.05    0.13    0.91 ^ _1008_/X (sky130_fd_sc_hd__mux2_1)
     1    0.00                           _0488_ (net)
                  0.05    0.00    0.91 ^ _1009_/A (sky130_fd_sc_hd__clkbuf_1)
                  0.05    0.08    1.00 ^ _1009_/X (sky130_fd_sc_hd__clkbuf_1)
     1    0.00                           _0112_ (net)
                  0.05    0.00    1.00 ^ _1165_/D (sky130_fd_sc_hd__dfrtp_1)
                                  1.00   data arrival time

                          0.00    0.00   clock clk (rise edge)
                          0.00    0.00   clock source latency
                  0.15    0.11    0.11 ^ clk (in)
     1    0.03                           clk (net)
                  0.15    0.00    0.11 ^ clkbuf_0_clk/A (sky130_fd_sc_hd__clkbuf_16)
                  0.09    0.21    0.32 ^ clkbuf_0_clk/X (sky130_fd_sc_hd__clkbuf_16)
    16    0.07                           clknet_0_clk (net)
                  0.09    0.00    0.32 ^ clkbuf_4_5_0_clk/A (sky130_fd_sc_hd__clkbuf_8)
                  0.06    0.16    0.49 ^ clkbuf_4_5_0_clk/X (sky130_fd_sc_hd__clkbuf_8)
     9    0.03                           clknet_4_5_0_clk (net)
                  0.06    0.00    0.49 ^ _1165_/CLK (sky130_fd_sc_hd__dfrtp_1)
                          0.25    0.74   clock uncertainty
                         -0.05    0.69   clock reconvergence pessimism
                         -0.03    0.66   library hold time
                                  0.66   data required time
-----------------------------------------------------------------------------
                                  0.66   data required time
                                 -1.00   data arrival time
-----------------------------------------------------------------------------
                                  0.34   slack (MET)


Startpoint: _1194_ (rising edge-triggered flip-flop clocked by clk)
Endpoint: _1191_ (rising edge-triggered flip-flop clocked by clk)
Path Group: clk
Path Type: min

Fanout     Cap    Slew   Delay    Time   Description
-----------------------------------------------------------------------------
                          0.00    0.00   clock clk (rise edge)
                          0.00    0.00   clock source latency
                  0.15    0.10    0.10 ^ clk (in)
     1    0.03                           clk (net)
                  0.15    0.00    0.10 ^ clkbuf_0_clk/A (sky130_fd_sc_hd__clkbuf_16)
                  0.09    0.19    0.29 ^ clkbuf_0_clk/X (sky130_fd_sc_hd__clkbuf_16)
    16    0.07                           clknet_0_clk (net)
                  0.09    0.00    0.29 ^ clkbuf_4_15_0_clk/A (sky130_fd_sc_hd__clkbuf_8)
                  0.05    0.14    0.43 ^ clkbuf_4_15_0_clk/X (sky130_fd_sc_hd__clkbuf_8)
     6    0.02                           clknet_4_15_0_clk (net)
                  0.05    0.00    0.43 ^ _1194_/CLK (sky130_fd_sc_hd__dfrtp_1)
                  0.07    0.32    0.76 ^ _1194_/Q (sky130_fd_sc_hd__dfrtp_1)
     3    0.01                           loop_sync (net)
                  0.07    0.00    0.76 ^ hold8/A (sky130_fd_sc_hd__buf_1)
                  0.18    0.18    0.93 ^ hold8/X (sky130_fd_sc_hd__buf_1)
     4    0.02                           net90 (net)
                  0.18    0.00    0.93 ^ _0539_/A (sky130_fd_sc_hd__nor2_1)
                  0.04    0.08    1.02 v _0539_/Y (sky130_fd_sc_hd__nor2_1)
     2    0.01                           _0001_ (net)
                  0.04    0.00    1.02 v _1191_/D (sky130_fd_sc_hd__dfrtp_1)
                                  1.02   data arrival time

                          0.00    0.00   clock clk (rise edge)
                          0.00    0.00   clock source latency
                  0.15    0.11    0.11 ^ clk (in)
     1    0.03                           clk (net)
                  0.15    0.00    0.11 ^ clkbuf_0_clk/A (sky130_fd_sc_hd__clkbuf_16)
                  0.09    0.21    0.32 ^ clkbuf_0_clk/X (sky130_fd_sc_hd__clkbuf_16)
    16    0.07                           clknet_0_clk (net)
                  0.09    0.00    0.32 ^ clkbuf_4_11_0_clk/A (sky130_fd_sc_hd__clkbuf_8)
                  0.07    0.17    0.49 ^ clkbuf_4_11_0_clk/X (sky130_fd_sc_hd__clkbuf_8)
    10    0.03                           clknet_4_11_0_clk (net)
                  0.07    0.00    0.49 ^ _1191_/CLK (sky130_fd_sc_hd__dfrtp_1)
                          0.25    0.74   clock uncertainty
                         -0.03    0.71   clock reconvergence pessimism
                         -0.04    0.67   library hold time
                                  0.67   data required time
-----------------------------------------------------------------------------
                                  0.67   data required time
                                 -1.02   data arrival time
-----------------------------------------------------------------------------
                                  0.34   slack (MET)


Startpoint: _1098_ (rising edge-triggered flip-flop clocked by clk)
Endpoint: _1098_ (rising edge-triggered flip-flop clocked by clk)
Path Group: clk
Path Type: min

Fanout     Cap    Slew   Delay    Time   Description
-----------------------------------------------------------------------------
                          0.00    0.00   clock clk (rise edge)
                          0.00    0.00   clock source latency
                  0.15    0.10    0.10 ^ clk (in)
     1    0.03                           clk (net)
                  0.15    0.00    0.10 ^ clkbuf_0_clk/A (sky130_fd_sc_hd__clkbuf_16)
                  0.09    0.19    0.29 ^ clkbuf_0_clk/X (sky130_fd_sc_hd__clkbuf_16)
    16    0.07                           clknet_0_clk (net)
                  0.09    0.00    0.29 ^ clkbuf_4_11_0_clk/A (sky130_fd_sc_hd__clkbuf_8)
                  0.07    0.15    0.44 ^ clkbuf_4_11_0_clk/X (sky130_fd_sc_hd__clkbuf_8)
    10    0.03                           clknet_4_11_0_clk (net)
                  0.07    0.00    0.44 ^ _1098_/CLK (sky130_fd_sc_hd__dfrtp_1)
                  0.10    0.35    0.80 ^ _1098_/Q (sky130_fd_sc_hd__dfrtp_1)
     3    0.01                           ctrl_pulse_mode (net)
                  0.10    0.00    0.80 ^ _0889_/A0 (sky130_fd_sc_hd__mux2_1)
                  0.04    0.13    0.93 ^ _0889_/X (sky130_fd_sc_hd__mux2_1)
     1    0.00                           _0417_ (net)
                  0.04    0.00    0.93 ^ _0890_/A (sky130_fd_sc_hd__clkbuf_1)
                  0.05    0.08    1.01 ^ _0890_/X (sky130_fd_sc_hd__clkbuf_1)
     1    0.00                           _0064_ (net)
                  0.05    0.00    1.01 ^ _1098_/D (sky130_fd_sc_hd__dfrtp_1)
                                  1.01   data arrival time

                          0.00    0.00   clock clk (rise edge)
                          0.00    0.00   clock source latency
                  0.15    0.11    0.11 ^ clk (in)
     1    0.03                           clk (net)
                  0.15    0.00    0.11 ^ clkbuf_0_clk/A (sky130_fd_sc_hd__clkbuf_16)
                  0.09    0.21    0.32 ^ clkbuf_0_clk/X (sky130_fd_sc_hd__clkbuf_16)
    16    0.07                           clknet_0_clk (net)
                  0.09    0.00    0.32 ^ clkbuf_4_11_0_clk/A (sky130_fd_sc_hd__clkbuf_8)
                  0.07    0.17    0.49 ^ clkbuf_4_11_0_clk/X (sky130_fd_sc_hd__clkbuf_8)
    10    0.03                           clknet_4_11_0_clk (net)
                  0.07    0.00    0.49 ^ _1098_/CLK (sky130_fd_sc_hd__dfrtp_1)
                          0.25    0.74   clock uncertainty
                         -0.05    0.69   clock reconvergence pessimism
                         -0.03    0.66   library hold time
                                  0.66   data required time
-----------------------------------------------------------------------------
                                  0.66   data required time
                                 -1.01   data arrival time
-----------------------------------------------------------------------------
                                  0.34   slack (MET)


Startpoint: _1167_ (rising edge-triggered flip-flop clocked by clk)
Endpoint: _1102_ (rising edge-triggered flip-flop clocked by clk)
Path Group: clk
Path Type: min

Fanout     Cap    Slew   Delay    Time   Description
-----------------------------------------------------------------------------
                          0.00    0.00   clock clk (rise edge)
                          0.00    0.00   clock source latency
                  0.15    0.10    0.10 ^ clk (in)
     1    0.03                           clk (net)
                  0.15    0.00    0.10 ^ clkbuf_0_clk/A (sky130_fd_sc_hd__clkbuf_16)
                  0.09    0.19    0.29 ^ clkbuf_0_clk/X (sky130_fd_sc_hd__clkbuf_16)
    16    0.07                           clknet_0_clk (net)
                  0.09    0.00    0.29 ^ clkbuf_4_5_0_clk/A (sky130_fd_sc_hd__clkbuf_8)
                  0.06    0.15    0.44 ^ clkbuf_4_5_0_clk/X (sky130_fd_sc_hd__clkbuf_8)
     9    0.03                           clknet_4_5_0_clk (net)
                  0.06    0.00    0.44 ^ _1167_/CLK (sky130_fd_sc_hd__dfrtp_1)
                  0.11    0.36    0.80 ^ _1167_/Q (sky130_fd_sc_hd__dfrtp_1)
     3    0.01                           spi_seq_r[3] (net)
                  0.11    0.00    0.80 ^ _0897_/A1 (sky130_fd_sc_hd__mux2_1)
                  0.04    0.13    0.93 ^ _0897_/X (sky130_fd_sc_hd__mux2_1)
     1    0.00                           _0421_ (net)
                  0.04    0.00    0.93 ^ _0898_/A (sky130_fd_sc_hd__clkbuf_1)
                  0.05    0.08    1.01 ^ _0898_/X (sky130_fd_sc_hd__clkbuf_1)
     1    0.00                           _0068_ (net)
                  0.05    0.00    1.01 ^ _1102_/D (sky130_fd_sc_hd__dfrtp_1)
                                  1.01   data arrival time

                          0.00    0.00   clock clk (rise edge)
                          0.00    0.00   clock source latency
                  0.15    0.11    0.11 ^ clk (in)
     1    0.03                           clk (net)
                  0.15    0.00    0.11 ^ clkbuf_0_clk/A (sky130_fd_sc_hd__clkbuf_16)
                  0.09    0.21    0.32 ^ clkbuf_0_clk/X (sky130_fd_sc_hd__clkbuf_16)
    16    0.07                           clknet_0_clk (net)
                  0.09    0.00    0.32 ^ clkbuf_4_4_0_clk/A (sky130_fd_sc_hd__clkbuf_8)
                  0.05    0.16    0.48 ^ clkbuf_4_4_0_clk/X (sky130_fd_sc_hd__clkbuf_8)
     7    0.02                           clknet_4_4_0_clk (net)
                  0.05    0.00    0.48 ^ _1102_/CLK (sky130_fd_sc_hd__dfrtp_1)
                          0.25    0.73   clock uncertainty
                         -0.03    0.70   clock reconvergence pessimism
                         -0.03    0.67   library hold time
                                  0.67   data required time
-----------------------------------------------------------------------------
                                  0.67   data required time
                                 -1.01   data arrival time
-----------------------------------------------------------------------------
                                  0.34   slack (MET)


Startpoint: _1088_ (rising edge-triggered flip-flop clocked by clk)
Endpoint: _1088_ (rising edge-triggered flip-flop clocked by clk)
Path Group: clk
Path Type: min

Fanout     Cap    Slew   Delay    Time   Description
-----------------------------------------------------------------------------
                          0.00    0.00   clock clk (rise edge)
                          0.00    0.00   clock source latency
                  0.15    0.10    0.10 ^ clk (in)
     1    0.03                           clk (net)
                  0.15    0.00    0.10 ^ clkbuf_0_clk/A (sky130_fd_sc_hd__clkbuf_16)
                  0.09    0.19    0.29 ^ clkbuf_0_clk/X (sky130_fd_sc_hd__clkbuf_16)
    16    0.07                           clknet_0_clk (net)
                  0.09    0.00    0.29 ^ clkbuf_4_7_0_clk/A (sky130_fd_sc_hd__clkbuf_8)
                  0.07    0.16    0.45 ^ clkbuf_4_7_0_clk/X (sky130_fd_sc_hd__clkbuf_8)
    12    0.03                           clknet_4_7_0_clk (net)
                  0.07    0.00    0.45 ^ _1088_/CLK (sky130_fd_sc_hd__dfrtp_1)
                  0.09    0.35    0.80 ^ _1088_/Q (sky130_fd_sc_hd__dfrtp_1)
     3    0.01                           wifi_timeout[11] (net)
                  0.09    0.00    0.80 ^ _0857_/A1 (sky130_fd_sc_hd__mux2_1)
                  0.05    0.14    0.94 ^ _0857_/X (sky130_fd_sc_hd__mux2_1)
     1    0.00                           _0395_ (net)
                  0.05    0.00    0.94 ^ _0858_/A (sky130_fd_sc_hd__clkbuf_1)
                  0.04    0.08    1.01 ^ _0858_/X (sky130_fd_sc_hd__clkbuf_1)
     1    0.00                           _0054_ (net)
                  0.04    0.00    1.01 ^ _1088_/D (sky130_fd_sc_hd__dfrtp_1)
                                  1.01   data arrival time

                          0.00    0.00   clock clk (rise edge)
                          0.00    0.00   clock source latency
                  0.15    0.11    0.11 ^ clk (in)
     1    0.03                           clk (net)
                  0.15    0.00    0.11 ^ clkbuf_0_clk/A (sky130_fd_sc_hd__clkbuf_16)
                  0.09    0.21    0.32 ^ clkbuf_0_clk/X (sky130_fd_sc_hd__clkbuf_16)
    16    0.07                           clknet_0_clk (net)
                  0.09    0.00    0.32 ^ clkbuf_4_7_0_clk/A (sky130_fd_sc_hd__clkbuf_8)
                  0.07    0.17    0.50 ^ clkbuf_4_7_0_clk/X (sky130_fd_sc_hd__clkbuf_8)
    12    0.03                           clknet_4_7_0_clk (net)
                  0.07    0.00    0.50 ^ _1088_/CLK (sky130_fd_sc_hd__dfrtp_1)
                          0.25    0.75   clock uncertainty
                         -0.05    0.70   clock reconvergence pessimism
                         -0.03    0.67   library hold time
                                  0.67   data required time
-----------------------------------------------------------------------------
                                  0.67   data required time
                                 -1.01   data arrival time
-----------------------------------------------------------------------------
                                  0.34   slack (MET)


Startpoint: _1079_ (rising edge-triggered flip-flop clocked by clk)
Endpoint: _1079_ (rising edge-triggered flip-flop clocked by clk)
Path Group: clk
Path Type: min

Fanout     Cap    Slew   Delay    Time   Description
-----------------------------------------------------------------------------
                          0.00    0.00   clock clk (rise edge)
                          0.00    0.00   clock source latency
                  0.15    0.10    0.10 ^ clk (in)
     1    0.03                           clk (net)
                  0.15    0.00    0.10 ^ clkbuf_0_clk/A (sky130_fd_sc_hd__clkbuf_16)
                  0.09    0.19    0.29 ^ clkbuf_0_clk/X (sky130_fd_sc_hd__clkbuf_16)
    16    0.07                           clknet_0_clk (net)
                  0.09    0.00    0.29 ^ clkbuf_4_13_0_clk/A (sky130_fd_sc_hd__clkbuf_8)
                  0.06    0.15    0.44 ^ clkbuf_4_13_0_clk/X (sky130_fd_sc_hd__clkbuf_8)
     9    0.03                           clknet_4_13_0_clk (net)
                  0.06    0.00    0.44 ^ _1079_/CLK (sky130_fd_sc_hd__dfrtp_1)
                  0.10    0.35    0.80 ^ _1079_/Q (sky130_fd_sc_hd__dfrtp_1)
     4    0.01                           wifi_timeout[2] (net)
                  0.10    0.00    0.80 ^ _0815_/A1 (sky130_fd_sc_hd__mux2_1)
                  0.04    0.13    0.92 ^ _0815_/X (sky130_fd_sc_hd__mux2_1)
     1    0.00                           _0362_ (net)
                  0.04    0.00    0.92 ^ _0816_/A (sky130_fd_sc_hd__clkbuf_1)
                  0.06    0.08    1.00 ^ _0816_/X (sky130_fd_sc_hd__clkbuf_1)
     1    0.00                           _0045_ (net)
                  0.06    0.00    1.00 ^ _1079_/D (sky130_fd_sc_hd__dfrtp_1)
                                  1.00   data arrival time

                          0.00    0.00   clock clk (rise edge)
                          0.00    0.00   clock source latency
                  0.15    0.11    0.11 ^ clk (in)
     1    0.03                           clk (net)
                  0.15    0.00    0.11 ^ clkbuf_0_clk/A (sky130_fd_sc_hd__clkbuf_16)
                  0.09    0.21    0.32 ^ clkbuf_0_clk/X (sky130_fd_sc_hd__clkbuf_16)
    16    0.07                           clknet_0_clk (net)
                  0.09    0.00    0.32 ^ clkbuf_4_13_0_clk/A (sky130_fd_sc_hd__clkbuf_8)
                  0.06    0.16    0.49 ^ clkbuf_4_13_0_clk/X (sky130_fd_sc_hd__clkbuf_8)
     9    0.03                           clknet_4_13_0_clk (net)
                  0.06    0.00    0.49 ^ _1079_/CLK (sky130_fd_sc_hd__dfrtp_1)
                          0.25    0.74   clock uncertainty
                         -0.05    0.69   clock reconvergence pessimism
                         -0.03    0.66   library hold time
                                  0.66   data required time
-----------------------------------------------------------------------------
                                  0.66   data required time
                                 -1.00   data arrival time
-----------------------------------------------------------------------------
                                  0.35   slack (MET)


Startpoint: _1171_ (rising edge-triggered flip-flop clocked by clk)
Endpoint: _1171_ (rising edge-triggered flip-flop clocked by clk)
Path Group: clk
Path Type: min

Fanout     Cap    Slew   Delay    Time   Description
-----------------------------------------------------------------------------
                          0.00    0.00   clock clk (rise edge)
                          0.00    0.00   clock source latency
                  0.15    0.10    0.10 ^ clk (in)
     1    0.03                           clk (net)
                  0.15    0.00    0.10 ^ clkbuf_0_clk/A (sky130_fd_sc_hd__clkbuf_16)
                  0.09    0.19    0.29 ^ clkbuf_0_clk/X (sky130_fd_sc_hd__clkbuf_16)
    16    0.07                           clknet_0_clk (net)
                  0.09    0.00    0.29 ^ clkbuf_4_6_0_clk/A (sky130_fd_sc_hd__clkbuf_8)
                  0.06    0.14    0.44 ^ clkbuf_4_6_0_clk/X (sky130_fd_sc_hd__clkbuf_8)
     8    0.02                           clknet_4_6_0_clk (net)
                  0.06    0.00    0.44 ^ _1171_/CLK (sky130_fd_sc_hd__dfrtp_1)
                  0.10    0.35    0.79 ^ _1171_/Q (sky130_fd_sc_hd__dfrtp_1)
     3    0.01                           spi_seq_r[7] (net)
                  0.10    0.00    0.79 ^ _1020_/A0 (sky130_fd_sc_hd__mux2_1)
                  0.05    0.13    0.92 ^ _1020_/X (sky130_fd_sc_hd__mux2_1)
     1    0.00                           _0494_ (net)
                  0.05    0.00    0.92 ^ _1021_/A (sky130_fd_sc_hd__clkbuf_1)
                  0.05    0.08    1.00 ^ _1021_/X (sky130_fd_sc_hd__clkbuf_1)
     1    0.00                           _0118_ (net)
                  0.05    0.00    1.00 ^ _1171_/D (sky130_fd_sc_hd__dfrtp_1)
                                  1.00   data arrival time

                          0.00    0.00   clock clk (rise edge)
                          0.00    0.00   clock source latency
                  0.15    0.11    0.11 ^ clk (in)
     1    0.03                           clk (net)
                  0.15    0.00    0.11 ^ clkbuf_0_clk/A (sky130_fd_sc_hd__clkbuf_16)
                  0.09    0.21    0.32 ^ clkbuf_0_clk/X (sky130_fd_sc_hd__clkbuf_16)
    16    0.07                           clknet_0_clk (net)
                  0.09    0.00    0.32 ^ clkbuf_4_6_0_clk/A (sky130_fd_sc_hd__clkbuf_8)
                  0.06    0.16    0.48 ^ clkbuf_4_6_0_clk/X (sky130_fd_sc_hd__clkbuf_8)
     8    0.02                           clknet_4_6_0_clk (net)
                  0.06    0.00    0.48 ^ _1171_/CLK (sky130_fd_sc_hd__dfrtp_1)
                          0.25    0.73   clock uncertainty
                         -0.05    0.69   clock reconvergence pessimism
                         -0.03    0.65   library hold time
                                  0.65   data required time
-----------------------------------------------------------------------------
                                  0.65   data required time
                                 -1.00   data arrival time
-----------------------------------------------------------------------------
                                  0.35   slack (MET)


Startpoint: _1080_ (rising edge-triggered flip-flop clocked by clk)
Endpoint: _1080_ (rising edge-triggered flip-flop clocked by clk)
Path Group: clk
Path Type: min

Fanout     Cap    Slew   Delay    Time   Description
-----------------------------------------------------------------------------
                          0.00    0.00   clock clk (rise edge)
                          0.00    0.00   clock source latency
                  0.15    0.10    0.10 ^ clk (in)
     1    0.03                           clk (net)
                  0.15    0.00    0.10 ^ clkbuf_0_clk/A (sky130_fd_sc_hd__clkbuf_16)
                  0.09    0.19    0.29 ^ clkbuf_0_clk/X (sky130_fd_sc_hd__clkbuf_16)
    16    0.07                           clknet_0_clk (net)
                  0.09    0.00    0.29 ^ clkbuf_4_13_0_clk/A (sky130_fd_sc_hd__clkbuf_8)
                  0.06    0.15    0.44 ^ clkbuf_4_13_0_clk/X (sky130_fd_sc_hd__clkbuf_8)
     9    0.03                           clknet_4_13_0_clk (net)
                  0.06    0.00    0.44 ^ _1080_/CLK (sky130_fd_sc_hd__dfrtp_1)
                  0.09    0.35    0.79 ^ _1080_/Q (sky130_fd_sc_hd__dfrtp_1)
     3    0.01                           wifi_timeout[3] (net)
                  0.09    0.00    0.79 ^ _0819_/A1 (sky130_fd_sc_hd__mux2_1)
                  0.04    0.13    0.92 ^ _0819_/X (sky130_fd_sc_hd__mux2_1)
     1    0.00                           _0365_ (net)
                  0.04    0.00    0.92 ^ _0820_/A (sky130_fd_sc_hd__clkbuf_1)
                  0.06    0.09    1.01 ^ _0820_/X (sky130_fd_sc_hd__clkbuf_1)
     1    0.00                           _0046_ (net)
                  0.06    0.00    1.01 ^ _1080_/D (sky130_fd_sc_hd__dfrtp_1)
                                  1.01   data arrival time

                          0.00    0.00   clock clk (rise edge)
                          0.00    0.00   clock source latency
                  0.15    0.11    0.11 ^ clk (in)
     1    0.03                           clk (net)
                  0.15    0.00    0.11 ^ clkbuf_0_clk/A (sky130_fd_sc_hd__clkbuf_16)
                  0.09    0.21    0.32 ^ clkbuf_0_clk/X (sky130_fd_sc_hd__clkbuf_16)
    16    0.07                           clknet_0_clk (net)
                  0.09    0.00    0.32 ^ clkbuf_4_13_0_clk/A (sky130_fd_sc_hd__clkbuf_8)
                  0.06    0.16    0.49 ^ clkbuf_4_13_0_clk/X (sky130_fd_sc_hd__clkbuf_8)
     9    0.03                           clknet_4_13_0_clk (net)
                  0.06    0.00    0.49 ^ _1080_/CLK (sky130_fd_sc_hd__dfrtp_1)
                          0.25    0.74   clock uncertainty
                         -0.05    0.69   clock reconvergence pessimism
                         -0.04    0.66   library hold time
                                  0.66   data required time
-----------------------------------------------------------------------------
                                  0.66   data required time
                                 -1.01   data arrival time
-----------------------------------------------------------------------------
                                  0.35   slack (MET)


Startpoint: _1167_ (rising edge-triggered flip-flop clocked by clk)
Endpoint: _1167_ (rising edge-triggered flip-flop clocked by clk)
Path Group: clk
Path Type: min

Fanout     Cap    Slew   Delay    Time   Description
-----------------------------------------------------------------------------
                          0.00    0.00   clock clk (rise edge)
                          0.00    0.00   clock source latency
                  0.15    0.10    0.10 ^ clk (in)
     1    0.03                           clk (net)
                  0.15    0.00    0.10 ^ clkbuf_0_clk/A (sky130_fd_sc_hd__clkbuf_16)
                  0.09    0.19    0.29 ^ clkbuf_0_clk/X (sky130_fd_sc_hd__clkbuf_16)
    16    0.07                           clknet_0_clk (net)
                  0.09    0.00    0.29 ^ clkbuf_4_5_0_clk/A (sky130_fd_sc_hd__clkbuf_8)
                  0.06    0.15    0.44 ^ clkbuf_4_5_0_clk/X (sky130_fd_sc_hd__clkbuf_8)
     9    0.03                           clknet_4_5_0_clk (net)
                  0.06    0.00    0.44 ^ _1167_/CLK (sky130_fd_sc_hd__dfrtp_1)
                  0.11    0.36    0.80 ^ _1167_/Q (sky130_fd_sc_hd__dfrtp_1)
     3    0.01                           spi_seq_r[3] (net)
                  0.11    0.00    0.80 ^ _1012_/A0 (sky130_fd_sc_hd__mux2_1)
                  0.05    0.14    0.93 ^ _1012_/X (sky130_fd_sc_hd__mux2_1)
     1    0.00                           _0490_ (net)
                  0.05    0.00    0.93 ^ _1013_/A (sky130_fd_sc_hd__clkbuf_1)
                  0.04    0.07    1.01 ^ _1013_/X (sky130_fd_sc_hd__clkbuf_1)
     1    0.00                           _0114_ (net)
                  0.04    0.00    1.01 ^ _1167_/D (sky130_fd_sc_hd__dfrtp_1)
                                  1.01   data arrival time

                          0.00    0.00   clock clk (rise edge)
                          0.00    0.00   clock source latency
                  0.15    0.11    0.11 ^ clk (in)
     1    0.03                           clk (net)
                  0.15    0.00    0.11 ^ clkbuf_0_clk/A (sky130_fd_sc_hd__clkbuf_16)
                  0.09    0.21    0.32 ^ clkbuf_0_clk/X (sky130_fd_sc_hd__clkbuf_16)
    16    0.07                           clknet_0_clk (net)
                  0.09    0.00    0.32 ^ clkbuf_4_5_0_clk/A (sky130_fd_sc_hd__clkbuf_8)
                  0.06    0.16    0.49 ^ clkbuf_4_5_0_clk/X (sky130_fd_sc_hd__clkbuf_8)
     9    0.03                           clknet_4_5_0_clk (net)
                  0.06    0.00    0.49 ^ _1167_/CLK (sky130_fd_sc_hd__dfrtp_1)
                          0.25    0.74   clock uncertainty
                         -0.05    0.69   clock reconvergence pessimism
                         -0.03    0.66   library hold time
                                  0.66   data required time
-----------------------------------------------------------------------------
                                  0.66   data required time
                                 -1.01   data arrival time
-----------------------------------------------------------------------------
                                  0.35   slack (MET)


Startpoint: _1090_ (rising edge-triggered flip-flop clocked by clk)
Endpoint: _1090_ (rising edge-triggered flip-flop clocked by clk)
Path Group: clk
Path Type: min

Fanout     Cap    Slew   Delay    Time   Description
-----------------------------------------------------------------------------
                          0.00    0.00   clock clk (rise edge)
                          0.00    0.00   clock source latency
                  0.15    0.10    0.10 ^ clk (in)
     1    0.03                           clk (net)
                  0.15    0.00    0.10 ^ clkbuf_0_clk/A (sky130_fd_sc_hd__clkbuf_16)
                  0.09    0.19    0.29 ^ clkbuf_0_clk/X (sky130_fd_sc_hd__clkbuf_16)
    16    0.07                           clknet_0_clk (net)
                  0.09    0.00    0.29 ^ clkbuf_4_7_0_clk/A (sky130_fd_sc_hd__clkbuf_8)
                  0.07    0.16    0.45 ^ clkbuf_4_7_0_clk/X (sky130_fd_sc_hd__clkbuf_8)
    12    0.03                           clknet_4_7_0_clk (net)
                  0.07    0.00    0.45 ^ _1090_/CLK (sky130_fd_sc_hd__dfrtp_1)
                  0.10    0.35    0.80 ^ _1090_/Q (sky130_fd_sc_hd__dfrtp_1)
     3    0.01                           wifi_timeout[13] (net)
                  0.10    0.00    0.80 ^ _0866_/A1 (sky130_fd_sc_hd__mux2_1)
                  0.05    0.14    0.94 ^ _0866_/X (sky130_fd_sc_hd__mux2_1)
     1    0.00                           _0402_ (net)
                  0.05    0.00    0.94 ^ _0867_/A (sky130_fd_sc_hd__clkbuf_1)
                  0.05    0.08    1.02 ^ _0867_/X (sky130_fd_sc_hd__clkbuf_1)
     1    0.00                           _0056_ (net)
                  0.05    0.00    1.02 ^ _1090_/D (sky130_fd_sc_hd__dfrtp_1)
                                  1.02   data arrival time

                          0.00    0.00   clock clk (rise edge)
                          0.00    0.00   clock source latency
                  0.15    0.11    0.11 ^ clk (in)
     1    0.03                           clk (net)
                  0.15    0.00    0.11 ^ clkbuf_0_clk/A (sky130_fd_sc_hd__clkbuf_16)
                  0.09    0.21    0.32 ^ clkbuf_0_clk/X (sky130_fd_sc_hd__clkbuf_16)
    16    0.07                           clknet_0_clk (net)
                  0.09    0.00    0.32 ^ clkbuf_4_7_0_clk/A (sky130_fd_sc_hd__clkbuf_8)
                  0.07    0.17    0.50 ^ clkbuf_4_7_0_clk/X (sky130_fd_sc_hd__clkbuf_8)
    12    0.03                           clknet_4_7_0_clk (net)
                  0.07    0.00    0.50 ^ _1090_/CLK (sky130_fd_sc_hd__dfrtp_1)
                          0.25    0.75   clock uncertainty
                         -0.05    0.70   clock reconvergence pessimism
                         -0.03    0.67   library hold time
                                  0.67   data required time
-----------------------------------------------------------------------------
                                  0.67   data required time
                                 -1.02   data arrival time
-----------------------------------------------------------------------------
                                  0.35   slack (MET)


Startpoint: _1126_ (rising edge-triggered flip-flop clocked by clk)
Endpoint: _1126_ (rising edge-triggered flip-flop clocked by clk)
Path Group: clk
Path Type: min

Fanout     Cap    Slew   Delay    Time   Description
-----------------------------------------------------------------------------
                          0.00    0.00   clock clk (rise edge)
                          0.00    0.00   clock source latency
                  0.15    0.10    0.10 ^ clk (in)
     1    0.03                           clk (net)
                  0.15    0.00    0.10 ^ clkbuf_0_clk/A (sky130_fd_sc_hd__clkbuf_16)
                  0.09    0.19    0.29 ^ clkbuf_0_clk/X (sky130_fd_sc_hd__clkbuf_16)
    16    0.07                           clknet_0_clk (net)
                  0.09    0.00    0.29 ^ clkbuf_4_8_0_clk/A (sky130_fd_sc_hd__clkbuf_8)
                  0.05    0.14    0.43 ^ clkbuf_4_8_0_clk/X (sky130_fd_sc_hd__clkbuf_8)
     9    0.02                           clknet_4_8_0_clk (net)
                  0.05    0.00    0.43 ^ _1126_/CLK (sky130_fd_sc_hd__dfrtp_1)
                  0.08    0.33    0.76 ^ _1126_/Q (sky130_fd_sc_hd__dfrtp_1)
     3    0.01                           spi_lockout_timer[13] (net)
                  0.08    0.00    0.76 ^ _0744_/B1 (sky130_fd_sc_hd__o31a_1)
                  0.05    0.12    0.88 ^ _0744_/X (sky130_fd_sc_hd__o31a_1)
     1    0.00                           _0312_ (net)
                  0.05    0.00    0.88 ^ _0747_/A1 (sky130_fd_sc_hd__o21a_1)
                  0.04    0.11    0.99 ^ _0747_/X (sky130_fd_sc_hd__o21a_1)
     1    0.00                           _0008_ (net)
                  0.04    0.00    0.99 ^ _1126_/D (sky130_fd_sc_hd__dfrtp_1)
                                  0.99   data arrival time

                          0.00    0.00   clock clk (rise edge)
                          0.00    0.00   clock source latency
                  0.15    0.11    0.11 ^ clk (in)
     1    0.03                           clk (net)
                  0.15    0.00    0.11 ^ clkbuf_0_clk/A (sky130_fd_sc_hd__clkbuf_16)
                  0.09    0.21    0.32 ^ clkbuf_0_clk/X (sky130_fd_sc_hd__clkbuf_16)
    16    0.07                           clknet_0_clk (net)
                  0.09    0.00    0.32 ^ clkbuf_4_8_0_clk/A (sky130_fd_sc_hd__clkbuf_8)
                  0.05    0.15    0.47 ^ clkbuf_4_8_0_clk/X (sky130_fd_sc_hd__clkbuf_8)
     9    0.02                           clknet_4_8_0_clk (net)
                  0.05    0.00    0.47 ^ _1126_/CLK (sky130_fd_sc_hd__dfrtp_1)
                          0.25    0.72   clock uncertainty
                         -0.05    0.68   clock reconvergence pessimism
                         -0.03    0.64   library hold time
                                  0.64   data required time
-----------------------------------------------------------------------------
                                  0.64   data required time
                                 -0.99   data arrival time
-----------------------------------------------------------------------------
                                  0.35   slack (MET)


Startpoint: _1168_ (rising edge-triggered flip-flop clocked by clk)
Endpoint: _1168_ (rising edge-triggered flip-flop clocked by clk)
Path Group: clk
Path Type: min

Fanout     Cap    Slew   Delay    Time   Description
-----------------------------------------------------------------------------
                          0.00    0.00   clock clk (rise edge)
                          0.00    0.00   clock source latency
                  0.15    0.10    0.10 ^ clk (in)
     1    0.03                           clk (net)
                  0.15    0.00    0.10 ^ clkbuf_0_clk/A (sky130_fd_sc_hd__clkbuf_16)
                  0.09    0.19    0.29 ^ clkbuf_0_clk/X (sky130_fd_sc_hd__clkbuf_16)
    16    0.07                           clknet_0_clk (net)
                  0.09    0.00    0.29 ^ clkbuf_4_4_0_clk/A (sky130_fd_sc_hd__clkbuf_8)
                  0.05    0.14    0.43 ^ clkbuf_4_4_0_clk/X (sky130_fd_sc_hd__clkbuf_8)
     7    0.02                           clknet_4_4_0_clk (net)
                  0.05    0.00    0.44 ^ _1168_/CLK (sky130_fd_sc_hd__dfrtp_1)
                  0.11    0.36    0.79 ^ _1168_/Q (sky130_fd_sc_hd__dfrtp_1)
     4    0.01                           spi_seq_r[4] (net)
                  0.11    0.00    0.79 ^ _1014_/A0 (sky130_fd_sc_hd__mux2_1)
                  0.05    0.14    0.93 ^ _1014_/X (sky130_fd_sc_hd__mux2_1)
     1    0.00                           _0491_ (net)
                  0.05    0.00    0.93 ^ _1015_/A (sky130_fd_sc_hd__clkbuf_1)
                  0.04    0.07    1.00 ^ _1015_/X (sky130_fd_sc_hd__clkbuf_1)
     1    0.00                           _0115_ (net)
                  0.04    0.00    1.00 ^ _1168_/D (sky130_fd_sc_hd__dfrtp_1)
                                  1.00   data arrival time

                          0.00    0.00   clock clk (rise edge)
                          0.00    0.00   clock source latency
                  0.15    0.11    0.11 ^ clk (in)
     1    0.03                           clk (net)
                  0.15    0.00    0.11 ^ clkbuf_0_clk/A (sky130_fd_sc_hd__clkbuf_16)
                  0.09    0.21    0.32 ^ clkbuf_0_clk/X (sky130_fd_sc_hd__clkbuf_16)
    16    0.07                           clknet_0_clk (net)
                  0.09    0.00    0.32 ^ clkbuf_4_4_0_clk/A (sky130_fd_sc_hd__clkbuf_8)
                  0.05    0.16    0.48 ^ clkbuf_4_4_0_clk/X (sky130_fd_sc_hd__clkbuf_8)
     7    0.02                           clknet_4_4_0_clk (net)
                  0.05    0.00    0.48 ^ _1168_/CLK (sky130_fd_sc_hd__dfrtp_1)
                          0.25    0.73   clock uncertainty
                         -0.05    0.69   clock reconvergence pessimism
                         -0.03    0.65   library hold time
                                  0.65   data required time
-----------------------------------------------------------------------------
                                  0.65   data required time
                                 -1.00   data arrival time
-----------------------------------------------------------------------------
                                  0.35   slack (MET)


Startpoint: _1085_ (rising edge-triggered flip-flop clocked by clk)
Endpoint: _1085_ (rising edge-triggered flip-flop clocked by clk)
Path Group: clk
Path Type: min

Fanout     Cap    Slew   Delay    Time   Description
-----------------------------------------------------------------------------
                          0.00    0.00   clock clk (rise edge)
                          0.00    0.00   clock source latency
                  0.15    0.10    0.10 ^ clk (in)
     1    0.03                           clk (net)
                  0.15    0.00    0.10 ^ clkbuf_0_clk/A (sky130_fd_sc_hd__clkbuf_16)
                  0.09    0.19    0.29 ^ clkbuf_0_clk/X (sky130_fd_sc_hd__clkbuf_16)
    16    0.07                           clknet_0_clk (net)
                  0.09    0.00    0.29 ^ clkbuf_4_13_0_clk/A (sky130_fd_sc_hd__clkbuf_8)
                  0.06    0.15    0.44 ^ clkbuf_4_13_0_clk/X (sky130_fd_sc_hd__clkbuf_8)
     9    0.03                           clknet_4_13_0_clk (net)
                  0.06    0.00    0.44 ^ _1085_/CLK (sky130_fd_sc_hd__dfrtp_2)
                  0.08    0.36    0.81 ^ _1085_/Q (sky130_fd_sc_hd__dfrtp_2)
     6    0.01                           wifi_timeout[8] (net)
                  0.08    0.00    0.81 ^ _0843_/A1 (sky130_fd_sc_hd__mux2_1)
                  0.05    0.13    0.94 ^ _0843_/X (sky130_fd_sc_hd__mux2_1)
     1    0.00                           _0384_ (net)
                  0.05    0.00    0.94 ^ _0844_/A (sky130_fd_sc_hd__clkbuf_1)
                  0.04    0.08    1.01 ^ _0844_/X (sky130_fd_sc_hd__clkbuf_1)
     1    0.00                           _0051_ (net)
                  0.04    0.00    1.01 ^ _1085_/D (sky130_fd_sc_hd__dfrtp_2)
                                  1.01   data arrival time

                          0.00    0.00   clock clk (rise edge)
                          0.00    0.00   clock source latency
                  0.15    0.11    0.11 ^ clk (in)
     1    0.03                           clk (net)
                  0.15    0.00    0.11 ^ clkbuf_0_clk/A (sky130_fd_sc_hd__clkbuf_16)
                  0.09    0.21    0.32 ^ clkbuf_0_clk/X (sky130_fd_sc_hd__clkbuf_16)
    16    0.07                           clknet_0_clk (net)
                  0.09    0.00    0.32 ^ clkbuf_4_13_0_clk/A (sky130_fd_sc_hd__clkbuf_8)
                  0.06    0.16    0.49 ^ clkbuf_4_13_0_clk/X (sky130_fd_sc_hd__clkbuf_8)
     9    0.03                           clknet_4_13_0_clk (net)
                  0.06    0.00    0.49 ^ _1085_/CLK (sky130_fd_sc_hd__dfrtp_2)
                          0.25    0.74   clock uncertainty
                         -0.05    0.69   clock reconvergence pessimism
                         -0.03    0.66   library hold time
                                  0.66   data required time
-----------------------------------------------------------------------------
                                  0.66   data required time
                                 -1.01   data arrival time
-----------------------------------------------------------------------------
                                  0.35   slack (MET)


Startpoint: _1187_ (rising edge-triggered flip-flop clocked by clk)
Endpoint: _1134_ (rising edge-triggered flip-flop clocked by clk)
Path Group: clk
Path Type: min

Fanout     Cap    Slew   Delay    Time   Description
-----------------------------------------------------------------------------
                          0.00    0.00   clock clk (rise edge)
                          0.00    0.00   clock source latency
                  0.15    0.10    0.10 ^ clk (in)
     1    0.03                           clk (net)
                  0.15    0.00    0.10 ^ clkbuf_0_clk/A (sky130_fd_sc_hd__clkbuf_16)
                  0.09    0.19    0.29 ^ clkbuf_0_clk/X (sky130_fd_sc_hd__clkbuf_16)
    16    0.07                           clknet_0_clk (net)
                  0.09    0.00    0.29 ^ clkbuf_4_1_0_clk/A (sky130_fd_sc_hd__clkbuf_8)
                  0.06    0.15    0.44 ^ clkbuf_4_1_0_clk/X (sky130_fd_sc_hd__clkbuf_8)
     8    0.03                           clknet_4_1_0_clk (net)
                  0.06    0.00    0.44 ^ _1187_/CLK (sky130_fd_sc_hd__dfstp_2)
                  0.06    0.38    0.82 v _1187_/Q (sky130_fd_sc_hd__dfstp_2)
     6    0.02                           spi_cs_s2 (net)
                  0.06    0.00    0.82 v _0927_/A (sky130_fd_sc_hd__nor3_1)
                  0.14    0.17    0.99 ^ _0927_/Y (sky130_fd_sc_hd__nor3_1)
     1    0.00                           _0081_ (net)
                  0.14    0.00    0.99 ^ _1134_/D (sky130_fd_sc_hd__dfrtp_1)
                                  0.99   data arrival time

                          0.00    0.00   clock clk (rise edge)
                          0.00    0.00   clock source latency
                  0.15    0.11    0.11 ^ clk (in)
     1    0.03                           clk (net)
                  0.15    0.00    0.11 ^ clkbuf_0_clk/A (sky130_fd_sc_hd__clkbuf_16)
                  0.09    0.21    0.32 ^ clkbuf_0_clk/X (sky130_fd_sc_hd__clkbuf_16)
    16    0.07                           clknet_0_clk (net)
                  0.09    0.00    0.32 ^ clkbuf_4_1_0_clk/A (sky130_fd_sc_hd__clkbuf_8)
                  0.06    0.16    0.48 ^ clkbuf_4_1_0_clk/X (sky130_fd_sc_hd__clkbuf_8)
     8    0.03                           clknet_4_1_0_clk (net)
                  0.06    0.00    0.49 ^ _1134_/CLK (sky130_fd_sc_hd__dfrtp_1)
                          0.25    0.74   clock uncertainty
                         -0.05    0.69   clock reconvergence pessimism
                         -0.05    0.64   library hold time
                                  0.64   data required time
-----------------------------------------------------------------------------
                                  0.64   data required time
                                 -0.99   data arrival time
-----------------------------------------------------------------------------
                                  0.35   slack (MET)


Startpoint: _1083_ (rising edge-triggered flip-flop clocked by clk)
Endpoint: _1083_ (rising edge-triggered flip-flop clocked by clk)
Path Group: clk
Path Type: min

Fanout     Cap    Slew   Delay    Time   Description
-----------------------------------------------------------------------------
                          0.00    0.00   clock clk (rise edge)
                          0.00    0.00   clock source latency
                  0.15    0.10    0.10 ^ clk (in)
     1    0.03                           clk (net)
                  0.15    0.00    0.10 ^ clkbuf_0_clk/A (sky130_fd_sc_hd__clkbuf_16)
                  0.09    0.19    0.29 ^ clkbuf_0_clk/X (sky130_fd_sc_hd__clkbuf_16)
    16    0.07                           clknet_0_clk (net)
                  0.09    0.00    0.29 ^ clkbuf_4_15_0_clk/A (sky130_fd_sc_hd__clkbuf_8)
                  0.05    0.14    0.43 ^ clkbuf_4_15_0_clk/X (sky130_fd_sc_hd__clkbuf_8)
     6    0.02                           clknet_4_15_0_clk (net)
                  0.05    0.00    0.43 ^ _1083_/CLK (sky130_fd_sc_hd__dfrtp_1)
                  0.11    0.35    0.79 ^ _1083_/Q (sky130_fd_sc_hd__dfrtp_1)
     4    0.01                           wifi_timeout[6] (net)
                  0.11    0.00    0.79 ^ _0834_/A1 (sky130_fd_sc_hd__mux2_1)
                  0.04    0.13    0.92 ^ _0834_/X (sky130_fd_sc_hd__mux2_1)
     1    0.00                           _0377_ (net)
                  0.04    0.00    0.92 ^ _0835_/A (sky130_fd_sc_hd__clkbuf_1)
                  0.06    0.08    1.00 ^ _0835_/X (sky130_fd_sc_hd__clkbuf_1)
     1    0.00                           _0049_ (net)
                  0.06    0.00    1.00 ^ _1083_/D (sky130_fd_sc_hd__dfrtp_1)
                                  1.00   data arrival time

                          0.00    0.00   clock clk (rise edge)
                          0.00    0.00   clock source latency
                  0.15    0.11    0.11 ^ clk (in)
     1    0.03                           clk (net)
                  0.15    0.00    0.11 ^ clkbuf_0_clk/A (sky130_fd_sc_hd__clkbuf_16)
                  0.09    0.21    0.32 ^ clkbuf_0_clk/X (sky130_fd_sc_hd__clkbuf_16)
    16    0.07                           clknet_0_clk (net)
                  0.09    0.00    0.32 ^ clkbuf_4_15_0_clk/A (sky130_fd_sc_hd__clkbuf_8)
                  0.05    0.15    0.48 ^ clkbuf_4_15_0_clk/X (sky130_fd_sc_hd__clkbuf_8)
     6    0.02                           clknet_4_15_0_clk (net)
                  0.05    0.00    0.48 ^ _1083_/CLK (sky130_fd_sc_hd__dfrtp_1)
                          0.25    0.73   clock uncertainty
                         -0.05    0.68   clock reconvergence pessimism
                         -0.04    0.65   library hold time
                                  0.65   data required time
-----------------------------------------------------------------------------
                                  0.65   data required time
                                 -1.00   data arrival time
-----------------------------------------------------------------------------
                                  0.35   slack (MET)


Startpoint: _1082_ (rising edge-triggered flip-flop clocked by clk)
Endpoint: _1082_ (rising edge-triggered flip-flop clocked by clk)
Path Group: clk
Path Type: min

Fanout     Cap    Slew   Delay    Time   Description
-----------------------------------------------------------------------------
                          0.00    0.00   clock clk (rise edge)
                          0.00    0.00   clock source latency
                  0.15    0.10    0.10 ^ clk (in)
     1    0.03                           clk (net)
                  0.15    0.00    0.10 ^ clkbuf_0_clk/A (sky130_fd_sc_hd__clkbuf_16)
                  0.09    0.19    0.29 ^ clkbuf_0_clk/X (sky130_fd_sc_hd__clkbuf_16)
    16    0.07                           clknet_0_clk (net)
                  0.09    0.00    0.29 ^ clkbuf_4_15_0_clk/A (sky130_fd_sc_hd__clkbuf_8)
                  0.05    0.14    0.43 ^ clkbuf_4_15_0_clk/X (sky130_fd_sc_hd__clkbuf_8)
     6    0.02                           clknet_4_15_0_clk (net)
                  0.05    0.00    0.43 ^ _1082_/CLK (sky130_fd_sc_hd__dfrtp_1)
                  0.10    0.35    0.78 ^ _1082_/Q (sky130_fd_sc_hd__dfrtp_1)
     4    0.01                           wifi_timeout[5] (net)
                  0.10    0.00    0.78 ^ _0829_/A1 (sky130_fd_sc_hd__mux2_1)
                  0.05    0.13    0.91 ^ _0829_/X (sky130_fd_sc_hd__mux2_1)
     1    0.00                           _0373_ (net)
                  0.05    0.00    0.91 ^ _0830_/A (sky130_fd_sc_hd__clkbuf_1)
                  0.06    0.09    1.00 ^ _0830_/X (sky130_fd_sc_hd__clkbuf_1)
     1    0.00                           _0048_ (net)
                  0.06    0.00    1.00 ^ _1082_/D (sky130_fd_sc_hd__dfrtp_1)
                                  1.00   data arrival time

                          0.00    0.00   clock clk (rise edge)
                          0.00    0.00   clock source latency
                  0.15    0.11    0.11 ^ clk (in)
     1    0.03                           clk (net)
                  0.15    0.00    0.11 ^ clkbuf_0_clk/A (sky130_fd_sc_hd__clkbuf_16)
                  0.09    0.21    0.32 ^ clkbuf_0_clk/X (sky130_fd_sc_hd__clkbuf_16)
    16    0.07                           clknet_0_clk (net)
                  0.09    0.00    0.32 ^ clkbuf_4_15_0_clk/A (sky130_fd_sc_hd__clkbuf_8)
                  0.05    0.15    0.48 ^ clkbuf_4_15_0_clk/X (sky130_fd_sc_hd__clkbuf_8)
     6    0.02                           clknet_4_15_0_clk (net)
                  0.05    0.00    0.48 ^ _1082_/CLK (sky130_fd_sc_hd__dfrtp_1)
                          0.25    0.73   clock uncertainty
                         -0.05    0.68   clock reconvergence pessimism
                         -0.04    0.65   library hold time
                                  0.65   data required time
-----------------------------------------------------------------------------
                                  0.65   data required time
                                 -1.00   data arrival time
-----------------------------------------------------------------------------
                                  0.35   slack (MET)


Startpoint: _1166_ (rising edge-triggered flip-flop clocked by clk)
Endpoint: _1166_ (rising edge-triggered flip-flop clocked by clk)
Path Group: clk
Path Type: min

Fanout     Cap    Slew   Delay    Time   Description
-----------------------------------------------------------------------------
                          0.00    0.00   clock clk (rise edge)
                          0.00    0.00   clock source latency
                  0.15    0.10    0.10 ^ clk (in)
     1    0.03                           clk (net)
                  0.15    0.00    0.10 ^ clkbuf_0_clk/A (sky130_fd_sc_hd__clkbuf_16)
                  0.09    0.19    0.29 ^ clkbuf_0_clk/X (sky130_fd_sc_hd__clkbuf_16)
    16    0.07                           clknet_0_clk (net)
                  0.09    0.00    0.29 ^ clkbuf_4_4_0_clk/A (sky130_fd_sc_hd__clkbuf_8)
                  0.05    0.14    0.43 ^ clkbuf_4_4_0_clk/X (sky130_fd_sc_hd__clkbuf_8)
     7    0.02                           clknet_4_4_0_clk (net)
                  0.05    0.00    0.44 ^ _1166_/CLK (sky130_fd_sc_hd__dfrtp_1)
                  0.10    0.35    0.78 ^ _1166_/Q (sky130_fd_sc_hd__dfrtp_1)
     4    0.01                           spi_seq_r[2] (net)
                  0.10    0.00    0.78 ^ _1010_/A0 (sky130_fd_sc_hd__mux2_1)
                  0.05    0.14    0.92 ^ _1010_/X (sky130_fd_sc_hd__mux2_1)
     1    0.00                           _0489_ (net)
                  0.05    0.00    0.92 ^ _1011_/A (sky130_fd_sc_hd__clkbuf_1)
                  0.05    0.08    1.01 ^ _1011_/X (sky130_fd_sc_hd__clkbuf_1)
     1    0.00                           _0113_ (net)
                  0.05    0.00    1.01 ^ _1166_/D (sky130_fd_sc_hd__dfrtp_1)
                                  1.01   data arrival time

                          0.00    0.00   clock clk (rise edge)
                          0.00    0.00   clock source latency
                  0.15    0.11    0.11 ^ clk (in)
     1    0.03                           clk (net)
                  0.15    0.00    0.11 ^ clkbuf_0_clk/A (sky130_fd_sc_hd__clkbuf_16)
                  0.09    0.21    0.32 ^ clkbuf_0_clk/X (sky130_fd_sc_hd__clkbuf_16)
    16    0.07                           clknet_0_clk (net)
                  0.09    0.00    0.32 ^ clkbuf_4_4_0_clk/A (sky130_fd_sc_hd__clkbuf_8)
                  0.05    0.16    0.48 ^ clkbuf_4_4_0_clk/X (sky130_fd_sc_hd__clkbuf_8)
     7    0.02                           clknet_4_4_0_clk (net)
                  0.05    0.00    0.48 ^ _1166_/CLK (sky130_fd_sc_hd__dfrtp_1)
                          0.25    0.73   clock uncertainty
                         -0.05    0.69   clock reconvergence pessimism
                         -0.03    0.65   library hold time
                                  0.65   data required time
-----------------------------------------------------------------------------
                                  0.65   data required time
                                 -1.01   data arrival time
-----------------------------------------------------------------------------
                                  0.35   slack (MET)


Startpoint: _1169_ (rising edge-triggered flip-flop clocked by clk)
Endpoint: _1169_ (rising edge-triggered flip-flop clocked by clk)
Path Group: clk
Path Type: min

Fanout     Cap    Slew   Delay    Time   Description
-----------------------------------------------------------------------------
                          0.00    0.00   clock clk (rise edge)
                          0.00    0.00   clock source latency
                  0.15    0.10    0.10 ^ clk (in)
     1    0.03                           clk (net)
                  0.15    0.00    0.10 ^ clkbuf_0_clk/A (sky130_fd_sc_hd__clkbuf_16)
                  0.09    0.19    0.29 ^ clkbuf_0_clk/X (sky130_fd_sc_hd__clkbuf_16)
    16    0.07                           clknet_0_clk (net)
                  0.09    0.00    0.29 ^ clkbuf_4_3_0_clk/A (sky130_fd_sc_hd__clkbuf_8)
                  0.06    0.15    0.44 ^ clkbuf_4_3_0_clk/X (sky130_fd_sc_hd__clkbuf_8)
    10    0.03                           clknet_4_3_0_clk (net)
                  0.06    0.00    0.44 ^ _1169_/CLK (sky130_fd_sc_hd__dfrtp_1)
                  0.12    0.37    0.81 ^ _1169_/Q (sky130_fd_sc_hd__dfrtp_1)
     4    0.01                           spi_seq_r[5] (net)
                  0.12    0.00    0.81 ^ _1016_/A0 (sky130_fd_sc_hd__mux2_1)
                  0.04    0.13    0.94 ^ _1016_/X (sky130_fd_sc_hd__mux2_1)
     1    0.00                           _0492_ (net)
                  0.04    0.00    0.95 ^ _1017_/A (sky130_fd_sc_hd__clkbuf_1)
                  0.04    0.08    1.02 ^ _1017_/X (sky130_fd_sc_hd__clkbuf_1)
     1    0.00                           _0116_ (net)
                  0.04    0.00    1.02 ^ _1169_/D (sky130_fd_sc_hd__dfrtp_1)
                                  1.02   data arrival time

                          0.00    0.00   clock clk (rise edge)
                          0.00    0.00   clock source latency
                  0.15    0.11    0.11 ^ clk (in)
     1    0.03                           clk (net)
                  0.15    0.00    0.11 ^ clkbuf_0_clk/A (sky130_fd_sc_hd__clkbuf_16)
                  0.09    0.21    0.32 ^ clkbuf_0_clk/X (sky130_fd_sc_hd__clkbuf_16)
    16    0.07                           clknet_0_clk (net)
                  0.09    0.00    0.32 ^ clkbuf_4_3_0_clk/A (sky130_fd_sc_hd__clkbuf_8)
                  0.06    0.17    0.49 ^ clkbuf_4_3_0_clk/X (sky130_fd_sc_hd__clkbuf_8)
    10    0.03                           clknet_4_3_0_clk (net)
                  0.06    0.00    0.49 ^ _1169_/CLK (sky130_fd_sc_hd__dfrtp_1)
                          0.25    0.74   clock uncertainty
                         -0.05    0.69   clock reconvergence pessimism
                         -0.03    0.66   library hold time
                                  0.66   data required time
-----------------------------------------------------------------------------
                                  0.66   data required time
                                 -1.02   data arrival time
-----------------------------------------------------------------------------
                                  0.36   slack (MET)


Startpoint: _1086_ (rising edge-triggered flip-flop clocked by clk)
Endpoint: _1086_ (rising edge-triggered flip-flop clocked by clk)
Path Group: clk
Path Type: min

Fanout     Cap    Slew   Delay    Time   Description
-----------------------------------------------------------------------------
                          0.00    0.00   clock clk (rise edge)
                          0.00    0.00   clock source latency
                  0.15    0.10    0.10 ^ clk (in)
     1    0.03                           clk (net)
                  0.15    0.00    0.10 ^ clkbuf_0_clk/A (sky130_fd_sc_hd__clkbuf_16)
                  0.09    0.19    0.29 ^ clkbuf_0_clk/X (sky130_fd_sc_hd__clkbuf_16)
    16    0.07                           clknet_0_clk (net)
                  0.09    0.00    0.29 ^ clkbuf_4_13_0_clk/A (sky130_fd_sc_hd__clkbuf_8)
                  0.06    0.15    0.44 ^ clkbuf_4_13_0_clk/X (sky130_fd_sc_hd__clkbuf_8)
     9    0.03                           clknet_4_13_0_clk (net)
                  0.06    0.00    0.44 ^ _1086_/CLK (sky130_fd_sc_hd__dfrtp_1)
                  0.11    0.36    0.80 ^ _1086_/Q (sky130_fd_sc_hd__dfrtp_1)
     4    0.01                           wifi_timeout[9] (net)
                  0.11    0.00    0.80 ^ _0848_/A1 (sky130_fd_sc_hd__mux2_1)
                  0.05    0.14    0.94 ^ _0848_/X (sky130_fd_sc_hd__mux2_1)
     1    0.00                           _0388_ (net)
                  0.05    0.00    0.94 ^ _0849_/A (sky130_fd_sc_hd__clkbuf_1)
                  0.05    0.08    1.02 ^ _0849_/X (sky130_fd_sc_hd__clkbuf_1)
     1    0.00                           _0052_ (net)
                  0.05    0.00    1.02 ^ _1086_/D (sky130_fd_sc_hd__dfrtp_1)
                                  1.02   data arrival time

                          0.00    0.00   clock clk (rise edge)
                          0.00    0.00   clock source latency
                  0.15    0.11    0.11 ^ clk (in)
     1    0.03                           clk (net)
                  0.15    0.00    0.11 ^ clkbuf_0_clk/A (sky130_fd_sc_hd__clkbuf_16)
                  0.09    0.21    0.32 ^ clkbuf_0_clk/X (sky130_fd_sc_hd__clkbuf_16)
    16    0.07                           clknet_0_clk (net)
                  0.09    0.00    0.32 ^ clkbuf_4_13_0_clk/A (sky130_fd_sc_hd__clkbuf_8)
                  0.06    0.16    0.49 ^ clkbuf_4_13_0_clk/X (sky130_fd_sc_hd__clkbuf_8)
     9    0.03                           clknet_4_13_0_clk (net)
                  0.06    0.00    0.49 ^ _1086_/CLK (sky130_fd_sc_hd__dfrtp_1)
                          0.25    0.74   clock uncertainty
                         -0.05    0.69   clock reconvergence pessimism
                         -0.03    0.66   library hold time
                                  0.66   data required time
-----------------------------------------------------------------------------
                                  0.66   data required time
                                 -1.02   data arrival time
-----------------------------------------------------------------------------
                                  0.36   slack (MET)


Startpoint: _1092_ (rising edge-triggered flip-flop clocked by clk)
Endpoint: _1092_ (rising edge-triggered flip-flop clocked by clk)
Path Group: clk
Path Type: min

Fanout     Cap    Slew   Delay    Time   Description
-----------------------------------------------------------------------------
                          0.00    0.00   clock clk (rise edge)
                          0.00    0.00   clock source latency
                  0.15    0.10    0.10 ^ clk (in)
     1    0.03                           clk (net)
                  0.15    0.00    0.10 ^ clkbuf_0_clk/A (sky130_fd_sc_hd__clkbuf_16)
                  0.09    0.19    0.29 ^ clkbuf_0_clk/X (sky130_fd_sc_hd__clkbuf_16)
    16    0.07                           clknet_0_clk (net)
                  0.09    0.00    0.29 ^ clkbuf_4_7_0_clk/A (sky130_fd_sc_hd__clkbuf_8)
                  0.07    0.16    0.45 ^ clkbuf_4_7_0_clk/X (sky130_fd_sc_hd__clkbuf_8)
    12    0.03                           clknet_4_7_0_clk (net)
                  0.07    0.00    0.45 ^ _1092_/CLK (sky130_fd_sc_hd__dfrtp_1)
                  0.11    0.36    0.81 ^ _1092_/Q (sky130_fd_sc_hd__dfrtp_1)
     4    0.01                           wifi_timeout[15] (net)
                  0.11    0.00    0.81 ^ _0874_/A1 (sky130_fd_sc_hd__mux2_1)
                  0.04    0.14    0.94 ^ _0874_/X (sky130_fd_sc_hd__mux2_1)
     1    0.00                           _0408_ (net)
                  0.04    0.00    0.94 ^ _0875_/A (sky130_fd_sc_hd__clkbuf_1)
                  0.05    0.08    1.03 ^ _0875_/X (sky130_fd_sc_hd__clkbuf_1)
     1    0.00                           _0058_ (net)
                  0.05    0.00    1.03 ^ _1092_/D (sky130_fd_sc_hd__dfrtp_1)
                                  1.03   data arrival time

                          0.00    0.00   clock clk (rise edge)
                          0.00    0.00   clock source latency
                  0.15    0.11    0.11 ^ clk (in)
     1    0.03                           clk (net)
                  0.15    0.00    0.11 ^ clkbuf_0_clk/A (sky130_fd_sc_hd__clkbuf_16)
                  0.09    0.21    0.32 ^ clkbuf_0_clk/X (sky130_fd_sc_hd__clkbuf_16)
    16    0.07                           clknet_0_clk (net)
                  0.09    0.00    0.32 ^ clkbuf_4_7_0_clk/A (sky130_fd_sc_hd__clkbuf_8)
                  0.07    0.17    0.50 ^ clkbuf_4_7_0_clk/X (sky130_fd_sc_hd__clkbuf_8)
    12    0.03                           clknet_4_7_0_clk (net)
                  0.07    0.00    0.50 ^ _1092_/CLK (sky130_fd_sc_hd__dfrtp_1)
                          0.25    0.75   clock uncertainty
                         -0.05    0.70   clock reconvergence pessimism
                         -0.03    0.67   library hold time
                                  0.67   data required time
-----------------------------------------------------------------------------
                                  0.67   data required time
                                 -1.03   data arrival time
-----------------------------------------------------------------------------
                                  0.36   slack (MET)


Startpoint: _1097_ (rising edge-triggered flip-flop clocked by clk)
Endpoint: _1063_ (rising edge-triggered flip-flop clocked by clk)
Path Group: clk
Path Type: min

Fanout     Cap    Slew   Delay    Time   Description
-----------------------------------------------------------------------------
                          0.00    0.00   clock clk (rise edge)
                          0.00    0.00   clock source latency
                  0.15    0.10    0.10 ^ clk (in)
     1    0.03                           clk (net)
                  0.15    0.00    0.10 ^ clkbuf_0_clk/A (sky130_fd_sc_hd__clkbuf_16)
                  0.09    0.19    0.29 ^ clkbuf_0_clk/X (sky130_fd_sc_hd__clkbuf_16)
    16    0.07                           clknet_0_clk (net)
                  0.09    0.00    0.29 ^ clkbuf_4_14_0_clk/A (sky130_fd_sc_hd__clkbuf_8)
                  0.06    0.14    0.44 ^ clkbuf_4_14_0_clk/X (sky130_fd_sc_hd__clkbuf_8)
     9    0.02                           clknet_4_14_0_clk (net)
                  0.06    0.00    0.44 ^ _1097_/CLK (sky130_fd_sc_hd__dfrtp_1)
                  0.06    0.36    0.80 v _1097_/Q (sky130_fd_sc_hd__dfrtp_1)
     4    0.01                           ctrl_enable (net)
                  0.06    0.00    0.80 v _0776_/B1 (sky130_fd_sc_hd__o21a_1)
                  0.07    0.13    0.94 v _0776_/X (sky130_fd_sc_hd__o21a_1)
     4    0.01                           _0333_ (net)
                  0.07    0.00    0.94 v _0788_/B1 (sky130_fd_sc_hd__o31a_1)
                  0.03    0.10    1.04 v _0788_/X (sky130_fd_sc_hd__o31a_1)
     1    0.00                           _0038_ (net)
                  0.03    0.00    1.04 v _1063_/D (sky130_fd_sc_hd__dfrtp_1)
                                  1.04   data arrival time

                          0.00    0.00   clock clk (rise edge)
                          0.00    0.00   clock source latency
                  0.15    0.11    0.11 ^ clk (in)
     1    0.03                           clk (net)
                  0.15    0.00    0.11 ^ clkbuf_0_clk/A (sky130_fd_sc_hd__clkbuf_16)
                  0.09    0.21    0.32 ^ clkbuf_0_clk/X (sky130_fd_sc_hd__clkbuf_16)
    16    0.07                           clknet_0_clk (net)
                  0.09    0.00    0.32 ^ clkbuf_4_11_0_clk/A (sky130_fd_sc_hd__clkbuf_8)
                  0.07    0.17    0.49 ^ clkbuf_4_11_0_clk/X (sky130_fd_sc_hd__clkbuf_8)
    10    0.03                           clknet_4_11_0_clk (net)
                  0.07    0.00    0.49 ^ _1063_/CLK (sky130_fd_sc_hd__dfrtp_1)
                          0.25    0.74   clock uncertainty
                         -0.03    0.71   clock reconvergence pessimism
                         -0.03    0.68   library hold time
                                  0.68   data required time
-----------------------------------------------------------------------------
                                  0.68   data required time
                                 -1.04   data arrival time
-----------------------------------------------------------------------------
                                  0.36   slack (MET)


Startpoint: _1100_ (rising edge-triggered flip-flop clocked by clk)
Endpoint: _1100_ (rising edge-triggered flip-flop clocked by clk)
Path Group: clk
Path Type: min

Fanout     Cap    Slew   Delay    Time   Description
-----------------------------------------------------------------------------
                          0.00    0.00   clock clk (rise edge)
                          0.00    0.00   clock source latency
                  0.15    0.10    0.10 ^ clk (in)
     1    0.03                           clk (net)
                  0.15    0.00    0.10 ^ clkbuf_0_clk/A (sky130_fd_sc_hd__clkbuf_16)
                  0.09    0.19    0.29 ^ clkbuf_0_clk/X (sky130_fd_sc_hd__clkbuf_16)
    16    0.07                           clknet_0_clk (net)
                  0.09    0.00    0.29 ^ clkbuf_4_7_0_clk/A (sky130_fd_sc_hd__clkbuf_8)
                  0.07    0.16    0.45 ^ clkbuf_4_7_0_clk/X (sky130_fd_sc_hd__clkbuf_8)
    12    0.03                           clknet_4_7_0_clk (net)
                  0.07    0.00    0.45 ^ _1100_/CLK (sky130_fd_sc_hd__dfrtp_1)
                  0.11    0.36    0.81 ^ _1100_/Q (sky130_fd_sc_hd__dfrtp_1)
     4    0.01                           last_spi_seq[1] (net)
                  0.11    0.00    0.81 ^ _0893_/A0 (sky130_fd_sc_hd__mux2_1)
                  0.05    0.14    0.95 ^ _0893_/X (sky130_fd_sc_hd__mux2_1)
     1    0.00                           _0419_ (net)
                  0.05    0.00    0.95 ^ _0894_/A (sky130_fd_sc_hd__clkbuf_1)
                  0.05    0.08    1.03 ^ _0894_/X (sky130_fd_sc_hd__clkbuf_1)
     1    0.00                           _0066_ (net)
                  0.05    0.00    1.03 ^ _1100_/D (sky130_fd_sc_hd__dfrtp_1)
                                  1.03   data arrival time

                          0.00    0.00   clock clk (rise edge)
                          0.00    0.00   clock source latency
                  0.15    0.11    0.11 ^ clk (in)
     1    0.03                           clk (net)
                  0.15    0.00    0.11 ^ clkbuf_0_clk/A (sky130_fd_sc_hd__clkbuf_16)
                  0.09    0.21    0.32 ^ clkbuf_0_clk/X (sky130_fd_sc_hd__clkbuf_16)
    16    0.07                           clknet_0_clk (net)
                  0.09    0.00    0.32 ^ clkbuf_4_7_0_clk/A (sky130_fd_sc_hd__clkbuf_8)
                  0.07    0.17    0.50 ^ clkbuf_4_7_0_clk/X (sky130_fd_sc_hd__clkbuf_8)
    12    0.03                           clknet_4_7_0_clk (net)
                  0.07    0.00    0.50 ^ _1100_/CLK (sky130_fd_sc_hd__dfrtp_1)
                          0.25    0.75   clock uncertainty
                         -0.05    0.70   clock reconvergence pessimism
                         -0.03    0.67   library hold time
                                  0.67   data required time
-----------------------------------------------------------------------------
                                  0.67   data required time
                                 -1.03   data arrival time
-----------------------------------------------------------------------------
                                  0.36   slack (MET)


Startpoint: _1143_ (rising edge-triggered flip-flop clocked by clk)
Endpoint: _1143_ (rising edge-triggered flip-flop clocked by clk)
Path Group: clk
Path Type: min

Fanout     Cap    Slew   Delay    Time   Description
-----------------------------------------------------------------------------
                          0.00    0.00   clock clk (rise edge)
                          0.00    0.00   clock source latency
                  0.15    0.10    0.10 ^ clk (in)
     1    0.03                           clk (net)
                  0.15    0.00    0.10 ^ clkbuf_0_clk/A (sky130_fd_sc_hd__clkbuf_16)
                  0.09    0.19    0.29 ^ clkbuf_0_clk/X (sky130_fd_sc_hd__clkbuf_16)
    16    0.07                           clknet_0_clk (net)
                  0.09    0.00    0.29 ^ clkbuf_4_2_0_clk/A (sky130_fd_sc_hd__clkbuf_8)
                  0.06    0.14    0.44 ^ clkbuf_4_2_0_clk/X (sky130_fd_sc_hd__clkbuf_8)
    12    0.02                           clknet_4_2_0_clk (net)
                  0.06    0.00    0.44 ^ _1143_/CLK (sky130_fd_sc_hd__dfrtp_4)
                  0.12    0.45    0.88 ^ _1143_/Q (sky130_fd_sc_hd__dfrtp_4)
     7    0.03                           spi_byte_buf[5] (net)
                  0.12    0.00    0.88 ^ _0941_/B2 (sky130_fd_sc_hd__a22o_1)
                  0.04    0.13    1.01 ^ _0941_/X (sky130_fd_sc_hd__a22o_1)
     1    0.00                           _0090_ (net)
                  0.04    0.00    1.01 ^ _1143_/D (sky130_fd_sc_hd__dfrtp_4)
                                  1.01   data arrival time

                          0.00    0.00   clock clk (rise edge)
                          0.00    0.00   clock source latency
                  0.15    0.11    0.11 ^ clk (in)
     1    0.03                           clk (net)
                  0.15    0.00    0.11 ^ clkbuf_0_clk/A (sky130_fd_sc_hd__clkbuf_16)
                  0.09    0.21    0.32 ^ clkbuf_0_clk/X (sky130_fd_sc_hd__clkbuf_16)
    16    0.07                           clknet_0_clk (net)
                  0.09    0.00    0.32 ^ clkbuf_4_2_0_clk/A (sky130_fd_sc_hd__clkbuf_8)
                  0.06    0.16    0.48 ^ clkbuf_4_2_0_clk/X (sky130_fd_sc_hd__clkbuf_8)
    12    0.02                           clknet_4_2_0_clk (net)
                  0.06    0.00    0.48 ^ _1143_/CLK (sky130_fd_sc_hd__dfrtp_4)
                          0.25    0.73   clock uncertainty
                         -0.05    0.69   clock reconvergence pessimism
                         -0.03    0.65   library hold time
                                  0.65   data required time
-----------------------------------------------------------------------------
                                  0.65   data required time
                                 -1.01   data arrival time
-----------------------------------------------------------------------------
                                  0.36   slack (MET)


Startpoint: _1095_ (rising edge-triggered flip-flop clocked by clk)
Endpoint: _1095_ (rising edge-triggered flip-flop clocked by clk)
Path Group: clk
Path Type: min

Fanout     Cap    Slew   Delay    Time   Description
-----------------------------------------------------------------------------
                          0.00    0.00   clock clk (rise edge)
                          0.00    0.00   clock source latency
                  0.15    0.10    0.10 ^ clk (in)
     1    0.03                           clk (net)
                  0.15    0.00    0.10 ^ clkbuf_0_clk/A (sky130_fd_sc_hd__clkbuf_16)
                  0.09    0.19    0.29 ^ clkbuf_0_clk/X (sky130_fd_sc_hd__clkbuf_16)
    16    0.07                           clknet_0_clk (net)
                  0.09    0.00    0.29 ^ clkbuf_4_14_0_clk/A (sky130_fd_sc_hd__clkbuf_8)
                  0.06    0.14    0.44 ^ clkbuf_4_14_0_clk/X (sky130_fd_sc_hd__clkbuf_8)
     9    0.02                           clknet_4_14_0_clk (net)
                  0.06    0.00    0.44 ^ _1095_/CLK (sky130_fd_sc_hd__dfrtp_1)
                  0.12    0.36    0.80 ^ _1095_/Q (sky130_fd_sc_hd__dfrtp_1)
     3    0.01                           threshold_reg[2] (net)
                  0.12    0.00    0.80 ^ _0883_/A1 (sky130_fd_sc_hd__mux2_1)
                  0.05    0.14    0.94 ^ _0883_/X (sky130_fd_sc_hd__mux2_1)
     1    0.00                           _0414_ (net)
                  0.05    0.00    0.94 ^ _0884_/A (sky130_fd_sc_hd__clkbuf_1)
                  0.04    0.08    1.02 ^ _0884_/X (sky130_fd_sc_hd__clkbuf_1)
     1    0.00                           _0061_ (net)
                  0.04    0.00    1.02 ^ _1095_/D (sky130_fd_sc_hd__dfrtp_1)
                                  1.02   data arrival time

                          0.00    0.00   clock clk (rise edge)
                          0.00    0.00   clock source latency
                  0.15    0.11    0.11 ^ clk (in)
     1    0.03                           clk (net)
                  0.15    0.00    0.11 ^ clkbuf_0_clk/A (sky130_fd_sc_hd__clkbuf_16)
                  0.09    0.21    0.32 ^ clkbuf_0_clk/X (sky130_fd_sc_hd__clkbuf_16)
    16    0.07                           clknet_0_clk (net)
                  0.09    0.00    0.32 ^ clkbuf_4_14_0_clk/A (sky130_fd_sc_hd__clkbuf_8)
                  0.06    0.16    0.48 ^ clkbuf_4_14_0_clk/X (sky130_fd_sc_hd__clkbuf_8)
     9    0.02                           clknet_4_14_0_clk (net)
                  0.06    0.00    0.48 ^ _1095_/CLK (sky130_fd_sc_hd__dfrtp_1)
                          0.25    0.73   clock uncertainty
                         -0.05    0.69   clock reconvergence pessimism
                         -0.03    0.65   library hold time
                                  0.65   data required time
-----------------------------------------------------------------------------
                                  0.65   data required time
                                 -1.02   data arrival time
-----------------------------------------------------------------------------
                                  0.36   slack (MET)


Startpoint: _1170_ (rising edge-triggered flip-flop clocked by clk)
Endpoint: _1105_ (rising edge-triggered flip-flop clocked by clk)
Path Group: clk
Path Type: min

Fanout     Cap    Slew   Delay    Time   Description
-----------------------------------------------------------------------------
                          0.00    0.00   clock clk (rise edge)
                          0.00    0.00   clock source latency
                  0.15    0.10    0.10 ^ clk (in)
     1    0.03                           clk (net)
                  0.15    0.00    0.10 ^ clkbuf_0_clk/A (sky130_fd_sc_hd__clkbuf_16)
                  0.09    0.19    0.29 ^ clkbuf_0_clk/X (sky130_fd_sc_hd__clkbuf_16)
    16    0.07                           clknet_0_clk (net)
                  0.09    0.00    0.29 ^ clkbuf_4_1_0_clk/A (sky130_fd_sc_hd__clkbuf_8)
                  0.06    0.15    0.44 ^ clkbuf_4_1_0_clk/X (sky130_fd_sc_hd__clkbuf_8)
     8    0.03                           clknet_4_1_0_clk (net)
                  0.06    0.00    0.44 ^ _1170_/CLK (sky130_fd_sc_hd__dfrtp_1)
                  0.14    0.37    0.81 ^ _1170_/Q (sky130_fd_sc_hd__dfrtp_1)
     4    0.01                           spi_seq_r[6] (net)
                  0.14    0.00    0.81 ^ _0903_/A1 (sky130_fd_sc_hd__mux2_1)
                  0.05    0.14    0.96 ^ _0903_/X (sky130_fd_sc_hd__mux2_1)
     1    0.00                           _0424_ (net)
                  0.05    0.00    0.96 ^ _0904_/A (sky130_fd_sc_hd__clkbuf_1)
                  0.04    0.07    1.03 ^ _0904_/X (sky130_fd_sc_hd__clkbuf_1)
     1    0.00                           _0071_ (net)
                  0.04    0.00    1.03 ^ _1105_/D (sky130_fd_sc_hd__dfrtp_1)
                                  1.03   data arrival time

                          0.00    0.00   clock clk (rise edge)
                          0.00    0.00   clock source latency
                  0.15    0.11    0.11 ^ clk (in)
     1    0.03                           clk (net)
                  0.15    0.00    0.11 ^ clkbuf_0_clk/A (sky130_fd_sc_hd__clkbuf_16)
                  0.09    0.21    0.32 ^ clkbuf_0_clk/X (sky130_fd_sc_hd__clkbuf_16)
    16    0.07                           clknet_0_clk (net)
                  0.09    0.00    0.32 ^ clkbuf_4_4_0_clk/A (sky130_fd_sc_hd__clkbuf_8)
                  0.05    0.16    0.48 ^ clkbuf_4_4_0_clk/X (sky130_fd_sc_hd__clkbuf_8)
     7    0.02                           clknet_4_4_0_clk (net)
                  0.05    0.00    0.48 ^ _1105_/CLK (sky130_fd_sc_hd__dfrtp_1)
                          0.25    0.73   clock uncertainty
                         -0.03    0.70   clock reconvergence pessimism
                         -0.03    0.67   library hold time
                                  0.67   data required time
-----------------------------------------------------------------------------
                                  0.67   data required time
                                 -1.03   data arrival time
-----------------------------------------------------------------------------
                                  0.36   slack (MET)


Startpoint: _1114_ (rising edge-triggered flip-flop clocked by clk)
Endpoint: _1115_ (rising edge-triggered flip-flop clocked by clk)
Path Group: clk
Path Type: min

Fanout     Cap    Slew   Delay    Time   Description
-----------------------------------------------------------------------------
                          0.00    0.00   clock clk (rise edge)
                          0.00    0.00   clock source latency
                  0.15    0.10    0.10 ^ clk (in)
     1    0.03                           clk (net)
                  0.15    0.00    0.10 ^ clkbuf_0_clk/A (sky130_fd_sc_hd__clkbuf_16)
                  0.09    0.19    0.29 ^ clkbuf_0_clk/X (sky130_fd_sc_hd__clkbuf_16)
    16    0.07                           clknet_0_clk (net)
                  0.09    0.00    0.29 ^ clkbuf_4_10_0_clk/A (sky130_fd_sc_hd__clkbuf_8)
                  0.06    0.14    0.44 ^ clkbuf_4_10_0_clk/X (sky130_fd_sc_hd__clkbuf_8)
    12    0.02                           clknet_4_10_0_clk (net)
                  0.06    0.00    0.44 ^ _1114_/CLK (sky130_fd_sc_hd__dfrtp_1)
                  0.09    0.34    0.78 ^ _1114_/Q (sky130_fd_sc_hd__dfrtp_1)
     3    0.01                           spi_lockout_timer[1] (net)
                  0.09    0.00    0.78 ^ _0706_/A2 (sky130_fd_sc_hd__o31a_1)
                  0.05    0.13    0.91 ^ _0706_/X (sky130_fd_sc_hd__o31a_1)
     1    0.00                           _0285_ (net)
                  0.05    0.00    0.91 ^ _0709_/A1 (sky130_fd_sc_hd__o21a_1)
                  0.04    0.11    1.02 ^ _0709_/X (sky130_fd_sc_hd__o21a_1)
     1    0.00                           _0012_ (net)
                  0.04    0.00    1.02 ^ _1115_/D (sky130_fd_sc_hd__dfrtp_1)
                                  1.02   data arrival time

                          0.00    0.00   clock clk (rise edge)
                          0.00    0.00   clock source latency
                  0.15    0.11    0.11 ^ clk (in)
     1    0.03                           clk (net)
                  0.15    0.00    0.11 ^ clkbuf_0_clk/A (sky130_fd_sc_hd__clkbuf_16)
                  0.09    0.21    0.32 ^ clkbuf_0_clk/X (sky130_fd_sc_hd__clkbuf_16)
    16    0.07                           clknet_0_clk (net)
                  0.09    0.00    0.32 ^ clkbuf_4_10_0_clk/A (sky130_fd_sc_hd__clkbuf_8)
                  0.06    0.16    0.48 ^ clkbuf_4_10_0_clk/X (sky130_fd_sc_hd__clkbuf_8)
    12    0.02                           clknet_4_10_0_clk (net)
                  0.06    0.00    0.48 ^ _1115_/CLK (sky130_fd_sc_hd__dfrtp_1)
                          0.25    0.73   clock uncertainty
                         -0.05    0.69   clock reconvergence pessimism
                         -0.03    0.65   library hold time
                                  0.65   data required time
-----------------------------------------------------------------------------
                                  0.65   data required time
                                 -1.02   data arrival time
-----------------------------------------------------------------------------
                                  0.37   slack (MET)


Startpoint: _1113_ (rising edge-triggered flip-flop clocked by clk)
Endpoint: _1114_ (rising edge-triggered flip-flop clocked by clk)
Path Group: clk
Path Type: min

Fanout     Cap    Slew   Delay    Time   Description
-----------------------------------------------------------------------------
                          0.00    0.00   clock clk (rise edge)
                          0.00    0.00   clock source latency
                  0.15    0.10    0.10 ^ clk (in)
     1    0.03                           clk (net)
                  0.15    0.00    0.10 ^ clkbuf_0_clk/A (sky130_fd_sc_hd__clkbuf_16)
                  0.09    0.19    0.29 ^ clkbuf_0_clk/X (sky130_fd_sc_hd__clkbuf_16)
    16    0.07                           clknet_0_clk (net)
                  0.09    0.00    0.29 ^ clkbuf_4_10_0_clk/A (sky130_fd_sc_hd__clkbuf_8)
                  0.06    0.14    0.44 ^ clkbuf_4_10_0_clk/X (sky130_fd_sc_hd__clkbuf_8)
    12    0.02                           clknet_4_10_0_clk (net)
                  0.06    0.00    0.44 ^ _1113_/CLK (sky130_fd_sc_hd__dfrtp_2)
                  0.10    0.37    0.81 ^ _1113_/Q (sky130_fd_sc_hd__dfrtp_2)
     5    0.02                           spi_lockout_timer[0] (net)
                  0.10    0.00    0.81 ^ _0703_/A (sky130_fd_sc_hd__nor2_1)
                  0.05    0.07    0.88 v _0703_/Y (sky130_fd_sc_hd__nor2_1)
     2    0.01                           _0283_ (net)
                  0.05    0.00    0.88 v _0705_/A2 (sky130_fd_sc_hd__a21oi_1)
                  0.09    0.13    1.01 ^ _0705_/Y (sky130_fd_sc_hd__a21oi_1)
     1    0.00                           _0011_ (net)
                  0.09    0.00    1.01 ^ _1114_/D (sky130_fd_sc_hd__dfrtp_1)
                                  1.01   data arrival time

                          0.00    0.00   clock clk (rise edge)
                          0.00    0.00   clock source latency
                  0.15    0.11    0.11 ^ clk (in)
     1    0.03                           clk (net)
                  0.15    0.00    0.11 ^ clkbuf_0_clk/A (sky130_fd_sc_hd__clkbuf_16)
                  0.09    0.21    0.32 ^ clkbuf_0_clk/X (sky130_fd_sc_hd__clkbuf_16)
    16    0.07                           clknet_0_clk (net)
                  0.09    0.00    0.32 ^ clkbuf_4_10_0_clk/A (sky130_fd_sc_hd__clkbuf_8)
                  0.06    0.16    0.48 ^ clkbuf_4_10_0_clk/X (sky130_fd_sc_hd__clkbuf_8)
    12    0.02                           clknet_4_10_0_clk (net)
                  0.06    0.00    0.48 ^ _1114_/CLK (sky130_fd_sc_hd__dfrtp_1)
                          0.25    0.73   clock uncertainty
                         -0.05    0.69   clock reconvergence pessimism
                         -0.04    0.64   library hold time
                                  0.64   data required time
-----------------------------------------------------------------------------
                                  0.64   data required time
                                 -1.01   data arrival time
-----------------------------------------------------------------------------
                                  0.37   slack (MET)


Startpoint: _1089_ (rising edge-triggered flip-flop clocked by clk)
Endpoint: _1089_ (rising edge-triggered flip-flop clocked by clk)
Path Group: clk
Path Type: min

Fanout     Cap    Slew   Delay    Time   Description
-----------------------------------------------------------------------------
                          0.00    0.00   clock clk (rise edge)
                          0.00    0.00   clock source latency
                  0.15    0.10    0.10 ^ clk (in)
     1    0.03                           clk (net)
                  0.15    0.00    0.10 ^ clkbuf_0_clk/A (sky130_fd_sc_hd__clkbuf_16)
                  0.09    0.19    0.29 ^ clkbuf_0_clk/X (sky130_fd_sc_hd__clkbuf_16)
    16    0.07                           clknet_0_clk (net)
                  0.09    0.00    0.29 ^ clkbuf_4_7_0_clk/A (sky130_fd_sc_hd__clkbuf_8)
                  0.07    0.16    0.45 ^ clkbuf_4_7_0_clk/X (sky130_fd_sc_hd__clkbuf_8)
    12    0.03                           clknet_4_7_0_clk (net)
                  0.07    0.00    0.45 ^ _1089_/CLK (sky130_fd_sc_hd__dfrtp_1)
                  0.11    0.36    0.81 ^ _1089_/Q (sky130_fd_sc_hd__dfrtp_1)
     4    0.01                           wifi_timeout[12] (net)
                  0.11    0.00    0.81 ^ _0862_/A1 (sky130_fd_sc_hd__mux2_1)
                  0.05    0.14    0.95 ^ _0862_/X (sky130_fd_sc_hd__mux2_1)
     1    0.00                           _0399_ (net)
                  0.05    0.00    0.95 ^ _0863_/A (sky130_fd_sc_hd__clkbuf_1)
                  0.06    0.09    1.04 ^ _0863_/X (sky130_fd_sc_hd__clkbuf_1)
     1    0.00                           _0055_ (net)
                  0.06    0.00    1.04 ^ _1089_/D (sky130_fd_sc_hd__dfrtp_1)
                                  1.04   data arrival time

                          0.00    0.00   clock clk (rise edge)
                          0.00    0.00   clock source latency
                  0.15    0.11    0.11 ^ clk (in)
     1    0.03                           clk (net)
                  0.15    0.00    0.11 ^ clkbuf_0_clk/A (sky130_fd_sc_hd__clkbuf_16)
                  0.09    0.21    0.32 ^ clkbuf_0_clk/X (sky130_fd_sc_hd__clkbuf_16)
    16    0.07                           clknet_0_clk (net)
                  0.09    0.00    0.32 ^ clkbuf_4_7_0_clk/A (sky130_fd_sc_hd__clkbuf_8)
                  0.07    0.17    0.50 ^ clkbuf_4_7_0_clk/X (sky130_fd_sc_hd__clkbuf_8)
    12    0.03                           clknet_4_7_0_clk (net)
                  0.07    0.00    0.50 ^ _1089_/CLK (sky130_fd_sc_hd__dfrtp_1)
                          0.25    0.75   clock uncertainty
                         -0.05    0.70   clock reconvergence pessimism
                         -0.03    0.67   library hold time
                                  0.67   data required time
-----------------------------------------------------------------------------
                                  0.67   data required time
                                 -1.04   data arrival time
-----------------------------------------------------------------------------
                                  0.37   slack (MET)


Startpoint: _1093_ (rising edge-triggered flip-flop clocked by clk)
Endpoint: _1093_ (rising edge-triggered flip-flop clocked by clk)
Path Group: clk
Path Type: min

Fanout     Cap    Slew   Delay    Time   Description
-----------------------------------------------------------------------------
                          0.00    0.00   clock clk (rise edge)
                          0.00    0.00   clock source latency
                  0.15    0.10    0.10 ^ clk (in)
     1    0.03                           clk (net)
                  0.15    0.00    0.10 ^ clkbuf_0_clk/A (sky130_fd_sc_hd__clkbuf_16)
                  0.09    0.19    0.29 ^ clkbuf_0_clk/X (sky130_fd_sc_hd__clkbuf_16)
    16    0.07                           clknet_0_clk (net)
                  0.09    0.00    0.29 ^ clkbuf_4_14_0_clk/A (sky130_fd_sc_hd__clkbuf_8)
                  0.06    0.14    0.44 ^ clkbuf_4_14_0_clk/X (sky130_fd_sc_hd__clkbuf_8)
     9    0.02                           clknet_4_14_0_clk (net)
                  0.06    0.00    0.44 ^ _1093_/CLK (sky130_fd_sc_hd__dfrtp_1)
                  0.12    0.36    0.80 ^ _1093_/Q (sky130_fd_sc_hd__dfrtp_1)
     3    0.01                           threshold_reg[0] (net)
                  0.12    0.00    0.80 ^ _0879_/A1 (sky130_fd_sc_hd__mux2_1)
                  0.05    0.14    0.94 ^ _0879_/X (sky130_fd_sc_hd__mux2_1)
     1    0.00                           _0412_ (net)
                  0.05    0.00    0.94 ^ _0880_/A (sky130_fd_sc_hd__clkbuf_1)
                  0.05    0.08    1.02 ^ _0880_/X (sky130_fd_sc_hd__clkbuf_1)
     1    0.00                           _0059_ (net)
                  0.05    0.00    1.02 ^ _1093_/D (sky130_fd_sc_hd__dfrtp_1)
                                  1.02   data arrival time

                          0.00    0.00   clock clk (rise edge)
                          0.00    0.00   clock source latency
                  0.15    0.11    0.11 ^ clk (in)
     1    0.03                           clk (net)
                  0.15    0.00    0.11 ^ clkbuf_0_clk/A (sky130_fd_sc_hd__clkbuf_16)
                  0.09    0.21    0.32 ^ clkbuf_0_clk/X (sky130_fd_sc_hd__clkbuf_16)
    16    0.07                           clknet_0_clk (net)
                  0.09    0.00    0.32 ^ clkbuf_4_14_0_clk/A (sky130_fd_sc_hd__clkbuf_8)
                  0.06    0.16    0.48 ^ clkbuf_4_14_0_clk/X (sky130_fd_sc_hd__clkbuf_8)
     9    0.02                           clknet_4_14_0_clk (net)
                  0.06    0.00    0.48 ^ _1093_/CLK (sky130_fd_sc_hd__dfrtp_1)
                          0.25    0.73   clock uncertainty
                         -0.05    0.69   clock reconvergence pessimism
                         -0.03    0.65   library hold time
                                  0.65   data required time
-----------------------------------------------------------------------------
                                  0.65   data required time
                                 -1.02   data arrival time
-----------------------------------------------------------------------------
                                  0.37   slack (MET)


Startpoint: _1140_ (rising edge-triggered flip-flop clocked by clk)
Endpoint: _1140_ (rising edge-triggered flip-flop clocked by clk)
Path Group: clk
Path Type: min

Fanout     Cap    Slew   Delay    Time   Description
-----------------------------------------------------------------------------
                          0.00    0.00   clock clk (rise edge)
                          0.00    0.00   clock source latency
                  0.15    0.10    0.10 ^ clk (in)
     1    0.03                           clk (net)
                  0.15    0.00    0.10 ^ clkbuf_0_clk/A (sky130_fd_sc_hd__clkbuf_16)
                  0.09    0.19    0.29 ^ clkbuf_0_clk/X (sky130_fd_sc_hd__clkbuf_16)
    16    0.07                           clknet_0_clk (net)
                  0.09    0.00    0.29 ^ clkbuf_4_2_0_clk/A (sky130_fd_sc_hd__clkbuf_8)
                  0.06    0.14    0.44 ^ clkbuf_4_2_0_clk/X (sky130_fd_sc_hd__clkbuf_8)
    12    0.02                           clknet_4_2_0_clk (net)
                  0.06    0.00    0.44 ^ _1140_/CLK (sky130_fd_sc_hd__dfrtp_4)
                  0.13    0.45    0.89 ^ _1140_/Q (sky130_fd_sc_hd__dfrtp_4)
     7    0.04                           spi_byte_buf[2] (net)
                  0.13    0.00    0.89 ^ _0938_/B2 (sky130_fd_sc_hd__a22o_1)
                  0.05    0.14    1.02 ^ _0938_/X (sky130_fd_sc_hd__a22o_1)
     1    0.00                           _0087_ (net)
                  0.05    0.00    1.02 ^ _1140_/D (sky130_fd_sc_hd__dfrtp_4)
                                  1.02   data arrival time

                          0.00    0.00   clock clk (rise edge)
                          0.00    0.00   clock source latency
                  0.15    0.11    0.11 ^ clk (in)
     1    0.03                           clk (net)
                  0.15    0.00    0.11 ^ clkbuf_0_clk/A (sky130_fd_sc_hd__clkbuf_16)
                  0.09    0.21    0.32 ^ clkbuf_0_clk/X (sky130_fd_sc_hd__clkbuf_16)
    16    0.07                           clknet_0_clk (net)
                  0.09    0.00    0.32 ^ clkbuf_4_2_0_clk/A (sky130_fd_sc_hd__clkbuf_8)
                  0.06    0.16    0.48 ^ clkbuf_4_2_0_clk/X (sky130_fd_sc_hd__clkbuf_8)
    12    0.02                           clknet_4_2_0_clk (net)
                  0.06    0.00    0.48 ^ _1140_/CLK (sky130_fd_sc_hd__dfrtp_4)
                          0.25    0.73   clock uncertainty
                         -0.05    0.69   clock reconvergence pessimism
                         -0.03    0.65   library hold time
                                  0.65   data required time
-----------------------------------------------------------------------------
                                  0.65   data required time
                                 -1.02   data arrival time
-----------------------------------------------------------------------------
                                  0.37   slack (MET)


Startpoint: _1054_ (rising edge-triggered flip-flop clocked by clk)
Endpoint: _1054_ (rising edge-triggered flip-flop clocked by clk)
Path Group: clk
Path Type: min

Fanout     Cap    Slew   Delay    Time   Description
-----------------------------------------------------------------------------
                          0.00    0.00   clock clk (rise edge)
                          0.00    0.00   clock source latency
                  0.15    0.10    0.10 ^ clk (in)
     1    0.03                           clk (net)
                  0.15    0.00    0.10 ^ clkbuf_0_clk/A (sky130_fd_sc_hd__clkbuf_16)
                  0.09    0.19    0.29 ^ clkbuf_0_clk/X (sky130_fd_sc_hd__clkbuf_16)
    16    0.07                           clknet_0_clk (net)
                  0.09    0.00    0.29 ^ clkbuf_4_14_0_clk/A (sky130_fd_sc_hd__clkbuf_8)
                  0.06    0.14    0.44 ^ clkbuf_4_14_0_clk/X (sky130_fd_sc_hd__clkbuf_8)
     9    0.02                           clknet_4_14_0_clk (net)
                  0.06    0.00    0.44 ^ _1054_/CLK (sky130_fd_sc_hd__dfrtp_1)
                  0.04    0.30    0.74 ^ _1054_/Q (sky130_fd_sc_hd__dfrtp_1)
     1    0.00                           loop_inactive_cnt[3] (net)
                  0.04    0.00    0.74 ^ hold17/A (sky130_fd_sc_hd__buf_1)
                  0.15    0.15    0.89 ^ hold17/X (sky130_fd_sc_hd__buf_1)
     3    0.01                           net99 (net)
                  0.15    0.00    0.89 ^ _0774_/A1 (sky130_fd_sc_hd__o21ba_1)
                  0.04    0.14    1.03 ^ _0774_/X (sky130_fd_sc_hd__o21ba_1)
     1    0.00                           _0034_ (net)
                  0.04    0.00    1.03 ^ _1054_/D (sky130_fd_sc_hd__dfrtp_1)
                                  1.03   data arrival time

                          0.00    0.00   clock clk (rise edge)
                          0.00    0.00   clock source latency
                  0.15    0.11    0.11 ^ clk (in)
     1    0.03                           clk (net)
                  0.15    0.00    0.11 ^ clkbuf_0_clk/A (sky130_fd_sc_hd__clkbuf_16)
                  0.09    0.21    0.32 ^ clkbuf_0_clk/X (sky130_fd_sc_hd__clkbuf_16)
    16    0.07                           clknet_0_clk (net)
                  0.09    0.00    0.32 ^ clkbuf_4_14_0_clk/A (sky130_fd_sc_hd__clkbuf_8)
                  0.06    0.16    0.48 ^ clkbuf_4_14_0_clk/X (sky130_fd_sc_hd__clkbuf_8)
     9    0.02                           clknet_4_14_0_clk (net)
                  0.06    0.00    0.48 ^ _1054_/CLK (sky130_fd_sc_hd__dfrtp_1)
                          0.25    0.73   clock uncertainty
                         -0.05    0.69   clock reconvergence pessimism
                         -0.03    0.65   library hold time
                                  0.65   data required time
-----------------------------------------------------------------------------
                                  0.65   data required time
                                 -1.03   data arrival time
-----------------------------------------------------------------------------
                                  0.37   slack (MET)


Startpoint: _1180_ (rising edge-triggered flip-flop clocked by clk)
Endpoint: _1111_ (rising edge-triggered flip-flop clocked by clk)
Path Group: clk
Path Type: min

Fanout     Cap    Slew   Delay    Time   Description
-----------------------------------------------------------------------------
                          0.00    0.00   clock clk (rise edge)
                          0.00    0.00   clock source latency
                  0.15    0.10    0.10 ^ clk (in)
     1    0.03                           clk (net)
                  0.15    0.00    0.10 ^ clkbuf_0_clk/A (sky130_fd_sc_hd__clkbuf_16)
                  0.09    0.19    0.29 ^ clkbuf_0_clk/X (sky130_fd_sc_hd__clkbuf_16)
    16    0.07                           clknet_0_clk (net)
                  0.09    0.00    0.29 ^ clkbuf_4_8_0_clk/A (sky130_fd_sc_hd__clkbuf_8)
                  0.05    0.14    0.43 ^ clkbuf_4_8_0_clk/X (sky130_fd_sc_hd__clkbuf_8)
     9    0.02                           clknet_4_8_0_clk (net)
                  0.05    0.00    0.43 ^ _1180_/CLK (sky130_fd_sc_hd__dfrtp_4)
                  0.11    0.43    0.86 ^ _1180_/Q (sky130_fd_sc_hd__dfrtp_4)
     6    0.03                           spi_pkt_ready (net)
                  0.11    0.00    0.86 ^ _0911_/A (sky130_fd_sc_hd__inv_2)
                  0.03    0.04    0.90 v _0911_/Y (sky130_fd_sc_hd__inv_2)
     2    0.01                           _0428_ (net)
                  0.03    0.00    0.90 v _0914_/A1 (sky130_fd_sc_hd__a21o_1)
                  0.03    0.13    1.04 v _0914_/X (sky130_fd_sc_hd__a21o_1)
     1    0.00                           _0076_ (net)
                  0.03    0.00    1.04 v _1111_/D (sky130_fd_sc_hd__dfrtp_1)
                                  1.04   data arrival time

                          0.00    0.00   clock clk (rise edge)
                          0.00    0.00   clock source latency
                  0.15    0.11    0.11 ^ clk (in)
     1    0.03                           clk (net)
                  0.15    0.00    0.11 ^ clkbuf_0_clk/A (sky130_fd_sc_hd__clkbuf_16)
                  0.09    0.21    0.32 ^ clkbuf_0_clk/X (sky130_fd_sc_hd__clkbuf_16)
    16    0.07                           clknet_0_clk (net)
                  0.09    0.00    0.32 ^ clkbuf_4_6_0_clk/A (sky130_fd_sc_hd__clkbuf_8)
                  0.06    0.16    0.48 ^ clkbuf_4_6_0_clk/X (sky130_fd_sc_hd__clkbuf_8)
     8    0.02                           clknet_4_6_0_clk (net)
                  0.06    0.00    0.48 ^ _1111_/CLK (sky130_fd_sc_hd__dfrtp_1)
                          0.25    0.73   clock uncertainty
                         -0.03    0.70   clock reconvergence pessimism
                         -0.04    0.67   library hold time
                                  0.67   data required time
-----------------------------------------------------------------------------
                                  0.67   data required time
                                 -1.04   data arrival time
-----------------------------------------------------------------------------
                                  0.37   slack (MET)


Startpoint: _1103_ (rising edge-triggered flip-flop clocked by clk)
Endpoint: _1103_ (rising edge-triggered flip-flop clocked by clk)
Path Group: clk
Path Type: min

Fanout     Cap    Slew   Delay    Time   Description
-----------------------------------------------------------------------------
                          0.00    0.00   clock clk (rise edge)
                          0.00    0.00   clock source latency
                  0.15    0.10    0.10 ^ clk (in)
     1    0.03                           clk (net)
                  0.15    0.00    0.10 ^ clkbuf_0_clk/A (sky130_fd_sc_hd__clkbuf_16)
                  0.09    0.19    0.29 ^ clkbuf_0_clk/X (sky130_fd_sc_hd__clkbuf_16)
    16    0.07                           clknet_0_clk (net)
                  0.09    0.00    0.29 ^ clkbuf_4_4_0_clk/A (sky130_fd_sc_hd__clkbuf_8)
                  0.05    0.14    0.43 ^ clkbuf_4_4_0_clk/X (sky130_fd_sc_hd__clkbuf_8)
     7    0.02                           clknet_4_4_0_clk (net)
                  0.05    0.00    0.44 ^ _1103_/CLK (sky130_fd_sc_hd__dfrtp_1)
                  0.11    0.36    0.79 ^ _1103_/Q (sky130_fd_sc_hd__dfrtp_1)
     3    0.01                           last_spi_seq[4] (net)
                  0.11    0.00    0.79 ^ _0899_/A0 (sky130_fd_sc_hd__mux2_1)
                  0.05    0.14    0.93 ^ _0899_/X (sky130_fd_sc_hd__mux2_1)
     1    0.00                           _0422_ (net)
                  0.05    0.00    0.93 ^ _0900_/A (sky130_fd_sc_hd__clkbuf_1)
                  0.06    0.09    1.02 ^ _0900_/X (sky130_fd_sc_hd__clkbuf_1)
     1    0.00                           _0069_ (net)
                  0.06    0.00    1.02 ^ _1103_/D (sky130_fd_sc_hd__dfrtp_1)
                                  1.02   data arrival time

                          0.00    0.00   clock clk (rise edge)
                          0.00    0.00   clock source latency
                  0.15    0.11    0.11 ^ clk (in)
     1    0.03                           clk (net)
                  0.15    0.00    0.11 ^ clkbuf_0_clk/A (sky130_fd_sc_hd__clkbuf_16)
                  0.09    0.21    0.32 ^ clkbuf_0_clk/X (sky130_fd_sc_hd__clkbuf_16)
    16    0.07                           clknet_0_clk (net)
                  0.09    0.00    0.32 ^ clkbuf_4_4_0_clk/A (sky130_fd_sc_hd__clkbuf_8)
                  0.05    0.16    0.48 ^ clkbuf_4_4_0_clk/X (sky130_fd_sc_hd__clkbuf_8)
     7    0.02                           clknet_4_4_0_clk (net)
                  0.05    0.00    0.48 ^ _1103_/CLK (sky130_fd_sc_hd__dfrtp_1)
                          0.25    0.73   clock uncertainty
                         -0.05    0.69   clock reconvergence pessimism
                         -0.04    0.65   library hold time
                                  0.65   data required time
-----------------------------------------------------------------------------
                                  0.65   data required time
                                 -1.02   data arrival time
-----------------------------------------------------------------------------
                                  0.37   slack (MET)


Startpoint: _1119_ (rising edge-triggered flip-flop clocked by clk)
Endpoint: _1119_ (rising edge-triggered flip-flop clocked by clk)
Path Group: clk
Path Type: min

Fanout     Cap    Slew   Delay    Time   Description
-----------------------------------------------------------------------------
                          0.00    0.00   clock clk (rise edge)
                          0.00    0.00   clock source latency
                  0.15    0.10    0.10 ^ clk (in)
     1    0.03                           clk (net)
                  0.15    0.00    0.10 ^ clkbuf_0_clk/A (sky130_fd_sc_hd__clkbuf_16)
                  0.09    0.19    0.29 ^ clkbuf_0_clk/X (sky130_fd_sc_hd__clkbuf_16)
    16    0.07                           clknet_0_clk (net)
                  0.09    0.00    0.29 ^ clkbuf_4_10_0_clk/A (sky130_fd_sc_hd__clkbuf_8)
                  0.06    0.14    0.44 ^ clkbuf_4_10_0_clk/X (sky130_fd_sc_hd__clkbuf_8)
    12    0.02                           clknet_4_10_0_clk (net)
                  0.06    0.00    0.44 ^ _1119_/CLK (sky130_fd_sc_hd__dfrtp_1)
                  0.14    0.38    0.81 ^ _1119_/Q (sky130_fd_sc_hd__dfrtp_1)
     5    0.01                           spi_lockout_timer[6] (net)
                  0.14    0.00    0.81 ^ _0721_/A1 (sky130_fd_sc_hd__o311a_1)
                  0.07    0.19    1.00 ^ _0721_/X (sky130_fd_sc_hd__o311a_1)
     1    0.01                           _0296_ (net)
                  0.07    0.00    1.00 ^ _0722_/A (sky130_fd_sc_hd__inv_2)
                  0.02    0.03    1.03 v _0722_/Y (sky130_fd_sc_hd__inv_2)
     1    0.00                           _0016_ (net)
                  0.02    0.00    1.03 v _1119_/D (sky130_fd_sc_hd__dfrtp_1)
                                  1.03   data arrival time

                          0.00    0.00   clock clk (rise edge)
                          0.00    0.00   clock source latency
                  0.15    0.11    0.11 ^ clk (in)
     1    0.03                           clk (net)
                  0.15    0.00    0.11 ^ clkbuf_0_clk/A (sky130_fd_sc_hd__clkbuf_16)
                  0.09    0.21    0.32 ^ clkbuf_0_clk/X (sky130_fd_sc_hd__clkbuf_16)
    16    0.07                           clknet_0_clk (net)
                  0.09    0.00    0.32 ^ clkbuf_4_10_0_clk/A (sky130_fd_sc_hd__clkbuf_8)
                  0.06    0.16    0.48 ^ clkbuf_4_10_0_clk/X (sky130_fd_sc_hd__clkbuf_8)
    12    0.02                           clknet_4_10_0_clk (net)
                  0.06    0.00    0.48 ^ _1119_/CLK (sky130_fd_sc_hd__dfrtp_1)
                          0.25    0.73   clock uncertainty
                         -0.05    0.69   clock reconvergence pessimism
                         -0.03    0.65   library hold time
                                  0.65   data required time
-----------------------------------------------------------------------------
                                  0.65   data required time
                                 -1.03   data arrival time
-----------------------------------------------------------------------------
                                  0.37   slack (MET)


Startpoint: _1091_ (rising edge-triggered flip-flop clocked by clk)
Endpoint: _1091_ (rising edge-triggered flip-flop clocked by clk)
Path Group: clk
Path Type: min

Fanout     Cap    Slew   Delay    Time   Description
-----------------------------------------------------------------------------
                          0.00    0.00   clock clk (rise edge)
                          0.00    0.00   clock source latency
                  0.15    0.10    0.10 ^ clk (in)
     1    0.03                           clk (net)
                  0.15    0.00    0.10 ^ clkbuf_0_clk/A (sky130_fd_sc_hd__clkbuf_16)
                  0.09    0.19    0.29 ^ clkbuf_0_clk/X (sky130_fd_sc_hd__clkbuf_16)
    16    0.07                           clknet_0_clk (net)
                  0.09    0.00    0.29 ^ clkbuf_4_7_0_clk/A (sky130_fd_sc_hd__clkbuf_8)
                  0.07    0.16    0.45 ^ clkbuf_4_7_0_clk/X (sky130_fd_sc_hd__clkbuf_8)
    12    0.03                           clknet_4_7_0_clk (net)
                  0.07    0.00    0.45 ^ _1091_/CLK (sky130_fd_sc_hd__dfrtp_2)
                  0.10    0.38    0.83 ^ _1091_/Q (sky130_fd_sc_hd__dfrtp_2)
     6    0.02                           wifi_timeout[14] (net)
                  0.10    0.00    0.83 ^ _0870_/A1 (sky130_fd_sc_hd__mux2_1)
                  0.04    0.13    0.96 ^ _0870_/X (sky130_fd_sc_hd__mux2_1)
     1    0.00                           _0405_ (net)
                  0.04    0.00    0.96 ^ _0871_/A (sky130_fd_sc_hd__clkbuf_1)
                  0.05    0.08    1.04 ^ _0871_/X (sky130_fd_sc_hd__clkbuf_1)
     1    0.00                           _0057_ (net)
                  0.05    0.00    1.04 ^ _1091_/D (sky130_fd_sc_hd__dfrtp_2)
                                  1.04   data arrival time

                          0.00    0.00   clock clk (rise edge)
                          0.00    0.00   clock source latency
                  0.15    0.11    0.11 ^ clk (in)
     1    0.03                           clk (net)
                  0.15    0.00    0.11 ^ clkbuf_0_clk/A (sky130_fd_sc_hd__clkbuf_16)
                  0.09    0.21    0.32 ^ clkbuf_0_clk/X (sky130_fd_sc_hd__clkbuf_16)
    16    0.07                           clknet_0_clk (net)
                  0.09    0.00    0.32 ^ clkbuf_4_7_0_clk/A (sky130_fd_sc_hd__clkbuf_8)
                  0.07    0.17    0.50 ^ clkbuf_4_7_0_clk/X (sky130_fd_sc_hd__clkbuf_8)
    12    0.03                           clknet_4_7_0_clk (net)
                  0.07    0.00    0.50 ^ _1091_/CLK (sky130_fd_sc_hd__dfrtp_2)
                          0.25    0.75   clock uncertainty
                         -0.05    0.70   clock reconvergence pessimism
                         -0.03    0.67   library hold time
                                  0.67   data required time
-----------------------------------------------------------------------------
                                  0.67   data required time
                                 -1.04   data arrival time
-----------------------------------------------------------------------------
                                  0.37   slack (MET)


Startpoint: _1170_ (rising edge-triggered flip-flop clocked by clk)
Endpoint: _1170_ (rising edge-triggered flip-flop clocked by clk)
Path Group: clk
Path Type: min

Fanout     Cap    Slew   Delay    Time   Description
-----------------------------------------------------------------------------
                          0.00    0.00   clock clk (rise edge)
                          0.00    0.00   clock source latency
                  0.15    0.10    0.10 ^ clk (in)
     1    0.03                           clk (net)
                  0.15    0.00    0.10 ^ clkbuf_0_clk/A (sky130_fd_sc_hd__clkbuf_16)
                  0.09    0.19    0.29 ^ clkbuf_0_clk/X (sky130_fd_sc_hd__clkbuf_16)
    16    0.07                           clknet_0_clk (net)
                  0.09    0.00    0.29 ^ clkbuf_4_1_0_clk/A (sky130_fd_sc_hd__clkbuf_8)
                  0.06    0.15    0.44 ^ clkbuf_4_1_0_clk/X (sky130_fd_sc_hd__clkbuf_8)
     8    0.03                           clknet_4_1_0_clk (net)
                  0.06    0.00    0.44 ^ _1170_/CLK (sky130_fd_sc_hd__dfrtp_1)
                  0.14    0.37    0.81 ^ _1170_/Q (sky130_fd_sc_hd__dfrtp_1)
     4    0.01                           spi_seq_r[6] (net)
                  0.14    0.00    0.81 ^ _1018_/A0 (sky130_fd_sc_hd__mux2_1)
                  0.05    0.14    0.96 ^ _1018_/X (sky130_fd_sc_hd__mux2_1)
     1    0.00                           _0493_ (net)
                  0.05    0.00    0.96 ^ _1019_/A (sky130_fd_sc_hd__clkbuf_1)
                  0.04    0.08    1.04 ^ _1019_/X (sky130_fd_sc_hd__clkbuf_1)
     1    0.00                           _0117_ (net)
                  0.04    0.00    1.04 ^ _1170_/D (sky130_fd_sc_hd__dfrtp_1)
                                  1.04   data arrival time

                          0.00    0.00   clock clk (rise edge)
                          0.00    0.00   clock source latency
                  0.15    0.11    0.11 ^ clk (in)
     1    0.03                           clk (net)
                  0.15    0.00    0.11 ^ clkbuf_0_clk/A (sky130_fd_sc_hd__clkbuf_16)
                  0.09    0.21    0.32 ^ clkbuf_0_clk/X (sky130_fd_sc_hd__clkbuf_16)
    16    0.07                           clknet_0_clk (net)
                  0.09    0.00    0.32 ^ clkbuf_4_1_0_clk/A (sky130_fd_sc_hd__clkbuf_8)
                  0.06    0.16    0.48 ^ clkbuf_4_1_0_clk/X (sky130_fd_sc_hd__clkbuf_8)
     8    0.03                           clknet_4_1_0_clk (net)
                  0.06    0.00    0.49 ^ _1170_/CLK (sky130_fd_sc_hd__dfrtp_1)
                          0.25    0.74   clock uncertainty
                         -0.05    0.69   clock reconvergence pessimism
                         -0.03    0.66   library hold time
                                  0.66   data required time
-----------------------------------------------------------------------------
                                  0.66   data required time
                                 -1.04   data arrival time
-----------------------------------------------------------------------------
                                  0.38   slack (MET)


Startpoint: _1136_ (rising edge-triggered flip-flop clocked by clk)
Endpoint: _1136_ (rising edge-triggered flip-flop clocked by clk)
Path Group: clk
Path Type: min

Fanout     Cap    Slew   Delay    Time   Description
-----------------------------------------------------------------------------
                          0.00    0.00   clock clk (rise edge)
                          0.00    0.00   clock source latency
                  0.15    0.10    0.10 ^ clk (in)
     1    0.03                           clk (net)
                  0.15    0.00    0.10 ^ clkbuf_0_clk/A (sky130_fd_sc_hd__clkbuf_16)
                  0.09    0.19    0.29 ^ clkbuf_0_clk/X (sky130_fd_sc_hd__clkbuf_16)
    16    0.07                           clknet_0_clk (net)
                  0.09    0.00    0.29 ^ clkbuf_4_1_0_clk/A (sky130_fd_sc_hd__clkbuf_8)
                  0.06    0.15    0.44 ^ clkbuf_4_1_0_clk/X (sky130_fd_sc_hd__clkbuf_8)
     8    0.03                           clknet_4_1_0_clk (net)
                  0.06    0.00    0.44 ^ _1136_/CLK (sky130_fd_sc_hd__dfrtp_2)
                  0.10    0.38    0.82 ^ _1136_/Q (sky130_fd_sc_hd__dfrtp_2)
     6    0.02                           spi_byte_num[0] (net)
                  0.10    0.00    0.82 ^ _0931_/S (sky130_fd_sc_hd__mux2_1)
                  0.05    0.14    0.96 ^ _0931_/X (sky130_fd_sc_hd__mux2_1)
     1    0.00                           _0440_ (net)
                  0.05    0.00    0.96 ^ _0932_/A (sky130_fd_sc_hd__clkbuf_1)
                  0.04    0.08    1.04 ^ _0932_/X (sky130_fd_sc_hd__clkbuf_1)
     1    0.00                           _0083_ (net)
                  0.04    0.00    1.04 ^ _1136_/D (sky130_fd_sc_hd__dfrtp_2)
                                  1.04   data arrival time

                          0.00    0.00   clock clk (rise edge)
                          0.00    0.00   clock source latency
                  0.15    0.11    0.11 ^ clk (in)
     1    0.03                           clk (net)
                  0.15    0.00    0.11 ^ clkbuf_0_clk/A (sky130_fd_sc_hd__clkbuf_16)
                  0.09    0.21    0.32 ^ clkbuf_0_clk/X (sky130_fd_sc_hd__clkbuf_16)
    16    0.07                           clknet_0_clk (net)
                  0.09    0.00    0.32 ^ clkbuf_4_1_0_clk/A (sky130_fd_sc_hd__clkbuf_8)
                  0.06    0.16    0.48 ^ clkbuf_4_1_0_clk/X (sky130_fd_sc_hd__clkbuf_8)
     8    0.03                           clknet_4_1_0_clk (net)
                  0.06    0.00    0.49 ^ _1136_/CLK (sky130_fd_sc_hd__dfrtp_2)
                          0.25    0.74   clock uncertainty
                         -0.05    0.69   clock reconvergence pessimism
                         -0.03    0.66   library hold time
                                  0.66   data required time
-----------------------------------------------------------------------------
                                  0.66   data required time
                                 -1.04   data arrival time
-----------------------------------------------------------------------------
                                  0.38   slack (MET)


Startpoint: _1129_ (rising edge-triggered flip-flop clocked by clk)
Endpoint: _1129_ (rising edge-triggered flip-flop clocked by clk)
Path Group: clk
Path Type: min

Fanout     Cap    Slew   Delay    Time   Description
-----------------------------------------------------------------------------
                          0.00    0.00   clock clk (rise edge)
                          0.00    0.00   clock source latency
                  0.15    0.10    0.10 ^ clk (in)
     1    0.03                           clk (net)
                  0.15    0.00    0.10 ^ clkbuf_0_clk/A (sky130_fd_sc_hd__clkbuf_16)
                  0.09    0.19    0.29 ^ clkbuf_0_clk/X (sky130_fd_sc_hd__clkbuf_16)
    16    0.07                           clknet_0_clk (net)
                  0.09    0.00    0.29 ^ clkbuf_4_9_0_clk/A (sky130_fd_sc_hd__clkbuf_8)
                  0.05    0.14    0.43 ^ clkbuf_4_9_0_clk/X (sky130_fd_sc_hd__clkbuf_8)
     7    0.02                           clknet_4_9_0_clk (net)
                  0.05    0.00    0.44 ^ _1129_/CLK (sky130_fd_sc_hd__dfrtp_2)
                  0.10    0.37    0.81 ^ _1129_/Q (sky130_fd_sc_hd__dfrtp_2)
     5    0.02                           spi_fail_count[0] (net)
                  0.10    0.00    0.81 ^ _0916_/S (sky130_fd_sc_hd__mux2_1)
                  0.05    0.14    0.95 ^ _0916_/X (sky130_fd_sc_hd__mux2_1)
     1    0.00                           _0431_ (net)
                  0.05    0.00    0.95 ^ _0917_/A (sky130_fd_sc_hd__clkbuf_1)
                  0.06    0.09    1.03 ^ _0917_/X (sky130_fd_sc_hd__clkbuf_1)
     1    0.00                           _0077_ (net)
                  0.06    0.00    1.03 ^ _1129_/D (sky130_fd_sc_hd__dfrtp_2)
                                  1.03   data arrival time

                          0.00    0.00   clock clk (rise edge)
                          0.00    0.00   clock source latency
                  0.15    0.11    0.11 ^ clk (in)
     1    0.03                           clk (net)
                  0.15    0.00    0.11 ^ clkbuf_0_clk/A (sky130_fd_sc_hd__clkbuf_16)
                  0.09    0.21    0.32 ^ clkbuf_0_clk/X (sky130_fd_sc_hd__clkbuf_16)
    16    0.07                           clknet_0_clk (net)
                  0.09    0.00    0.32 ^ clkbuf_4_9_0_clk/A (sky130_fd_sc_hd__clkbuf_8)
                  0.05    0.16    0.48 ^ clkbuf_4_9_0_clk/X (sky130_fd_sc_hd__clkbuf_8)
     7    0.02                           clknet_4_9_0_clk (net)
                  0.05    0.00    0.48 ^ _1129_/CLK (sky130_fd_sc_hd__dfrtp_2)
                          0.25    0.73   clock uncertainty
                         -0.05    0.69   clock reconvergence pessimism
                         -0.04    0.65   library hold time
                                  0.65   data required time
-----------------------------------------------------------------------------
                                  0.65   data required time
                                 -1.03   data arrival time
-----------------------------------------------------------------------------
                                  0.38   slack (MET)


Startpoint: _1189_ (rising edge-triggered flip-flop clocked by clk)
Endpoint: _1160_ (rising edge-triggered flip-flop clocked by clk)
Path Group: clk
Path Type: min

Fanout     Cap    Slew   Delay    Time   Description
-----------------------------------------------------------------------------
                          0.00    0.00   clock clk (rise edge)
                          0.00    0.00   clock source latency
                  0.15    0.10    0.10 ^ clk (in)
     1    0.03                           clk (net)
                  0.15    0.00    0.10 ^ clkbuf_0_clk/A (sky130_fd_sc_hd__clkbuf_16)
                  0.09    0.19    0.29 ^ clkbuf_0_clk/X (sky130_fd_sc_hd__clkbuf_16)
    16    0.07                           clknet_0_clk (net)
                  0.09    0.00    0.29 ^ clkbuf_4_5_0_clk/A (sky130_fd_sc_hd__clkbuf_8)
                  0.06    0.15    0.44 ^ clkbuf_4_5_0_clk/X (sky130_fd_sc_hd__clkbuf_8)
     9    0.03                           clknet_4_5_0_clk (net)
                  0.06    0.00    0.44 ^ _1189_/CLK (sky130_fd_sc_hd__dfrtp_4)
                  0.08    0.41    0.85 ^ _1189_/Q (sky130_fd_sc_hd__dfrtp_4)
     6    0.01                           spi_mosi_s2 (net)
                  0.08    0.00    0.85 ^ _0996_/A1 (sky130_fd_sc_hd__mux2_1)
                  0.05    0.13    0.98 ^ _0996_/X (sky130_fd_sc_hd__mux2_1)
     1    0.00                           _0481_ (net)
                  0.05    0.00    0.98 ^ _0997_/A (sky130_fd_sc_hd__clkbuf_1)
                  0.05    0.08    1.06 ^ _0997_/X (sky130_fd_sc_hd__clkbuf_1)
     1    0.00                           _0107_ (net)
                  0.05    0.00    1.06 ^ _1160_/D (sky130_fd_sc_hd__dfrtp_1)
                                  1.06   data arrival time

                          0.00    0.00   clock clk (rise edge)
                          0.00    0.00   clock source latency
                  0.15    0.11    0.11 ^ clk (in)
     1    0.03                           clk (net)
                  0.15    0.00    0.11 ^ clkbuf_0_clk/A (sky130_fd_sc_hd__clkbuf_16)
                  0.09    0.21    0.32 ^ clkbuf_0_clk/X (sky130_fd_sc_hd__clkbuf_16)
    16    0.07                           clknet_0_clk (net)
                  0.09    0.00    0.32 ^ clkbuf_4_13_0_clk/A (sky130_fd_sc_hd__clkbuf_8)
                  0.06    0.16    0.49 ^ clkbuf_4_13_0_clk/X (sky130_fd_sc_hd__clkbuf_8)
     9    0.03                           clknet_4_13_0_clk (net)
                  0.06    0.00    0.49 ^ _1160_/CLK (sky130_fd_sc_hd__dfrtp_1)
                          0.25    0.74   clock uncertainty
                         -0.03    0.71   clock reconvergence pessimism
                         -0.03    0.67   library hold time
                                  0.67   data required time
-----------------------------------------------------------------------------
                                  0.67   data required time
                                 -1.06   data arrival time
-----------------------------------------------------------------------------
                                  0.38   slack (MET)


Startpoint: _1161_ (rising edge-triggered flip-flop clocked by clk)
Endpoint: _1065_ (rising edge-triggered flip-flop clocked by clk)
Path Group: clk
Path Type: min

Fanout     Cap    Slew   Delay    Time   Description
-----------------------------------------------------------------------------
                          0.00    0.00   clock clk (rise edge)
                          0.00    0.00   clock source latency
                  0.15    0.10    0.10 ^ clk (in)
     1    0.03                           clk (net)
                  0.15    0.00    0.10 ^ clkbuf_0_clk/A (sky130_fd_sc_hd__clkbuf_16)
                  0.09    0.19    0.29 ^ clkbuf_0_clk/X (sky130_fd_sc_hd__clkbuf_16)
    16    0.07                           clknet_0_clk (net)
                  0.09    0.00    0.29 ^ clkbuf_4_12_0_clk/A (sky130_fd_sc_hd__clkbuf_8)
                  0.05    0.14    0.43 ^ clkbuf_4_12_0_clk/X (sky130_fd_sc_hd__clkbuf_8)
     7    0.02                           clknet_4_12_0_clk (net)
                  0.05    0.00    0.43 ^ _1161_/CLK (sky130_fd_sc_hd__dfrtp_1)
                  0.07    0.32    0.75 ^ _1161_/Q (sky130_fd_sc_hd__dfrtp_1)
     2    0.01                           spi_dat_r[1] (net)
                  0.07    0.00    0.75 ^ _0793_/A1 (sky130_fd_sc_hd__mux2_1)
                  0.03    0.11    0.87 ^ _0793_/X (sky130_fd_sc_hd__mux2_1)
     1    0.00                           _0345_ (net)
                  0.03    0.00    0.87 ^ _0794_/A0 (sky130_fd_sc_hd__mux2_1)
                  0.04    0.11    0.98 ^ _0794_/X (sky130_fd_sc_hd__mux2_1)
     1    0.00                           _0346_ (net)
                  0.04    0.00    0.98 ^ _0795_/A (sky130_fd_sc_hd__clkbuf_1)
                  0.05    0.08    1.06 ^ _0795_/X (sky130_fd_sc_hd__clkbuf_1)
     1    0.00                           _0040_ (net)
                  0.05    0.00    1.06 ^ _1065_/D (sky130_fd_sc_hd__dfrtp_1)
                                  1.06   data arrival time

                          0.00    0.00   clock clk (rise edge)
                          0.00    0.00   clock source latency
                  0.15    0.11    0.11 ^ clk (in)
     1    0.03                           clk (net)
                  0.15    0.00    0.11 ^ clkbuf_0_clk/A (sky130_fd_sc_hd__clkbuf_16)
                  0.09    0.21    0.32 ^ clkbuf_0_clk/X (sky130_fd_sc_hd__clkbuf_16)
    16    0.07                           clknet_0_clk (net)
                  0.09    0.00    0.32 ^ clkbuf_4_13_0_clk/A (sky130_fd_sc_hd__clkbuf_8)
                  0.06    0.16    0.49 ^ clkbuf_4_13_0_clk/X (sky130_fd_sc_hd__clkbuf_8)
     9    0.03                           clknet_4_13_0_clk (net)
                  0.06    0.00    0.49 ^ _1065_/CLK (sky130_fd_sc_hd__dfrtp_1)
                          0.25    0.74   clock uncertainty
                         -0.03    0.71   clock reconvergence pessimism
                         -0.03    0.67   library hold time
                                  0.67   data required time
-----------------------------------------------------------------------------
                                  0.67   data required time
                                 -1.06   data arrival time
-----------------------------------------------------------------------------
                                  0.39   slack (MET)


Startpoint: _1139_ (rising edge-triggered flip-flop clocked by clk)
Endpoint: _1139_ (rising edge-triggered flip-flop clocked by clk)
Path Group: clk
Path Type: min

Fanout     Cap    Slew   Delay    Time   Description
-----------------------------------------------------------------------------
                          0.00    0.00   clock clk (rise edge)
                          0.00    0.00   clock source latency
                  0.15    0.10    0.10 ^ clk (in)
     1    0.03                           clk (net)
                  0.15    0.00    0.10 ^ clkbuf_0_clk/A (sky130_fd_sc_hd__clkbuf_16)
                  0.09    0.19    0.29 ^ clkbuf_0_clk/X (sky130_fd_sc_hd__clkbuf_16)
    16    0.07                           clknet_0_clk (net)
                  0.09    0.00    0.29 ^ clkbuf_4_2_0_clk/A (sky130_fd_sc_hd__clkbuf_8)
                  0.06    0.14    0.44 ^ clkbuf_4_2_0_clk/X (sky130_fd_sc_hd__clkbuf_8)
    12    0.02                           clknet_4_2_0_clk (net)
                  0.06    0.00    0.44 ^ _1139_/CLK (sky130_fd_sc_hd__dfrtp_4)
                  0.15    0.47    0.90 ^ _1139_/Q (sky130_fd_sc_hd__dfrtp_4)
     7    0.04                           spi_byte_buf[1] (net)
                  0.15    0.00    0.90 ^ _0937_/B2 (sky130_fd_sc_hd__a22o_1)
                  0.04    0.13    1.04 ^ _0937_/X (sky130_fd_sc_hd__a22o_1)
     1    0.00                           _0086_ (net)
                  0.04    0.00    1.04 ^ _1139_/D (sky130_fd_sc_hd__dfrtp_4)
                                  1.04   data arrival time

                          0.00    0.00   clock clk (rise edge)
                          0.00    0.00   clock source latency
                  0.15    0.11    0.11 ^ clk (in)
     1    0.03                           clk (net)
                  0.15    0.00    0.11 ^ clkbuf_0_clk/A (sky130_fd_sc_hd__clkbuf_16)
                  0.09    0.21    0.32 ^ clkbuf_0_clk/X (sky130_fd_sc_hd__clkbuf_16)
    16    0.07                           clknet_0_clk (net)
                  0.09    0.00    0.32 ^ clkbuf_4_2_0_clk/A (sky130_fd_sc_hd__clkbuf_8)
                  0.06    0.16    0.48 ^ clkbuf_4_2_0_clk/X (sky130_fd_sc_hd__clkbuf_8)
    12    0.02                           clknet_4_2_0_clk (net)
                  0.06    0.00    0.48 ^ _1139_/CLK (sky130_fd_sc_hd__dfrtp_4)
                          0.25    0.73   clock uncertainty
                         -0.05    0.69   clock reconvergence pessimism
                         -0.03    0.65   library hold time
                                  0.65   data required time
-----------------------------------------------------------------------------
                                  0.65   data required time
                                 -1.04   data arrival time
-----------------------------------------------------------------------------
                                  0.39   slack (MET)


Startpoint: _1133_ (rising edge-triggered flip-flop clocked by clk)
Endpoint: _1133_ (rising edge-triggered flip-flop clocked by clk)
Path Group: clk
Path Type: min

Fanout     Cap    Slew   Delay    Time   Description
-----------------------------------------------------------------------------
                          0.00    0.00   clock clk (rise edge)
                          0.00    0.00   clock source latency
                  0.15    0.10    0.10 ^ clk (in)
     1    0.03                           clk (net)
                  0.15    0.00    0.10 ^ clkbuf_0_clk/A (sky130_fd_sc_hd__clkbuf_16)
                  0.09    0.19    0.29 ^ clkbuf_0_clk/X (sky130_fd_sc_hd__clkbuf_16)
    16    0.07                           clknet_0_clk (net)
                  0.09    0.00    0.29 ^ clkbuf_4_3_0_clk/A (sky130_fd_sc_hd__clkbuf_8)
                  0.06    0.15    0.44 ^ clkbuf_4_3_0_clk/X (sky130_fd_sc_hd__clkbuf_8)
    10    0.03                           clknet_4_3_0_clk (net)
                  0.06    0.00    0.44 ^ _1133_/CLK (sky130_fd_sc_hd__dfrtp_1)
                  0.14    0.38    0.82 ^ _1133_/Q (sky130_fd_sc_hd__dfrtp_1)
     4    0.02                           spi_bit_cnt[0] (net)
                  0.14    0.00    0.83 ^ _0923_/S (sky130_fd_sc_hd__mux2_1)
                  0.04    0.14    0.97 ^ _0923_/X (sky130_fd_sc_hd__mux2_1)
     1    0.00                           _0435_ (net)
                  0.04    0.00    0.97 ^ _0924_/A (sky130_fd_sc_hd__clkbuf_1)
                  0.05    0.08    1.05 ^ _0924_/X (sky130_fd_sc_hd__clkbuf_1)
     1    0.00                           _0080_ (net)
                  0.05    0.00    1.05 ^ _1133_/D (sky130_fd_sc_hd__dfrtp_1)
                                  1.05   data arrival time

                          0.00    0.00   clock clk (rise edge)
                          0.00    0.00   clock source latency
                  0.15    0.11    0.11 ^ clk (in)
     1    0.03                           clk (net)
                  0.15    0.00    0.11 ^ clkbuf_0_clk/A (sky130_fd_sc_hd__clkbuf_16)
                  0.09    0.21    0.32 ^ clkbuf_0_clk/X (sky130_fd_sc_hd__clkbuf_16)
    16    0.07                           clknet_0_clk (net)
                  0.09    0.00    0.32 ^ clkbuf_4_3_0_clk/A (sky130_fd_sc_hd__clkbuf_8)
                  0.06    0.17    0.49 ^ clkbuf_4_3_0_clk/X (sky130_fd_sc_hd__clkbuf_8)
    10    0.03                           clknet_4_3_0_clk (net)
                  0.06    0.00    0.49 ^ _1133_/CLK (sky130_fd_sc_hd__dfrtp_1)
                          0.25    0.74   clock uncertainty
                         -0.05    0.69   clock reconvergence pessimism
                         -0.03    0.66   library hold time
                                  0.66   data required time
-----------------------------------------------------------------------------
                                  0.66   data required time
                                 -1.05   data arrival time
-----------------------------------------------------------------------------
                                  0.39   slack (MET)


Startpoint: _1189_ (rising edge-triggered flip-flop clocked by clk)
Endpoint: _1172_ (rising edge-triggered flip-flop clocked by clk)
Path Group: clk
Path Type: min

Fanout     Cap    Slew   Delay    Time   Description
-----------------------------------------------------------------------------
                          0.00    0.00   clock clk (rise edge)
                          0.00    0.00   clock source latency
                  0.15    0.10    0.10 ^ clk (in)
     1    0.03                           clk (net)
                  0.15    0.00    0.10 ^ clkbuf_0_clk/A (sky130_fd_sc_hd__clkbuf_16)
                  0.09    0.19    0.29 ^ clkbuf_0_clk/X (sky130_fd_sc_hd__clkbuf_16)
    16    0.07                           clknet_0_clk (net)
                  0.09    0.00    0.29 ^ clkbuf_4_5_0_clk/A (sky130_fd_sc_hd__clkbuf_8)
                  0.06    0.15    0.44 ^ clkbuf_4_5_0_clk/X (sky130_fd_sc_hd__clkbuf_8)
     9    0.03                           clknet_4_5_0_clk (net)
                  0.06    0.00    0.44 ^ _1189_/CLK (sky130_fd_sc_hd__dfrtp_4)
                  0.08    0.41    0.85 ^ _1189_/Q (sky130_fd_sc_hd__dfrtp_4)
     6    0.01                           spi_mosi_s2 (net)
                  0.08    0.00    0.85 ^ _1022_/A1 (sky130_fd_sc_hd__mux2_1)
                  0.04    0.13    0.97 ^ _1022_/X (sky130_fd_sc_hd__mux2_1)
     1    0.00                           _0495_ (net)
                  0.04    0.00    0.97 ^ _1023_/A (sky130_fd_sc_hd__clkbuf_1)
                  0.05    0.08    1.05 ^ _1023_/X (sky130_fd_sc_hd__clkbuf_1)
     1    0.00                           _0119_ (net)
                  0.05    0.00    1.05 ^ _1172_/D (sky130_fd_sc_hd__dfrtp_1)
                                  1.05   data arrival time

                          0.00    0.00   clock clk (rise edge)
                          0.00    0.00   clock source latency
                  0.15    0.11    0.11 ^ clk (in)
     1    0.03                           clk (net)
                  0.15    0.00    0.11 ^ clkbuf_0_clk/A (sky130_fd_sc_hd__clkbuf_16)
                  0.09    0.21    0.32 ^ clkbuf_0_clk/X (sky130_fd_sc_hd__clkbuf_16)
    16    0.07                           clknet_0_clk (net)
                  0.09    0.00    0.32 ^ clkbuf_4_12_0_clk/A (sky130_fd_sc_hd__clkbuf_8)
                  0.05    0.16    0.48 ^ clkbuf_4_12_0_clk/X (sky130_fd_sc_hd__clkbuf_8)
     7    0.02                           clknet_4_12_0_clk (net)
                  0.05    0.00    0.48 ^ _1172_/CLK (sky130_fd_sc_hd__dfrtp_1)
                          0.25    0.73   clock uncertainty
                         -0.03    0.70   clock reconvergence pessimism
                         -0.03    0.66   library hold time
                                  0.66   data required time
-----------------------------------------------------------------------------
                                  0.66   data required time
                                 -1.05   data arrival time
-----------------------------------------------------------------------------
                                  0.39   slack (MET)


Startpoint: _1078_ (rising edge-triggered flip-flop clocked by clk)
Endpoint: _1078_ (rising edge-triggered flip-flop clocked by clk)
Path Group: clk
Path Type: min

Fanout     Cap    Slew   Delay    Time   Description
-----------------------------------------------------------------------------
                          0.00    0.00   clock clk (rise edge)
                          0.00    0.00   clock source latency
                  0.15    0.10    0.10 ^ clk (in)
     1    0.03                           clk (net)
                  0.15    0.00    0.10 ^ clkbuf_0_clk/A (sky130_fd_sc_hd__clkbuf_16)
                  0.09    0.19    0.29 ^ clkbuf_0_clk/X (sky130_fd_sc_hd__clkbuf_16)
    16    0.07                           clknet_0_clk (net)
                  0.09    0.00    0.29 ^ clkbuf_4_13_0_clk/A (sky130_fd_sc_hd__clkbuf_8)
                  0.06    0.15    0.44 ^ clkbuf_4_13_0_clk/X (sky130_fd_sc_hd__clkbuf_8)
     9    0.03                           clknet_4_13_0_clk (net)
                  0.06    0.00    0.44 ^ _1078_/CLK (sky130_fd_sc_hd__dfrtp_1)
                  0.14    0.38    0.82 ^ _1078_/Q (sky130_fd_sc_hd__dfrtp_1)
     6    0.02                           wifi_timeout[1] (net)
                  0.14    0.00    0.82 ^ _0809_/A1 (sky130_fd_sc_hd__mux2_1)
                  0.05    0.15    0.97 ^ _0809_/X (sky130_fd_sc_hd__mux2_1)
     1    0.00                           _0357_ (net)
                  0.05    0.00    0.97 ^ _0810_/A (sky130_fd_sc_hd__clkbuf_1)
                  0.04    0.08    1.05 ^ _0810_/X (sky130_fd_sc_hd__clkbuf_1)
     1    0.00                           _0044_ (net)
                  0.04    0.00    1.05 ^ _1078_/D (sky130_fd_sc_hd__dfrtp_1)
                                  1.05   data arrival time

                          0.00    0.00   clock clk (rise edge)
                          0.00    0.00   clock source latency
                  0.15    0.11    0.11 ^ clk (in)
     1    0.03                           clk (net)
                  0.15    0.00    0.11 ^ clkbuf_0_clk/A (sky130_fd_sc_hd__clkbuf_16)
                  0.09    0.21    0.32 ^ clkbuf_0_clk/X (sky130_fd_sc_hd__clkbuf_16)
    16    0.07                           clknet_0_clk (net)
                  0.09    0.00    0.32 ^ clkbuf_4_13_0_clk/A (sky130_fd_sc_hd__clkbuf_8)
                  0.06    0.16    0.49 ^ clkbuf_4_13_0_clk/X (sky130_fd_sc_hd__clkbuf_8)
     9    0.03                           clknet_4_13_0_clk (net)
                  0.06    0.00    0.49 ^ _1078_/CLK (sky130_fd_sc_hd__dfrtp_1)
                          0.25    0.74   clock uncertainty
                         -0.05    0.69   clock reconvergence pessimism
                         -0.03    0.66   library hold time
                                  0.66   data required time
-----------------------------------------------------------------------------
                                  0.66   data required time
                                 -1.05   data arrival time
-----------------------------------------------------------------------------
                                  0.39   slack (MET)


Startpoint: _1060_ (rising edge-triggered flip-flop clocked by clk)
Endpoint: _1060_ (rising edge-triggered flip-flop clocked by clk)
Path Group: clk
Path Type: min

Fanout     Cap    Slew   Delay    Time   Description
-----------------------------------------------------------------------------
                          0.00    0.00   clock clk (rise edge)
                          0.00    0.00   clock source latency
                  0.15    0.10    0.10 ^ clk (in)
     1    0.03                           clk (net)
                  0.15    0.00    0.10 ^ clkbuf_0_clk/A (sky130_fd_sc_hd__clkbuf_16)
                  0.09    0.19    0.29 ^ clkbuf_0_clk/X (sky130_fd_sc_hd__clkbuf_16)
    16    0.07                           clknet_0_clk (net)
                  0.09    0.00    0.29 ^ clkbuf_4_11_0_clk/A (sky130_fd_sc_hd__clkbuf_8)
                  0.07    0.15    0.44 ^ clkbuf_4_11_0_clk/X (sky130_fd_sc_hd__clkbuf_8)
    10    0.03                           clknet_4_11_0_clk (net)
                  0.07    0.00    0.44 ^ _1060_/CLK (sky130_fd_sc_hd__dfrtp_1)
                  0.09    0.35    0.79 ^ _1060_/Q (sky130_fd_sc_hd__dfrtp_1)
     3    0.01                           pulse_count[0] (net)
                  0.09    0.00    0.79 ^ _0777_/A_N (sky130_fd_sc_hd__and3b_1)
                  0.04    0.18    0.97 v _0777_/X (sky130_fd_sc_hd__and3b_1)
     1    0.00                           _0334_ (net)
                  0.04    0.00    0.97 v _0778_/A (sky130_fd_sc_hd__clkbuf_1)
                  0.03    0.08    1.05 v _0778_/X (sky130_fd_sc_hd__clkbuf_1)
     1    0.00                           _0035_ (net)
                  0.03    0.00    1.05 v _1060_/D (sky130_fd_sc_hd__dfrtp_1)
                                  1.05   data arrival time

                          0.00    0.00   clock clk (rise edge)
                          0.00    0.00   clock source latency
                  0.15    0.11    0.11 ^ clk (in)
     1    0.03                           clk (net)
                  0.15    0.00    0.11 ^ clkbuf_0_clk/A (sky130_fd_sc_hd__clkbuf_16)
                  0.09    0.21    0.32 ^ clkbuf_0_clk/X (sky130_fd_sc_hd__clkbuf_16)
    16    0.07                           clknet_0_clk (net)
                  0.09    0.00    0.32 ^ clkbuf_4_11_0_clk/A (sky130_fd_sc_hd__clkbuf_8)
                  0.07    0.17    0.49 ^ clkbuf_4_11_0_clk/X (sky130_fd_sc_hd__clkbuf_8)
    10    0.03                           clknet_4_11_0_clk (net)
                  0.07    0.00    0.49 ^ _1060_/CLK (sky130_fd_sc_hd__dfrtp_1)
                          0.25    0.74   clock uncertainty
                         -0.05    0.70   clock reconvergence pessimism
                         -0.03    0.66   library hold time
                                  0.66   data required time
-----------------------------------------------------------------------------
                                  0.66   data required time
                                 -1.05   data arrival time
-----------------------------------------------------------------------------
                                  0.39   slack (MET)


Startpoint: _1162_ (rising edge-triggered flip-flop clocked by clk)
Endpoint: _1066_ (rising edge-triggered flip-flop clocked by clk)
Path Group: clk
Path Type: min

Fanout     Cap    Slew   Delay    Time   Description
-----------------------------------------------------------------------------
                          0.00    0.00   clock clk (rise edge)
                          0.00    0.00   clock source latency
                  0.15    0.10    0.10 ^ clk (in)
     1    0.03                           clk (net)
                  0.15    0.00    0.10 ^ clkbuf_0_clk/A (sky130_fd_sc_hd__clkbuf_16)
                  0.09    0.19    0.29 ^ clkbuf_0_clk/X (sky130_fd_sc_hd__clkbuf_16)
    16    0.07                           clknet_0_clk (net)
                  0.09    0.00    0.29 ^ clkbuf_4_12_0_clk/A (sky130_fd_sc_hd__clkbuf_8)
                  0.05    0.14    0.43 ^ clkbuf_4_12_0_clk/X (sky130_fd_sc_hd__clkbuf_8)
     7    0.02                           clknet_4_12_0_clk (net)
                  0.05    0.00    0.43 ^ _1162_/CLK (sky130_fd_sc_hd__dfrtp_1)
                  0.06    0.32    0.75 ^ _1162_/Q (sky130_fd_sc_hd__dfrtp_1)
     2    0.01                           spi_dat_r[2] (net)
                  0.06    0.00    0.75 ^ _0796_/A1 (sky130_fd_sc_hd__mux2_1)
                  0.04    0.11    0.86 ^ _0796_/X (sky130_fd_sc_hd__mux2_1)
     1    0.00                           _0347_ (net)
                  0.04    0.00    0.86 ^ _0797_/A0 (sky130_fd_sc_hd__mux2_1)
                  0.04    0.11    0.97 ^ _0797_/X (sky130_fd_sc_hd__mux2_1)
     1    0.00                           _0348_ (net)
                  0.04    0.00    0.97 ^ _0798_/A (sky130_fd_sc_hd__clkbuf_1)
                  0.04    0.07    1.04 ^ _0798_/X (sky130_fd_sc_hd__clkbuf_1)
     1    0.00                           _0041_ (net)
                  0.04    0.00    1.04 ^ _1066_/D (sky130_fd_sc_hd__dfrtp_1)
                                  1.04   data arrival time

                          0.00    0.00   clock clk (rise edge)
                          0.00    0.00   clock source latency
                  0.15    0.11    0.11 ^ clk (in)
     1    0.03                           clk (net)
                  0.15    0.00    0.11 ^ clkbuf_0_clk/A (sky130_fd_sc_hd__clkbuf_16)
                  0.09    0.21    0.32 ^ clkbuf_0_clk/X (sky130_fd_sc_hd__clkbuf_16)
    16    0.07                           clknet_0_clk (net)
                  0.09    0.00    0.32 ^ clkbuf_4_12_0_clk/A (sky130_fd_sc_hd__clkbuf_8)
                  0.05    0.16    0.48 ^ clkbuf_4_12_0_clk/X (sky130_fd_sc_hd__clkbuf_8)
     7    0.02                           clknet_4_12_0_clk (net)
                  0.05    0.00    0.48 ^ _1066_/CLK (sky130_fd_sc_hd__dfrtp_1)
                          0.25    0.73   clock uncertainty
                         -0.05    0.68   clock reconvergence pessimism
                         -0.03    0.65   library hold time
                                  0.65   data required time
-----------------------------------------------------------------------------
                                  0.65   data required time
                                 -1.04   data arrival time
-----------------------------------------------------------------------------
                                  0.39   slack (MET)


Startpoint: _1183_ (rising edge-triggered flip-flop clocked by clk)
Endpoint: _1183_ (rising edge-triggered flip-flop clocked by clk)
Path Group: clk
Path Type: min

Fanout     Cap    Slew   Delay    Time   Description
-----------------------------------------------------------------------------
                          0.00    0.00   clock clk (rise edge)
                          0.00    0.00   clock source latency
                  0.15    0.10    0.10 ^ clk (in)
     1    0.03                           clk (net)
                  0.15    0.00    0.10 ^ clkbuf_0_clk/A (sky130_fd_sc_hd__clkbuf_16)
                  0.09    0.19    0.29 ^ clkbuf_0_clk/X (sky130_fd_sc_hd__clkbuf_16)
    16    0.07                           clknet_0_clk (net)
                  0.09    0.00    0.29 ^ clkbuf_4_3_0_clk/A (sky130_fd_sc_hd__clkbuf_8)
                  0.06    0.15    0.44 ^ clkbuf_4_3_0_clk/X (sky130_fd_sc_hd__clkbuf_8)
    10    0.03                           clknet_4_3_0_clk (net)
                  0.06    0.00    0.44 ^ _1183_/CLK (sky130_fd_sc_hd__dfrtp_1)
                  0.15    0.38    0.83 ^ _1183_/Q (sky130_fd_sc_hd__dfrtp_1)
     4    0.02                           spi_cmd_r[7] (net)
                  0.15    0.00    0.83 ^ _1046_/A0 (sky130_fd_sc_hd__mux2_1)
                  0.05    0.14    0.97 ^ _1046_/X (sky130_fd_sc_hd__mux2_1)
     1    0.00                           _0509_ (net)
                  0.05    0.00    0.97 ^ _1047_/A (sky130_fd_sc_hd__clkbuf_1)
                  0.05    0.08    1.05 ^ _1047_/X (sky130_fd_sc_hd__clkbuf_1)
     1    0.00                           _0129_ (net)
                  0.05    0.00    1.05 ^ _1183_/D (sky130_fd_sc_hd__dfrtp_1)
                                  1.05   data arrival time

                          0.00    0.00   clock clk (rise edge)
                          0.00    0.00   clock source latency
                  0.15    0.11    0.11 ^ clk (in)
     1    0.03                           clk (net)
                  0.15    0.00    0.11 ^ clkbuf_0_clk/A (sky130_fd_sc_hd__clkbuf_16)
                  0.09    0.21    0.32 ^ clkbuf_0_clk/X (sky130_fd_sc_hd__clkbuf_16)
    16    0.07                           clknet_0_clk (net)
                  0.09    0.00    0.32 ^ clkbuf_4_3_0_clk/A (sky130_fd_sc_hd__clkbuf_8)
                  0.06    0.17    0.49 ^ clkbuf_4_3_0_clk/X (sky130_fd_sc_hd__clkbuf_8)
    10    0.03                           clknet_4_3_0_clk (net)
                  0.06    0.00    0.49 ^ _1183_/CLK (sky130_fd_sc_hd__dfrtp_1)
                          0.25    0.74   clock uncertainty
                         -0.05    0.69   clock reconvergence pessimism
                         -0.03    0.66   library hold time
                                  0.66   data required time
-----------------------------------------------------------------------------
                                  0.66   data required time
                                 -1.05   data arrival time
-----------------------------------------------------------------------------
                                  0.39   slack (MET)


Startpoint: _1163_ (rising edge-triggered flip-flop clocked by clk)
Endpoint: _1067_ (rising edge-triggered flip-flop clocked by clk)
Path Group: clk
Path Type: min

Fanout     Cap    Slew   Delay    Time   Description
-----------------------------------------------------------------------------
                          0.00    0.00   clock clk (rise edge)
                          0.00    0.00   clock source latency
                  0.15    0.10    0.10 ^ clk (in)
     1    0.03                           clk (net)
                  0.15    0.00    0.10 ^ clkbuf_0_clk/A (sky130_fd_sc_hd__clkbuf_16)
                  0.09    0.19    0.29 ^ clkbuf_0_clk/X (sky130_fd_sc_hd__clkbuf_16)
    16    0.07                           clknet_0_clk (net)
                  0.09    0.00    0.29 ^ clkbuf_4_6_0_clk/A (sky130_fd_sc_hd__clkbuf_8)
                  0.06    0.14    0.44 ^ clkbuf_4_6_0_clk/X (sky130_fd_sc_hd__clkbuf_8)
     8    0.02                           clknet_4_6_0_clk (net)
                  0.06    0.00    0.44 ^ _1163_/CLK (sky130_fd_sc_hd__dfrtp_1)
                  0.07    0.32    0.76 ^ _1163_/Q (sky130_fd_sc_hd__dfrtp_1)
     2    0.01                           spi_dat_r[3] (net)
                  0.07    0.00    0.76 ^ _0799_/A1 (sky130_fd_sc_hd__mux2_1)
                  0.05    0.12    0.88 ^ _0799_/X (sky130_fd_sc_hd__mux2_1)
     1    0.00                           _0349_ (net)
                  0.05    0.00    0.88 ^ _0800_/A0 (sky130_fd_sc_hd__mux2_1)
                  0.04    0.11    0.99 ^ _0800_/X (sky130_fd_sc_hd__mux2_1)
     1    0.00                           _0350_ (net)
                  0.04    0.00    0.99 ^ _0801_/A (sky130_fd_sc_hd__clkbuf_1)
                  0.04    0.07    1.06 ^ _0801_/X (sky130_fd_sc_hd__clkbuf_1)
     1    0.00                           _0042_ (net)
                  0.04    0.00    1.06 ^ _1067_/D (sky130_fd_sc_hd__dfrtp_1)
                                  1.06   data arrival time

                          0.00    0.00   clock clk (rise edge)
                          0.00    0.00   clock source latency
                  0.15    0.11    0.11 ^ clk (in)
     1    0.03                           clk (net)
                  0.15    0.00    0.11 ^ clkbuf_0_clk/A (sky130_fd_sc_hd__clkbuf_16)
                  0.09    0.21    0.32 ^ clkbuf_0_clk/X (sky130_fd_sc_hd__clkbuf_16)
    16    0.07                           clknet_0_clk (net)
                  0.09    0.00    0.32 ^ clkbuf_4_12_0_clk/A (sky130_fd_sc_hd__clkbuf_8)
                  0.05    0.16    0.48 ^ clkbuf_4_12_0_clk/X (sky130_fd_sc_hd__clkbuf_8)
     7    0.02                           clknet_4_12_0_clk (net)
                  0.05    0.00    0.48 ^ _1067_/CLK (sky130_fd_sc_hd__dfrtp_1)
                          0.25    0.73   clock uncertainty
                         -0.03    0.70   clock reconvergence pessimism
                         -0.03    0.67   library hold time
                                  0.67   data required time
-----------------------------------------------------------------------------
                                  0.67   data required time
                                 -1.06   data arrival time
-----------------------------------------------------------------------------
                                  0.39   slack (MET)


Startpoint: _1073_ (rising edge-triggered flip-flop clocked by clk)
Endpoint: _1073_ (rising edge-triggered flip-flop clocked by clk)
Path Group: clk
Path Type: min

Fanout     Cap    Slew   Delay    Time   Description
-----------------------------------------------------------------------------
                          0.00    0.00   clock clk (rise edge)
                          0.00    0.00   clock source latency
                  0.15    0.10    0.10 ^ clk (in)
     1    0.03                           clk (net)
                  0.15    0.00    0.10 ^ clkbuf_0_clk/A (sky130_fd_sc_hd__clkbuf_16)
                  0.09    0.19    0.29 ^ clkbuf_0_clk/X (sky130_fd_sc_hd__clkbuf_16)
    16    0.07                           clknet_0_clk (net)
                  0.09    0.00    0.29 ^ clkbuf_4_7_0_clk/A (sky130_fd_sc_hd__clkbuf_8)
                  0.07    0.16    0.45 ^ clkbuf_4_7_0_clk/X (sky130_fd_sc_hd__clkbuf_8)
    12    0.03                           clknet_4_7_0_clk (net)
                  0.07    0.00    0.45 ^ _1073_/CLK (sky130_fd_sc_hd__dfrtp_1)
                  0.06    0.33    0.77 ^ _1073_/Q (sky130_fd_sc_hd__dfrtp_1)
     2    0.01                           wifi_timeout_tick_count[5] (net)
                  0.06    0.00    0.77 ^ _0676_/B1 (sky130_fd_sc_hd__a21o_1)
                  0.04    0.08    0.85 ^ _0676_/X (sky130_fd_sc_hd__a21o_1)
     1    0.00                           _0260_ (net)
                  0.04    0.00    0.85 ^ _0677_/B (sky130_fd_sc_hd__and3b_1)
                  0.05    0.14    0.99 ^ _0677_/X (sky130_fd_sc_hd__and3b_1)
     1    0.00                           _0261_ (net)
                  0.05    0.00    0.99 ^ _0678_/A (sky130_fd_sc_hd__clkbuf_1)
                  0.04    0.07    1.06 ^ _0678_/X (sky130_fd_sc_hd__clkbuf_1)
     1    0.00                           _0027_ (net)
                  0.04    0.00    1.06 ^ _1073_/D (sky130_fd_sc_hd__dfrtp_1)
                                  1.06   data arrival time

                          0.00    0.00   clock clk (rise edge)
                          0.00    0.00   clock source latency
                  0.15    0.11    0.11 ^ clk (in)
     1    0.03                           clk (net)
                  0.15    0.00    0.11 ^ clkbuf_0_clk/A (sky130_fd_sc_hd__clkbuf_16)
                  0.09    0.21    0.32 ^ clkbuf_0_clk/X (sky130_fd_sc_hd__clkbuf_16)
    16    0.07                           clknet_0_clk (net)
                  0.09    0.00    0.32 ^ clkbuf_4_7_0_clk/A (sky130_fd_sc_hd__clkbuf_8)
                  0.07    0.17    0.50 ^ clkbuf_4_7_0_clk/X (sky130_fd_sc_hd__clkbuf_8)
    12    0.03                           clknet_4_7_0_clk (net)
                  0.07    0.00    0.50 ^ _1073_/CLK (sky130_fd_sc_hd__dfrtp_1)
                          0.25    0.75   clock uncertainty
                         -0.05    0.70   clock reconvergence pessimism
                         -0.03    0.67   library hold time
                                  0.67   data required time
-----------------------------------------------------------------------------
                                  0.67   data required time
                                 -1.06   data arrival time
-----------------------------------------------------------------------------
                                  0.39   slack (MET)


Startpoint: _1181_ (rising edge-triggered flip-flop clocked by clk)
Endpoint: _1108_ (rising edge-triggered flip-flop clocked by clk)
Path Group: clk
Path Type: min

Fanout     Cap    Slew   Delay    Time   Description
-----------------------------------------------------------------------------
                          0.00    0.00   clock clk (rise edge)
                          0.00    0.00   clock source latency
                  0.15    0.10    0.10 ^ clk (in)
     1    0.03                           clk (net)
                  0.15    0.00    0.10 ^ clkbuf_0_clk/A (sky130_fd_sc_hd__clkbuf_16)
                  0.09    0.19    0.29 ^ clkbuf_0_clk/X (sky130_fd_sc_hd__clkbuf_16)
    16    0.07                           clknet_0_clk (net)
                  0.09    0.00    0.29 ^ clkbuf_4_2_0_clk/A (sky130_fd_sc_hd__clkbuf_8)
                  0.06    0.14    0.44 ^ clkbuf_4_2_0_clk/X (sky130_fd_sc_hd__clkbuf_8)
    12    0.02                           clknet_4_2_0_clk (net)
                  0.06    0.00    0.44 ^ _1181_/CLK (sky130_fd_sc_hd__dfrtp_4)
                  0.10    0.42    0.86 ^ _1181_/Q (sky130_fd_sc_hd__dfrtp_4)
     6    0.02                           spi_tag_match (net)
                  0.10    0.00    0.86 ^ _0909_/A1 (sky130_fd_sc_hd__mux2_1)
                  0.04    0.13    0.99 ^ _0909_/X (sky130_fd_sc_hd__mux2_1)
     1    0.00                           _0427_ (net)
                  0.04    0.00    0.99 ^ _0910_/A (sky130_fd_sc_hd__clkbuf_1)
                  0.05    0.08    1.07 ^ _0910_/X (sky130_fd_sc_hd__clkbuf_1)
     1    0.00                           _0074_ (net)
                  0.05    0.00    1.07 ^ _1108_/D (sky130_fd_sc_hd__dfrtp_1)
                                  1.07   data arrival time

                          0.00    0.00   clock clk (rise edge)
                          0.00    0.00   clock source latency
                  0.15    0.11    0.11 ^ clk (in)
     1    0.03                           clk (net)
                  0.15    0.00    0.11 ^ clkbuf_0_clk/A (sky130_fd_sc_hd__clkbuf_16)
                  0.09    0.21    0.32 ^ clkbuf_0_clk/X (sky130_fd_sc_hd__clkbuf_16)
    16    0.07                           clknet_0_clk (net)
                  0.09    0.00    0.32 ^ clkbuf_4_3_0_clk/A (sky130_fd_sc_hd__clkbuf_8)
                  0.06    0.17    0.49 ^ clkbuf_4_3_0_clk/X (sky130_fd_sc_hd__clkbuf_8)
    10    0.03                           clknet_4_3_0_clk (net)
                  0.06    0.00    0.49 ^ _1108_/CLK (sky130_fd_sc_hd__dfrtp_1)
                          0.25    0.74   clock uncertainty
                         -0.03    0.71   clock reconvergence pessimism
                         -0.03    0.68   library hold time
                                  0.68   data required time
-----------------------------------------------------------------------------
                                  0.68   data required time
                                 -1.07   data arrival time
-----------------------------------------------------------------------------
                                  0.39   slack (MET)


Startpoint: _1077_ (rising edge-triggered flip-flop clocked by clk)
Endpoint: _1077_ (rising edge-triggered flip-flop clocked by clk)
Path Group: clk
Path Type: min

Fanout     Cap    Slew   Delay    Time   Description
-----------------------------------------------------------------------------
                          0.00    0.00   clock clk (rise edge)
                          0.00    0.00   clock source latency
                  0.15    0.10    0.10 ^ clk (in)
     1    0.03                           clk (net)
                  0.15    0.00    0.10 ^ clkbuf_0_clk/A (sky130_fd_sc_hd__clkbuf_16)
                  0.09    0.19    0.29 ^ clkbuf_0_clk/X (sky130_fd_sc_hd__clkbuf_16)
    16    0.07                           clknet_0_clk (net)
                  0.09    0.00    0.29 ^ clkbuf_4_7_0_clk/A (sky130_fd_sc_hd__clkbuf_8)
                  0.07    0.16    0.45 ^ clkbuf_4_7_0_clk/X (sky130_fd_sc_hd__clkbuf_8)
    12    0.03                           clknet_4_7_0_clk (net)
                  0.07    0.00    0.45 ^ _1077_/CLK (sky130_fd_sc_hd__dfrtp_2)
                  0.11    0.39    0.84 ^ _1077_/Q (sky130_fd_sc_hd__dfrtp_2)
     7    0.02                           wifi_timeout[0] (net)
                  0.11    0.00    0.84 ^ _0804_/B1 (sky130_fd_sc_hd__o41a_1)
                  0.04    0.14    0.98 ^ _0804_/X (sky130_fd_sc_hd__o41a_1)
     1    0.00                           _0353_ (net)
                  0.04    0.00    0.98 ^ _0805_/B1_N (sky130_fd_sc_hd__o21bai_1)
                  0.05    0.09    1.06 ^ _0805_/Y (sky130_fd_sc_hd__o21bai_1)
     1    0.00                           _0043_ (net)
                  0.05    0.00    1.06 ^ _1077_/D (sky130_fd_sc_hd__dfrtp_2)
                                  1.06   data arrival time

                          0.00    0.00   clock clk (rise edge)
                          0.00    0.00   clock source latency
                  0.15    0.11    0.11 ^ clk (in)
     1    0.03                           clk (net)
                  0.15    0.00    0.11 ^ clkbuf_0_clk/A (sky130_fd_sc_hd__clkbuf_16)
                  0.09    0.21    0.32 ^ clkbuf_0_clk/X (sky130_fd_sc_hd__clkbuf_16)
    16    0.07                           clknet_0_clk (net)
                  0.09    0.00    0.32 ^ clkbuf_4_7_0_clk/A (sky130_fd_sc_hd__clkbuf_8)
                  0.07    0.17    0.50 ^ clkbuf_4_7_0_clk/X (sky130_fd_sc_hd__clkbuf_8)
    12    0.03                           clknet_4_7_0_clk (net)
                  0.07    0.00    0.50 ^ _1077_/CLK (sky130_fd_sc_hd__dfrtp_2)
                          0.25    0.75   clock uncertainty
                         -0.05    0.70   clock reconvergence pessimism
                         -0.03    0.67   library hold time
                                  0.67   data required time
-----------------------------------------------------------------------------
                                  0.67   data required time
                                 -1.06   data arrival time
-----------------------------------------------------------------------------
                                  0.40   slack (MET)


Startpoint: _1081_ (rising edge-triggered flip-flop clocked by clk)
Endpoint: _1081_ (rising edge-triggered flip-flop clocked by clk)
Path Group: clk
Path Type: min

Fanout     Cap    Slew   Delay    Time   Description
-----------------------------------------------------------------------------
                          0.00    0.00   clock clk (rise edge)
                          0.00    0.00   clock source latency
                  0.15    0.10    0.10 ^ clk (in)
     1    0.03                           clk (net)
                  0.15    0.00    0.10 ^ clkbuf_0_clk/A (sky130_fd_sc_hd__clkbuf_16)
                  0.09    0.19    0.29 ^ clkbuf_0_clk/X (sky130_fd_sc_hd__clkbuf_16)
    16    0.07                           clknet_0_clk (net)
                  0.09    0.00    0.29 ^ clkbuf_4_13_0_clk/A (sky130_fd_sc_hd__clkbuf_8)
                  0.06    0.15    0.44 ^ clkbuf_4_13_0_clk/X (sky130_fd_sc_hd__clkbuf_8)
     9    0.03                           clknet_4_13_0_clk (net)
                  0.06    0.00    0.44 ^ _1081_/CLK (sky130_fd_sc_hd__dfrtp_1)
                  0.15    0.39    0.83 ^ _1081_/Q (sky130_fd_sc_hd__dfrtp_1)
     6    0.02                           wifi_timeout[4] (net)
                  0.15    0.00    0.83 ^ _0824_/A1 (sky130_fd_sc_hd__mux2_1)
                  0.05    0.15    0.98 ^ _0824_/X (sky130_fd_sc_hd__mux2_1)
     1    0.00                           _0369_ (net)
                  0.05    0.00    0.98 ^ _0825_/A (sky130_fd_sc_hd__clkbuf_1)
                  0.05    0.08    1.06 ^ _0825_/X (sky130_fd_sc_hd__clkbuf_1)
     1    0.00                           _0047_ (net)
                  0.05    0.00    1.06 ^ _1081_/D (sky130_fd_sc_hd__dfrtp_1)
                                  1.06   data arrival time

                          0.00    0.00   clock clk (rise edge)
                          0.00    0.00   clock source latency
                  0.15    0.11    0.11 ^ clk (in)
     1    0.03                           clk (net)
                  0.15    0.00    0.11 ^ clkbuf_0_clk/A (sky130_fd_sc_hd__clkbuf_16)
                  0.09    0.21    0.32 ^ clkbuf_0_clk/X (sky130_fd_sc_hd__clkbuf_16)
    16    0.07                           clknet_0_clk (net)
                  0.09    0.00    0.32 ^ clkbuf_4_13_0_clk/A (sky130_fd_sc_hd__clkbuf_8)
                  0.06    0.16    0.49 ^ clkbuf_4_13_0_clk/X (sky130_fd_sc_hd__clkbuf_8)
     9    0.03                           clknet_4_13_0_clk (net)
                  0.06    0.00    0.49 ^ _1081_/CLK (sky130_fd_sc_hd__dfrtp_1)
                          0.25    0.74   clock uncertainty
                         -0.05    0.69   clock reconvergence pessimism
                         -0.03    0.66   library hold time
                                  0.66   data required time
-----------------------------------------------------------------------------
                                  0.66   data required time
                                 -1.06   data arrival time
-----------------------------------------------------------------------------
                                  0.40   slack (MET)


Startpoint: _1071_ (rising edge-triggered flip-flop clocked by clk)
Endpoint: _1071_ (rising edge-triggered flip-flop clocked by clk)
Path Group: clk
Path Type: min

Fanout     Cap    Slew   Delay    Time   Description
-----------------------------------------------------------------------------
                          0.00    0.00   clock clk (rise edge)
                          0.00    0.00   clock source latency
                  0.15    0.10    0.10 ^ clk (in)
     1    0.03                           clk (net)
                  0.15    0.00    0.10 ^ clkbuf_0_clk/A (sky130_fd_sc_hd__clkbuf_16)
                  0.09    0.19    0.29 ^ clkbuf_0_clk/X (sky130_fd_sc_hd__clkbuf_16)
    16    0.07                           clknet_0_clk (net)
                  0.09    0.00    0.29 ^ clkbuf_4_5_0_clk/A (sky130_fd_sc_hd__clkbuf_8)
                  0.06    0.15    0.44 ^ clkbuf_4_5_0_clk/X (sky130_fd_sc_hd__clkbuf_8)
     9    0.03                           clknet_4_5_0_clk (net)
                  0.06    0.00    0.44 ^ _1071_/CLK (sky130_fd_sc_hd__dfrtp_1)
                  0.07    0.32    0.76 ^ _1071_/Q (sky130_fd_sc_hd__dfrtp_1)
     2    0.01                           wifi_timeout_tick_count[3] (net)
                  0.07    0.00    0.76 ^ _0668_/B1 (sky130_fd_sc_hd__a31o_1)
                  0.04    0.09    0.85 ^ _0668_/X (sky130_fd_sc_hd__a31o_1)
     1    0.00                           _0254_ (net)
                  0.04    0.00    0.85 ^ _0669_/B (sky130_fd_sc_hd__and3b_1)
                  0.05    0.14    0.99 ^ _0669_/X (sky130_fd_sc_hd__and3b_1)
     1    0.00                           _0255_ (net)
                  0.05    0.00    0.99 ^ _0670_/A (sky130_fd_sc_hd__clkbuf_1)
                  0.04    0.08    1.07 ^ _0670_/X (sky130_fd_sc_hd__clkbuf_1)
     1    0.00                           _0025_ (net)
                  0.04    0.00    1.07 ^ _1071_/D (sky130_fd_sc_hd__dfrtp_1)
                                  1.07   data arrival time

                          0.00    0.00   clock clk (rise edge)
                          0.00    0.00   clock source latency
                  0.15    0.11    0.11 ^ clk (in)
     1    0.03                           clk (net)
                  0.15    0.00    0.11 ^ clkbuf_0_clk/A (sky130_fd_sc_hd__clkbuf_16)
                  0.09    0.21    0.32 ^ clkbuf_0_clk/X (sky130_fd_sc_hd__clkbuf_16)
    16    0.07                           clknet_0_clk (net)
                  0.09    0.00    0.32 ^ clkbuf_4_5_0_clk/A (sky130_fd_sc_hd__clkbuf_8)
                  0.06    0.16    0.49 ^ clkbuf_4_5_0_clk/X (sky130_fd_sc_hd__clkbuf_8)
     9    0.03                           clknet_4_5_0_clk (net)
                  0.06    0.00    0.49 ^ _1071_/CLK (sky130_fd_sc_hd__dfrtp_1)
                          0.25    0.74   clock uncertainty
                         -0.05    0.69   clock reconvergence pessimism
                         -0.03    0.66   library hold time
                                  0.66   data required time
-----------------------------------------------------------------------------
                                  0.66   data required time
                                 -1.07   data arrival time
-----------------------------------------------------------------------------
                                  0.41   slack (MET)


Startpoint: _1144_ (rising edge-triggered flip-flop clocked by clk)
Endpoint: _1179_ (rising edge-triggered flip-flop clocked by clk)
Path Group: clk
Path Type: min

Fanout     Cap    Slew   Delay    Time   Description
-----------------------------------------------------------------------------
                          0.00    0.00   clock clk (rise edge)
                          0.00    0.00   clock source latency
                  0.15    0.10    0.10 ^ clk (in)
     1    0.03                           clk (net)
                  0.15    0.00    0.10 ^ clkbuf_0_clk/A (sky130_fd_sc_hd__clkbuf_16)
                  0.09    0.19    0.29 ^ clkbuf_0_clk/X (sky130_fd_sc_hd__clkbuf_16)
    16    0.07                           clknet_0_clk (net)
                  0.09    0.00    0.29 ^ clkbuf_4_3_0_clk/A (sky130_fd_sc_hd__clkbuf_8)
                  0.06    0.15    0.44 ^ clkbuf_4_3_0_clk/X (sky130_fd_sc_hd__clkbuf_8)
    10    0.03                           clknet_4_3_0_clk (net)
                  0.06    0.00    0.44 ^ _1144_/CLK (sky130_fd_sc_hd__dfrtp_4)
                  0.10    0.43    0.87 ^ _1144_/Q (sky130_fd_sc_hd__dfrtp_4)
     5    0.02                           spi_byte_buf[6] (net)
                  0.10    0.00    0.87 ^ _1036_/A1 (sky130_fd_sc_hd__mux2_1)
                  0.05    0.14    1.01 ^ _1036_/X (sky130_fd_sc_hd__mux2_1)
     1    0.00                           _0502_ (net)
                  0.05    0.00    1.01 ^ _1037_/A (sky130_fd_sc_hd__clkbuf_1)
                  0.04    0.08    1.09 ^ _1037_/X (sky130_fd_sc_hd__clkbuf_1)
     1    0.00                           _0126_ (net)
                  0.04    0.00    1.09 ^ _1179_/D (sky130_fd_sc_hd__dfrtp_1)
                                  1.09   data arrival time

                          0.00    0.00   clock clk (rise edge)
                          0.00    0.00   clock source latency
                  0.15    0.11    0.11 ^ clk (in)
     1    0.03                           clk (net)
                  0.15    0.00    0.11 ^ clkbuf_0_clk/A (sky130_fd_sc_hd__clkbuf_16)
                  0.09    0.21    0.32 ^ clkbuf_0_clk/X (sky130_fd_sc_hd__clkbuf_16)
    16    0.07                           clknet_0_clk (net)
                  0.09    0.00    0.32 ^ clkbuf_4_1_0_clk/A (sky130_fd_sc_hd__clkbuf_8)
                  0.06    0.16    0.48 ^ clkbuf_4_1_0_clk/X (sky130_fd_sc_hd__clkbuf_8)
     8    0.03                           clknet_4_1_0_clk (net)
                  0.06    0.00    0.49 ^ _1179_/CLK (sky130_fd_sc_hd__dfrtp_1)
                          0.25    0.74   clock uncertainty
                         -0.03    0.71   clock reconvergence pessimism
                         -0.03    0.67   library hold time
                                  0.67   data required time
-----------------------------------------------------------------------------
                                  0.67   data required time
                                 -1.09   data arrival time
-----------------------------------------------------------------------------
                                  0.41   slack (MET)


Startpoint: _1181_ (rising edge-triggered flip-flop clocked by clk)
Endpoint: _1181_ (rising edge-triggered flip-flop clocked by clk)
Path Group: clk
Path Type: min

Fanout     Cap    Slew   Delay    Time   Description
-----------------------------------------------------------------------------
                          0.00    0.00   clock clk (rise edge)
                          0.00    0.00   clock source latency
                  0.15    0.10    0.10 ^ clk (in)
     1    0.03                           clk (net)
                  0.15    0.00    0.10 ^ clkbuf_0_clk/A (sky130_fd_sc_hd__clkbuf_16)
                  0.09    0.19    0.29 ^ clkbuf_0_clk/X (sky130_fd_sc_hd__clkbuf_16)
    16    0.07                           clknet_0_clk (net)
                  0.09    0.00    0.29 ^ clkbuf_4_2_0_clk/A (sky130_fd_sc_hd__clkbuf_8)
                  0.06    0.14    0.44 ^ clkbuf_4_2_0_clk/X (sky130_fd_sc_hd__clkbuf_8)
    12    0.02                           clknet_4_2_0_clk (net)
                  0.06    0.00    0.44 ^ _1181_/CLK (sky130_fd_sc_hd__dfrtp_4)
                  0.10    0.42    0.86 ^ _1181_/Q (sky130_fd_sc_hd__dfrtp_4)
     6    0.02                           spi_tag_match (net)
                  0.10    0.00    0.86 ^ _1043_/A0 (sky130_fd_sc_hd__mux2_1)
                  0.04    0.12    0.98 ^ _1043_/X (sky130_fd_sc_hd__mux2_1)
     1    0.00                           _0508_ (net)
                  0.04    0.00    0.98 ^ _1044_/A (sky130_fd_sc_hd__clkbuf_1)
                  0.05    0.08    1.06 ^ _1044_/X (sky130_fd_sc_hd__clkbuf_1)
     1    0.00                           _0127_ (net)
                  0.05    0.00    1.06 ^ _1181_/D (sky130_fd_sc_hd__dfrtp_4)
                                  1.06   data arrival time

                          0.00    0.00   clock clk (rise edge)
                          0.00    0.00   clock source latency
                  0.15    0.11    0.11 ^ clk (in)
     1    0.03                           clk (net)
                  0.15    0.00    0.11 ^ clkbuf_0_clk/A (sky130_fd_sc_hd__clkbuf_16)
                  0.09    0.21    0.32 ^ clkbuf_0_clk/X (sky130_fd_sc_hd__clkbuf_16)
    16    0.07                           clknet_0_clk (net)
                  0.09    0.00    0.32 ^ clkbuf_4_2_0_clk/A (sky130_fd_sc_hd__clkbuf_8)
                  0.06    0.16    0.48 ^ clkbuf_4_2_0_clk/X (sky130_fd_sc_hd__clkbuf_8)
    12    0.02                           clknet_4_2_0_clk (net)
                  0.06    0.00    0.48 ^ _1181_/CLK (sky130_fd_sc_hd__dfrtp_4)
                          0.25    0.73   clock uncertainty
                         -0.05    0.69   clock reconvergence pessimism
                         -0.03    0.65   library hold time
                                  0.65   data required time
-----------------------------------------------------------------------------
                                  0.65   data required time
                                 -1.06   data arrival time
-----------------------------------------------------------------------------
                                  0.41   slack (MET)


Startpoint: _1160_ (rising edge-triggered flip-flop clocked by clk)
Endpoint: _1064_ (rising edge-triggered flip-flop clocked by clk)
Path Group: clk
Path Type: min

Fanout     Cap    Slew   Delay    Time   Description
-----------------------------------------------------------------------------
                          0.00    0.00   clock clk (rise edge)
                          0.00    0.00   clock source latency
                  0.15    0.10    0.10 ^ clk (in)
     1    0.03                           clk (net)
                  0.15    0.00    0.10 ^ clkbuf_0_clk/A (sky130_fd_sc_hd__clkbuf_16)
                  0.09    0.19    0.29 ^ clkbuf_0_clk/X (sky130_fd_sc_hd__clkbuf_16)
    16    0.07                           clknet_0_clk (net)
                  0.09    0.00    0.29 ^ clkbuf_4_13_0_clk/A (sky130_fd_sc_hd__clkbuf_8)
                  0.06    0.15    0.44 ^ clkbuf_4_13_0_clk/X (sky130_fd_sc_hd__clkbuf_8)
     9    0.03                           clknet_4_13_0_clk (net)
                  0.06    0.00    0.44 ^ _1160_/CLK (sky130_fd_sc_hd__dfrtp_1)
                  0.07    0.33    0.77 ^ _1160_/Q (sky130_fd_sc_hd__dfrtp_1)
     2    0.01                           spi_dat_r[0] (net)
                  0.07    0.00    0.77 ^ _0789_/A1 (sky130_fd_sc_hd__mux2_1)
                  0.04    0.12    0.89 ^ _0789_/X (sky130_fd_sc_hd__mux2_1)
     1    0.00                           _0342_ (net)
                  0.04    0.00    0.89 ^ _0790_/A0 (sky130_fd_sc_hd__mux2_1)
                  0.05    0.11    1.00 ^ _0790_/X (sky130_fd_sc_hd__mux2_1)
     1    0.00                           _0343_ (net)
                  0.05    0.00    1.00 ^ _0791_/A (sky130_fd_sc_hd__clkbuf_1)
                  0.04    0.08    1.08 ^ _0791_/X (sky130_fd_sc_hd__clkbuf_1)
     1    0.00                           _0039_ (net)
                  0.04    0.00    1.08 ^ _1064_/D (sky130_fd_sc_hd__dfrtp_1)
                                  1.08   data arrival time

                          0.00    0.00   clock clk (rise edge)
                          0.00    0.00   clock source latency
                  0.15    0.11    0.11 ^ clk (in)
     1    0.03                           clk (net)
                  0.15    0.00    0.11 ^ clkbuf_0_clk/A (sky130_fd_sc_hd__clkbuf_16)
                  0.09    0.21    0.32 ^ clkbuf_0_clk/X (sky130_fd_sc_hd__clkbuf_16)
    16    0.07                           clknet_0_clk (net)
                  0.09    0.00    0.32 ^ clkbuf_4_12_0_clk/A (sky130_fd_sc_hd__clkbuf_8)
                  0.05    0.16    0.48 ^ clkbuf_4_12_0_clk/X (sky130_fd_sc_hd__clkbuf_8)
     7    0.02                           clknet_4_12_0_clk (net)
                  0.05    0.00    0.48 ^ _1064_/CLK (sky130_fd_sc_hd__dfrtp_1)
                          0.25    0.73   clock uncertainty
                         -0.03    0.70   clock reconvergence pessimism
                         -0.03    0.66   library hold time
                                  0.66   data required time
-----------------------------------------------------------------------------
                                  0.66   data required time
                                 -1.08   data arrival time
-----------------------------------------------------------------------------
                                  0.41   slack (MET)


Startpoint: _1123_ (rising edge-triggered flip-flop clocked by clk)
Endpoint: _1123_ (rising edge-triggered flip-flop clocked by clk)
Path Group: clk
Path Type: min

Fanout     Cap    Slew   Delay    Time   Description
-----------------------------------------------------------------------------
                          0.00    0.00   clock clk (rise edge)
                          0.00    0.00   clock source latency
                  0.15    0.10    0.10 ^ clk (in)
     1    0.03                           clk (net)
                  0.15    0.00    0.10 ^ clkbuf_0_clk/A (sky130_fd_sc_hd__clkbuf_16)
                  0.09    0.19    0.29 ^ clkbuf_0_clk/X (sky130_fd_sc_hd__clkbuf_16)
    16    0.07                           clknet_0_clk (net)
                  0.09    0.00    0.29 ^ clkbuf_4_10_0_clk/A (sky130_fd_sc_hd__clkbuf_8)
                  0.06    0.14    0.44 ^ clkbuf_4_10_0_clk/X (sky130_fd_sc_hd__clkbuf_8)
    12    0.02                           clknet_4_10_0_clk (net)
                  0.06    0.00    0.44 ^ _1123_/CLK (sky130_fd_sc_hd__dfrtp_1)
                  0.09    0.34    0.78 ^ _1123_/Q (sky130_fd_sc_hd__dfrtp_1)
     3    0.01                           spi_lockout_timer[10] (net)
                  0.09    0.00    0.78 ^ _0735_/A1_N (sky130_fd_sc_hd__o2bb2a_1)
                  0.04    0.21    0.98 v _0735_/X (sky130_fd_sc_hd__o2bb2a_1)
     1    0.00                           _0306_ (net)
                  0.04    0.00    0.98 v _0736_/B (sky130_fd_sc_hd__nor2_1)
                  0.08    0.08    1.06 ^ _0736_/Y (sky130_fd_sc_hd__nor2_1)
     1    0.00                           _0005_ (net)
                  0.08    0.00    1.06 ^ _1123_/D (sky130_fd_sc_hd__dfrtp_1)
                                  1.06   data arrival time

                          0.00    0.00   clock clk (rise edge)
                          0.00    0.00   clock source latency
                  0.15    0.11    0.11 ^ clk (in)
     1    0.03                           clk (net)
                  0.15    0.00    0.11 ^ clkbuf_0_clk/A (sky130_fd_sc_hd__clkbuf_16)
                  0.09    0.21    0.32 ^ clkbuf_0_clk/X (sky130_fd_sc_hd__clkbuf_16)
    16    0.07                           clknet_0_clk (net)
                  0.09    0.00    0.32 ^ clkbuf_4_10_0_clk/A (sky130_fd_sc_hd__clkbuf_8)
                  0.06    0.16    0.48 ^ clkbuf_4_10_0_clk/X (sky130_fd_sc_hd__clkbuf_8)
    12    0.02                           clknet_4_10_0_clk (net)
                  0.06    0.00    0.48 ^ _1123_/CLK (sky130_fd_sc_hd__dfrtp_1)
                          0.25    0.73   clock uncertainty
                         -0.05    0.69   clock reconvergence pessimism
                         -0.04    0.65   library hold time
                                  0.65   data required time
-----------------------------------------------------------------------------
                                  0.65   data required time
                                 -1.06   data arrival time
-----------------------------------------------------------------------------
                                  0.42   slack (MET)


Startpoint: _1141_ (rising edge-triggered flip-flop clocked by clk)
Endpoint: _1176_ (rising edge-triggered flip-flop clocked by clk)
Path Group: clk
Path Type: min

Fanout     Cap    Slew   Delay    Time   Description
-----------------------------------------------------------------------------
                          0.00    0.00   clock clk (rise edge)
                          0.00    0.00   clock source latency
                  0.15    0.10    0.10 ^ clk (in)
     1    0.03                           clk (net)
                  0.15    0.00    0.10 ^ clkbuf_0_clk/A (sky130_fd_sc_hd__clkbuf_16)
                  0.09    0.19    0.29 ^ clkbuf_0_clk/X (sky130_fd_sc_hd__clkbuf_16)
    16    0.07                           clknet_0_clk (net)
                  0.09    0.00    0.29 ^ clkbuf_4_2_0_clk/A (sky130_fd_sc_hd__clkbuf_8)
                  0.06    0.14    0.44 ^ clkbuf_4_2_0_clk/X (sky130_fd_sc_hd__clkbuf_8)
    12    0.02                           clknet_4_2_0_clk (net)
                  0.06    0.00    0.44 ^ _1141_/CLK (sky130_fd_sc_hd__dfrtp_4)
                  0.10    0.42    0.86 ^ _1141_/Q (sky130_fd_sc_hd__dfrtp_4)
     7    0.02                           spi_byte_buf[3] (net)
                  0.10    0.00    0.86 ^ _1030_/A1 (sky130_fd_sc_hd__mux2_1)
                  0.05    0.13    0.99 ^ _1030_/X (sky130_fd_sc_hd__mux2_1)
     1    0.00                           _0499_ (net)
                  0.05    0.00    0.99 ^ _1031_/A (sky130_fd_sc_hd__clkbuf_1)
                  0.05    0.08    1.07 ^ _1031_/X (sky130_fd_sc_hd__clkbuf_1)
     1    0.00                           _0123_ (net)
                  0.05    0.00    1.07 ^ _1176_/D (sky130_fd_sc_hd__dfrtp_1)
                                  1.07   data arrival time

                          0.00    0.00   clock clk (rise edge)
                          0.00    0.00   clock source latency
                  0.15    0.11    0.11 ^ clk (in)
     1    0.03                           clk (net)
                  0.15    0.00    0.11 ^ clkbuf_0_clk/A (sky130_fd_sc_hd__clkbuf_16)
                  0.09    0.21    0.32 ^ clkbuf_0_clk/X (sky130_fd_sc_hd__clkbuf_16)
    16    0.07                           clknet_0_clk (net)
                  0.09    0.00    0.32 ^ clkbuf_4_2_0_clk/A (sky130_fd_sc_hd__clkbuf_8)
                  0.06    0.16    0.48 ^ clkbuf_4_2_0_clk/X (sky130_fd_sc_hd__clkbuf_8)
    12    0.02                           clknet_4_2_0_clk (net)
                  0.06    0.00    0.48 ^ _1176_/CLK (sky130_fd_sc_hd__dfrtp_1)
                          0.25    0.73   clock uncertainty
                         -0.05    0.69   clock reconvergence pessimism
                         -0.03    0.65   library hold time
                                  0.65   data required time
-----------------------------------------------------------------------------
                                  0.65   data required time
                                 -1.07   data arrival time
-----------------------------------------------------------------------------
                                  0.42   slack (MET)


Startpoint: _1141_ (rising edge-triggered flip-flop clocked by clk)
Endpoint: _1157_ (rising edge-triggered flip-flop clocked by clk)
Path Group: clk
Path Type: min

Fanout     Cap    Slew   Delay    Time   Description
-----------------------------------------------------------------------------
                          0.00    0.00   clock clk (rise edge)
                          0.00    0.00   clock source latency
                  0.15    0.10    0.10 ^ clk (in)
     1    0.03                           clk (net)
                  0.15    0.00    0.10 ^ clkbuf_0_clk/A (sky130_fd_sc_hd__clkbuf_16)
                  0.09    0.19    0.29 ^ clkbuf_0_clk/X (sky130_fd_sc_hd__clkbuf_16)
    16    0.07                           clknet_0_clk (net)
                  0.09    0.00    0.29 ^ clkbuf_4_2_0_clk/A (sky130_fd_sc_hd__clkbuf_8)
                  0.06    0.14    0.44 ^ clkbuf_4_2_0_clk/X (sky130_fd_sc_hd__clkbuf_8)
    12    0.02                           clknet_4_2_0_clk (net)
                  0.06    0.00    0.44 ^ _1141_/CLK (sky130_fd_sc_hd__dfrtp_4)
                  0.10    0.42    0.86 ^ _1141_/Q (sky130_fd_sc_hd__dfrtp_4)
     7    0.02                           spi_byte_buf[3] (net)
                  0.10    0.00    0.86 ^ _0989_/A1 (sky130_fd_sc_hd__mux2_1)
                  0.05    0.13    0.99 ^ _0989_/X (sky130_fd_sc_hd__mux2_1)
     1    0.00                           _0477_ (net)
                  0.05    0.00    0.99 ^ _0990_/A (sky130_fd_sc_hd__clkbuf_1)
                  0.05    0.08    1.07 ^ _0990_/X (sky130_fd_sc_hd__clkbuf_1)
     1    0.00                           _0104_ (net)
                  0.05    0.00    1.07 ^ _1157_/D (sky130_fd_sc_hd__dfrtp_1)
                                  1.07   data arrival time

                          0.00    0.00   clock clk (rise edge)
                          0.00    0.00   clock source latency
                  0.15    0.11    0.11 ^ clk (in)
     1    0.03                           clk (net)
                  0.15    0.00    0.11 ^ clkbuf_0_clk/A (sky130_fd_sc_hd__clkbuf_16)
                  0.09    0.21    0.32 ^ clkbuf_0_clk/X (sky130_fd_sc_hd__clkbuf_16)
    16    0.07                           clknet_0_clk (net)
                  0.09    0.00    0.32 ^ clkbuf_4_2_0_clk/A (sky130_fd_sc_hd__clkbuf_8)
                  0.06    0.16    0.48 ^ clkbuf_4_2_0_clk/X (sky130_fd_sc_hd__clkbuf_8)
    12    0.02                           clknet_4_2_0_clk (net)
                  0.06    0.00    0.48 ^ _1157_/CLK (sky130_fd_sc_hd__dfrtp_1)
                          0.25    0.73   clock uncertainty
                         -0.05    0.69   clock reconvergence pessimism
                         -0.03    0.65   library hold time
                                  0.65   data required time
-----------------------------------------------------------------------------
                                  0.65   data required time
                                 -1.07   data arrival time
-----------------------------------------------------------------------------
                                  0.42   slack (MET)


Startpoint: _1074_ (rising edge-triggered flip-flop clocked by clk)
Endpoint: _1074_ (rising edge-triggered flip-flop clocked by clk)
Path Group: clk
Path Type: min

Fanout     Cap    Slew   Delay    Time   Description
-----------------------------------------------------------------------------
                          0.00    0.00   clock clk (rise edge)
                          0.00    0.00   clock source latency
                  0.15    0.10    0.10 ^ clk (in)
     1    0.03                           clk (net)
                  0.15    0.00    0.10 ^ clkbuf_0_clk/A (sky130_fd_sc_hd__clkbuf_16)
                  0.09    0.19    0.29 ^ clkbuf_0_clk/X (sky130_fd_sc_hd__clkbuf_16)
    16    0.07                           clknet_0_clk (net)
                  0.09    0.00    0.29 ^ clkbuf_4_7_0_clk/A (sky130_fd_sc_hd__clkbuf_8)
                  0.07    0.16    0.45 ^ clkbuf_4_7_0_clk/X (sky130_fd_sc_hd__clkbuf_8)
    12    0.03                           clknet_4_7_0_clk (net)
                  0.07    0.00    0.45 ^ _1074_/CLK (sky130_fd_sc_hd__dfrtp_1)
                  0.06    0.32    0.77 ^ _1074_/Q (sky130_fd_sc_hd__dfrtp_1)
     2    0.00                           wifi_timeout_tick_count[6] (net)
                  0.06    0.00    0.77 ^ _0680_/A (sky130_fd_sc_hd__or2_1)
                  0.04    0.09    0.86 ^ _0680_/X (sky130_fd_sc_hd__or2_1)
     1    0.00                           _0263_ (net)
                  0.04    0.00    0.86 ^ _0681_/C (sky130_fd_sc_hd__and3b_1)
                  0.06    0.15    1.01 ^ _0681_/X (sky130_fd_sc_hd__and3b_1)
     1    0.00                           _0264_ (net)
                  0.06    0.00    1.01 ^ _0682_/A (sky130_fd_sc_hd__clkbuf_1)
                  0.04    0.08    1.09 ^ _0682_/X (sky130_fd_sc_hd__clkbuf_1)
     1    0.00                           _0028_ (net)
                  0.04    0.00    1.09 ^ _1074_/D (sky130_fd_sc_hd__dfrtp_1)
                                  1.09   data arrival time

                          0.00    0.00   clock clk (rise edge)
                          0.00    0.00   clock source latency
                  0.15    0.11    0.11 ^ clk (in)
     1    0.03                           clk (net)
                  0.15    0.00    0.11 ^ clkbuf_0_clk/A (sky130_fd_sc_hd__clkbuf_16)
                  0.09    0.21    0.32 ^ clkbuf_0_clk/X (sky130_fd_sc_hd__clkbuf_16)
    16    0.07                           clknet_0_clk (net)
                  0.09    0.00    0.32 ^ clkbuf_4_7_0_clk/A (sky130_fd_sc_hd__clkbuf_8)
                  0.07    0.17    0.50 ^ clkbuf_4_7_0_clk/X (sky130_fd_sc_hd__clkbuf_8)
    12    0.03                           clknet_4_7_0_clk (net)
                  0.07    0.00    0.50 ^ _1074_/CLK (sky130_fd_sc_hd__dfrtp_1)
                          0.25    0.75   clock uncertainty
                         -0.05    0.70   clock reconvergence pessimism
                         -0.03    0.67   library hold time
                                  0.67   data required time
-----------------------------------------------------------------------------
                                  0.67   data required time
                                 -1.09   data arrival time
-----------------------------------------------------------------------------
                                  0.42   slack (MET)


Startpoint: _1140_ (rising edge-triggered flip-flop clocked by clk)
Endpoint: _1163_ (rising edge-triggered flip-flop clocked by clk)
Path Group: clk
Path Type: min

Fanout     Cap    Slew   Delay    Time   Description
-----------------------------------------------------------------------------
                          0.00    0.00   clock clk (rise edge)
                          0.00    0.00   clock source latency
                  0.15    0.10    0.10 ^ clk (in)
     1    0.03                           clk (net)
                  0.15    0.00    0.10 ^ clkbuf_0_clk/A (sky130_fd_sc_hd__clkbuf_16)
                  0.09    0.19    0.29 ^ clkbuf_0_clk/X (sky130_fd_sc_hd__clkbuf_16)
    16    0.07                           clknet_0_clk (net)
                  0.09    0.00    0.29 ^ clkbuf_4_2_0_clk/A (sky130_fd_sc_hd__clkbuf_8)
                  0.06    0.14    0.44 ^ clkbuf_4_2_0_clk/X (sky130_fd_sc_hd__clkbuf_8)
    12    0.02                           clknet_4_2_0_clk (net)
                  0.06    0.00    0.44 ^ _1140_/CLK (sky130_fd_sc_hd__dfrtp_4)
                  0.13    0.45    0.89 ^ _1140_/Q (sky130_fd_sc_hd__dfrtp_4)
     7    0.04                           spi_byte_buf[2] (net)
                  0.13    0.00    0.89 ^ _1002_/A1 (sky130_fd_sc_hd__mux2_1)
                  0.04    0.13    1.02 ^ _1002_/X (sky130_fd_sc_hd__mux2_1)
     1    0.00                           _0484_ (net)
                  0.04    0.00    1.02 ^ _1003_/A (sky130_fd_sc_hd__clkbuf_1)
                  0.04    0.07    1.09 ^ _1003_/X (sky130_fd_sc_hd__clkbuf_1)
     1    0.00                           _0110_ (net)
                  0.04    0.00    1.09 ^ _1163_/D (sky130_fd_sc_hd__dfrtp_1)
                                  1.09   data arrival time

                          0.00    0.00   clock clk (rise edge)
                          0.00    0.00   clock source latency
                  0.15    0.11    0.11 ^ clk (in)
     1    0.03                           clk (net)
                  0.15    0.00    0.11 ^ clkbuf_0_clk/A (sky130_fd_sc_hd__clkbuf_16)
                  0.09    0.21    0.32 ^ clkbuf_0_clk/X (sky130_fd_sc_hd__clkbuf_16)
    16    0.07                           clknet_0_clk (net)
                  0.09    0.00    0.32 ^ clkbuf_4_6_0_clk/A (sky130_fd_sc_hd__clkbuf_8)
                  0.06    0.16    0.48 ^ clkbuf_4_6_0_clk/X (sky130_fd_sc_hd__clkbuf_8)
     8    0.02                           clknet_4_6_0_clk (net)
                  0.06    0.00    0.48 ^ _1163_/CLK (sky130_fd_sc_hd__dfrtp_1)
                          0.25    0.73   clock uncertainty
                         -0.03    0.70   clock reconvergence pessimism
                         -0.03    0.67   library hold time
                                  0.67   data required time
-----------------------------------------------------------------------------
                                  0.67   data required time
                                 -1.09   data arrival time
-----------------------------------------------------------------------------
                                  0.42   slack (MET)


Startpoint: _1068_ (rising edge-triggered flip-flop clocked by clk)
Endpoint: _1068_ (rising edge-triggered flip-flop clocked by clk)
Path Group: clk
Path Type: min

Fanout     Cap    Slew   Delay    Time   Description
-----------------------------------------------------------------------------
                          0.00    0.00   clock clk (rise edge)
                          0.00    0.00   clock source latency
                  0.15    0.10    0.10 ^ clk (in)
     1    0.03                           clk (net)
                  0.15    0.00    0.10 ^ clkbuf_0_clk/A (sky130_fd_sc_hd__clkbuf_16)
                  0.09    0.19    0.29 ^ clkbuf_0_clk/X (sky130_fd_sc_hd__clkbuf_16)
    16    0.07                           clknet_0_clk (net)
                  0.09    0.00    0.29 ^ clkbuf_4_5_0_clk/A (sky130_fd_sc_hd__clkbuf_8)
                  0.06    0.15    0.44 ^ clkbuf_4_5_0_clk/X (sky130_fd_sc_hd__clkbuf_8)
     9    0.03                           clknet_4_5_0_clk (net)
                  0.06    0.00    0.44 ^ _1068_/CLK (sky130_fd_sc_hd__dfrtp_2)
                  0.11    0.38    0.82 ^ _1068_/Q (sky130_fd_sc_hd__dfrtp_2)
     7    0.02                           wifi_timeout_tick_count[0] (net)
                  0.11    0.00    0.82 ^ _0657_/A_N (sky130_fd_sc_hd__and2b_1)
                  0.04    0.18    1.00 v _0657_/X (sky130_fd_sc_hd__and2b_1)
     1    0.00                           _0246_ (net)
                  0.04    0.00    1.00 v _0658_/A (sky130_fd_sc_hd__clkbuf_1)
                  0.03    0.08    1.08 v _0658_/X (sky130_fd_sc_hd__clkbuf_1)
     1    0.00                           _0022_ (net)
                  0.03    0.00    1.08 v _1068_/D (sky130_fd_sc_hd__dfrtp_2)
                                  1.08   data arrival time

                          0.00    0.00   clock clk (rise edge)
                          0.00    0.00   clock source latency
                  0.15    0.11    0.11 ^ clk (in)
     1    0.03                           clk (net)
                  0.15    0.00    0.11 ^ clkbuf_0_clk/A (sky130_fd_sc_hd__clkbuf_16)
                  0.09    0.21    0.32 ^ clkbuf_0_clk/X (sky130_fd_sc_hd__clkbuf_16)
    16    0.07                           clknet_0_clk (net)
                  0.09    0.00    0.32 ^ clkbuf_4_5_0_clk/A (sky130_fd_sc_hd__clkbuf_8)
                  0.06    0.16    0.49 ^ clkbuf_4_5_0_clk/X (sky130_fd_sc_hd__clkbuf_8)
     9    0.03                           clknet_4_5_0_clk (net)
                  0.06    0.00    0.49 ^ _1068_/CLK (sky130_fd_sc_hd__dfrtp_2)
                          0.25    0.74   clock uncertainty
                         -0.05    0.69   clock reconvergence pessimism
                         -0.03    0.66   library hold time
                                  0.66   data required time
-----------------------------------------------------------------------------
                                  0.66   data required time
                                 -1.08   data arrival time
-----------------------------------------------------------------------------
                                  0.42   slack (MET)


Startpoint: _1072_ (rising edge-triggered flip-flop clocked by clk)
Endpoint: _1072_ (rising edge-triggered flip-flop clocked by clk)
Path Group: clk
Path Type: min

Fanout     Cap    Slew   Delay    Time   Description
-----------------------------------------------------------------------------
                          0.00    0.00   clock clk (rise edge)
                          0.00    0.00   clock source latency
                  0.15    0.10    0.10 ^ clk (in)
     1    0.03                           clk (net)
                  0.15    0.00    0.10 ^ clkbuf_0_clk/A (sky130_fd_sc_hd__clkbuf_16)
                  0.09    0.19    0.29 ^ clkbuf_0_clk/X (sky130_fd_sc_hd__clkbuf_16)
    16    0.07                           clknet_0_clk (net)
                  0.09    0.00    0.29 ^ clkbuf_4_7_0_clk/A (sky130_fd_sc_hd__clkbuf_8)
                  0.07    0.16    0.45 ^ clkbuf_4_7_0_clk/X (sky130_fd_sc_hd__clkbuf_8)
    12    0.03                           clknet_4_7_0_clk (net)
                  0.07    0.00    0.45 ^ _1072_/CLK (sky130_fd_sc_hd__dfrtp_1)
                  0.11    0.36    0.81 ^ _1072_/Q (sky130_fd_sc_hd__dfrtp_1)
     4    0.01                           wifi_timeout_tick_count[4] (net)
                  0.11    0.00    0.81 ^ _0671_/A (sky130_fd_sc_hd__nand2_1)
                  0.04    0.05    0.86 v _0671_/Y (sky130_fd_sc_hd__nand2_1)
     1    0.00                           _0256_ (net)
                  0.04    0.00    0.86 v _0673_/B (sky130_fd_sc_hd__and3_1)
                  0.03    0.15    1.01 v _0673_/X (sky130_fd_sc_hd__and3_1)
     1    0.00                           _0258_ (net)
                  0.03    0.00    1.01 v _0674_/A (sky130_fd_sc_hd__clkbuf_1)
                  0.03    0.08    1.09 v _0674_/X (sky130_fd_sc_hd__clkbuf_1)
     1    0.00                           _0026_ (net)
                  0.03    0.00    1.09 v _1072_/D (sky130_fd_sc_hd__dfrtp_1)
                                  1.09   data arrival time

                          0.00    0.00   clock clk (rise edge)
                          0.00    0.00   clock source latency
                  0.15    0.11    0.11 ^ clk (in)
     1    0.03                           clk (net)
                  0.15    0.00    0.11 ^ clkbuf_0_clk/A (sky130_fd_sc_hd__clkbuf_16)
                  0.09    0.21    0.32 ^ clkbuf_0_clk/X (sky130_fd_sc_hd__clkbuf_16)
    16    0.07                           clknet_0_clk (net)
                  0.09    0.00    0.32 ^ clkbuf_4_7_0_clk/A (sky130_fd_sc_hd__clkbuf_8)
                  0.07    0.17    0.50 ^ clkbuf_4_7_0_clk/X (sky130_fd_sc_hd__clkbuf_8)
    12    0.03                           clknet_4_7_0_clk (net)
                  0.07    0.00    0.50 ^ _1072_/CLK (sky130_fd_sc_hd__dfrtp_1)
                          0.25    0.75   clock uncertainty
                         -0.05    0.70   clock reconvergence pessimism
                         -0.03    0.67   library hold time
                                  0.67   data required time
-----------------------------------------------------------------------------
                                  0.67   data required time
                                 -1.09   data arrival time
-----------------------------------------------------------------------------
                                  0.42   slack (MET)


Startpoint: _1140_ (rising edge-triggered flip-flop clocked by clk)
Endpoint: _1156_ (rising edge-triggered flip-flop clocked by clk)
Path Group: clk
Path Type: min

Fanout     Cap    Slew   Delay    Time   Description
-----------------------------------------------------------------------------
                          0.00    0.00   clock clk (rise edge)
                          0.00    0.00   clock source latency
                  0.15    0.10    0.10 ^ clk (in)
     1    0.03                           clk (net)
                  0.15    0.00    0.10 ^ clkbuf_0_clk/A (sky130_fd_sc_hd__clkbuf_16)
                  0.09    0.19    0.29 ^ clkbuf_0_clk/X (sky130_fd_sc_hd__clkbuf_16)
    16    0.07                           clknet_0_clk (net)
                  0.09    0.00    0.29 ^ clkbuf_4_2_0_clk/A (sky130_fd_sc_hd__clkbuf_8)
                  0.06    0.14    0.44 ^ clkbuf_4_2_0_clk/X (sky130_fd_sc_hd__clkbuf_8)
    12    0.02                           clknet_4_2_0_clk (net)
                  0.06    0.00    0.44 ^ _1140_/CLK (sky130_fd_sc_hd__dfrtp_4)
                  0.13    0.45    0.89 ^ _1140_/Q (sky130_fd_sc_hd__dfrtp_4)
     7    0.04                           spi_byte_buf[2] (net)
                  0.13    0.00    0.89 ^ _0987_/A1 (sky130_fd_sc_hd__mux2_1)
                  0.05    0.14    1.03 ^ _0987_/X (sky130_fd_sc_hd__mux2_1)
     1    0.00                           _0476_ (net)
                  0.05    0.00    1.03 ^ _0988_/A (sky130_fd_sc_hd__clkbuf_1)
                  0.04    0.08    1.11 ^ _0988_/X (sky130_fd_sc_hd__clkbuf_1)
     1    0.00                           _0103_ (net)
                  0.04    0.00    1.11 ^ _1156_/D (sky130_fd_sc_hd__dfrtp_1)
                                  1.11   data arrival time

                          0.00    0.00   clock clk (rise edge)
                          0.00    0.00   clock source latency
                  0.15    0.11    0.11 ^ clk (in)
     1    0.03                           clk (net)
                  0.15    0.00    0.11 ^ clkbuf_0_clk/A (sky130_fd_sc_hd__clkbuf_16)
                  0.09    0.21    0.32 ^ clkbuf_0_clk/X (sky130_fd_sc_hd__clkbuf_16)
    16    0.07                           clknet_0_clk (net)
                  0.09    0.00    0.32 ^ clkbuf_4_3_0_clk/A (sky130_fd_sc_hd__clkbuf_8)
                  0.06    0.17    0.49 ^ clkbuf_4_3_0_clk/X (sky130_fd_sc_hd__clkbuf_8)
    10    0.03                           clknet_4_3_0_clk (net)
                  0.06    0.00    0.49 ^ _1156_/CLK (sky130_fd_sc_hd__dfrtp_1)
                          0.25    0.74   clock uncertainty
                         -0.03    0.71   clock reconvergence pessimism
                         -0.03    0.68   library hold time
                                  0.68   data required time
-----------------------------------------------------------------------------
                                  0.68   data required time
                                 -1.11   data arrival time
-----------------------------------------------------------------------------
                                  0.43   slack (MET)


Startpoint: _1056_ (rising edge-triggered flip-flop clocked by clk)
Endpoint: _1062_ (rising edge-triggered flip-flop clocked by clk)
Path Group: clk
Path Type: min

Fanout     Cap    Slew   Delay    Time   Description
-----------------------------------------------------------------------------
                          0.00    0.00   clock clk (rise edge)
                          0.00    0.00   clock source latency
                  0.15    0.10    0.10 ^ clk (in)
     1    0.03                           clk (net)
                  0.15    0.00    0.10 ^ clkbuf_0_clk/A (sky130_fd_sc_hd__clkbuf_16)
                  0.09    0.19    0.29 ^ clkbuf_0_clk/X (sky130_fd_sc_hd__clkbuf_16)
    16    0.07                           clknet_0_clk (net)
                  0.09    0.00    0.29 ^ clkbuf_4_11_0_clk/A (sky130_fd_sc_hd__clkbuf_8)
                  0.07    0.15    0.44 ^ clkbuf_4_11_0_clk/X (sky130_fd_sc_hd__clkbuf_8)
    10    0.03                           clknet_4_11_0_clk (net)
                  0.07    0.00    0.44 ^ _1056_/CLK (sky130_fd_sc_hd__dfrtp_1)
                  0.06    0.32    0.76 ^ _1056_/Q (sky130_fd_sc_hd__dfrtp_1)
     2    0.00                           wifi_demand_d (net)
                  0.06    0.00    0.76 ^ _0775_/A (sky130_fd_sc_hd__or2b_1)
                  0.08    0.12    0.88 ^ _0775_/X (sky130_fd_sc_hd__or2b_1)
     3    0.01                           _0332_ (net)
                  0.08    0.00    0.88 ^ _0784_/A (sky130_fd_sc_hd__and3_1)
                  0.05    0.14    1.02 ^ _0784_/X (sky130_fd_sc_hd__and3_1)
     1    0.00                           _0339_ (net)
                  0.05    0.00    1.02 ^ _0785_/A (sky130_fd_sc_hd__clkbuf_1)
                  0.04    0.08    1.10 ^ _0785_/X (sky130_fd_sc_hd__clkbuf_1)
     1    0.00                           _0037_ (net)
                  0.04    0.00    1.10 ^ _1062_/D (sky130_fd_sc_hd__dfrtp_1)
                                  1.10   data arrival time

                          0.00    0.00   clock clk (rise edge)
                          0.00    0.00   clock source latency
                  0.15    0.11    0.11 ^ clk (in)
     1    0.03                           clk (net)
                  0.15    0.00    0.11 ^ clkbuf_0_clk/A (sky130_fd_sc_hd__clkbuf_16)
                  0.09    0.21    0.32 ^ clkbuf_0_clk/X (sky130_fd_sc_hd__clkbuf_16)
    16    0.07                           clknet_0_clk (net)
                  0.09    0.00    0.32 ^ clkbuf_4_11_0_clk/A (sky130_fd_sc_hd__clkbuf_8)
                  0.07    0.17    0.49 ^ clkbuf_4_11_0_clk/X (sky130_fd_sc_hd__clkbuf_8)
    10    0.03                           clknet_4_11_0_clk (net)
                  0.07    0.00    0.49 ^ _1062_/CLK (sky130_fd_sc_hd__dfrtp_1)
                          0.25    0.74   clock uncertainty
                         -0.05    0.69   clock reconvergence pessimism
                         -0.03    0.66   library hold time
                                  0.66   data required time
-----------------------------------------------------------------------------
                                  0.66   data required time
                                 -1.10   data arrival time
-----------------------------------------------------------------------------
                                  0.43   slack (MET)


Startpoint: _1140_ (rising edge-triggered flip-flop clocked by clk)
Endpoint: _1175_ (rising edge-triggered flip-flop clocked by clk)
Path Group: clk
Path Type: min

Fanout     Cap    Slew   Delay    Time   Description
-----------------------------------------------------------------------------
                          0.00    0.00   clock clk (rise edge)
                          0.00    0.00   clock source latency
                  0.15    0.10    0.10 ^ clk (in)
     1    0.03                           clk (net)
                  0.15    0.00    0.10 ^ clkbuf_0_clk/A (sky130_fd_sc_hd__clkbuf_16)
                  0.09    0.19    0.29 ^ clkbuf_0_clk/X (sky130_fd_sc_hd__clkbuf_16)
    16    0.07                           clknet_0_clk (net)
                  0.09    0.00    0.29 ^ clkbuf_4_2_0_clk/A (sky130_fd_sc_hd__clkbuf_8)
                  0.06    0.14    0.44 ^ clkbuf_4_2_0_clk/X (sky130_fd_sc_hd__clkbuf_8)
    12    0.02                           clknet_4_2_0_clk (net)
                  0.06    0.00    0.44 ^ _1140_/CLK (sky130_fd_sc_hd__dfrtp_4)
                  0.13    0.45    0.89 ^ _1140_/Q (sky130_fd_sc_hd__dfrtp_4)
     7    0.04                           spi_byte_buf[2] (net)
                  0.13    0.00    0.89 ^ _1028_/A1 (sky130_fd_sc_hd__mux2_1)
                  0.05    0.14    1.03 ^ _1028_/X (sky130_fd_sc_hd__mux2_1)
     1    0.00                           _0498_ (net)
                  0.05    0.00    1.03 ^ _1029_/A (sky130_fd_sc_hd__clkbuf_1)
                  0.05    0.08    1.11 ^ _1029_/X (sky130_fd_sc_hd__clkbuf_1)
     1    0.00                           _0122_ (net)
                  0.05    0.00    1.11 ^ _1175_/D (sky130_fd_sc_hd__dfrtp_1)
                                  1.11   data arrival time

                          0.00    0.00   clock clk (rise edge)
                          0.00    0.00   clock source latency
                  0.15    0.11    0.11 ^ clk (in)
     1    0.03                           clk (net)
                  0.15    0.00    0.11 ^ clkbuf_0_clk/A (sky130_fd_sc_hd__clkbuf_16)
                  0.09    0.21    0.32 ^ clkbuf_0_clk/X (sky130_fd_sc_hd__clkbuf_16)
    16    0.07                           clknet_0_clk (net)
                  0.09    0.00    0.32 ^ clkbuf_4_3_0_clk/A (sky130_fd_sc_hd__clkbuf_8)
                  0.06    0.17    0.49 ^ clkbuf_4_3_0_clk/X (sky130_fd_sc_hd__clkbuf_8)
    10    0.03                           clknet_4_3_0_clk (net)
                  0.06    0.00    0.49 ^ _1175_/CLK (sky130_fd_sc_hd__dfrtp_1)
                          0.25    0.74   clock uncertainty
                         -0.03    0.71   clock reconvergence pessimism
                         -0.03    0.68   library hold time
                                  0.68   data required time
-----------------------------------------------------------------------------
                                  0.68   data required time
                                 -1.11   data arrival time
-----------------------------------------------------------------------------
                                  0.44   slack (MET)


Startpoint: _1143_ (rising edge-triggered flip-flop clocked by clk)
Endpoint: _1159_ (rising edge-triggered flip-flop clocked by clk)
Path Group: clk
Path Type: min

Fanout     Cap    Slew   Delay    Time   Description
-----------------------------------------------------------------------------
                          0.00    0.00   clock clk (rise edge)
                          0.00    0.00   clock source latency
                  0.15    0.10    0.10 ^ clk (in)
     1    0.03                           clk (net)
                  0.15    0.00    0.10 ^ clkbuf_0_clk/A (sky130_fd_sc_hd__clkbuf_16)
                  0.09    0.19    0.29 ^ clkbuf_0_clk/X (sky130_fd_sc_hd__clkbuf_16)
    16    0.07                           clknet_0_clk (net)
                  0.09    0.00    0.29 ^ clkbuf_4_2_0_clk/A (sky130_fd_sc_hd__clkbuf_8)
                  0.06    0.14    0.44 ^ clkbuf_4_2_0_clk/X (sky130_fd_sc_hd__clkbuf_8)
    12    0.02                           clknet_4_2_0_clk (net)
                  0.06    0.00    0.44 ^ _1143_/CLK (sky130_fd_sc_hd__dfrtp_4)
                  0.12    0.45    0.88 ^ _1143_/Q (sky130_fd_sc_hd__dfrtp_4)
     7    0.03                           spi_byte_buf[5] (net)
                  0.12    0.00    0.88 ^ _0993_/A1 (sky130_fd_sc_hd__mux2_1)
                  0.05    0.14    1.03 ^ _0993_/X (sky130_fd_sc_hd__mux2_1)
     1    0.00                           _0479_ (net)
                  0.05    0.00    1.03 ^ _0994_/A (sky130_fd_sc_hd__clkbuf_1)
                  0.04    0.07    1.10 ^ _0994_/X (sky130_fd_sc_hd__clkbuf_1)
     1    0.00                           _0106_ (net)
                  0.04    0.00    1.10 ^ _1159_/D (sky130_fd_sc_hd__dfrtp_1)
                                  1.10   data arrival time

                          0.00    0.00   clock clk (rise edge)
                          0.00    0.00   clock source latency
                  0.15    0.11    0.11 ^ clk (in)
     1    0.03                           clk (net)
                  0.15    0.00    0.11 ^ clkbuf_0_clk/A (sky130_fd_sc_hd__clkbuf_16)
                  0.09    0.21    0.32 ^ clkbuf_0_clk/X (sky130_fd_sc_hd__clkbuf_16)
    16    0.07                           clknet_0_clk (net)
                  0.09    0.00    0.32 ^ clkbuf_4_8_0_clk/A (sky130_fd_sc_hd__clkbuf_8)
                  0.05    0.15    0.47 ^ clkbuf_4_8_0_clk/X (sky130_fd_sc_hd__clkbuf_8)
     9    0.02                           clknet_4_8_0_clk (net)
                  0.05    0.00    0.47 ^ _1159_/CLK (sky130_fd_sc_hd__dfrtp_1)
                          0.25    0.72   clock uncertainty
                         -0.03    0.69   clock reconvergence pessimism
                         -0.03    0.66   library hold time
                                  0.66   data required time
-----------------------------------------------------------------------------
                                  0.66   data required time
                                 -1.10   data arrival time
-----------------------------------------------------------------------------
                                  0.44   slack (MET)


Startpoint: _1052_ (rising edge-triggered flip-flop clocked by clk)
Endpoint: _1052_ (rising edge-triggered flip-flop clocked by clk)
Path Group: clk
Path Type: min

Fanout     Cap    Slew   Delay    Time   Description
-----------------------------------------------------------------------------
                          0.00    0.00   clock clk (rise edge)
                          0.00    0.00   clock source latency
                  0.15    0.10    0.10 ^ clk (in)
     1    0.03                           clk (net)
                  0.15    0.00    0.10 ^ clkbuf_0_clk/A (sky130_fd_sc_hd__clkbuf_16)
                  0.09    0.19    0.29 ^ clkbuf_0_clk/X (sky130_fd_sc_hd__clkbuf_16)
    16    0.07                           clknet_0_clk (net)
                  0.09    0.00    0.29 ^ clkbuf_4_14_0_clk/A (sky130_fd_sc_hd__clkbuf_8)
                  0.06    0.14    0.44 ^ clkbuf_4_14_0_clk/X (sky130_fd_sc_hd__clkbuf_8)
     9    0.02                           clknet_4_14_0_clk (net)
                  0.06    0.00    0.44 ^ _1052_/CLK (sky130_fd_sc_hd__dfrtp_1)
                  0.12    0.36    0.80 ^ _1052_/Q (sky130_fd_sc_hd__dfrtp_1)
     4    0.01                           loop_inactive_cnt[1] (net)
                  0.12    0.00    0.80 ^ _0768_/A1 (sky130_fd_sc_hd__o21a_1)
                  0.04    0.13    0.93 ^ _0768_/X (sky130_fd_sc_hd__o21a_1)
     1    0.00                           _0328_ (net)
                  0.04    0.00    0.93 ^ _0769_/B (sky130_fd_sc_hd__or2_1)
                  0.05    0.09    1.02 ^ _0769_/X (sky130_fd_sc_hd__or2_1)
     1    0.00                           _0329_ (net)
                  0.05    0.00    1.02 ^ _0770_/A (sky130_fd_sc_hd__clkbuf_1)
                  0.04    0.08    1.09 ^ _0770_/X (sky130_fd_sc_hd__clkbuf_1)
     1    0.00                           _0032_ (net)
                  0.04    0.00    1.09 ^ _1052_/D (sky130_fd_sc_hd__dfrtp_1)
                                  1.09   data arrival time

                          0.00    0.00   clock clk (rise edge)
                          0.00    0.00   clock source latency
                  0.15    0.11    0.11 ^ clk (in)
     1    0.03                           clk (net)
                  0.15    0.00    0.11 ^ clkbuf_0_clk/A (sky130_fd_sc_hd__clkbuf_16)
                  0.09    0.21    0.32 ^ clkbuf_0_clk/X (sky130_fd_sc_hd__clkbuf_16)
    16    0.07                           clknet_0_clk (net)
                  0.09    0.00    0.32 ^ clkbuf_4_14_0_clk/A (sky130_fd_sc_hd__clkbuf_8)
                  0.06    0.16    0.48 ^ clkbuf_4_14_0_clk/X (sky130_fd_sc_hd__clkbuf_8)
     9    0.02                           clknet_4_14_0_clk (net)
                  0.06    0.00    0.48 ^ _1052_/CLK (sky130_fd_sc_hd__dfrtp_1)
                          0.25    0.73   clock uncertainty
                         -0.05    0.69   clock reconvergence pessimism
                         -0.03    0.66   library hold time
                                  0.66   data required time
-----------------------------------------------------------------------------
                                  0.66   data required time
                                 -1.09   data arrival time
-----------------------------------------------------------------------------
                                  0.44   slack (MET)


Startpoint: _1123_ (rising edge-triggered flip-flop clocked by clk)
Endpoint: _1124_ (rising edge-triggered flip-flop clocked by clk)
Path Group: clk
Path Type: min

Fanout     Cap    Slew   Delay    Time   Description
-----------------------------------------------------------------------------
                          0.00    0.00   clock clk (rise edge)
                          0.00    0.00   clock source latency
                  0.15    0.10    0.10 ^ clk (in)
     1    0.03                           clk (net)
                  0.15    0.00    0.10 ^ clkbuf_0_clk/A (sky130_fd_sc_hd__clkbuf_16)
                  0.09    0.19    0.29 ^ clkbuf_0_clk/X (sky130_fd_sc_hd__clkbuf_16)
    16    0.07                           clknet_0_clk (net)
                  0.09    0.00    0.29 ^ clkbuf_4_10_0_clk/A (sky130_fd_sc_hd__clkbuf_8)
                  0.06    0.14    0.44 ^ clkbuf_4_10_0_clk/X (sky130_fd_sc_hd__clkbuf_8)
    12    0.02                           clknet_4_10_0_clk (net)
                  0.06    0.00    0.44 ^ _1123_/CLK (sky130_fd_sc_hd__dfrtp_1)
                  0.09    0.34    0.78 ^ _1123_/Q (sky130_fd_sc_hd__dfrtp_1)
     3    0.01                           spi_lockout_timer[10] (net)
                  0.09    0.00    0.78 ^ _0734_/C (sky130_fd_sc_hd__or4_1)
                  0.07    0.13    0.91 ^ _0734_/X (sky130_fd_sc_hd__or4_1)
     2    0.01                           _0305_ (net)
                  0.07    0.00    0.91 ^ _0739_/A2 (sky130_fd_sc_hd__o21ai_1)
                  0.03    0.06    0.96 v _0739_/Y (sky130_fd_sc_hd__o21ai_1)
     1    0.00                           _0309_ (net)
                  0.03    0.00    0.96 v _0740_/A2 (sky130_fd_sc_hd__a21oi_1)
                  0.09    0.12    1.08 ^ _0740_/Y (sky130_fd_sc_hd__a21oi_1)
     1    0.00                           _0006_ (net)
                  0.09    0.00    1.08 ^ _1124_/D (sky130_fd_sc_hd__dfrtp_1)
                                  1.08   data arrival time

                          0.00    0.00   clock clk (rise edge)
                          0.00    0.00   clock source latency
                  0.15    0.11    0.11 ^ clk (in)
     1    0.03                           clk (net)
                  0.15    0.00    0.11 ^ clkbuf_0_clk/A (sky130_fd_sc_hd__clkbuf_16)
                  0.09    0.21    0.32 ^ clkbuf_0_clk/X (sky130_fd_sc_hd__clkbuf_16)
    16    0.07                           clknet_0_clk (net)
                  0.09    0.00    0.32 ^ clkbuf_4_10_0_clk/A (sky130_fd_sc_hd__clkbuf_8)
                  0.06    0.16    0.48 ^ clkbuf_4_10_0_clk/X (sky130_fd_sc_hd__clkbuf_8)
    12    0.02                           clknet_4_10_0_clk (net)
                  0.06    0.00    0.48 ^ _1124_/CLK (sky130_fd_sc_hd__dfrtp_1)
                          0.25    0.73   clock uncertainty
                         -0.05    0.69   clock reconvergence pessimism
                         -0.04    0.64   library hold time
                                  0.64   data required time
-----------------------------------------------------------------------------
                                  0.64   data required time
                                 -1.08   data arrival time
-----------------------------------------------------------------------------
                                  0.44   slack (MET)


Startpoint: _1150_ (rising edge-triggered flip-flop clocked by clk)
Endpoint: _1150_ (rising edge-triggered flip-flop clocked by clk)
Path Group: clk
Path Type: min

Fanout     Cap    Slew   Delay    Time   Description
-----------------------------------------------------------------------------
                          0.00    0.00   clock clk (rise edge)
                          0.00    0.00   clock source latency
                  0.15    0.10    0.10 ^ clk (in)
     1    0.03                           clk (net)
                  0.15    0.00    0.10 ^ clkbuf_0_clk/A (sky130_fd_sc_hd__clkbuf_16)
                  0.09    0.19    0.29 ^ clkbuf_0_clk/X (sky130_fd_sc_hd__clkbuf_16)
    16    0.07                           clknet_0_clk (net)
                  0.09    0.00    0.29 ^ clkbuf_4_0_0_clk/A (sky130_fd_sc_hd__clkbuf_8)
                  0.05    0.14    0.43 ^ clkbuf_4_0_0_clk/X (sky130_fd_sc_hd__clkbuf_8)
     9    0.02                           clknet_4_0_0_clk (net)
                  0.05    0.00    0.43 ^ _1150_/CLK (sky130_fd_sc_hd__dfrtp_1)
                  0.11    0.35    0.78 ^ _1150_/Q (sky130_fd_sc_hd__dfrtp_1)
     2    0.01                           spi_crc[5] (net)
                  0.11    0.00    0.78 ^ _0969_/B (sky130_fd_sc_hd__xor2_2)
                  0.06    0.10    0.88 v _0969_/X (sky130_fd_sc_hd__xor2_2)
     4    0.01                           _0464_ (net)
                  0.06    0.00    0.88 v _0970_/B (sky130_fd_sc_hd__nand2_1)
                  0.04    0.06    0.94 ^ _0970_/Y (sky130_fd_sc_hd__nand2_1)
     1    0.00                           _0465_ (net)
                  0.04    0.00    0.94 ^ _0972_/A2 (sky130_fd_sc_hd__a32o_1)
                  0.05    0.15    1.09 ^ _0972_/X (sky130_fd_sc_hd__a32o_1)
     1    0.00                           _0097_ (net)
                  0.05    0.00    1.09 ^ _1150_/D (sky130_fd_sc_hd__dfrtp_1)
                                  1.09   data arrival time

                          0.00    0.00   clock clk (rise edge)
                          0.00    0.00   clock source latency
                  0.15    0.11    0.11 ^ clk (in)
     1    0.03                           clk (net)
                  0.15    0.00    0.11 ^ clkbuf_0_clk/A (sky130_fd_sc_hd__clkbuf_16)
                  0.09    0.21    0.32 ^ clkbuf_0_clk/X (sky130_fd_sc_hd__clkbuf_16)
    16    0.07                           clknet_0_clk (net)
                  0.09    0.00    0.32 ^ clkbuf_4_0_0_clk/A (sky130_fd_sc_hd__clkbuf_8)
                  0.05    0.15    0.47 ^ clkbuf_4_0_0_clk/X (sky130_fd_sc_hd__clkbuf_8)
     9    0.02                           clknet_4_0_0_clk (net)
                  0.05    0.00    0.47 ^ _1150_/CLK (sky130_fd_sc_hd__dfrtp_1)
                          0.25    0.72   clock uncertainty
                         -0.05    0.68   clock reconvergence pessimism
                         -0.04    0.64   library hold time
                                  0.64   data required time
-----------------------------------------------------------------------------
                                  0.64   data required time
                                 -1.09   data arrival time
-----------------------------------------------------------------------------
                                  0.45   slack (MET)


Startpoint: _1134_ (rising edge-triggered flip-flop clocked by clk)
Endpoint: _1135_ (rising edge-triggered flip-flop clocked by clk)
Path Group: clk
Path Type: min

Fanout     Cap    Slew   Delay    Time   Description
-----------------------------------------------------------------------------
                          0.00    0.00   clock clk (rise edge)
                          0.00    0.00   clock source latency
                  0.15    0.10    0.10 ^ clk (in)
     1    0.03                           clk (net)
                  0.15    0.00    0.10 ^ clkbuf_0_clk/A (sky130_fd_sc_hd__clkbuf_16)
                  0.09    0.19    0.29 ^ clkbuf_0_clk/X (sky130_fd_sc_hd__clkbuf_16)
    16    0.07                           clknet_0_clk (net)
                  0.09    0.00    0.29 ^ clkbuf_4_1_0_clk/A (sky130_fd_sc_hd__clkbuf_8)
                  0.06    0.15    0.44 ^ clkbuf_4_1_0_clk/X (sky130_fd_sc_hd__clkbuf_8)
     8    0.03                           clknet_4_1_0_clk (net)
                  0.06    0.00    0.44 ^ _1134_/CLK (sky130_fd_sc_hd__dfrtp_1)
                  0.07    0.32    0.76 ^ _1134_/Q (sky130_fd_sc_hd__dfrtp_1)
     3    0.01                           spi_bit_cnt[1] (net)
                  0.07    0.00    0.76 ^ _0754_/A (sky130_fd_sc_hd__and3_1)
                  0.16    0.22    0.98 ^ _0754_/X (sky130_fd_sc_hd__and3_1)
     5    0.01                           _0318_ (net)
                  0.16    0.00    0.98 ^ _0930_/A2 (sky130_fd_sc_hd__o21a_1)
                  0.05    0.12    1.10 ^ _0930_/X (sky130_fd_sc_hd__o21a_1)
     1    0.00                           _0082_ (net)
                  0.05    0.00    1.10 ^ _1135_/D (sky130_fd_sc_hd__dfrtp_1)
                                  1.10   data arrival time

                          0.00    0.00   clock clk (rise edge)
                          0.00    0.00   clock source latency
                  0.15    0.11    0.11 ^ clk (in)
     1    0.03                           clk (net)
                  0.15    0.00    0.11 ^ clkbuf_0_clk/A (sky130_fd_sc_hd__clkbuf_16)
                  0.09    0.21    0.32 ^ clkbuf_0_clk/X (sky130_fd_sc_hd__clkbuf_16)
    16    0.07                           clknet_0_clk (net)
                  0.09    0.00    0.32 ^ clkbuf_4_1_0_clk/A (sky130_fd_sc_hd__clkbuf_8)
                  0.06    0.16    0.48 ^ clkbuf_4_1_0_clk/X (sky130_fd_sc_hd__clkbuf_8)
     8    0.03                           clknet_4_1_0_clk (net)
                  0.06    0.00    0.49 ^ _1135_/CLK (sky130_fd_sc_hd__dfrtp_1)
                          0.25    0.74   clock uncertainty
                         -0.05    0.69   clock reconvergence pessimism
                         -0.03    0.66   library hold time
                                  0.66   data required time
-----------------------------------------------------------------------------
                                  0.66   data required time
                                 -1.10   data arrival time
-----------------------------------------------------------------------------
                                  0.45   slack (MET)


Startpoint: _1141_ (rising edge-triggered flip-flop clocked by clk)
Endpoint: _1190_ (rising edge-triggered flip-flop clocked by clk)
Path Group: clk
Path Type: min

Fanout     Cap    Slew   Delay    Time   Description
-----------------------------------------------------------------------------
                          0.00    0.00   clock clk (rise edge)
                          0.00    0.00   clock source latency
                  0.15    0.10    0.10 ^ clk (in)
     1    0.03                           clk (net)
                  0.15    0.00    0.10 ^ clkbuf_0_clk/A (sky130_fd_sc_hd__clkbuf_16)
                  0.09    0.19    0.29 ^ clkbuf_0_clk/X (sky130_fd_sc_hd__clkbuf_16)
    16    0.07                           clknet_0_clk (net)
                  0.09    0.00    0.29 ^ clkbuf_4_2_0_clk/A (sky130_fd_sc_hd__clkbuf_8)
                  0.06    0.14    0.44 ^ clkbuf_4_2_0_clk/X (sky130_fd_sc_hd__clkbuf_8)
    12    0.02                           clknet_4_2_0_clk (net)
                  0.06    0.00    0.44 ^ _1141_/CLK (sky130_fd_sc_hd__dfrtp_4)
                  0.10    0.42    0.86 ^ _1141_/Q (sky130_fd_sc_hd__dfrtp_4)
     7    0.02                           spi_byte_buf[3] (net)
                  0.10    0.00    0.86 ^ _1049_/B (sky130_fd_sc_hd__and4b_1)
                  0.06    0.18    1.04 ^ _1049_/X (sky130_fd_sc_hd__and4b_1)
     1    0.00                           _0511_ (net)
                  0.06    0.00    1.04 ^ _1050_/B1 (sky130_fd_sc_hd__a21o_1)
                  0.04    0.08    1.13 ^ _1050_/X (sky130_fd_sc_hd__a21o_1)
     1    0.00                           _0130_ (net)
                  0.04    0.00    1.13 ^ _1190_/D (sky130_fd_sc_hd__dfrtp_1)
                                  1.13   data arrival time

                          0.00    0.00   clock clk (rise edge)
                          0.00    0.00   clock source latency
                  0.15    0.11    0.11 ^ clk (in)
     1    0.03                           clk (net)
                  0.15    0.00    0.11 ^ clkbuf_0_clk/A (sky130_fd_sc_hd__clkbuf_16)
                  0.09    0.21    0.32 ^ clkbuf_0_clk/X (sky130_fd_sc_hd__clkbuf_16)
    16    0.07                           clknet_0_clk (net)
                  0.09    0.00    0.32 ^ clkbuf_4_3_0_clk/A (sky130_fd_sc_hd__clkbuf_8)
                  0.06    0.17    0.49 ^ clkbuf_4_3_0_clk/X (sky130_fd_sc_hd__clkbuf_8)
    10    0.03                           clknet_4_3_0_clk (net)
                  0.06    0.00    0.49 ^ _1190_/CLK (sky130_fd_sc_hd__dfrtp_1)
                          0.25    0.74   clock uncertainty
                         -0.03    0.71   clock reconvergence pessimism
                         -0.03    0.68   library hold time
                                  0.68   data required time
-----------------------------------------------------------------------------
                                  0.68   data required time
                                 -1.13   data arrival time
-----------------------------------------------------------------------------
                                  0.45   slack (MET)


Startpoint: _1070_ (rising edge-triggered flip-flop clocked by clk)
Endpoint: _1070_ (rising edge-triggered flip-flop clocked by clk)
Path Group: clk
Path Type: min

Fanout     Cap    Slew   Delay    Time   Description
-----------------------------------------------------------------------------
                          0.00    0.00   clock clk (rise edge)
                          0.00    0.00   clock source latency
                  0.15    0.10    0.10 ^ clk (in)
     1    0.03                           clk (net)
                  0.15    0.00    0.10 ^ clkbuf_0_clk/A (sky130_fd_sc_hd__clkbuf_16)
                  0.09    0.19    0.29 ^ clkbuf_0_clk/X (sky130_fd_sc_hd__clkbuf_16)
    16    0.07                           clknet_0_clk (net)
                  0.09    0.00    0.29 ^ clkbuf_4_5_0_clk/A (sky130_fd_sc_hd__clkbuf_8)
                  0.06    0.15    0.44 ^ clkbuf_4_5_0_clk/X (sky130_fd_sc_hd__clkbuf_8)
     9    0.03                           clknet_4_5_0_clk (net)
                  0.06    0.00    0.44 ^ _1070_/CLK (sky130_fd_sc_hd__dfrtp_1)
                  0.12    0.36    0.80 ^ _1070_/Q (sky130_fd_sc_hd__dfrtp_1)
     4    0.01                           wifi_timeout_tick_count[2] (net)
                  0.12    0.00    0.80 ^ _0663_/B1 (sky130_fd_sc_hd__a21o_1)
                  0.03    0.09    0.89 ^ _0663_/X (sky130_fd_sc_hd__a21o_1)
     1    0.00                           _0250_ (net)
                  0.03    0.00    0.89 ^ _0665_/B (sky130_fd_sc_hd__and3_1)
                  0.05    0.13    1.02 ^ _0665_/X (sky130_fd_sc_hd__and3_1)
     1    0.00                           _0252_ (net)
                  0.05    0.00    1.02 ^ _0666_/A (sky130_fd_sc_hd__clkbuf_1)
                  0.05    0.08    1.11 ^ _0666_/X (sky130_fd_sc_hd__clkbuf_1)
     1    0.00                           _0024_ (net)
                  0.05    0.00    1.11 ^ _1070_/D (sky130_fd_sc_hd__dfrtp_1)
                                  1.11   data arrival time

                          0.00    0.00   clock clk (rise edge)
                          0.00    0.00   clock source latency
                  0.15    0.11    0.11 ^ clk (in)
     1    0.03                           clk (net)
                  0.15    0.00    0.11 ^ clkbuf_0_clk/A (sky130_fd_sc_hd__clkbuf_16)
                  0.09    0.21    0.32 ^ clkbuf_0_clk/X (sky130_fd_sc_hd__clkbuf_16)
    16    0.07                           clknet_0_clk (net)
                  0.09    0.00    0.32 ^ clkbuf_4_5_0_clk/A (sky130_fd_sc_hd__clkbuf_8)
                  0.06    0.16    0.49 ^ clkbuf_4_5_0_clk/X (sky130_fd_sc_hd__clkbuf_8)
     9    0.03                           clknet_4_5_0_clk (net)
                  0.06    0.00    0.49 ^ _1070_/CLK (sky130_fd_sc_hd__dfrtp_1)
                          0.25    0.74   clock uncertainty
                         -0.05    0.69   clock reconvergence pessimism
                         -0.03    0.66   library hold time
                                  0.66   data required time
-----------------------------------------------------------------------------
                                  0.66   data required time
                                 -1.11   data arrival time
-----------------------------------------------------------------------------
                                  0.45   slack (MET)


Startpoint: _1142_ (rising edge-triggered flip-flop clocked by clk)
Endpoint: _1177_ (rising edge-triggered flip-flop clocked by clk)
Path Group: clk
Path Type: min

Fanout     Cap    Slew   Delay    Time   Description
-----------------------------------------------------------------------------
                          0.00    0.00   clock clk (rise edge)
                          0.00    0.00   clock source latency
                  0.15    0.10    0.10 ^ clk (in)
     1    0.03                           clk (net)
                  0.15    0.00    0.10 ^ clkbuf_0_clk/A (sky130_fd_sc_hd__clkbuf_16)
                  0.09    0.19    0.29 ^ clkbuf_0_clk/X (sky130_fd_sc_hd__clkbuf_16)
    16    0.07                           clknet_0_clk (net)
                  0.09    0.00    0.29 ^ clkbuf_4_2_0_clk/A (sky130_fd_sc_hd__clkbuf_8)
                  0.06    0.14    0.44 ^ clkbuf_4_2_0_clk/X (sky130_fd_sc_hd__clkbuf_8)
    12    0.02                           clknet_4_2_0_clk (net)
                  0.06    0.00    0.44 ^ _1142_/CLK (sky130_fd_sc_hd__dfrtp_4)
                  0.12    0.44    0.88 ^ _1142_/Q (sky130_fd_sc_hd__dfrtp_4)
     7    0.03                           spi_byte_buf[4] (net)
                  0.12    0.00    0.88 ^ _1032_/A1 (sky130_fd_sc_hd__mux2_1)
                  0.05    0.14    1.02 ^ _1032_/X (sky130_fd_sc_hd__mux2_1)
     1    0.00                           _0500_ (net)
                  0.05    0.00    1.02 ^ _1033_/A (sky130_fd_sc_hd__clkbuf_1)
                  0.06    0.09    1.11 ^ _1033_/X (sky130_fd_sc_hd__clkbuf_1)
     1    0.00                           _0124_ (net)
                  0.06    0.00    1.11 ^ _1177_/D (sky130_fd_sc_hd__dfrtp_1)
                                  1.11   data arrival time

                          0.00    0.00   clock clk (rise edge)
                          0.00    0.00   clock source latency
                  0.15    0.11    0.11 ^ clk (in)
     1    0.03                           clk (net)
                  0.15    0.00    0.11 ^ clkbuf_0_clk/A (sky130_fd_sc_hd__clkbuf_16)
                  0.09    0.21    0.32 ^ clkbuf_0_clk/X (sky130_fd_sc_hd__clkbuf_16)
    16    0.07                           clknet_0_clk (net)
                  0.09    0.00    0.32 ^ clkbuf_4_8_0_clk/A (sky130_fd_sc_hd__clkbuf_8)
                  0.05    0.15    0.47 ^ clkbuf_4_8_0_clk/X (sky130_fd_sc_hd__clkbuf_8)
     9    0.02                           clknet_4_8_0_clk (net)
                  0.05    0.00    0.47 ^ _1177_/CLK (sky130_fd_sc_hd__dfrtp_1)
                          0.25    0.72   clock uncertainty
                         -0.03    0.69   clock reconvergence pessimism
                         -0.04    0.66   library hold time
                                  0.66   data required time
-----------------------------------------------------------------------------
                                  0.66   data required time
                                 -1.11   data arrival time
-----------------------------------------------------------------------------
                                  0.45   slack (MET)


Startpoint: _1142_ (rising edge-triggered flip-flop clocked by clk)
Endpoint: _1158_ (rising edge-triggered flip-flop clocked by clk)
Path Group: clk
Path Type: min

Fanout     Cap    Slew   Delay    Time   Description
-----------------------------------------------------------------------------
                          0.00    0.00   clock clk (rise edge)
                          0.00    0.00   clock source latency
                  0.15    0.10    0.10 ^ clk (in)
     1    0.03                           clk (net)
                  0.15    0.00    0.10 ^ clkbuf_0_clk/A (sky130_fd_sc_hd__clkbuf_16)
                  0.09    0.19    0.29 ^ clkbuf_0_clk/X (sky130_fd_sc_hd__clkbuf_16)
    16    0.07                           clknet_0_clk (net)
                  0.09    0.00    0.29 ^ clkbuf_4_2_0_clk/A (sky130_fd_sc_hd__clkbuf_8)
                  0.06    0.14    0.44 ^ clkbuf_4_2_0_clk/X (sky130_fd_sc_hd__clkbuf_8)
    12    0.02                           clknet_4_2_0_clk (net)
                  0.06    0.00    0.44 ^ _1142_/CLK (sky130_fd_sc_hd__dfrtp_4)
                  0.12    0.44    0.88 ^ _1142_/Q (sky130_fd_sc_hd__dfrtp_4)
     7    0.03                           spi_byte_buf[4] (net)
                  0.12    0.00    0.88 ^ _0991_/A1 (sky130_fd_sc_hd__mux2_1)
                  0.05    0.14    1.02 ^ _0991_/X (sky130_fd_sc_hd__mux2_1)
     1    0.00                           _0478_ (net)
                  0.05    0.00    1.02 ^ _0992_/A (sky130_fd_sc_hd__clkbuf_1)
                  0.05    0.08    1.10 ^ _0992_/X (sky130_fd_sc_hd__clkbuf_1)
     1    0.00                           _0105_ (net)
                  0.05    0.00    1.10 ^ _1158_/D (sky130_fd_sc_hd__dfrtp_1)
                                  1.10   data arrival time

                          0.00    0.00   clock clk (rise edge)
                          0.00    0.00   clock source latency
                  0.15    0.11    0.11 ^ clk (in)
     1    0.03                           clk (net)
                  0.15    0.00    0.11 ^ clkbuf_0_clk/A (sky130_fd_sc_hd__clkbuf_16)
                  0.09    0.21    0.32 ^ clkbuf_0_clk/X (sky130_fd_sc_hd__clkbuf_16)
    16    0.07                           clknet_0_clk (net)
                  0.09    0.00    0.32 ^ clkbuf_4_2_0_clk/A (sky130_fd_sc_hd__clkbuf_8)
                  0.06    0.16    0.48 ^ clkbuf_4_2_0_clk/X (sky130_fd_sc_hd__clkbuf_8)
    12    0.02                           clknet_4_2_0_clk (net)
                  0.06    0.00    0.48 ^ _1158_/CLK (sky130_fd_sc_hd__dfrtp_1)
                          0.25    0.73   clock uncertainty
                         -0.05    0.69   clock reconvergence pessimism
                         -0.03    0.65   library hold time
                                  0.65   data required time
-----------------------------------------------------------------------------
                                  0.65   data required time
                                 -1.10   data arrival time
-----------------------------------------------------------------------------
                                  0.45   slack (MET)


Startpoint: _1138_ (rising edge-triggered flip-flop clocked by clk)
Endpoint: _1161_ (rising edge-triggered flip-flop clocked by clk)
Path Group: clk
Path Type: min

Fanout     Cap    Slew   Delay    Time   Description
-----------------------------------------------------------------------------
                          0.00    0.00   clock clk (rise edge)
                          0.00    0.00   clock source latency
                  0.15    0.10    0.10 ^ clk (in)
     1    0.03                           clk (net)
                  0.15    0.00    0.10 ^ clkbuf_0_clk/A (sky130_fd_sc_hd__clkbuf_16)
                  0.09    0.19    0.29 ^ clkbuf_0_clk/X (sky130_fd_sc_hd__clkbuf_16)
    16    0.07                           clknet_0_clk (net)
                  0.09    0.00    0.29 ^ clkbuf_4_2_0_clk/A (sky130_fd_sc_hd__clkbuf_8)
                  0.06    0.14    0.44 ^ clkbuf_4_2_0_clk/X (sky130_fd_sc_hd__clkbuf_8)
    12    0.02                           clknet_4_2_0_clk (net)
                  0.06    0.00    0.44 ^ _1138_/CLK (sky130_fd_sc_hd__dfrtp_4)
                  0.14    0.46    0.89 ^ _1138_/Q (sky130_fd_sc_hd__dfrtp_4)
     7    0.04                           spi_byte_buf[0] (net)
                  0.14    0.00    0.90 ^ _0998_/A1 (sky130_fd_sc_hd__mux2_1)
                  0.04    0.14    1.04 ^ _0998_/X (sky130_fd_sc_hd__mux2_1)
     1    0.00                           _0482_ (net)
                  0.04    0.00    1.04 ^ _0999_/A (sky130_fd_sc_hd__clkbuf_1)
                  0.05    0.08    1.11 ^ _0999_/X (sky130_fd_sc_hd__clkbuf_1)
     1    0.00                           _0108_ (net)
                  0.05    0.00    1.11 ^ _1161_/D (sky130_fd_sc_hd__dfrtp_1)
                                  1.11   data arrival time

                          0.00    0.00   clock clk (rise edge)
                          0.00    0.00   clock source latency
                  0.15    0.11    0.11 ^ clk (in)
     1    0.03                           clk (net)
                  0.15    0.00    0.11 ^ clkbuf_0_clk/A (sky130_fd_sc_hd__clkbuf_16)
                  0.09    0.21    0.32 ^ clkbuf_0_clk/X (sky130_fd_sc_hd__clkbuf_16)
    16    0.07                           clknet_0_clk (net)
                  0.09    0.00    0.32 ^ clkbuf_4_12_0_clk/A (sky130_fd_sc_hd__clkbuf_8)
                  0.05    0.16    0.48 ^ clkbuf_4_12_0_clk/X (sky130_fd_sc_hd__clkbuf_8)
     7    0.02                           clknet_4_12_0_clk (net)
                  0.05    0.00    0.48 ^ _1161_/CLK (sky130_fd_sc_hd__dfrtp_1)
                          0.25    0.73   clock uncertainty
                         -0.03    0.70   clock reconvergence pessimism
                         -0.03    0.66   library hold time
                                  0.66   data required time
-----------------------------------------------------------------------------
                                  0.66   data required time
                                 -1.11   data arrival time
-----------------------------------------------------------------------------
                                  0.45   slack (MET)


Startpoint: _1056_ (rising edge-triggered flip-flop clocked by clk)
Endpoint: _1061_ (rising edge-triggered flip-flop clocked by clk)
Path Group: clk
Path Type: min

Fanout     Cap    Slew   Delay    Time   Description
-----------------------------------------------------------------------------
                          0.00    0.00   clock clk (rise edge)
                          0.00    0.00   clock source latency
                  0.15    0.10    0.10 ^ clk (in)
     1    0.03                           clk (net)
                  0.15    0.00    0.10 ^ clkbuf_0_clk/A (sky130_fd_sc_hd__clkbuf_16)
                  0.09    0.19    0.29 ^ clkbuf_0_clk/X (sky130_fd_sc_hd__clkbuf_16)
    16    0.07                           clknet_0_clk (net)
                  0.09    0.00    0.29 ^ clkbuf_4_11_0_clk/A (sky130_fd_sc_hd__clkbuf_8)
                  0.07    0.15    0.44 ^ clkbuf_4_11_0_clk/X (sky130_fd_sc_hd__clkbuf_8)
    10    0.03                           clknet_4_11_0_clk (net)
                  0.07    0.00    0.44 ^ _1056_/CLK (sky130_fd_sc_hd__dfrtp_1)
                  0.06    0.32    0.76 ^ _1056_/Q (sky130_fd_sc_hd__dfrtp_1)
     2    0.00                           wifi_demand_d (net)
                  0.06    0.00    0.76 ^ _0775_/A (sky130_fd_sc_hd__or2b_1)
                  0.08    0.12    0.88 ^ _0775_/X (sky130_fd_sc_hd__or2b_1)
     3    0.01                           _0332_ (net)
                  0.08    0.00    0.88 ^ _0781_/A (sky130_fd_sc_hd__and3_1)
                  0.06    0.15    1.03 ^ _0781_/X (sky130_fd_sc_hd__and3_1)
     1    0.00                           _0337_ (net)
                  0.06    0.00    1.03 ^ _0782_/A (sky130_fd_sc_hd__clkbuf_1)
                  0.06    0.09    1.12 ^ _0782_/X (sky130_fd_sc_hd__clkbuf_1)
     1    0.00                           _0036_ (net)
                  0.06    0.00    1.12 ^ _1061_/D (sky130_fd_sc_hd__dfrtp_1)
                                  1.12   data arrival time

                          0.00    0.00   clock clk (rise edge)
                          0.00    0.00   clock source latency
                  0.15    0.11    0.11 ^ clk (in)
     1    0.03                           clk (net)
                  0.15    0.00    0.11 ^ clkbuf_0_clk/A (sky130_fd_sc_hd__clkbuf_16)
                  0.09    0.21    0.32 ^ clkbuf_0_clk/X (sky130_fd_sc_hd__clkbuf_16)
    16    0.07                           clknet_0_clk (net)
                  0.09    0.00    0.32 ^ clkbuf_4_11_0_clk/A (sky130_fd_sc_hd__clkbuf_8)
                  0.07    0.17    0.49 ^ clkbuf_4_11_0_clk/X (sky130_fd_sc_hd__clkbuf_8)
    10    0.03                           clknet_4_11_0_clk (net)
                  0.07    0.00    0.49 ^ _1061_/CLK (sky130_fd_sc_hd__dfrtp_1)
                          0.25    0.74   clock uncertainty
                         -0.05    0.69   clock reconvergence pessimism
                         -0.03    0.66   library hold time
                                  0.66   data required time
-----------------------------------------------------------------------------
                                  0.66   data required time
                                 -1.12   data arrival time
-----------------------------------------------------------------------------
                                  0.46   slack (MET)


Startpoint: _1139_ (rising edge-triggered flip-flop clocked by clk)
Endpoint: _1155_ (rising edge-triggered flip-flop clocked by clk)
Path Group: clk
Path Type: min

Fanout     Cap    Slew   Delay    Time   Description
-----------------------------------------------------------------------------
                          0.00    0.00   clock clk (rise edge)
                          0.00    0.00   clock source latency
                  0.15    0.10    0.10 ^ clk (in)
     1    0.03                           clk (net)
                  0.15    0.00    0.10 ^ clkbuf_0_clk/A (sky130_fd_sc_hd__clkbuf_16)
                  0.09    0.19    0.29 ^ clkbuf_0_clk/X (sky130_fd_sc_hd__clkbuf_16)
    16    0.07                           clknet_0_clk (net)
                  0.09    0.00    0.29 ^ clkbuf_4_2_0_clk/A (sky130_fd_sc_hd__clkbuf_8)
                  0.06    0.14    0.44 ^ clkbuf_4_2_0_clk/X (sky130_fd_sc_hd__clkbuf_8)
    12    0.02                           clknet_4_2_0_clk (net)
                  0.06    0.00    0.44 ^ _1139_/CLK (sky130_fd_sc_hd__dfrtp_4)
                  0.15    0.47    0.90 ^ _1139_/Q (sky130_fd_sc_hd__dfrtp_4)
     7    0.04                           spi_byte_buf[1] (net)
                  0.15    0.00    0.91 ^ _0985_/A1 (sky130_fd_sc_hd__mux2_1)
                  0.04    0.15    1.05 ^ _0985_/X (sky130_fd_sc_hd__mux2_1)
     1    0.00                           _0475_ (net)
                  0.04    0.00    1.05 ^ _0986_/A (sky130_fd_sc_hd__clkbuf_1)
                  0.04    0.07    1.12 ^ _0986_/X (sky130_fd_sc_hd__clkbuf_1)
     1    0.00                           _0102_ (net)
                  0.04    0.00    1.12 ^ _1155_/D (sky130_fd_sc_hd__dfrtp_1)
                                  1.12   data arrival time

                          0.00    0.00   clock clk (rise edge)
                          0.00    0.00   clock source latency
                  0.15    0.11    0.11 ^ clk (in)
     1    0.03                           clk (net)
                  0.15    0.00    0.11 ^ clkbuf_0_clk/A (sky130_fd_sc_hd__clkbuf_16)
                  0.09    0.21    0.32 ^ clkbuf_0_clk/X (sky130_fd_sc_hd__clkbuf_16)
    16    0.07                           clknet_0_clk (net)
                  0.09    0.00    0.32 ^ clkbuf_4_9_0_clk/A (sky130_fd_sc_hd__clkbuf_8)
                  0.05    0.16    0.48 ^ clkbuf_4_9_0_clk/X (sky130_fd_sc_hd__clkbuf_8)
     7    0.02                           clknet_4_9_0_clk (net)
                  0.05    0.00    0.48 ^ _1155_/CLK (sky130_fd_sc_hd__dfrtp_1)
                          0.25    0.73   clock uncertainty
                         -0.03    0.70   clock reconvergence pessimism
                         -0.03    0.67   library hold time
                                  0.67   data required time
-----------------------------------------------------------------------------
                                  0.67   data required time
                                 -1.12   data arrival time
-----------------------------------------------------------------------------
                                  0.46   slack (MET)


Startpoint: _1139_ (rising edge-triggered flip-flop clocked by clk)
Endpoint: _1174_ (rising edge-triggered flip-flop clocked by clk)
Path Group: clk
Path Type: min

Fanout     Cap    Slew   Delay    Time   Description
-----------------------------------------------------------------------------
                          0.00    0.00   clock clk (rise edge)
                          0.00    0.00   clock source latency
                  0.15    0.10    0.10 ^ clk (in)
     1    0.03                           clk (net)
                  0.15    0.00    0.10 ^ clkbuf_0_clk/A (sky130_fd_sc_hd__clkbuf_16)
                  0.09    0.19    0.29 ^ clkbuf_0_clk/X (sky130_fd_sc_hd__clkbuf_16)
    16    0.07                           clknet_0_clk (net)
                  0.09    0.00    0.29 ^ clkbuf_4_2_0_clk/A (sky130_fd_sc_hd__clkbuf_8)
                  0.06    0.14    0.44 ^ clkbuf_4_2_0_clk/X (sky130_fd_sc_hd__clkbuf_8)
    12    0.02                           clknet_4_2_0_clk (net)
                  0.06    0.00    0.44 ^ _1139_/CLK (sky130_fd_sc_hd__dfrtp_4)
                  0.15    0.47    0.90 ^ _1139_/Q (sky130_fd_sc_hd__dfrtp_4)
     7    0.04                           spi_byte_buf[1] (net)
                  0.15    0.00    0.91 ^ _1026_/A1 (sky130_fd_sc_hd__mux2_1)
                  0.04    0.14    1.05 ^ _1026_/X (sky130_fd_sc_hd__mux2_1)
     1    0.00                           _0497_ (net)
                  0.04    0.00    1.05 ^ _1027_/A (sky130_fd_sc_hd__clkbuf_1)
                  0.05    0.08    1.12 ^ _1027_/X (sky130_fd_sc_hd__clkbuf_1)
     1    0.00                           _0121_ (net)
                  0.05    0.00    1.12 ^ _1174_/D (sky130_fd_sc_hd__dfrtp_1)
                                  1.12   data arrival time

                          0.00    0.00   clock clk (rise edge)
                          0.00    0.00   clock source latency
                  0.15    0.11    0.11 ^ clk (in)
     1    0.03                           clk (net)
                  0.15    0.00    0.11 ^ clkbuf_0_clk/A (sky130_fd_sc_hd__clkbuf_16)
                  0.09    0.21    0.32 ^ clkbuf_0_clk/X (sky130_fd_sc_hd__clkbuf_16)
    16    0.07                           clknet_0_clk (net)
                  0.09    0.00    0.32 ^ clkbuf_4_9_0_clk/A (sky130_fd_sc_hd__clkbuf_8)
                  0.05    0.16    0.48 ^ clkbuf_4_9_0_clk/X (sky130_fd_sc_hd__clkbuf_8)
     7    0.02                           clknet_4_9_0_clk (net)
                  0.05    0.00    0.48 ^ _1174_/CLK (sky130_fd_sc_hd__dfrtp_1)
                          0.25    0.73   clock uncertainty
                         -0.03    0.70   clock reconvergence pessimism
                         -0.03    0.67   library hold time
                                  0.67   data required time
-----------------------------------------------------------------------------
                                  0.67   data required time
                                 -1.12   data arrival time
-----------------------------------------------------------------------------
                                  0.46   slack (MET)


Startpoint: _1143_ (rising edge-triggered flip-flop clocked by clk)
Endpoint: _1178_ (rising edge-triggered flip-flop clocked by clk)
Path Group: clk
Path Type: min

Fanout     Cap    Slew   Delay    Time   Description
-----------------------------------------------------------------------------
                          0.00    0.00   clock clk (rise edge)
                          0.00    0.00   clock source latency
                  0.15    0.10    0.10 ^ clk (in)
     1    0.03                           clk (net)
                  0.15    0.00    0.10 ^ clkbuf_0_clk/A (sky130_fd_sc_hd__clkbuf_16)
                  0.09    0.19    0.29 ^ clkbuf_0_clk/X (sky130_fd_sc_hd__clkbuf_16)
    16    0.07                           clknet_0_clk (net)
                  0.09    0.00    0.29 ^ clkbuf_4_2_0_clk/A (sky130_fd_sc_hd__clkbuf_8)
                  0.06    0.14    0.44 ^ clkbuf_4_2_0_clk/X (sky130_fd_sc_hd__clkbuf_8)
    12    0.02                           clknet_4_2_0_clk (net)
                  0.06    0.00    0.44 ^ _1143_/CLK (sky130_fd_sc_hd__dfrtp_4)
                  0.12    0.45    0.88 ^ _1143_/Q (sky130_fd_sc_hd__dfrtp_4)
     7    0.03                           spi_byte_buf[5] (net)
                  0.12    0.00    0.88 ^ _1034_/A1 (sky130_fd_sc_hd__mux2_1)
                  0.05    0.15    1.03 ^ _1034_/X (sky130_fd_sc_hd__mux2_1)
     1    0.00                           _0501_ (net)
                  0.05    0.00    1.03 ^ _1035_/A (sky130_fd_sc_hd__clkbuf_1)
                  0.06    0.09    1.11 ^ _1035_/X (sky130_fd_sc_hd__clkbuf_1)
     1    0.00                           _0125_ (net)
                  0.06    0.00    1.12 ^ _1178_/D (sky130_fd_sc_hd__dfrtp_1)
                                  1.12   data arrival time

                          0.00    0.00   clock clk (rise edge)
                          0.00    0.00   clock source latency
                  0.15    0.11    0.11 ^ clk (in)
     1    0.03                           clk (net)
                  0.15    0.00    0.11 ^ clkbuf_0_clk/A (sky130_fd_sc_hd__clkbuf_16)
                  0.09    0.21    0.32 ^ clkbuf_0_clk/X (sky130_fd_sc_hd__clkbuf_16)
    16    0.07                           clknet_0_clk (net)
                  0.09    0.00    0.32 ^ clkbuf_4_8_0_clk/A (sky130_fd_sc_hd__clkbuf_8)
                  0.05    0.15    0.47 ^ clkbuf_4_8_0_clk/X (sky130_fd_sc_hd__clkbuf_8)
     9    0.02                           clknet_4_8_0_clk (net)
                  0.05    0.00    0.47 ^ _1178_/CLK (sky130_fd_sc_hd__dfrtp_1)
                          0.25    0.72   clock uncertainty
                         -0.03    0.69   clock reconvergence pessimism
                         -0.04    0.66   library hold time
                                  0.66   data required time
-----------------------------------------------------------------------------
                                  0.66   data required time
                                 -1.12   data arrival time
-----------------------------------------------------------------------------
                                  0.46   slack (MET)


Startpoint: _1137_ (rising edge-triggered flip-flop clocked by clk)
Endpoint: _1137_ (rising edge-triggered flip-flop clocked by clk)
Path Group: clk
Path Type: min

Fanout     Cap    Slew   Delay    Time   Description
-----------------------------------------------------------------------------
                          0.00    0.00   clock clk (rise edge)
                          0.00    0.00   clock source latency
                  0.15    0.10    0.10 ^ clk (in)
     1    0.03                           clk (net)
                  0.15    0.00    0.10 ^ clkbuf_0_clk/A (sky130_fd_sc_hd__clkbuf_16)
                  0.09    0.19    0.29 ^ clkbuf_0_clk/X (sky130_fd_sc_hd__clkbuf_16)
    16    0.07                           clknet_0_clk (net)
                  0.09    0.00    0.29 ^ clkbuf_4_1_0_clk/A (sky130_fd_sc_hd__clkbuf_8)
                  0.06    0.15    0.44 ^ clkbuf_4_1_0_clk/X (sky130_fd_sc_hd__clkbuf_8)
     8    0.03                           clknet_4_1_0_clk (net)
                  0.06    0.00    0.44 ^ _1137_/CLK (sky130_fd_sc_hd__dfrtp_2)
                  0.10    0.38    0.82 ^ _1137_/Q (sky130_fd_sc_hd__dfrtp_2)
     6    0.02                           spi_byte_num[1] (net)
                  0.10    0.00    0.82 ^ _0934_/B (sky130_fd_sc_hd__or2_1)
                  0.14    0.17    0.98 ^ _0934_/X (sky130_fd_sc_hd__or2_1)
     2    0.01                           _0442_ (net)
                  0.14    0.00    0.99 ^ _0935_/B2 (sky130_fd_sc_hd__a22o_1)
                  0.04    0.13    1.12 ^ _0935_/X (sky130_fd_sc_hd__a22o_1)
     1    0.00                           _0084_ (net)
                  0.04    0.00    1.12 ^ _1137_/D (sky130_fd_sc_hd__dfrtp_2)
                                  1.12   data arrival time

                          0.00    0.00   clock clk (rise edge)
                          0.00    0.00   clock source latency
                  0.15    0.11    0.11 ^ clk (in)
     1    0.03                           clk (net)
                  0.15    0.00    0.11 ^ clkbuf_0_clk/A (sky130_fd_sc_hd__clkbuf_16)
                  0.09    0.21    0.32 ^ clkbuf_0_clk/X (sky130_fd_sc_hd__clkbuf_16)
    16    0.07                           clknet_0_clk (net)
                  0.09    0.00    0.32 ^ clkbuf_4_1_0_clk/A (sky130_fd_sc_hd__clkbuf_8)
                  0.06    0.16    0.48 ^ clkbuf_4_1_0_clk/X (sky130_fd_sc_hd__clkbuf_8)
     8    0.03                           clknet_4_1_0_clk (net)
                  0.06    0.00    0.49 ^ _1137_/CLK (sky130_fd_sc_hd__dfrtp_2)
                          0.25    0.74   clock uncertainty
                         -0.05    0.69   clock reconvergence pessimism
                         -0.03    0.66   library hold time
                                  0.66   data required time
-----------------------------------------------------------------------------
                                  0.66   data required time
                                 -1.12   data arrival time
-----------------------------------------------------------------------------
                                  0.46   slack (MET)


Startpoint: _1139_ (rising edge-triggered flip-flop clocked by clk)
Endpoint: _1162_ (rising edge-triggered flip-flop clocked by clk)
Path Group: clk
Path Type: min

Fanout     Cap    Slew   Delay    Time   Description
-----------------------------------------------------------------------------
                          0.00    0.00   clock clk (rise edge)
                          0.00    0.00   clock source latency
                  0.15    0.10    0.10 ^ clk (in)
     1    0.03                           clk (net)
                  0.15    0.00    0.10 ^ clkbuf_0_clk/A (sky130_fd_sc_hd__clkbuf_16)
                  0.09    0.19    0.29 ^ clkbuf_0_clk/X (sky130_fd_sc_hd__clkbuf_16)
    16    0.07                           clknet_0_clk (net)
                  0.09    0.00    0.29 ^ clkbuf_4_2_0_clk/A (sky130_fd_sc_hd__clkbuf_8)
                  0.06    0.14    0.44 ^ clkbuf_4_2_0_clk/X (sky130_fd_sc_hd__clkbuf_8)
    12    0.02                           clknet_4_2_0_clk (net)
                  0.06    0.00    0.44 ^ _1139_/CLK (sky130_fd_sc_hd__dfrtp_4)
                  0.15    0.47    0.90 ^ _1139_/Q (sky130_fd_sc_hd__dfrtp_4)
     7    0.04                           spi_byte_buf[1] (net)
                  0.15    0.00    0.91 ^ _1000_/A1 (sky130_fd_sc_hd__mux2_1)
                  0.04    0.15    1.05 ^ _1000_/X (sky130_fd_sc_hd__mux2_1)
     1    0.00                           _0483_ (net)
                  0.04    0.00    1.05 ^ _1001_/A (sky130_fd_sc_hd__clkbuf_1)
                  0.04    0.07    1.13 ^ _1001_/X (sky130_fd_sc_hd__clkbuf_1)
     1    0.00                           _0109_ (net)
                  0.04    0.00    1.13 ^ _1162_/D (sky130_fd_sc_hd__dfrtp_1)
                                  1.13   data arrival time

                          0.00    0.00   clock clk (rise edge)
                          0.00    0.00   clock source latency
                  0.15    0.11    0.11 ^ clk (in)
     1    0.03                           clk (net)
                  0.15    0.00    0.11 ^ clkbuf_0_clk/A (sky130_fd_sc_hd__clkbuf_16)
                  0.09    0.21    0.32 ^ clkbuf_0_clk/X (sky130_fd_sc_hd__clkbuf_16)
    16    0.07                           clknet_0_clk (net)
                  0.09    0.00    0.32 ^ clkbuf_4_12_0_clk/A (sky130_fd_sc_hd__clkbuf_8)
                  0.05    0.16    0.48 ^ clkbuf_4_12_0_clk/X (sky130_fd_sc_hd__clkbuf_8)
     7    0.02                           clknet_4_12_0_clk (net)
                  0.05    0.00    0.48 ^ _1162_/CLK (sky130_fd_sc_hd__dfrtp_1)
                          0.25    0.73   clock uncertainty
                         -0.03    0.70   clock reconvergence pessimism
                         -0.03    0.67   library hold time
                                  0.67   data required time
-----------------------------------------------------------------------------
                                  0.67   data required time
                                 -1.13   data arrival time
-----------------------------------------------------------------------------
                                  0.46   slack (MET)


Startpoint: _1138_ (rising edge-triggered flip-flop clocked by clk)
Endpoint: _1173_ (rising edge-triggered flip-flop clocked by clk)
Path Group: clk
Path Type: min

Fanout     Cap    Slew   Delay    Time   Description
-----------------------------------------------------------------------------
                          0.00    0.00   clock clk (rise edge)
                          0.00    0.00   clock source latency
                  0.15    0.10    0.10 ^ clk (in)
     1    0.03                           clk (net)
                  0.15    0.00    0.10 ^ clkbuf_0_clk/A (sky130_fd_sc_hd__clkbuf_16)
                  0.09    0.19    0.29 ^ clkbuf_0_clk/X (sky130_fd_sc_hd__clkbuf_16)
    16    0.07                           clknet_0_clk (net)
                  0.09    0.00    0.29 ^ clkbuf_4_2_0_clk/A (sky130_fd_sc_hd__clkbuf_8)
                  0.06    0.14    0.44 ^ clkbuf_4_2_0_clk/X (sky130_fd_sc_hd__clkbuf_8)
    12    0.02                           clknet_4_2_0_clk (net)
                  0.06    0.00    0.44 ^ _1138_/CLK (sky130_fd_sc_hd__dfrtp_4)
                  0.14    0.46    0.89 ^ _1138_/Q (sky130_fd_sc_hd__dfrtp_4)
     7    0.04                           spi_byte_buf[0] (net)
                  0.14    0.00    0.90 ^ _1024_/A1 (sky130_fd_sc_hd__mux2_1)
                  0.04    0.14    1.04 ^ _1024_/X (sky130_fd_sc_hd__mux2_1)
     1    0.00                           _0496_ (net)
                  0.04    0.00    1.04 ^ _1025_/A (sky130_fd_sc_hd__clkbuf_1)
                  0.06    0.09    1.13 ^ _1025_/X (sky130_fd_sc_hd__clkbuf_1)
     1    0.00                           _0120_ (net)
                  0.06    0.00    1.13 ^ _1173_/D (sky130_fd_sc_hd__dfrtp_1)
                                  1.13   data arrival time

                          0.00    0.00   clock clk (rise edge)
                          0.00    0.00   clock source latency
                  0.15    0.11    0.11 ^ clk (in)
     1    0.03                           clk (net)
                  0.15    0.00    0.11 ^ clkbuf_0_clk/A (sky130_fd_sc_hd__clkbuf_16)
                  0.09    0.21    0.32 ^ clkbuf_0_clk/X (sky130_fd_sc_hd__clkbuf_16)
    16    0.07                           clknet_0_clk (net)
                  0.09    0.00    0.32 ^ clkbuf_4_9_0_clk/A (sky130_fd_sc_hd__clkbuf_8)
                  0.05    0.16    0.48 ^ clkbuf_4_9_0_clk/X (sky130_fd_sc_hd__clkbuf_8)
     7    0.02                           clknet_4_9_0_clk (net)
                  0.05    0.00    0.48 ^ _1173_/CLK (sky130_fd_sc_hd__dfrtp_1)
                          0.25    0.73   clock uncertainty
                         -0.03    0.70   clock reconvergence pessimism
                         -0.04    0.66   library hold time
                                  0.66   data required time
-----------------------------------------------------------------------------
                                  0.66   data required time
                                 -1.13   data arrival time
-----------------------------------------------------------------------------
                                  0.46   slack (MET)


Startpoint: _1068_ (rising edge-triggered flip-flop clocked by clk)
Endpoint: _1069_ (rising edge-triggered flip-flop clocked by clk)
Path Group: clk
Path Type: min

Fanout     Cap    Slew   Delay    Time   Description
-----------------------------------------------------------------------------
                          0.00    0.00   clock clk (rise edge)
                          0.00    0.00   clock source latency
                  0.15    0.10    0.10 ^ clk (in)
     1    0.03                           clk (net)
                  0.15    0.00    0.10 ^ clkbuf_0_clk/A (sky130_fd_sc_hd__clkbuf_16)
                  0.09    0.19    0.29 ^ clkbuf_0_clk/X (sky130_fd_sc_hd__clkbuf_16)
    16    0.07                           clknet_0_clk (net)
                  0.09    0.00    0.29 ^ clkbuf_4_5_0_clk/A (sky130_fd_sc_hd__clkbuf_8)
                  0.06    0.15    0.44 ^ clkbuf_4_5_0_clk/X (sky130_fd_sc_hd__clkbuf_8)
     9    0.03                           clknet_4_5_0_clk (net)
                  0.06    0.00    0.44 ^ _1068_/CLK (sky130_fd_sc_hd__dfrtp_2)
                  0.11    0.38    0.82 ^ _1068_/Q (sky130_fd_sc_hd__dfrtp_2)
     7    0.02                           wifi_timeout_tick_count[0] (net)
                  0.11    0.00    0.82 ^ _0660_/B (sky130_fd_sc_hd__nand2_1)
                  0.03    0.06    0.88 v _0660_/Y (sky130_fd_sc_hd__nand2_1)
     1    0.00                           _0248_ (net)
                  0.03    0.00    0.88 v _0661_/C (sky130_fd_sc_hd__and3_1)
                  0.04    0.17    1.04 v _0661_/X (sky130_fd_sc_hd__and3_1)
     1    0.00                           _0249_ (net)
                  0.04    0.00    1.04 v _0662_/A (sky130_fd_sc_hd__clkbuf_1)
                  0.02    0.08    1.12 v _0662_/X (sky130_fd_sc_hd__clkbuf_1)
     1    0.00                           _0023_ (net)
                  0.02    0.00    1.12 v _1069_/D (sky130_fd_sc_hd__dfrtp_1)
                                  1.12   data arrival time

                          0.00    0.00   clock clk (rise edge)
                          0.00    0.00   clock source latency
                  0.15    0.11    0.11 ^ clk (in)
     1    0.03                           clk (net)
                  0.15    0.00    0.11 ^ clkbuf_0_clk/A (sky130_fd_sc_hd__clkbuf_16)
                  0.09    0.21    0.32 ^ clkbuf_0_clk/X (sky130_fd_sc_hd__clkbuf_16)
    16    0.07                           clknet_0_clk (net)
                  0.09    0.00    0.32 ^ clkbuf_4_5_0_clk/A (sky130_fd_sc_hd__clkbuf_8)
                  0.06    0.16    0.49 ^ clkbuf_4_5_0_clk/X (sky130_fd_sc_hd__clkbuf_8)
     9    0.03                           clknet_4_5_0_clk (net)
                  0.06    0.00    0.49 ^ _1069_/CLK (sky130_fd_sc_hd__dfrtp_1)
                          0.25    0.74   clock uncertainty
                         -0.05    0.69   clock reconvergence pessimism
                         -0.03    0.66   library hold time
                                  0.66   data required time
-----------------------------------------------------------------------------
                                  0.66   data required time
                                 -1.12   data arrival time
-----------------------------------------------------------------------------
                                  0.47   slack (MET)


Startpoint: _1121_ (rising edge-triggered flip-flop clocked by clk)
Endpoint: _1121_ (rising edge-triggered flip-flop clocked by clk)
Path Group: clk
Path Type: min

Fanout     Cap    Slew   Delay    Time   Description
-----------------------------------------------------------------------------
                          0.00    0.00   clock clk (rise edge)
                          0.00    0.00   clock source latency
                  0.15    0.10    0.10 ^ clk (in)
     1    0.03                           clk (net)
                  0.15    0.00    0.10 ^ clkbuf_0_clk/A (sky130_fd_sc_hd__clkbuf_16)
                  0.09    0.19    0.29 ^ clkbuf_0_clk/X (sky130_fd_sc_hd__clkbuf_16)
    16    0.07                           clknet_0_clk (net)
                  0.09    0.00    0.29 ^ clkbuf_4_10_0_clk/A (sky130_fd_sc_hd__clkbuf_8)
                  0.06    0.14    0.44 ^ clkbuf_4_10_0_clk/X (sky130_fd_sc_hd__clkbuf_8)
    12    0.02                           clknet_4_10_0_clk (net)
                  0.06    0.00    0.44 ^ _1121_/CLK (sky130_fd_sc_hd__dfrtp_1)
                  0.12    0.36    0.80 ^ _1121_/Q (sky130_fd_sc_hd__dfrtp_1)
     4    0.01                           spi_lockout_timer[8] (net)
                  0.12    0.00    0.80 ^ _0728_/A1 (sky130_fd_sc_hd__a22o_1)
                  0.04    0.14    0.94 ^ _0728_/X (sky130_fd_sc_hd__a22o_1)
     1    0.00                           _0301_ (net)
                  0.04    0.00    0.94 ^ _0729_/B (sky130_fd_sc_hd__and2_1)
                  0.04    0.11    1.04 ^ _0729_/X (sky130_fd_sc_hd__and2_1)
     1    0.00                           _0302_ (net)
                  0.04    0.00    1.04 ^ _0730_/A (sky130_fd_sc_hd__clkbuf_1)
                  0.05    0.08    1.12 ^ _0730_/X (sky130_fd_sc_hd__clkbuf_1)
     1    0.00                           _0018_ (net)
                  0.05    0.00    1.12 ^ _1121_/D (sky130_fd_sc_hd__dfrtp_1)
                                  1.12   data arrival time

                          0.00    0.00   clock clk (rise edge)
                          0.00    0.00   clock source latency
                  0.15    0.11    0.11 ^ clk (in)
     1    0.03                           clk (net)
                  0.15    0.00    0.11 ^ clkbuf_0_clk/A (sky130_fd_sc_hd__clkbuf_16)
                  0.09    0.21    0.32 ^ clkbuf_0_clk/X (sky130_fd_sc_hd__clkbuf_16)
    16    0.07                           clknet_0_clk (net)
                  0.09    0.00    0.32 ^ clkbuf_4_10_0_clk/A (sky130_fd_sc_hd__clkbuf_8)
                  0.06    0.16    0.48 ^ clkbuf_4_10_0_clk/X (sky130_fd_sc_hd__clkbuf_8)
    12    0.02                           clknet_4_10_0_clk (net)
                  0.06    0.00    0.48 ^ _1121_/CLK (sky130_fd_sc_hd__dfrtp_1)
                          0.25    0.73   clock uncertainty
                         -0.05    0.69   clock reconvergence pessimism
                         -0.03    0.65   library hold time
                                  0.65   data required time
-----------------------------------------------------------------------------
                                  0.65   data required time
                                 -1.12   data arrival time
-----------------------------------------------------------------------------
                                  0.47   slack (MET)


Startpoint: _1092_ (rising edge-triggered flip-flop clocked by clk)
Endpoint: _1076_ (rising edge-triggered flip-flop clocked by clk)
Path Group: clk
Path Type: min

Fanout     Cap    Slew   Delay    Time   Description
-----------------------------------------------------------------------------
                          0.00    0.00   clock clk (rise edge)
                          0.00    0.00   clock source latency
                  0.15    0.10    0.10 ^ clk (in)
     1    0.03                           clk (net)
                  0.15    0.00    0.10 ^ clkbuf_0_clk/A (sky130_fd_sc_hd__clkbuf_16)
                  0.09    0.19    0.29 ^ clkbuf_0_clk/X (sky130_fd_sc_hd__clkbuf_16)
    16    0.07                           clknet_0_clk (net)
                  0.09    0.00    0.29 ^ clkbuf_4_7_0_clk/A (sky130_fd_sc_hd__clkbuf_8)
                  0.07    0.16    0.45 ^ clkbuf_4_7_0_clk/X (sky130_fd_sc_hd__clkbuf_8)
    12    0.03                           clknet_4_7_0_clk (net)
                  0.07    0.00    0.45 ^ _1092_/CLK (sky130_fd_sc_hd__dfrtp_1)
                  0.11    0.36    0.81 ^ _1092_/Q (sky130_fd_sc_hd__dfrtp_1)
     4    0.01                           wifi_timeout[15] (net)
                  0.11    0.00    0.81 ^ _0684_/A (sky130_fd_sc_hd__or3_2)
                  0.07    0.15    0.96 ^ _0684_/X (sky130_fd_sc_hd__or3_2)
     3    0.01                           _0266_ (net)
                  0.07    0.00    0.96 ^ _0759_/C (sky130_fd_sc_hd__or3_1)
                  0.04    0.10    1.06 ^ _0759_/X (sky130_fd_sc_hd__or3_1)
     1    0.00                           _0322_ (net)
                  0.04    0.00    1.06 ^ _0760_/A (sky130_fd_sc_hd__clkbuf_1)
                  0.05    0.08    1.14 ^ _0760_/X (sky130_fd_sc_hd__clkbuf_1)
     1    0.00                           _0030_ (net)
                  0.05    0.00    1.14 ^ _1076_/D (sky130_fd_sc_hd__dfrtp_1)
                                  1.14   data arrival time

                          0.00    0.00   clock clk (rise edge)
                          0.00    0.00   clock source latency
                  0.15    0.11    0.11 ^ clk (in)
     1    0.03                           clk (net)
                  0.15    0.00    0.11 ^ clkbuf_0_clk/A (sky130_fd_sc_hd__clkbuf_16)
                  0.09    0.21    0.32 ^ clkbuf_0_clk/X (sky130_fd_sc_hd__clkbuf_16)
    16    0.07                           clknet_0_clk (net)
                  0.09    0.00    0.32 ^ clkbuf_4_6_0_clk/A (sky130_fd_sc_hd__clkbuf_8)
                  0.06    0.16    0.48 ^ clkbuf_4_6_0_clk/X (sky130_fd_sc_hd__clkbuf_8)
     8    0.02                           clknet_4_6_0_clk (net)
                  0.06    0.00    0.48 ^ _1076_/CLK (sky130_fd_sc_hd__dfrtp_1)
                          0.25    0.73   clock uncertainty
                         -0.03    0.70   clock reconvergence pessimism
                         -0.03    0.67   library hold time
                                  0.67   data required time
-----------------------------------------------------------------------------
                                  0.67   data required time
                                 -1.14   data arrival time
-----------------------------------------------------------------------------
                                  0.48   slack (MET)


Startpoint: _1096_ (rising edge-triggered flip-flop clocked by clk)
Endpoint: _1096_ (rising edge-triggered flip-flop clocked by clk)
Path Group: clk
Path Type: min

Fanout     Cap    Slew   Delay    Time   Description
-----------------------------------------------------------------------------
                          0.00    0.00   clock clk (rise edge)
                          0.00    0.00   clock source latency
                  0.15    0.10    0.10 ^ clk (in)
     1    0.03                           clk (net)
                  0.15    0.00    0.10 ^ clkbuf_0_clk/A (sky130_fd_sc_hd__clkbuf_16)
                  0.09    0.19    0.29 ^ clkbuf_0_clk/X (sky130_fd_sc_hd__clkbuf_16)
    16    0.07                           clknet_0_clk (net)
                  0.09    0.00    0.29 ^ clkbuf_4_14_0_clk/A (sky130_fd_sc_hd__clkbuf_8)
                  0.06    0.14    0.44 ^ clkbuf_4_14_0_clk/X (sky130_fd_sc_hd__clkbuf_8)
     9    0.02                           clknet_4_14_0_clk (net)
                  0.06    0.00    0.44 ^ _1096_/CLK (sky130_fd_sc_hd__dfstp_1)
                  0.06    0.36    0.80 v _1096_/Q (sky130_fd_sc_hd__dfstp_1)
     3    0.01                           threshold_reg[3] (net)
                  0.06    0.00    0.80 v _0885_/A1 (sky130_fd_sc_hd__mux2_1)
                  0.06    0.28    1.08 v _0885_/X (sky130_fd_sc_hd__mux2_1)
     1    0.00                           _0415_ (net)
                  0.06    0.00    1.08 v _0886_/A (sky130_fd_sc_hd__clkbuf_1)
                  0.03    0.09    1.17 v _0886_/X (sky130_fd_sc_hd__clkbuf_1)
     1    0.00                           _0062_ (net)
                  0.03    0.00    1.17 v _1096_/D (sky130_fd_sc_hd__dfstp_1)
                                  1.17   data arrival time

                          0.00    0.00   clock clk (rise edge)
                          0.00    0.00   clock source latency
                  0.15    0.11    0.11 ^ clk (in)
     1    0.03                           clk (net)
                  0.15    0.00    0.11 ^ clkbuf_0_clk/A (sky130_fd_sc_hd__clkbuf_16)
                  0.09    0.21    0.32 ^ clkbuf_0_clk/X (sky130_fd_sc_hd__clkbuf_16)
    16    0.07                           clknet_0_clk (net)
                  0.09    0.00    0.32 ^ clkbuf_4_14_0_clk/A (sky130_fd_sc_hd__clkbuf_8)
                  0.06    0.16    0.48 ^ clkbuf_4_14_0_clk/X (sky130_fd_sc_hd__clkbuf_8)
     9    0.02                           clknet_4_14_0_clk (net)
                  0.06    0.00    0.48 ^ _1096_/CLK (sky130_fd_sc_hd__dfstp_1)
                          0.25    0.73   clock uncertainty
                         -0.05    0.69   clock reconvergence pessimism
                         -0.01    0.68   library hold time
                                  0.68   data required time
-----------------------------------------------------------------------------
                                  0.68   data required time
                                 -1.17   data arrival time
-----------------------------------------------------------------------------
                                  0.49   slack (MET)


Startpoint: _1129_ (rising edge-triggered flip-flop clocked by clk)
Endpoint: _1132_ (rising edge-triggered flip-flop clocked by clk)
Path Group: clk
Path Type: min

Fanout     Cap    Slew   Delay    Time   Description
-----------------------------------------------------------------------------
                          0.00    0.00   clock clk (rise edge)
                          0.00    0.00   clock source latency
                  0.15    0.10    0.10 ^ clk (in)
     1    0.03                           clk (net)
                  0.15    0.00    0.10 ^ clkbuf_0_clk/A (sky130_fd_sc_hd__clkbuf_16)
                  0.09    0.19    0.29 ^ clkbuf_0_clk/X (sky130_fd_sc_hd__clkbuf_16)
    16    0.07                           clknet_0_clk (net)
                  0.09    0.00    0.29 ^ clkbuf_4_9_0_clk/A (sky130_fd_sc_hd__clkbuf_8)
                  0.05    0.14    0.43 ^ clkbuf_4_9_0_clk/X (sky130_fd_sc_hd__clkbuf_8)
     7    0.02                           clknet_4_9_0_clk (net)
                  0.05    0.00    0.44 ^ _1129_/CLK (sky130_fd_sc_hd__dfrtp_2)
                  0.10    0.37    0.81 ^ _1129_/Q (sky130_fd_sc_hd__dfrtp_2)
     5    0.02                           spi_fail_count[0] (net)
                  0.10    0.00    0.81 ^ _0710_/B (sky130_fd_sc_hd__nor4b_2)
                  0.05    0.08    0.89 v _0710_/Y (sky130_fd_sc_hd__nor4b_2)
     4    0.01                           _0288_ (net)
                  0.05    0.00    0.89 v _0919_/B (sky130_fd_sc_hd__or2_1)
                  0.05    0.19    1.08 v _0919_/X (sky130_fd_sc_hd__or2_1)
     1    0.00                           _0432_ (net)
                  0.05    0.00    1.08 v _0920_/A (sky130_fd_sc_hd__clkbuf_1)
                  0.03    0.09    1.17 v _0920_/X (sky130_fd_sc_hd__clkbuf_1)
     1    0.00                           _0079_ (net)
                  0.03    0.00    1.17 v _1132_/D (sky130_fd_sc_hd__dfrtp_1)
                                  1.17   data arrival time

                          0.00    0.00   clock clk (rise edge)
                          0.00    0.00   clock source latency
                  0.15    0.11    0.11 ^ clk (in)
     1    0.03                           clk (net)
                  0.15    0.00    0.11 ^ clkbuf_0_clk/A (sky130_fd_sc_hd__clkbuf_16)
                  0.09    0.21    0.32 ^ clkbuf_0_clk/X (sky130_fd_sc_hd__clkbuf_16)
    16    0.07                           clknet_0_clk (net)
                  0.09    0.00    0.32 ^ clkbuf_4_11_0_clk/A (sky130_fd_sc_hd__clkbuf_8)
                  0.07    0.17    0.49 ^ clkbuf_4_11_0_clk/X (sky130_fd_sc_hd__clkbuf_8)
    10    0.03                           clknet_4_11_0_clk (net)
                  0.07    0.00    0.49 ^ _1132_/CLK (sky130_fd_sc_hd__dfrtp_1)
                          0.25    0.74   clock uncertainty
                         -0.03    0.71   clock reconvergence pessimism
                         -0.03    0.68   library hold time
                                  0.68   data required time
-----------------------------------------------------------------------------
                                  0.68   data required time
                                 -1.17   data arrival time
-----------------------------------------------------------------------------
                                  0.49   slack (MET)


Startpoint: _1137_ (rising edge-triggered flip-flop clocked by clk)
Endpoint: _1145_ (rising edge-triggered flip-flop clocked by clk)
Path Group: clk
Path Type: min

Fanout     Cap    Slew   Delay    Time   Description
-----------------------------------------------------------------------------
                          0.00    0.00   clock clk (rise edge)
                          0.00    0.00   clock source latency
                  0.15    0.10    0.10 ^ clk (in)
     1    0.03                           clk (net)
                  0.15    0.00    0.10 ^ clkbuf_0_clk/A (sky130_fd_sc_hd__clkbuf_16)
                  0.09    0.19    0.29 ^ clkbuf_0_clk/X (sky130_fd_sc_hd__clkbuf_16)
    16    0.07                           clknet_0_clk (net)
                  0.09    0.00    0.29 ^ clkbuf_4_1_0_clk/A (sky130_fd_sc_hd__clkbuf_8)
                  0.06    0.15    0.44 ^ clkbuf_4_1_0_clk/X (sky130_fd_sc_hd__clkbuf_8)
     8    0.03                           clknet_4_1_0_clk (net)
                  0.06    0.00    0.44 ^ _1137_/CLK (sky130_fd_sc_hd__dfrtp_2)
                  0.10    0.38    0.82 ^ _1137_/Q (sky130_fd_sc_hd__dfrtp_2)
     6    0.02                           spi_byte_num[1] (net)
                  0.10    0.00    0.82 ^ _0756_/B (sky130_fd_sc_hd__nand2_1)
                  0.08    0.10    0.92 v _0756_/Y (sky130_fd_sc_hd__nand2_1)
     4    0.01                           _0320_ (net)
                  0.08    0.00    0.92 v _0949_/B (sky130_fd_sc_hd__nand2_1)
                  0.10    0.12    1.03 ^ _0949_/Y (sky130_fd_sc_hd__nand2_1)
     4    0.01                           _0449_ (net)
                  0.10    0.00    1.03 ^ _0950_/B2 (sky130_fd_sc_hd__o22a_1)
                  0.04    0.12    1.16 ^ _0950_/X (sky130_fd_sc_hd__o22a_1)
     1    0.00                           _0092_ (net)
                  0.04    0.00    1.16 ^ _1145_/D (sky130_fd_sc_hd__dfstp_1)
                                  1.16   data arrival time

                          0.00    0.00   clock clk (rise edge)
                          0.00    0.00   clock source latency
                  0.15    0.11    0.11 ^ clk (in)
     1    0.03                           clk (net)
                  0.15    0.00    0.11 ^ clkbuf_0_clk/A (sky130_fd_sc_hd__clkbuf_16)
                  0.09    0.21    0.32 ^ clkbuf_0_clk/X (sky130_fd_sc_hd__clkbuf_16)
    16    0.07                           clknet_0_clk (net)
                  0.09    0.00    0.32 ^ clkbuf_4_0_0_clk/A (sky130_fd_sc_hd__clkbuf_8)
                  0.05    0.15    0.47 ^ clkbuf_4_0_0_clk/X (sky130_fd_sc_hd__clkbuf_8)
     9    0.02                           clknet_4_0_0_clk (net)
                  0.05    0.00    0.47 ^ _1145_/CLK (sky130_fd_sc_hd__dfstp_1)
                          0.25    0.72   clock uncertainty
                         -0.03    0.69   clock reconvergence pessimism
                         -0.03    0.66   library hold time
                                  0.66   data required time
-----------------------------------------------------------------------------
                                  0.66   data required time
                                 -1.16   data arrival time
-----------------------------------------------------------------------------
                                  0.50   slack (MET)


Startpoint: _1129_ (rising edge-triggered flip-flop clocked by clk)
Endpoint: _1112_ (rising edge-triggered flip-flop clocked by clk)
Path Group: clk
Path Type: min

Fanout     Cap    Slew   Delay    Time   Description
-----------------------------------------------------------------------------
                          0.00    0.00   clock clk (rise edge)
                          0.00    0.00   clock source latency
                  0.15    0.10    0.10 ^ clk (in)
     1    0.03                           clk (net)
                  0.15    0.00    0.10 ^ clkbuf_0_clk/A (sky130_fd_sc_hd__clkbuf_16)
                  0.09    0.19    0.29 ^ clkbuf_0_clk/X (sky130_fd_sc_hd__clkbuf_16)
    16    0.07                           clknet_0_clk (net)
                  0.09    0.00    0.29 ^ clkbuf_4_9_0_clk/A (sky130_fd_sc_hd__clkbuf_8)
                  0.05    0.14    0.43 ^ clkbuf_4_9_0_clk/X (sky130_fd_sc_hd__clkbuf_8)
     7    0.02                           clknet_4_9_0_clk (net)
                  0.05    0.00    0.44 ^ _1129_/CLK (sky130_fd_sc_hd__dfrtp_2)
                  0.10    0.37    0.81 ^ _1129_/Q (sky130_fd_sc_hd__dfrtp_2)
     5    0.02                           spi_fail_count[0] (net)
                  0.10    0.00    0.81 ^ _0699_/B (sky130_fd_sc_hd__or4b_1)
                  0.04    0.11    0.92 ^ _0699_/X (sky130_fd_sc_hd__or4b_1)
     1    0.00                           _0280_ (net)
                  0.04    0.00    0.92 ^ _0700_/A (sky130_fd_sc_hd__buf_2)
                  0.14    0.17    1.09 ^ _0700_/X (sky130_fd_sc_hd__buf_2)
     8    0.03                           _0281_ (net)
                  0.14    0.00    1.09 ^ _0752_/A (sky130_fd_sc_hd__nand2_1)
                  0.04    0.07    1.16 v _0752_/Y (sky130_fd_sc_hd__nand2_1)
     1    0.00                           _0003_ (net)
                  0.04    0.00    1.16 v _1112_/D (sky130_fd_sc_hd__dfrtp_2)
                                  1.16   data arrival time

                          0.00    0.00   clock clk (rise edge)
                          0.00    0.00   clock source latency
                  0.15    0.11    0.11 ^ clk (in)
     1    0.03                           clk (net)
                  0.15    0.00    0.11 ^ clkbuf_0_clk/A (sky130_fd_sc_hd__clkbuf_16)
                  0.09    0.21    0.32 ^ clkbuf_0_clk/X (sky130_fd_sc_hd__clkbuf_16)
    16    0.07                           clknet_0_clk (net)
                  0.09    0.00    0.32 ^ clkbuf_4_8_0_clk/A (sky130_fd_sc_hd__clkbuf_8)
                  0.05    0.15    0.47 ^ clkbuf_4_8_0_clk/X (sky130_fd_sc_hd__clkbuf_8)
     9    0.02                           clknet_4_8_0_clk (net)
                  0.05    0.00    0.47 ^ _1112_/CLK (sky130_fd_sc_hd__dfrtp_2)
                          0.25    0.72   clock uncertainty
                         -0.03    0.69   clock reconvergence pessimism
                         -0.04    0.65   library hold time
                                  0.65   data required time
-----------------------------------------------------------------------------
                                  0.65   data required time
                                 -1.16   data arrival time
-----------------------------------------------------------------------------
                                  0.51   slack (MET)


Startpoint: _1137_ (rising edge-triggered flip-flop clocked by clk)
Endpoint: _1146_ (rising edge-triggered flip-flop clocked by clk)
Path Group: clk
Path Type: min

Fanout     Cap    Slew   Delay    Time   Description
-----------------------------------------------------------------------------
                          0.00    0.00   clock clk (rise edge)
                          0.00    0.00   clock source latency
                  0.15    0.10    0.10 ^ clk (in)
     1    0.03                           clk (net)
                  0.15    0.00    0.10 ^ clkbuf_0_clk/A (sky130_fd_sc_hd__clkbuf_16)
                  0.09    0.19    0.29 ^ clkbuf_0_clk/X (sky130_fd_sc_hd__clkbuf_16)
    16    0.07                           clknet_0_clk (net)
                  0.09    0.00    0.29 ^ clkbuf_4_1_0_clk/A (sky130_fd_sc_hd__clkbuf_8)
                  0.06    0.15    0.44 ^ clkbuf_4_1_0_clk/X (sky130_fd_sc_hd__clkbuf_8)
     8    0.03                           clknet_4_1_0_clk (net)
                  0.06    0.00    0.44 ^ _1137_/CLK (sky130_fd_sc_hd__dfrtp_2)
                  0.10    0.38    0.82 ^ _1137_/Q (sky130_fd_sc_hd__dfrtp_2)
     6    0.02                           spi_byte_num[1] (net)
                  0.10    0.00    0.82 ^ _0756_/B (sky130_fd_sc_hd__nand2_1)
                  0.08    0.10    0.92 v _0756_/Y (sky130_fd_sc_hd__nand2_1)
     4    0.01                           _0320_ (net)
                  0.08    0.00    0.92 v _0949_/B (sky130_fd_sc_hd__nand2_1)
                  0.10    0.12    1.03 ^ _0949_/Y (sky130_fd_sc_hd__nand2_1)
     4    0.01                           _0449_ (net)
                  0.10    0.00    1.03 ^ _0954_/B2 (sky130_fd_sc_hd__o22a_1)
                  0.05    0.13    1.16 ^ _0954_/X (sky130_fd_sc_hd__o22a_1)
     1    0.00                           _0093_ (net)
                  0.05    0.00    1.16 ^ _1146_/D (sky130_fd_sc_hd__dfstp_1)
                                  1.16   data arrival time

                          0.00    0.00   clock clk (rise edge)
                          0.00    0.00   clock source latency
                  0.15    0.11    0.11 ^ clk (in)
     1    0.03                           clk (net)
                  0.15    0.00    0.11 ^ clkbuf_0_clk/A (sky130_fd_sc_hd__clkbuf_16)
                  0.09    0.21    0.32 ^ clkbuf_0_clk/X (sky130_fd_sc_hd__clkbuf_16)
    16    0.07                           clknet_0_clk (net)
                  0.09    0.00    0.32 ^ clkbuf_4_0_0_clk/A (sky130_fd_sc_hd__clkbuf_8)
                  0.05    0.15    0.47 ^ clkbuf_4_0_0_clk/X (sky130_fd_sc_hd__clkbuf_8)
     9    0.02                           clknet_4_0_0_clk (net)
                  0.05    0.00    0.47 ^ _1146_/CLK (sky130_fd_sc_hd__dfstp_1)
                          0.25    0.72   clock uncertainty
                         -0.03    0.69   clock reconvergence pessimism
                         -0.04    0.66   library hold time
                                  0.66   data required time
-----------------------------------------------------------------------------
                                  0.66   data required time
                                 -1.16   data arrival time
-----------------------------------------------------------------------------
                                  0.51   slack (MET)


Startpoint: _1141_ (rising edge-triggered flip-flop clocked by clk)
Endpoint: _1151_ (rising edge-triggered flip-flop clocked by clk)
Path Group: clk
Path Type: min

Fanout     Cap    Slew   Delay    Time   Description
-----------------------------------------------------------------------------
                          0.00    0.00   clock clk (rise edge)
                          0.00    0.00   clock source latency
                  0.15    0.10    0.10 ^ clk (in)
     1    0.03                           clk (net)
                  0.15    0.00    0.10 ^ clkbuf_0_clk/A (sky130_fd_sc_hd__clkbuf_16)
                  0.09    0.19    0.29 ^ clkbuf_0_clk/X (sky130_fd_sc_hd__clkbuf_16)
    16    0.07                           clknet_0_clk (net)
                  0.09    0.00    0.29 ^ clkbuf_4_2_0_clk/A (sky130_fd_sc_hd__clkbuf_8)
                  0.06    0.14    0.44 ^ clkbuf_4_2_0_clk/X (sky130_fd_sc_hd__clkbuf_8)
    12    0.02                           clknet_4_2_0_clk (net)
                  0.06    0.00    0.44 ^ _1141_/CLK (sky130_fd_sc_hd__dfrtp_4)
                  0.10    0.42    0.86 ^ _1141_/Q (sky130_fd_sc_hd__dfrtp_4)
     7    0.02                           spi_byte_buf[3] (net)
                  0.10    0.00    0.86 ^ _0965_/A (sky130_fd_sc_hd__xor2_2)
                  0.06    0.10    0.96 v _0965_/X (sky130_fd_sc_hd__xor2_2)
     4    0.01                           _0461_ (net)
                  0.06    0.00    0.96 v _0974_/A (sky130_fd_sc_hd__nand2_1)
                  0.05    0.06    1.02 ^ _0974_/Y (sky130_fd_sc_hd__nand2_1)
     1    0.00                           _0468_ (net)
                  0.05    0.00    1.02 ^ _0976_/A2 (sky130_fd_sc_hd__a32o_1)
                  0.05    0.15    1.17 ^ _0976_/X (sky130_fd_sc_hd__a32o_1)
     1    0.00                           _0098_ (net)
                  0.05    0.00    1.17 ^ _1151_/D (sky130_fd_sc_hd__dfrtp_1)
                                  1.17   data arrival time

                          0.00    0.00   clock clk (rise edge)
                          0.00    0.00   clock source latency
                  0.15    0.11    0.11 ^ clk (in)
     1    0.03                           clk (net)
                  0.15    0.00    0.11 ^ clkbuf_0_clk/A (sky130_fd_sc_hd__clkbuf_16)
                  0.09    0.21    0.32 ^ clkbuf_0_clk/X (sky130_fd_sc_hd__clkbuf_16)
    16    0.07                           clknet_0_clk (net)
                  0.09    0.00    0.32 ^ clkbuf_4_0_0_clk/A (sky130_fd_sc_hd__clkbuf_8)
                  0.05    0.15    0.47 ^ clkbuf_4_0_0_clk/X (sky130_fd_sc_hd__clkbuf_8)
     9    0.02                           clknet_4_0_0_clk (net)
                  0.05    0.00    0.47 ^ _1151_/CLK (sky130_fd_sc_hd__dfrtp_1)
                          0.25    0.72   clock uncertainty
                         -0.03    0.69   clock reconvergence pessimism
                         -0.04    0.66   library hold time
                                  0.66   data required time
-----------------------------------------------------------------------------
                                  0.66   data required time
                                 -1.17   data arrival time
-----------------------------------------------------------------------------
                                  0.51   slack (MET)


Startpoint: _1135_ (rising edge-triggered flip-flop clocked by clk)
Endpoint: _1148_ (rising edge-triggered flip-flop clocked by clk)
Path Group: clk
Path Type: min

Fanout     Cap    Slew   Delay    Time   Description
-----------------------------------------------------------------------------
                          0.00    0.00   clock clk (rise edge)
                          0.00    0.00   clock source latency
                  0.15    0.10    0.10 ^ clk (in)
     1    0.03                           clk (net)
                  0.15    0.00    0.10 ^ clkbuf_0_clk/A (sky130_fd_sc_hd__clkbuf_16)
                  0.09    0.19    0.29 ^ clkbuf_0_clk/X (sky130_fd_sc_hd__clkbuf_16)
    16    0.07                           clknet_0_clk (net)
                  0.09    0.00    0.29 ^ clkbuf_4_1_0_clk/A (sky130_fd_sc_hd__clkbuf_8)
                  0.06    0.15    0.44 ^ clkbuf_4_1_0_clk/X (sky130_fd_sc_hd__clkbuf_8)
     8    0.03                           clknet_4_1_0_clk (net)
                  0.06    0.00    0.44 ^ _1135_/CLK (sky130_fd_sc_hd__dfrtp_1)
                  0.13    0.37    0.81 ^ _1135_/Q (sky130_fd_sc_hd__dfrtp_1)
     5    0.01                           spi_bit_cnt[2] (net)
                  0.13    0.00    0.81 ^ _0933_/A (sky130_fd_sc_hd__and3_2)
                  0.09    0.21    1.02 ^ _0933_/X (sky130_fd_sc_hd__and3_2)
     5    0.01                           _0441_ (net)
                  0.09    0.00    1.02 ^ _0964_/A1 (sky130_fd_sc_hd__a32o_1)
                  0.05    0.15    1.17 ^ _0964_/X (sky130_fd_sc_hd__a32o_1)
     1    0.00                           _0095_ (net)
                  0.05    0.00    1.17 ^ _1148_/D (sky130_fd_sc_hd__dfrtp_1)
                                  1.17   data arrival time

                          0.00    0.00   clock clk (rise edge)
                          0.00    0.00   clock source latency
                  0.15    0.11    0.11 ^ clk (in)
     1    0.03                           clk (net)
                  0.15    0.00    0.11 ^ clkbuf_0_clk/A (sky130_fd_sc_hd__clkbuf_16)
                  0.09    0.21    0.32 ^ clkbuf_0_clk/X (sky130_fd_sc_hd__clkbuf_16)
    16    0.07                           clknet_0_clk (net)
                  0.09    0.00    0.32 ^ clkbuf_4_0_0_clk/A (sky130_fd_sc_hd__clkbuf_8)
                  0.05    0.15    0.47 ^ clkbuf_4_0_0_clk/X (sky130_fd_sc_hd__clkbuf_8)
     9    0.02                           clknet_4_0_0_clk (net)
                  0.05    0.00    0.47 ^ _1148_/CLK (sky130_fd_sc_hd__dfrtp_1)
                          0.25    0.72   clock uncertainty
                         -0.03    0.69   clock reconvergence pessimism
                         -0.04    0.66   library hold time
                                  0.66   data required time
-----------------------------------------------------------------------------
                                  0.66   data required time
                                 -1.17   data arrival time
-----------------------------------------------------------------------------
                                  0.52   slack (MET)


Startpoint: _1147_ (rising edge-triggered flip-flop clocked by clk)
Endpoint: _1147_ (rising edge-triggered flip-flop clocked by clk)
Path Group: clk
Path Type: min

Fanout     Cap    Slew   Delay    Time   Description
-----------------------------------------------------------------------------
                          0.00    0.00   clock clk (rise edge)
                          0.00    0.00   clock source latency
                  0.15    0.10    0.10 ^ clk (in)
     1    0.03                           clk (net)
                  0.15    0.00    0.10 ^ clkbuf_0_clk/A (sky130_fd_sc_hd__clkbuf_16)
                  0.09    0.19    0.29 ^ clkbuf_0_clk/X (sky130_fd_sc_hd__clkbuf_16)
    16    0.07                           clknet_0_clk (net)
                  0.09    0.00    0.29 ^ clkbuf_4_0_0_clk/A (sky130_fd_sc_hd__clkbuf_8)
                  0.05    0.14    0.43 ^ clkbuf_4_0_0_clk/X (sky130_fd_sc_hd__clkbuf_8)
     9    0.02                           clknet_4_0_0_clk (net)
                  0.05    0.00    0.43 ^ _1147_/CLK (sky130_fd_sc_hd__dfrtp_4)
                  0.09    0.42    0.85 ^ _1147_/Q (sky130_fd_sc_hd__dfrtp_4)
     2    0.02                           spi_crc[2] (net)
                  0.09    0.00    0.85 ^ _0955_/A (sky130_fd_sc_hd__xor2_4)
                  0.05    0.09    0.94 v _0955_/X (sky130_fd_sc_hd__xor2_4)
     5    0.02                           _0453_ (net)
                  0.05    0.00    0.94 v _0956_/B (sky130_fd_sc_hd__nand2_1)
                  0.05    0.07    1.01 ^ _0956_/Y (sky130_fd_sc_hd__nand2_1)
     1    0.00                           _0454_ (net)
                  0.05    0.00    1.01 ^ _0959_/A2 (sky130_fd_sc_hd__a32o_1)
                  0.05    0.15    1.16 ^ _0959_/X (sky130_fd_sc_hd__a32o_1)
     1    0.00                           _0094_ (net)
                  0.05    0.00    1.16 ^ _1147_/D (sky130_fd_sc_hd__dfrtp_4)
                                  1.16   data arrival time

                          0.00    0.00   clock clk (rise edge)
                          0.00    0.00   clock source latency
                  0.15    0.11    0.11 ^ clk (in)
     1    0.03                           clk (net)
                  0.15    0.00    0.11 ^ clkbuf_0_clk/A (sky130_fd_sc_hd__clkbuf_16)
                  0.09    0.21    0.32 ^ clkbuf_0_clk/X (sky130_fd_sc_hd__clkbuf_16)
    16    0.07                           clknet_0_clk (net)
                  0.09    0.00    0.32 ^ clkbuf_4_0_0_clk/A (sky130_fd_sc_hd__clkbuf_8)
                  0.05    0.15    0.47 ^ clkbuf_4_0_0_clk/X (sky130_fd_sc_hd__clkbuf_8)
     9    0.02                           clknet_4_0_0_clk (net)
                  0.05    0.00    0.47 ^ _1147_/CLK (sky130_fd_sc_hd__dfrtp_4)
                          0.25    0.72   clock uncertainty
                         -0.05    0.68   clock reconvergence pessimism
                         -0.04    0.64   library hold time
                                  0.64   data required time
-----------------------------------------------------------------------------
                                  0.64   data required time
                                 -1.16   data arrival time
-----------------------------------------------------------------------------
                                  0.52   slack (MET)


Startpoint: _1075_ (rising edge-triggered flip-flop clocked by clk)
Endpoint: _1075_ (rising edge-triggered flip-flop clocked by clk)
Path Group: clk
Path Type: min

Fanout     Cap    Slew   Delay    Time   Description
-----------------------------------------------------------------------------
                          0.00    0.00   clock clk (rise edge)
                          0.00    0.00   clock source latency
                  0.15    0.10    0.10 ^ clk (in)
     1    0.03                           clk (net)
                  0.15    0.00    0.10 ^ clkbuf_0_clk/A (sky130_fd_sc_hd__clkbuf_16)
                  0.09    0.19    0.29 ^ clkbuf_0_clk/X (sky130_fd_sc_hd__clkbuf_16)
    16    0.07                           clknet_0_clk (net)
                  0.09    0.00    0.29 ^ clkbuf_4_7_0_clk/A (sky130_fd_sc_hd__clkbuf_8)
                  0.07    0.16    0.45 ^ clkbuf_4_7_0_clk/X (sky130_fd_sc_hd__clkbuf_8)
    12    0.03                           clknet_4_7_0_clk (net)
                  0.07    0.00    0.45 ^ _1075_/CLK (sky130_fd_sc_hd__dfrtp_1)
                  0.14    0.39    0.83 ^ _1075_/Q (sky130_fd_sc_hd__dfrtp_1)
     3    0.02                           wifi_timeout_tick_count[7] (net)
                  0.14    0.00    0.84 ^ _0683_/A (sky130_fd_sc_hd__nand2_1)
                  0.06    0.09    0.92 v _0683_/Y (sky130_fd_sc_hd__nand2_1)
     2    0.01                           _0265_ (net)
                  0.06    0.00    0.92 v _0686_/C (sky130_fd_sc_hd__and4bb_1)
                  0.04    0.18    1.10 v _0686_/X (sky130_fd_sc_hd__and4bb_1)
     1    0.00                           _0268_ (net)
                  0.04    0.00    1.10 v _0687_/A (sky130_fd_sc_hd__clkbuf_1)
                  0.03    0.08    1.19 v _0687_/X (sky130_fd_sc_hd__clkbuf_1)
     1    0.00                           _0029_ (net)
                  0.03    0.00    1.19 v _1075_/D (sky130_fd_sc_hd__dfrtp_1)
                                  1.19   data arrival time

                          0.00    0.00   clock clk (rise edge)
                          0.00    0.00   clock source latency
                  0.15    0.11    0.11 ^ clk (in)
     1    0.03                           clk (net)
                  0.15    0.00    0.11 ^ clkbuf_0_clk/A (sky130_fd_sc_hd__clkbuf_16)
                  0.09    0.21    0.32 ^ clkbuf_0_clk/X (sky130_fd_sc_hd__clkbuf_16)
    16    0.07                           clknet_0_clk (net)
                  0.09    0.00    0.32 ^ clkbuf_4_7_0_clk/A (sky130_fd_sc_hd__clkbuf_8)
                  0.07    0.17    0.50 ^ clkbuf_4_7_0_clk/X (sky130_fd_sc_hd__clkbuf_8)
    12    0.03                           clknet_4_7_0_clk (net)
                  0.07    0.00    0.50 ^ _1075_/CLK (sky130_fd_sc_hd__dfrtp_1)
                          0.25    0.75   clock uncertainty
                         -0.05    0.70   clock reconvergence pessimism
                         -0.03    0.67   library hold time
                                  0.67   data required time
-----------------------------------------------------------------------------
                                  0.67   data required time
                                 -1.19   data arrival time
-----------------------------------------------------------------------------
                                  0.52   slack (MET)


Startpoint: _1136_ (rising edge-triggered flip-flop clocked by clk)
Endpoint: _1180_ (rising edge-triggered flip-flop clocked by clk)
Path Group: clk
Path Type: min

Fanout     Cap    Slew   Delay    Time   Description
-----------------------------------------------------------------------------
                          0.00    0.00   clock clk (rise edge)
                          0.00    0.00   clock source latency
                  0.15    0.10    0.10 ^ clk (in)
     1    0.03                           clk (net)
                  0.15    0.00    0.10 ^ clkbuf_0_clk/A (sky130_fd_sc_hd__clkbuf_16)
                  0.09    0.19    0.29 ^ clkbuf_0_clk/X (sky130_fd_sc_hd__clkbuf_16)
    16    0.07                           clknet_0_clk (net)
                  0.09    0.00    0.29 ^ clkbuf_4_1_0_clk/A (sky130_fd_sc_hd__clkbuf_8)
                  0.06    0.15    0.44 ^ clkbuf_4_1_0_clk/X (sky130_fd_sc_hd__clkbuf_8)
     8    0.03                           clknet_4_1_0_clk (net)
                  0.06    0.00    0.44 ^ _1136_/CLK (sky130_fd_sc_hd__dfrtp_2)
                  0.07    0.41    0.85 v _1136_/Q (sky130_fd_sc_hd__dfrtp_2)
     6    0.02                           spi_byte_num[0] (net)
                  0.07    0.00    0.85 v _0756_/A (sky130_fd_sc_hd__nand2_1)
                  0.11    0.11    0.96 ^ _0756_/Y (sky130_fd_sc_hd__nand2_1)
     4    0.01                           _0320_ (net)
                  0.11    0.00    0.96 ^ _0757_/B (sky130_fd_sc_hd__nor2_1)
                  0.04    0.06    1.02 v _0757_/Y (sky130_fd_sc_hd__nor2_1)
     2    0.00                           _0321_ (net)
                  0.04    0.00    1.02 v _0758_/A (sky130_fd_sc_hd__buf_4)
                  0.06    0.15    1.18 v _0758_/X (sky130_fd_sc_hd__buf_4)
    10    0.03                           _0020_ (net)
                  0.06    0.00    1.18 v _1180_/D (sky130_fd_sc_hd__dfrtp_4)
                                  1.18   data arrival time

                          0.00    0.00   clock clk (rise edge)
                          0.00    0.00   clock source latency
                  0.15    0.11    0.11 ^ clk (in)
     1    0.03                           clk (net)
                  0.15    0.00    0.11 ^ clkbuf_0_clk/A (sky130_fd_sc_hd__clkbuf_16)
                  0.09    0.21    0.32 ^ clkbuf_0_clk/X (sky130_fd_sc_hd__clkbuf_16)
    16    0.07                           clknet_0_clk (net)
                  0.09    0.00    0.32 ^ clkbuf_4_8_0_clk/A (sky130_fd_sc_hd__clkbuf_8)
                  0.05    0.15    0.47 ^ clkbuf_4_8_0_clk/X (sky130_fd_sc_hd__clkbuf_8)
     9    0.02                           clknet_4_8_0_clk (net)
                  0.05    0.00    0.47 ^ _1180_/CLK (sky130_fd_sc_hd__dfrtp_4)
                          0.25    0.72   clock uncertainty
                         -0.03    0.69   clock reconvergence pessimism
                         -0.05    0.65   library hold time
                                  0.65   data required time
-----------------------------------------------------------------------------
                                  0.65   data required time
                                 -1.18   data arrival time
-----------------------------------------------------------------------------
                                  0.53   slack (MET)


Startpoint: _1188_ (rising edge-triggered flip-flop clocked by clk)
Endpoint: _1189_ (rising edge-triggered flip-flop clocked by clk)
Path Group: clk
Path Type: min

Fanout     Cap    Slew   Delay    Time   Description
-----------------------------------------------------------------------------
                          0.00    0.00   clock clk (rise edge)
                          0.00    0.00   clock source latency
                  0.15    0.10    0.10 ^ clk (in)
     1    0.03                           clk (net)
                  0.15    0.00    0.10 ^ clkbuf_0_clk/A (sky130_fd_sc_hd__clkbuf_16)
                  0.09    0.19    0.29 ^ clkbuf_0_clk/X (sky130_fd_sc_hd__clkbuf_16)
    16    0.07                           clknet_0_clk (net)
                  0.09    0.00    0.29 ^ clkbuf_4_5_0_clk/A (sky130_fd_sc_hd__clkbuf_8)
                  0.06    0.15    0.44 ^ clkbuf_4_5_0_clk/X (sky130_fd_sc_hd__clkbuf_8)
     9    0.03                           clknet_4_5_0_clk (net)
                  0.06    0.00    0.44 ^ _1188_/CLK (sky130_fd_sc_hd__dfrtp_1)
                  0.04    0.30    0.74 ^ _1188_/Q (sky130_fd_sc_hd__dfrtp_1)
     1    0.00                           spi_mosi_s1 (net)
                  0.04    0.00    0.74 ^ hold2/A (sky130_fd_sc_hd__dlygate4sd3_1)
                  0.06    0.51    1.25 ^ hold2/X (sky130_fd_sc_hd__dlygate4sd3_1)
     1    0.00                           net84 (net)
                  0.06    0.00    1.25 ^ _1189_/D (sky130_fd_sc_hd__dfrtp_4)
                                  1.25   data arrival time

                          0.00    0.00   clock clk (rise edge)
                          0.00    0.00   clock source latency
                  0.15    0.11    0.11 ^ clk (in)
     1    0.03                           clk (net)
                  0.15    0.00    0.11 ^ clkbuf_0_clk/A (sky130_fd_sc_hd__clkbuf_16)
                  0.09    0.21    0.32 ^ clkbuf_0_clk/X (sky130_fd_sc_hd__clkbuf_16)
    16    0.07                           clknet_0_clk (net)
                  0.09    0.00    0.32 ^ clkbuf_4_5_0_clk/A (sky130_fd_sc_hd__clkbuf_8)
                  0.06    0.16    0.49 ^ clkbuf_4_5_0_clk/X (sky130_fd_sc_hd__clkbuf_8)
     9    0.03                           clknet_4_5_0_clk (net)
                  0.06    0.00    0.49 ^ _1189_/CLK (sky130_fd_sc_hd__dfrtp_4)
                          0.25    0.74   clock uncertainty
                         -0.05    0.69   clock reconvergence pessimism
                         -0.04    0.65   library hold time
                                  0.65   data required time
-----------------------------------------------------------------------------
                                  0.65   data required time
                                 -1.25   data arrival time
-----------------------------------------------------------------------------
                                  0.60   slack (MET)


Startpoint: _1192_ (rising edge-triggered flip-flop clocked by clk)
Endpoint: _1193_ (rising edge-triggered flip-flop clocked by clk)
Path Group: clk
Path Type: min

Fanout     Cap    Slew   Delay    Time   Description
-----------------------------------------------------------------------------
                          0.00    0.00   clock clk (rise edge)
                          0.00    0.00   clock source latency
                  0.15    0.10    0.10 ^ clk (in)
     1    0.03                           clk (net)
                  0.15    0.00    0.10 ^ clkbuf_0_clk/A (sky130_fd_sc_hd__clkbuf_16)
                  0.09    0.19    0.29 ^ clkbuf_0_clk/X (sky130_fd_sc_hd__clkbuf_16)
    16    0.07                           clknet_0_clk (net)
                  0.09    0.00    0.29 ^ clkbuf_4_15_0_clk/A (sky130_fd_sc_hd__clkbuf_8)
                  0.05    0.14    0.43 ^ clkbuf_4_15_0_clk/X (sky130_fd_sc_hd__clkbuf_8)
     6    0.02                           clknet_4_15_0_clk (net)
                  0.05    0.00    0.43 ^ _1192_/CLK (sky130_fd_sc_hd__dfrtp_1)
                  0.04    0.29    0.73 ^ _1192_/Q (sky130_fd_sc_hd__dfrtp_1)
     1    0.00                           loop_s1 (net)
                  0.04    0.00    0.73 ^ hold3/A (sky130_fd_sc_hd__dlygate4sd3_1)
                  0.06    0.51    1.24 ^ hold3/X (sky130_fd_sc_hd__dlygate4sd3_1)
     1    0.00                           net85 (net)
                  0.06    0.00    1.24 ^ _1193_/D (sky130_fd_sc_hd__dfrtp_1)
                                  1.24   data arrival time

                          0.00    0.00   clock clk (rise edge)
                          0.00    0.00   clock source latency
                  0.15    0.11    0.11 ^ clk (in)
     1    0.03                           clk (net)
                  0.15    0.00    0.11 ^ clkbuf_0_clk/A (sky130_fd_sc_hd__clkbuf_16)
                  0.09    0.21    0.32 ^ clkbuf_0_clk/X (sky130_fd_sc_hd__clkbuf_16)
    16    0.07                           clknet_0_clk (net)
                  0.09    0.00    0.32 ^ clkbuf_4_15_0_clk/A (sky130_fd_sc_hd__clkbuf_8)
                  0.05    0.15    0.48 ^ clkbuf_4_15_0_clk/X (sky130_fd_sc_hd__clkbuf_8)
     6    0.02                           clknet_4_15_0_clk (net)
                  0.05    0.00    0.48 ^ _1193_/CLK (sky130_fd_sc_hd__dfrtp_1)
                          0.25    0.73   clock uncertainty
                         -0.05    0.68   clock reconvergence pessimism
                         -0.04    0.65   library hold time
                                  0.65   data required time
-----------------------------------------------------------------------------
                                  0.65   data required time
                                 -1.24   data arrival time
-----------------------------------------------------------------------------
                                  0.60   slack (MET)


Startpoint: _1193_ (rising edge-triggered flip-flop clocked by clk)
Endpoint: _1194_ (rising edge-triggered flip-flop clocked by clk)
Path Group: clk
Path Type: min

Fanout     Cap    Slew   Delay    Time   Description
-----------------------------------------------------------------------------
                          0.00    0.00   clock clk (rise edge)
                          0.00    0.00   clock source latency
                  0.15    0.10    0.10 ^ clk (in)
     1    0.03                           clk (net)
                  0.15    0.00    0.10 ^ clkbuf_0_clk/A (sky130_fd_sc_hd__clkbuf_16)
                  0.09    0.19    0.29 ^ clkbuf_0_clk/X (sky130_fd_sc_hd__clkbuf_16)
    16    0.07                           clknet_0_clk (net)
                  0.09    0.00    0.29 ^ clkbuf_4_15_0_clk/A (sky130_fd_sc_hd__clkbuf_8)
                  0.05    0.14    0.43 ^ clkbuf_4_15_0_clk/X (sky130_fd_sc_hd__clkbuf_8)
     6    0.02                           clknet_4_15_0_clk (net)
                  0.05    0.00    0.43 ^ _1193_/CLK (sky130_fd_sc_hd__dfrtp_1)
                  0.05    0.30    0.73 ^ _1193_/Q (sky130_fd_sc_hd__dfrtp_1)
     1    0.00                           loop_s2 (net)
                  0.05    0.00    0.73 ^ hold1/A (sky130_fd_sc_hd__dlygate4sd3_1)
                  0.06    0.51    1.25 ^ hold1/X (sky130_fd_sc_hd__dlygate4sd3_1)
     1    0.00                           net83 (net)
                  0.06    0.00    1.25 ^ _1194_/D (sky130_fd_sc_hd__dfrtp_1)
                                  1.25   data arrival time

                          0.00    0.00   clock clk (rise edge)
                          0.00    0.00   clock source latency
                  0.15    0.11    0.11 ^ clk (in)
     1    0.03                           clk (net)
                  0.15    0.00    0.11 ^ clkbuf_0_clk/A (sky130_fd_sc_hd__clkbuf_16)
                  0.09    0.21    0.32 ^ clkbuf_0_clk/X (sky130_fd_sc_hd__clkbuf_16)
    16    0.07                           clknet_0_clk (net)
                  0.09    0.00    0.32 ^ clkbuf_4_15_0_clk/A (sky130_fd_sc_hd__clkbuf_8)
                  0.05    0.15    0.48 ^ clkbuf_4_15_0_clk/X (sky130_fd_sc_hd__clkbuf_8)
     6    0.02                           clknet_4_15_0_clk (net)
                  0.05    0.00    0.48 ^ _1194_/CLK (sky130_fd_sc_hd__dfrtp_1)
                          0.25    0.73   clock uncertainty
                         -0.05    0.68   clock reconvergence pessimism
                         -0.04    0.65   library hold time
                                  0.65   data required time
-----------------------------------------------------------------------------
                                  0.65   data required time
                                 -1.25   data arrival time
-----------------------------------------------------------------------------
                                  0.60   slack (MET)


Startpoint: _1186_ (rising edge-triggered flip-flop clocked by clk)
Endpoint: _1187_ (rising edge-triggered flip-flop clocked by clk)
Path Group: clk
Path Type: min

Fanout     Cap    Slew   Delay    Time   Description
-----------------------------------------------------------------------------
                          0.00    0.00   clock clk (rise edge)
                          0.00    0.00   clock source latency
                  0.15    0.10    0.10 ^ clk (in)
     1    0.03                           clk (net)
                  0.15    0.00    0.10 ^ clkbuf_0_clk/A (sky130_fd_sc_hd__clkbuf_16)
                  0.09    0.19    0.29 ^ clkbuf_0_clk/X (sky130_fd_sc_hd__clkbuf_16)
    16    0.07                           clknet_0_clk (net)
                  0.09    0.00    0.29 ^ clkbuf_4_1_0_clk/A (sky130_fd_sc_hd__clkbuf_8)
                  0.06    0.15    0.44 ^ clkbuf_4_1_0_clk/X (sky130_fd_sc_hd__clkbuf_8)
     8    0.03                           clknet_4_1_0_clk (net)
                  0.06    0.00    0.44 ^ _1186_/CLK (sky130_fd_sc_hd__dfstp_1)
                  0.03    0.34    0.78 v _1186_/Q (sky130_fd_sc_hd__dfstp_1)
     1    0.00                           spi_cs_s1 (net)
                  0.03    0.00    0.78 v hold4/A (sky130_fd_sc_hd__dlygate4sd3_1)
                  0.05    0.52    1.29 v hold4/X (sky130_fd_sc_hd__dlygate4sd3_1)
     1    0.00                           net86 (net)
                  0.05    0.00    1.29 v _1187_/D (sky130_fd_sc_hd__dfstp_2)
                                  1.29   data arrival time

                          0.00    0.00   clock clk (rise edge)
                          0.00    0.00   clock source latency
                  0.15    0.11    0.11 ^ clk (in)
     1    0.03                           clk (net)
                  0.15    0.00    0.11 ^ clkbuf_0_clk/A (sky130_fd_sc_hd__clkbuf_16)
                  0.09    0.21    0.32 ^ clkbuf_0_clk/X (sky130_fd_sc_hd__clkbuf_16)
    16    0.07                           clknet_0_clk (net)
                  0.09    0.00    0.32 ^ clkbuf_4_1_0_clk/A (sky130_fd_sc_hd__clkbuf_8)
                  0.06    0.16    0.48 ^ clkbuf_4_1_0_clk/X (sky130_fd_sc_hd__clkbuf_8)
     8    0.03                           clknet_4_1_0_clk (net)
                  0.06    0.00    0.49 ^ _1187_/CLK (sky130_fd_sc_hd__dfstp_2)
                          0.25    0.74   clock uncertainty
                         -0.05    0.69   clock reconvergence pessimism
                         -0.01    0.68   library hold time
                                  0.68   data required time
-----------------------------------------------------------------------------
                                  0.68   data required time
                                 -1.29   data arrival time
-----------------------------------------------------------------------------
                                  0.61   slack (MET)


Startpoint: _1184_ (rising edge-triggered flip-flop clocked by clk)
Endpoint: _1185_ (rising edge-triggered flip-flop clocked by clk)
Path Group: clk
Path Type: min

Fanout     Cap    Slew   Delay    Time   Description
-----------------------------------------------------------------------------
                          0.00    0.00   clock clk (rise edge)
                          0.00    0.00   clock source latency
                  0.15    0.10    0.10 ^ clk (in)
     1    0.03                           clk (net)
                  0.15    0.00    0.10 ^ clkbuf_0_clk/A (sky130_fd_sc_hd__clkbuf_16)
                  0.09    0.19    0.29 ^ clkbuf_0_clk/X (sky130_fd_sc_hd__clkbuf_16)
    16    0.07                           clknet_0_clk (net)
                  0.09    0.00    0.29 ^ clkbuf_4_2_0_clk/A (sky130_fd_sc_hd__clkbuf_8)
                  0.06    0.14    0.44 ^ clkbuf_4_2_0_clk/X (sky130_fd_sc_hd__clkbuf_8)
    12    0.02                           clknet_4_2_0_clk (net)
                  0.06    0.00    0.44 ^ _1184_/CLK (sky130_fd_sc_hd__dfrtp_1)
                  0.08    0.33    0.77 ^ _1184_/Q (sky130_fd_sc_hd__dfrtp_1)
     2    0.01                           spi_sck_s1 (net)
                  0.08    0.00    0.77 ^ hold5/A (sky130_fd_sc_hd__dlygate4sd3_1)
                  0.06    0.52    1.29 ^ hold5/X (sky130_fd_sc_hd__dlygate4sd3_1)
     1    0.00                           net87 (net)
                  0.06    0.00    1.29 ^ _1185_/D (sky130_fd_sc_hd__dfrtp_1)
                                  1.29   data arrival time

                          0.00    0.00   clock clk (rise edge)
                          0.00    0.00   clock source latency
                  0.15    0.11    0.11 ^ clk (in)
     1    0.03                           clk (net)
                  0.15    0.00    0.11 ^ clkbuf_0_clk/A (sky130_fd_sc_hd__clkbuf_16)
                  0.09    0.21    0.32 ^ clkbuf_0_clk/X (sky130_fd_sc_hd__clkbuf_16)
    16    0.07                           clknet_0_clk (net)
                  0.09    0.00    0.32 ^ clkbuf_4_2_0_clk/A (sky130_fd_sc_hd__clkbuf_8)
                  0.06    0.16    0.48 ^ clkbuf_4_2_0_clk/X (sky130_fd_sc_hd__clkbuf_8)
    12    0.02                           clknet_4_2_0_clk (net)
                  0.06    0.00    0.48 ^ _1185_/CLK (sky130_fd_sc_hd__dfrtp_1)
                          0.25    0.73   clock uncertainty
                         -0.05    0.69   clock reconvergence pessimism
                         -0.04    0.65   library hold time
                                  0.65   data required time
-----------------------------------------------------------------------------
                                  0.65   data required time
                                 -1.29   data arrival time
-----------------------------------------------------------------------------
                                  0.64   slack (MET)


Startpoint: _1059_ (rising edge-triggered flip-flop clocked by clk)
Endpoint: _1056_ (rising edge-triggered flip-flop clocked by clk)
Path Group: clk
Path Type: min

Fanout     Cap    Slew   Delay    Time   Description
-----------------------------------------------------------------------------
                          0.00    0.00   clock clk (rise edge)
                          0.00    0.00   clock source latency
                  0.15    0.10    0.10 ^ clk (in)
     1    0.03                           clk (net)
                  0.15    0.00    0.10 ^ clkbuf_0_clk/A (sky130_fd_sc_hd__clkbuf_16)
                  0.09    0.19    0.29 ^ clkbuf_0_clk/X (sky130_fd_sc_hd__clkbuf_16)
    16    0.07                           clknet_0_clk (net)
                  0.09    0.00    0.29 ^ clkbuf_4_9_0_clk/A (sky130_fd_sc_hd__clkbuf_8)
                  0.05    0.14    0.43 ^ clkbuf_4_9_0_clk/X (sky130_fd_sc_hd__clkbuf_8)
     7    0.02                           clknet_4_9_0_clk (net)
                  0.05    0.00    0.44 ^ _1059_/CLK (sky130_fd_sc_hd__dfrtp_1)
                  0.13    0.37    0.81 ^ _1059_/Q (sky130_fd_sc_hd__dfrtp_1)
     5    0.01                           supplemental_request_level (net)
                  0.13    0.00    0.81 ^ hold6/A (sky130_fd_sc_hd__dlygate4sd3_1)
                  0.05    0.53    1.33 ^ hold6/X (sky130_fd_sc_hd__dlygate4sd3_1)
     1    0.00                           net88 (net)
                  0.05    0.00    1.33 ^ _1056_/D (sky130_fd_sc_hd__dfrtp_1)
                                  1.33   data arrival time

                          0.00    0.00   clock clk (rise edge)
                          0.00    0.00   clock source latency
                  0.15    0.11    0.11 ^ clk (in)
     1    0.03                           clk (net)
                  0.15    0.00    0.11 ^ clkbuf_0_clk/A (sky130_fd_sc_hd__clkbuf_16)
                  0.09    0.21    0.32 ^ clkbuf_0_clk/X (sky130_fd_sc_hd__clkbuf_16)
    16    0.07                           clknet_0_clk (net)
                  0.09    0.00    0.32 ^ clkbuf_4_11_0_clk/A (sky130_fd_sc_hd__clkbuf_8)
                  0.07    0.17    0.49 ^ clkbuf_4_11_0_clk/X (sky130_fd_sc_hd__clkbuf_8)
    10    0.03                           clknet_4_11_0_clk (net)
                  0.07    0.00    0.49 ^ _1056_/CLK (sky130_fd_sc_hd__dfrtp_1)
                          0.25    0.74   clock uncertainty
                         -0.03    0.71   clock reconvergence pessimism
                         -0.03    0.68   library hold time
                                  0.68   data required time
-----------------------------------------------------------------------------
                                  0.68   data required time
                                 -1.33   data arrival time
-----------------------------------------------------------------------------
                                  0.66   slack (MET)


Startpoint: _1132_ (rising edge-triggered flip-flop clocked by clk)
Endpoint: _1131_ (rising edge-triggered flip-flop clocked by clk)
Path Group: clk
Path Type: min

Fanout     Cap    Slew   Delay    Time   Description
-----------------------------------------------------------------------------
                          0.00    0.00   clock clk (rise edge)
                          0.00    0.00   clock source latency
                  0.15    0.10    0.10 ^ clk (in)
     1    0.03                           clk (net)
                  0.15    0.00    0.10 ^ clkbuf_0_clk/A (sky130_fd_sc_hd__clkbuf_16)
                  0.09    0.19    0.29 ^ clkbuf_0_clk/X (sky130_fd_sc_hd__clkbuf_16)
    16    0.07                           clknet_0_clk (net)
                  0.09    0.00    0.29 ^ clkbuf_4_11_0_clk/A (sky130_fd_sc_hd__clkbuf_8)
                  0.07    0.15    0.44 ^ clkbuf_4_11_0_clk/X (sky130_fd_sc_hd__clkbuf_8)
    10    0.03                           clknet_4_11_0_clk (net)
                  0.07    0.00    0.44 ^ _1132_/CLK (sky130_fd_sc_hd__dfrtp_1)
                  0.10    0.35    0.79 ^ _1132_/Q (sky130_fd_sc_hd__dfrtp_1)
     3    0.01                           sec_alert (net)
                  0.10    0.00    0.79 ^ hold7/A (sky130_fd_sc_hd__dlygate4sd3_1)
                  0.08    0.55    1.34 ^ hold7/X (sky130_fd_sc_hd__dlygate4sd3_1)
     2    0.01                           net89 (net)
                  0.08    0.00    1.34 ^ _1131_/D (sky130_fd_sc_hd__dfrtp_1)
                                  1.34   data arrival time

                          0.00    0.00   clock clk (rise edge)
                          0.00    0.00   clock source latency
                  0.15    0.11    0.11 ^ clk (in)
     1    0.03                           clk (net)
                  0.15    0.00    0.11 ^ clkbuf_0_clk/A (sky130_fd_sc_hd__clkbuf_16)
                  0.09    0.21    0.32 ^ clkbuf_0_clk/X (sky130_fd_sc_hd__clkbuf_16)
    16    0.07                           clknet_0_clk (net)
                  0.09    0.00    0.32 ^ clkbuf_4_11_0_clk/A (sky130_fd_sc_hd__clkbuf_8)
                  0.07    0.17    0.49 ^ clkbuf_4_11_0_clk/X (sky130_fd_sc_hd__clkbuf_8)
    10    0.03                           clknet_4_11_0_clk (net)
                  0.07    0.00    0.49 ^ _1131_/CLK (sky130_fd_sc_hd__dfrtp_1)
                          0.25    0.74   clock uncertainty
                         -0.05    0.69   clock reconvergence pessimism
                         -0.04    0.66   library hold time
                                  0.66   data required time
-----------------------------------------------------------------------------
                                  0.66   data required time
                                 -1.34   data arrival time
-----------------------------------------------------------------------------
                                  0.69   slack (MET)


Startpoint: _1122_ (rising edge-triggered flip-flop clocked by clk)
Endpoint: _1122_ (rising edge-triggered flip-flop clocked by clk)
Path Group: clk
Path Type: min

Fanout     Cap    Slew   Delay    Time   Description
-----------------------------------------------------------------------------
                          0.00    0.00   clock clk (rise edge)
                          0.00    0.00   clock source latency
                  0.15    0.10    0.10 ^ clk (in)
     1    0.03                           clk (net)
                  0.15    0.00    0.10 ^ clkbuf_0_clk/A (sky130_fd_sc_hd__clkbuf_16)
                  0.09    0.19    0.29 ^ clkbuf_0_clk/X (sky130_fd_sc_hd__clkbuf_16)
    16    0.07                           clknet_0_clk (net)
                  0.09    0.00    0.29 ^ clkbuf_4_10_0_clk/A (sky130_fd_sc_hd__clkbuf_8)
                  0.06    0.14    0.44 ^ clkbuf_4_10_0_clk/X (sky130_fd_sc_hd__clkbuf_8)
    12    0.02                           clknet_4_10_0_clk (net)
                  0.06    0.00    0.44 ^ _1122_/CLK (sky130_fd_sc_hd__dfrtp_1)
                  0.13    0.37    0.81 ^ _1122_/Q (sky130_fd_sc_hd__dfrtp_1)
     5    0.01                           spi_lockout_timer[9] (net)
                  0.13    0.00    0.81 ^ _0732_/A2 (sky130_fd_sc_hd__a311oi_1)
                  0.03    0.09    0.90 v _0732_/Y (sky130_fd_sc_hd__a311oi_1)
     1    0.00                           _0019_ (net)
                  0.03    0.00    0.90 v hold20/A (sky130_fd_sc_hd__dlygate4sd3_1)
                  0.06    0.52    1.43 v hold20/X (sky130_fd_sc_hd__dlygate4sd3_1)
     1    0.00                           net102 (net)
                  0.06    0.00    1.43 v _1122_/D (sky130_fd_sc_hd__dfrtp_1)
                                  1.43   data arrival time

                          0.00    0.00   clock clk (rise edge)
                          0.00    0.00   clock source latency
                  0.15    0.11    0.11 ^ clk (in)
     1    0.03                           clk (net)
                  0.15    0.00    0.11 ^ clkbuf_0_clk/A (sky130_fd_sc_hd__clkbuf_16)
                  0.09    0.21    0.32 ^ clkbuf_0_clk/X (sky130_fd_sc_hd__clkbuf_16)
    16    0.07                           clknet_0_clk (net)
                  0.09    0.00    0.32 ^ clkbuf_4_10_0_clk/A (sky130_fd_sc_hd__clkbuf_8)
                  0.06    0.16    0.48 ^ clkbuf_4_10_0_clk/X (sky130_fd_sc_hd__clkbuf_8)
    12    0.02                           clknet_4_10_0_clk (net)
                  0.06    0.00    0.48 ^ _1122_/CLK (sky130_fd_sc_hd__dfrtp_1)
                          0.25    0.73   clock uncertainty
                         -0.05    0.69   clock reconvergence pessimism
                         -0.05    0.64   library hold time
                                  0.64   data required time
-----------------------------------------------------------------------------
                                  0.64   data required time
                                 -1.43   data arrival time
-----------------------------------------------------------------------------
                                  0.79   slack (MET)


Startpoint: _1129_ (rising edge-triggered flip-flop clocked by clk)
Endpoint: _1130_ (rising edge-triggered flip-flop clocked by clk)
Path Group: clk
Path Type: min

Fanout     Cap    Slew   Delay    Time   Description
-----------------------------------------------------------------------------
                          0.00    0.00   clock clk (rise edge)
                          0.00    0.00   clock source latency
                  0.15    0.10    0.10 ^ clk (in)
     1    0.03                           clk (net)
                  0.15    0.00    0.10 ^ clkbuf_0_clk/A (sky130_fd_sc_hd__clkbuf_16)
                  0.09    0.19    0.29 ^ clkbuf_0_clk/X (sky130_fd_sc_hd__clkbuf_16)
    16    0.07                           clknet_0_clk (net)
                  0.09    0.00    0.29 ^ clkbuf_4_9_0_clk/A (sky130_fd_sc_hd__clkbuf_8)
                  0.05    0.14    0.43 ^ clkbuf_4_9_0_clk/X (sky130_fd_sc_hd__clkbuf_8)
     7    0.02                           clknet_4_9_0_clk (net)
                  0.05    0.00    0.44 ^ _1129_/CLK (sky130_fd_sc_hd__dfrtp_2)
                  0.10    0.37    0.81 ^ _1129_/Q (sky130_fd_sc_hd__dfrtp_2)
     5    0.02                           spi_fail_count[0] (net)
                  0.10    0.00    0.81 ^ _0918_/B2 (sky130_fd_sc_hd__a22o_1)
                  0.04    0.12    0.93 ^ _0918_/X (sky130_fd_sc_hd__a22o_1)
     1    0.00                           _0078_ (net)
                  0.04    0.00    0.93 ^ hold27/A (sky130_fd_sc_hd__dlygate4sd3_1)
                  0.05    0.51    1.44 ^ hold27/X (sky130_fd_sc_hd__dlygate4sd3_1)
     1    0.00                           net109 (net)
                  0.05    0.00    1.44 ^ _1130_/D (sky130_fd_sc_hd__dfrtp_1)
                                  1.44   data arrival time

                          0.00    0.00   clock clk (rise edge)
                          0.00    0.00   clock source latency
                  0.15    0.11    0.11 ^ clk (in)
     1    0.03                           clk (net)
                  0.15    0.00    0.11 ^ clkbuf_0_clk/A (sky130_fd_sc_hd__clkbuf_16)
                  0.09    0.21    0.32 ^ clkbuf_0_clk/X (sky130_fd_sc_hd__clkbuf_16)
    16    0.07                           clknet_0_clk (net)
                  0.09    0.00    0.32 ^ clkbuf_4_9_0_clk/A (sky130_fd_sc_hd__clkbuf_8)
                  0.05    0.16    0.48 ^ clkbuf_4_9_0_clk/X (sky130_fd_sc_hd__clkbuf_8)
     7    0.02                           clknet_4_9_0_clk (net)
                  0.05    0.00    0.48 ^ _1130_/CLK (sky130_fd_sc_hd__dfrtp_1)
                          0.25    0.73   clock uncertainty
                         -0.05    0.69   clock reconvergence pessimism
                         -0.04    0.65   library hold time
                                  0.65   data required time
-----------------------------------------------------------------------------
                                  0.65   data required time
                                 -1.44   data arrival time
-----------------------------------------------------------------------------
                                  0.79   slack (MET)


Startpoint: _1076_ (rising edge-triggered flip-flop clocked by clk)
Endpoint: _1057_ (rising edge-triggered flip-flop clocked by clk)
Path Group: clk
Path Type: min

Fanout     Cap    Slew   Delay    Time   Description
-----------------------------------------------------------------------------
                          0.00    0.00   clock clk (rise edge)
                          0.00    0.00   clock source latency
                  0.15    0.10    0.10 ^ clk (in)
     1    0.03                           clk (net)
                  0.15    0.00    0.10 ^ clkbuf_0_clk/A (sky130_fd_sc_hd__clkbuf_16)
                  0.09    0.19    0.29 ^ clkbuf_0_clk/X (sky130_fd_sc_hd__clkbuf_16)
    16    0.07                           clknet_0_clk (net)
                  0.09    0.00    0.29 ^ clkbuf_4_6_0_clk/A (sky130_fd_sc_hd__clkbuf_8)
                  0.06    0.14    0.44 ^ clkbuf_4_6_0_clk/X (sky130_fd_sc_hd__clkbuf_8)
     8    0.02                           clknet_4_6_0_clk (net)
                  0.06    0.00    0.44 ^ _1076_/CLK (sky130_fd_sc_hd__dfrtp_1)
                  0.06    0.36    0.80 v _1076_/Q (sky130_fd_sc_hd__dfrtp_1)
     3    0.01                           wifi_valid (net)
                  0.06    0.00    0.80 v _0548_/C1 (sky130_fd_sc_hd__o2111a_1)
                  0.04    0.14    0.93 v _0548_/X (sky130_fd_sc_hd__o2111a_1)
     2    0.01                           wifi_above_threshold (net)
                  0.04    0.00    0.93 v hold45/A (sky130_fd_sc_hd__dlygate4sd3_1)
                  0.05    0.52    1.45 v hold45/X (sky130_fd_sc_hd__dlygate4sd3_1)
     1    0.00                           net127 (net)
                  0.05    0.00    1.45 v _1057_/D (sky130_fd_sc_hd__dfrtp_4)
                                  1.45   data arrival time

                          0.00    0.00   clock clk (rise edge)
                          0.00    0.00   clock source latency
                  0.15    0.11    0.11 ^ clk (in)
     1    0.03                           clk (net)
                  0.15    0.00    0.11 ^ clkbuf_0_clk/A (sky130_fd_sc_hd__clkbuf_16)
                  0.09    0.21    0.32 ^ clkbuf_0_clk/X (sky130_fd_sc_hd__clkbuf_16)
    16    0.07                           clknet_0_clk (net)
                  0.09    0.00    0.32 ^ clkbuf_4_12_0_clk/A (sky130_fd_sc_hd__clkbuf_8)
                  0.05    0.16    0.48 ^ clkbuf_4_12_0_clk/X (sky130_fd_sc_hd__clkbuf_8)
     7    0.02                           clknet_4_12_0_clk (net)
                  0.05    0.00    0.48 ^ _1057_/CLK (sky130_fd_sc_hd__dfrtp_4)
                          0.25    0.73   clock uncertainty
                         -0.03    0.70   clock reconvergence pessimism
                         -0.04    0.65   library hold time
                                  0.65   data required time
-----------------------------------------------------------------------------
                                  0.65   data required time
                                 -1.45   data arrival time
-----------------------------------------------------------------------------
                                  0.80   slack (MET)


Startpoint: _1127_ (rising edge-triggered flip-flop clocked by clk)
Endpoint: _1128_ (rising edge-triggered flip-flop clocked by clk)
Path Group: clk
Path Type: min

Fanout     Cap    Slew   Delay    Time   Description
-----------------------------------------------------------------------------
                          0.00    0.00   clock clk (rise edge)
                          0.00    0.00   clock source latency
                  0.15    0.10    0.10 ^ clk (in)
     1    0.03                           clk (net)
                  0.15    0.00    0.10 ^ clkbuf_0_clk/A (sky130_fd_sc_hd__clkbuf_16)
                  0.09    0.19    0.29 ^ clkbuf_0_clk/X (sky130_fd_sc_hd__clkbuf_16)
    16    0.07                           clknet_0_clk (net)
                  0.09    0.00    0.29 ^ clkbuf_4_8_0_clk/A (sky130_fd_sc_hd__clkbuf_8)
                  0.05    0.14    0.43 ^ clkbuf_4_8_0_clk/X (sky130_fd_sc_hd__clkbuf_8)
     9    0.02                           clknet_4_8_0_clk (net)
                  0.05    0.00    0.43 ^ _1127_/CLK (sky130_fd_sc_hd__dfrtp_1)
                  0.12    0.36    0.79 ^ _1127_/Q (sky130_fd_sc_hd__dfrtp_1)
     4    0.01                           spi_lockout_timer[14] (net)
                  0.12    0.00    0.79 ^ _0751_/A2 (sky130_fd_sc_hd__o311a_1)
                  0.04    0.16    0.94 ^ _0751_/X (sky130_fd_sc_hd__o311a_1)
     1    0.00                           _0010_ (net)
                  0.04    0.00    0.94 ^ hold14/A (sky130_fd_sc_hd__dlygate4sd3_1)
                  0.05    0.51    1.45 ^ hold14/X (sky130_fd_sc_hd__dlygate4sd3_1)
     1    0.00                           net96 (net)
                  0.05    0.00    1.45 ^ _1128_/D (sky130_fd_sc_hd__dfrtp_1)
                                  1.45   data arrival time

                          0.00    0.00   clock clk (rise edge)
                          0.00    0.00   clock source latency
                  0.15    0.11    0.11 ^ clk (in)
     1    0.03                           clk (net)
                  0.15    0.00    0.11 ^ clkbuf_0_clk/A (sky130_fd_sc_hd__clkbuf_16)
                  0.09    0.21    0.32 ^ clkbuf_0_clk/X (sky130_fd_sc_hd__clkbuf_16)
    16    0.07                           clknet_0_clk (net)
                  0.09    0.00    0.32 ^ clkbuf_4_8_0_clk/A (sky130_fd_sc_hd__clkbuf_8)
                  0.05    0.15    0.47 ^ clkbuf_4_8_0_clk/X (sky130_fd_sc_hd__clkbuf_8)
     9    0.02                           clknet_4_8_0_clk (net)
                  0.05    0.00    0.47 ^ _1128_/CLK (sky130_fd_sc_hd__dfrtp_1)
                          0.25    0.72   clock uncertainty
                         -0.05    0.68   clock reconvergence pessimism
                         -0.04    0.64   library hold time
                                  0.64   data required time
-----------------------------------------------------------------------------
                                  0.64   data required time
                                 -1.45   data arrival time
-----------------------------------------------------------------------------
                                  0.81   slack (MET)


Startpoint: _1180_ (rising edge-triggered flip-flop clocked by clk)
Endpoint: _1109_ (rising edge-triggered flip-flop clocked by clk)
Path Group: clk
Path Type: min

Fanout     Cap    Slew   Delay    Time   Description
-----------------------------------------------------------------------------
                          0.00    0.00   clock clk (rise edge)
                          0.00    0.00   clock source latency
                  0.15    0.10    0.10 ^ clk (in)
     1    0.03                           clk (net)
                  0.15    0.00    0.10 ^ clkbuf_0_clk/A (sky130_fd_sc_hd__clkbuf_16)
                  0.09    0.19    0.29 ^ clkbuf_0_clk/X (sky130_fd_sc_hd__clkbuf_16)
    16    0.07                           clknet_0_clk (net)
                  0.09    0.00    0.29 ^ clkbuf_4_8_0_clk/A (sky130_fd_sc_hd__clkbuf_8)
                  0.05    0.14    0.43 ^ clkbuf_4_8_0_clk/X (sky130_fd_sc_hd__clkbuf_8)
     9    0.02                           clknet_4_8_0_clk (net)
                  0.05    0.00    0.43 ^ _1180_/CLK (sky130_fd_sc_hd__dfrtp_4)
                  0.11    0.43    0.86 ^ _1180_/Q (sky130_fd_sc_hd__dfrtp_4)
     6    0.03                           spi_pkt_ready (net)
                  0.11    0.00    0.86 ^ _0913_/A1 (sky130_fd_sc_hd__o21a_1)
                  0.04    0.13    0.99 ^ _0913_/X (sky130_fd_sc_hd__o21a_1)
     1    0.00                           _0075_ (net)
                  0.04    0.00    0.99 ^ hold11/A (sky130_fd_sc_hd__dlygate4sd3_1)
                  0.06    0.51    1.50 ^ hold11/X (sky130_fd_sc_hd__dlygate4sd3_1)
     1    0.00                           net93 (net)
                  0.06    0.00    1.50 ^ _1109_/D (sky130_fd_sc_hd__dfrtp_1)
                                  1.50   data arrival time

                          0.00    0.00   clock clk (rise edge)
                          0.00    0.00   clock source latency
                  0.15    0.11    0.11 ^ clk (in)
     1    0.03                           clk (net)
                  0.15    0.00    0.11 ^ clkbuf_0_clk/A (sky130_fd_sc_hd__clkbuf_16)
                  0.09    0.21    0.32 ^ clkbuf_0_clk/X (sky130_fd_sc_hd__clkbuf_16)
    16    0.07                           clknet_0_clk (net)
                  0.09    0.00    0.32 ^ clkbuf_4_3_0_clk/A (sky130_fd_sc_hd__clkbuf_8)
                  0.06    0.17    0.49 ^ clkbuf_4_3_0_clk/X (sky130_fd_sc_hd__clkbuf_8)
    10    0.03                           clknet_4_3_0_clk (net)
                  0.06    0.00    0.49 ^ _1109_/CLK (sky130_fd_sc_hd__dfrtp_1)
                          0.25    0.74   clock uncertainty
                         -0.03    0.71   clock reconvergence pessimism
                         -0.04    0.67   library hold time
                                  0.67   data required time
-----------------------------------------------------------------------------
                                  0.67   data required time
                                 -1.50   data arrival time
-----------------------------------------------------------------------------
                                  0.83   slack (MET)


Startpoint: _1187_ (rising edge-triggered flip-flop clocked by clk)
Endpoint: _1182_ (rising edge-triggered flip-flop clocked by clk)
Path Group: clk
Path Type: min

Fanout     Cap    Slew   Delay    Time   Description
-----------------------------------------------------------------------------
                          0.00    0.00   clock clk (rise edge)
                          0.00    0.00   clock source latency
                  0.15    0.10    0.10 ^ clk (in)
     1    0.03                           clk (net)
                  0.15    0.00    0.10 ^ clkbuf_0_clk/A (sky130_fd_sc_hd__clkbuf_16)
                  0.09    0.19    0.29 ^ clkbuf_0_clk/X (sky130_fd_sc_hd__clkbuf_16)
    16    0.07                           clknet_0_clk (net)
                  0.09    0.00    0.29 ^ clkbuf_4_1_0_clk/A (sky130_fd_sc_hd__clkbuf_8)
                  0.06    0.15    0.44 ^ clkbuf_4_1_0_clk/X (sky130_fd_sc_hd__clkbuf_8)
     8    0.03                           clknet_4_1_0_clk (net)
                  0.06    0.00    0.44 ^ _1187_/CLK (sky130_fd_sc_hd__dfstp_2)
                  0.06    0.38    0.82 v _1187_/Q (sky130_fd_sc_hd__dfstp_2)
     6    0.02                           spi_cs_s2 (net)
                  0.06    0.00    0.82 v _0628_/A (sky130_fd_sc_hd__inv_2)
                  0.05    0.06    0.88 ^ _0628_/Y (sky130_fd_sc_hd__inv_2)
     2    0.01                           _0225_ (net)
                  0.05    0.00    0.88 ^ _1045_/B1 (sky130_fd_sc_hd__o21a_1)
                  0.04    0.10    0.99 ^ _1045_/X (sky130_fd_sc_hd__o21a_1)
     1    0.00                           _0128_ (net)
                  0.04    0.00    0.99 ^ hold22/A (sky130_fd_sc_hd__dlygate4sd3_1)
                  0.05    0.50    1.49 ^ hold22/X (sky130_fd_sc_hd__dlygate4sd3_1)
     1    0.00                           net104 (net)
                  0.05    0.00    1.49 ^ _1182_/D (sky130_fd_sc_hd__dfrtp_1)
                                  1.49   data arrival time

                          0.00    0.00   clock clk (rise edge)
                          0.00    0.00   clock source latency
                  0.15    0.11    0.11 ^ clk (in)
     1    0.03                           clk (net)
                  0.15    0.00    0.11 ^ clkbuf_0_clk/A (sky130_fd_sc_hd__clkbuf_16)
                  0.09    0.21    0.32 ^ clkbuf_0_clk/X (sky130_fd_sc_hd__clkbuf_16)
    16    0.07                           clknet_0_clk (net)
                  0.09    0.00    0.32 ^ clkbuf_4_0_0_clk/A (sky130_fd_sc_hd__clkbuf_8)
                  0.05    0.15    0.47 ^ clkbuf_4_0_0_clk/X (sky130_fd_sc_hd__clkbuf_8)
     9    0.02                           clknet_4_0_0_clk (net)
                  0.05    0.00    0.47 ^ _1182_/CLK (sky130_fd_sc_hd__dfrtp_1)
                          0.25    0.72   clock uncertainty
                         -0.03    0.69   clock reconvergence pessimism
                         -0.04    0.66   library hold time
                                  0.66   data required time
-----------------------------------------------------------------------------
                                  0.66   data required time
                                 -1.49   data arrival time
-----------------------------------------------------------------------------
                                  0.83   slack (MET)


Startpoint: _1112_ (rising edge-triggered flip-flop clocked by clk)
Endpoint: _1110_ (rising edge-triggered flip-flop clocked by clk)
Path Group: clk
Path Type: min

Fanout     Cap    Slew   Delay    Time   Description
-----------------------------------------------------------------------------
                          0.00    0.00   clock clk (rise edge)
                          0.00    0.00   clock source latency
                  0.15    0.10    0.10 ^ clk (in)
     1    0.03                           clk (net)
                  0.15    0.00    0.10 ^ clkbuf_0_clk/A (sky130_fd_sc_hd__clkbuf_16)
                  0.09    0.19    0.29 ^ clkbuf_0_clk/X (sky130_fd_sc_hd__clkbuf_16)
    16    0.07                           clknet_0_clk (net)
                  0.09    0.00    0.29 ^ clkbuf_4_8_0_clk/A (sky130_fd_sc_hd__clkbuf_8)
                  0.05    0.14    0.43 ^ clkbuf_4_8_0_clk/X (sky130_fd_sc_hd__clkbuf_8)
     9    0.02                           clknet_4_8_0_clk (net)
                  0.05    0.00    0.43 ^ _1112_/CLK (sky130_fd_sc_hd__dfrtp_2)
                  0.10    0.37    0.80 ^ _1112_/Q (sky130_fd_sc_hd__dfrtp_2)
     5    0.02                           spi_lockout_active (net)
                  0.10    0.00    0.80 ^ _0530_/A (sky130_fd_sc_hd__inv_2)
                  0.05    0.06    0.86 v _0530_/Y (sky130_fd_sc_hd__inv_2)
     4    0.01                           _0149_ (net)
                  0.05    0.00    0.86 v _0533_/A (sky130_fd_sc_hd__and3_1)
                  0.03    0.13    0.99 v _0533_/X (sky130_fd_sc_hd__and3_1)
     1    0.00                           _0152_ (net)
                  0.03    0.00    0.99 v _0534_/B1 (sky130_fd_sc_hd__o31a_2)
                  0.08    0.15    1.14 v _0534_/X (sky130_fd_sc_hd__o31a_2)
     7    0.03                           _0153_ (net)
                  0.08    0.00    1.14 v _0535_/A (sky130_fd_sc_hd__clkbuf_4)
                  0.07    0.18    1.32 v _0535_/X (sky130_fd_sc_hd__clkbuf_4)
    10    0.03                           _0154_ (net)
                  0.07    0.00    1.32 v _0536_/A (sky130_fd_sc_hd__clkbuf_4)
                  0.07    0.17    1.49 v _0536_/X (sky130_fd_sc_hd__clkbuf_4)
    10    0.03                           _0002_ (net)
                  0.07    0.00    1.49 v _1110_/D (sky130_fd_sc_hd__dfrtp_1)
                                  1.49   data arrival time

                          0.00    0.00   clock clk (rise edge)
                          0.00    0.00   clock source latency
                  0.15    0.11    0.11 ^ clk (in)
     1    0.03                           clk (net)
                  0.15    0.00    0.11 ^ clkbuf_0_clk/A (sky130_fd_sc_hd__clkbuf_16)
                  0.09    0.21    0.32 ^ clkbuf_0_clk/X (sky130_fd_sc_hd__clkbuf_16)
    16    0.07                           clknet_0_clk (net)
                  0.09    0.00    0.32 ^ clkbuf_4_5_0_clk/A (sky130_fd_sc_hd__clkbuf_8)
                  0.06    0.16    0.49 ^ clkbuf_4_5_0_clk/X (sky130_fd_sc_hd__clkbuf_8)
     9    0.03                           clknet_4_5_0_clk (net)
                  0.06    0.00    0.49 ^ _1110_/CLK (sky130_fd_sc_hd__dfrtp_1)
                          0.25    0.74   clock uncertainty
                         -0.03    0.71   clock reconvergence pessimism
                         -0.05    0.65   library hold time
                                  0.65   data required time
-----------------------------------------------------------------------------
                                  0.65   data required time
                                 -1.49   data arrival time
-----------------------------------------------------------------------------
                                  0.83   slack (MET)


Startpoint: _1194_ (rising edge-triggered flip-flop clocked by clk)
Endpoint: _1053_ (rising edge-triggered flip-flop clocked by clk)
Path Group: clk
Path Type: min

Fanout     Cap    Slew   Delay    Time   Description
-----------------------------------------------------------------------------
                          0.00    0.00   clock clk (rise edge)
                          0.00    0.00   clock source latency
                  0.15    0.10    0.10 ^ clk (in)
     1    0.03                           clk (net)
                  0.15    0.00    0.10 ^ clkbuf_0_clk/A (sky130_fd_sc_hd__clkbuf_16)
                  0.09    0.19    0.29 ^ clkbuf_0_clk/X (sky130_fd_sc_hd__clkbuf_16)
    16    0.07                           clknet_0_clk (net)
                  0.09    0.00    0.29 ^ clkbuf_4_15_0_clk/A (sky130_fd_sc_hd__clkbuf_8)
                  0.05    0.14    0.43 ^ clkbuf_4_15_0_clk/X (sky130_fd_sc_hd__clkbuf_8)
     6    0.02                           clknet_4_15_0_clk (net)
                  0.05    0.00    0.43 ^ _1194_/CLK (sky130_fd_sc_hd__dfrtp_1)
                  0.07    0.32    0.76 ^ _1194_/Q (sky130_fd_sc_hd__dfrtp_1)
     3    0.01                           loop_sync (net)
                  0.07    0.00    0.76 ^ hold8/A (sky130_fd_sc_hd__buf_1)
                  0.18    0.18    0.93 ^ hold8/X (sky130_fd_sc_hd__buf_1)
     4    0.02                           net90 (net)
                  0.18    0.00    0.93 ^ _0773_/C1 (sky130_fd_sc_hd__a211oi_1)
                  0.04    0.06    0.99 v _0773_/Y (sky130_fd_sc_hd__a211oi_1)
     1    0.00                           _0033_ (net)
                  0.04    0.00    0.99 v hold18/A (sky130_fd_sc_hd__dlygate4sd3_1)
                  0.06    0.53    1.52 v hold18/X (sky130_fd_sc_hd__dlygate4sd3_1)
     1    0.00                           net100 (net)
                  0.06    0.00    1.52 v _1053_/D (sky130_fd_sc_hd__dfrtp_1)
                                  1.52   data arrival time

                          0.00    0.00   clock clk (rise edge)
                          0.00    0.00   clock source latency
                  0.15    0.11    0.11 ^ clk (in)
     1    0.03                           clk (net)
                  0.15    0.00    0.11 ^ clkbuf_0_clk/A (sky130_fd_sc_hd__clkbuf_16)
                  0.09    0.21    0.32 ^ clkbuf_0_clk/X (sky130_fd_sc_hd__clkbuf_16)
    16    0.07                           clknet_0_clk (net)
                  0.09    0.00    0.32 ^ clkbuf_4_14_0_clk/A (sky130_fd_sc_hd__clkbuf_8)
                  0.06    0.16    0.48 ^ clkbuf_4_14_0_clk/X (sky130_fd_sc_hd__clkbuf_8)
     9    0.02                           clknet_4_14_0_clk (net)
                  0.06    0.00    0.48 ^ _1053_/CLK (sky130_fd_sc_hd__dfrtp_1)
                          0.25    0.73   clock uncertainty
                         -0.03    0.70   clock reconvergence pessimism
                         -0.05    0.65   library hold time
                                  0.65   data required time
-----------------------------------------------------------------------------
                                  0.65   data required time
                                 -1.52   data arrival time
-----------------------------------------------------------------------------
                                  0.87   slack (MET)


Startpoint: rst_n (input port clocked by clk)
Endpoint: _1194_ (removal check against rising-edge clock clk)
Path Group: asynchronous
Path Type: min

Fanout     Cap    Slew   Delay    Time   Description
-----------------------------------------------------------------------------
                          0.00    0.00   clock clk (rise edge)
                          0.00    0.00   clock network delay (propagated)
                          2.00    2.00 ^ input external delay
                  0.02    0.01    2.01 ^ rst_n (in)
     1    0.00                           rst_n (net)
                  0.02    0.00    2.01 ^ input13/A (sky130_fd_sc_hd__buf_1)
                  0.15    0.14    2.15 ^ input13/X (sky130_fd_sc_hd__buf_1)
     2    0.01                           net13 (net)
                  0.15    0.00    2.15 ^ fanout71/A (sky130_fd_sc_hd__buf_2)
                  0.14    0.20    2.35 ^ fanout71/X (sky130_fd_sc_hd__buf_2)
     5    0.03                           net71 (net)
                  0.14    0.00    2.35 ^ _1194_/RESET_B (sky130_fd_sc_hd__dfrtp_1)
                                  2.35   data arrival time

                          0.00    0.00   clock clk (rise edge)
                          0.00    0.00   clock source latency
                  0.15    0.11    0.11 ^ clk (in)
     1    0.03                           clk (net)
                  0.15    0.00    0.11 ^ clkbuf_0_clk/A (sky130_fd_sc_hd__clkbuf_16)
                  0.09    0.21    0.32 ^ clkbuf_0_clk/X (sky130_fd_sc_hd__clkbuf_16)
    16    0.07                           clknet_0_clk (net)
                  0.09    0.00    0.32 ^ clkbuf_4_15_0_clk/A (sky130_fd_sc_hd__clkbuf_8)
                  0.05    0.15    0.48 ^ clkbuf_4_15_0_clk/X (sky130_fd_sc_hd__clkbuf_8)
     6    0.02                           clknet_4_15_0_clk (net)
                  0.05    0.00    0.48 ^ _1194_/CLK (sky130_fd_sc_hd__dfrtp_1)
                          0.25    0.73   clock uncertainty
                          0.00    0.73   clock reconvergence pessimism
                          0.35    1.08   library removal time
                                  1.08   data required time
-----------------------------------------------------------------------------
                                  1.08   data required time
                                 -2.35   data arrival time
-----------------------------------------------------------------------------
                                  1.28   slack (MET)


Startpoint: ui_in[2] (input port clocked by clk)
Endpoint: _1186_ (rising edge-triggered flip-flop clocked by clk)
Path Group: clk
Path Type: min

Fanout     Cap    Slew   Delay    Time   Description
-----------------------------------------------------------------------------
                          0.00    0.00   clock clk (rise edge)
                          0.00    0.00   clock network delay (propagated)
                          2.00    2.00 v input external delay
                  0.01    0.01    2.01 v ui_in[2] (in)
     1    0.00                           ui_in[2] (net)
                  0.01    0.00    2.01 v input16/A (sky130_fd_sc_hd__buf_1)
                  0.07    0.10    2.11 v input16/X (sky130_fd_sc_hd__buf_1)
     1    0.01                           net16 (net)
                  0.07    0.00    2.11 v _1186_/D (sky130_fd_sc_hd__dfstp_1)
                                  2.11   data arrival time

                          0.00    0.00   clock clk (rise edge)
                          0.00    0.00   clock source latency
                  0.15    0.11    0.11 ^ clk (in)
     1    0.03                           clk (net)
                  0.15    0.00    0.11 ^ clkbuf_0_clk/A (sky130_fd_sc_hd__clkbuf_16)
                  0.09    0.21    0.32 ^ clkbuf_0_clk/X (sky130_fd_sc_hd__clkbuf_16)
    16    0.07                           clknet_0_clk (net)
                  0.09    0.00    0.32 ^ clkbuf_4_1_0_clk/A (sky130_fd_sc_hd__clkbuf_8)
                  0.06    0.16    0.48 ^ clkbuf_4_1_0_clk/X (sky130_fd_sc_hd__clkbuf_8)
     8    0.03                           clknet_4_1_0_clk (net)
                  0.06    0.00    0.49 ^ _1186_/CLK (sky130_fd_sc_hd__dfstp_1)
                          0.25    0.74   clock uncertainty
                          0.00    0.74   clock reconvergence pessimism
                         -0.02    0.72   library hold time
                                  0.72   data required time
-----------------------------------------------------------------------------
                                  0.72   data required time
                                 -2.11   data arrival time
-----------------------------------------------------------------------------
                                  1.39   slack (MET)


Startpoint: ui_in[3] (input port clocked by clk)
Endpoint: _1188_ (rising edge-triggered flip-flop clocked by clk)
Path Group: clk
Path Type: min

Fanout     Cap    Slew   Delay    Time   Description
-----------------------------------------------------------------------------
                          0.00    0.00   clock clk (rise edge)
                          0.00    0.00   clock network delay (propagated)
                          2.00    2.00 v input external delay
                  0.01    0.00    2.00 v ui_in[3] (in)
     1    0.00                           ui_in[3] (net)
                  0.01    0.00    2.00 v input17/A (sky130_fd_sc_hd__buf_1)
                  0.07    0.10    2.11 v input17/X (sky130_fd_sc_hd__buf_1)
     1    0.01                           net17 (net)
                  0.07    0.00    2.11 v _1188_/D (sky130_fd_sc_hd__dfrtp_1)
                                  2.11   data arrival time

                          0.00    0.00   clock clk (rise edge)
                          0.00    0.00   clock source latency
                  0.15    0.11    0.11 ^ clk (in)
     1    0.03                           clk (net)
                  0.15    0.00    0.11 ^ clkbuf_0_clk/A (sky130_fd_sc_hd__clkbuf_16)
                  0.09    0.21    0.32 ^ clkbuf_0_clk/X (sky130_fd_sc_hd__clkbuf_16)
    16    0.07                           clknet_0_clk (net)
                  0.09    0.00    0.32 ^ clkbuf_4_5_0_clk/A (sky130_fd_sc_hd__clkbuf_8)
                  0.06    0.16    0.49 ^ clkbuf_4_5_0_clk/X (sky130_fd_sc_hd__clkbuf_8)
     9    0.03                           clknet_4_5_0_clk (net)
                  0.06    0.00    0.49 ^ _1188_/CLK (sky130_fd_sc_hd__dfrtp_1)
                          0.25    0.74   clock uncertainty
                          0.00    0.74   clock reconvergence pessimism
                         -0.05    0.68   library hold time
                                  0.68   data required time
-----------------------------------------------------------------------------
                                  0.68   data required time
                                 -2.11   data arrival time
-----------------------------------------------------------------------------
                                  1.42   slack (MET)


Startpoint: rst_n (input port clocked by clk)
Endpoint: _1190_ (removal check against rising-edge clock clk)
Path Group: asynchronous
Path Type: min

Fanout     Cap    Slew   Delay    Time   Description
-----------------------------------------------------------------------------
                          0.00    0.00   clock clk (rise edge)
                          0.00    0.00   clock network delay (propagated)
                          2.00    2.00 ^ input external delay
                  0.02    0.01    2.01 ^ rst_n (in)
     1    0.00                           rst_n (net)
                  0.02    0.00    2.01 ^ input13/A (sky130_fd_sc_hd__buf_1)
                  0.15    0.14    2.15 ^ input13/X (sky130_fd_sc_hd__buf_1)
     2    0.01                           net13 (net)
                  0.15    0.00    2.15 ^ fanout62/A (sky130_fd_sc_hd__clkbuf_2)
                  0.13    0.19    2.34 ^ fanout62/X (sky130_fd_sc_hd__clkbuf_2)
     5    0.02                           net62 (net)
                  0.13    0.00    2.34 ^ fanout57/A (sky130_fd_sc_hd__buf_2)
                  0.10    0.17    2.51 ^ fanout57/X (sky130_fd_sc_hd__buf_2)
     6    0.02                           net57 (net)
                  0.10    0.00    2.51 ^ _1190_/RESET_B (sky130_fd_sc_hd__dfrtp_1)
                                  2.51   data arrival time

                          0.00    0.00   clock clk (rise edge)
                          0.00    0.00   clock source latency
                  0.15    0.11    0.11 ^ clk (in)
     1    0.03                           clk (net)
                  0.15    0.00    0.11 ^ clkbuf_0_clk/A (sky130_fd_sc_hd__clkbuf_16)
                  0.09    0.21    0.32 ^ clkbuf_0_clk/X (sky130_fd_sc_hd__clkbuf_16)
    16    0.07                           clknet_0_clk (net)
                  0.09    0.00    0.32 ^ clkbuf_4_3_0_clk/A (sky130_fd_sc_hd__clkbuf_8)
                  0.06    0.17    0.49 ^ clkbuf_4_3_0_clk/X (sky130_fd_sc_hd__clkbuf_8)
    10    0.03                           clknet_4_3_0_clk (net)
                  0.06    0.00    0.49 ^ _1190_/CLK (sky130_fd_sc_hd__dfrtp_1)
                          0.25    0.74   clock uncertainty
                          0.00    0.74   clock reconvergence pessimism
                          0.34    1.08   library removal time
                                  1.08   data required time
-----------------------------------------------------------------------------
                                  1.08   data required time
                                 -2.51   data arrival time
-----------------------------------------------------------------------------
                                  1.43   slack (MET)


Startpoint: rst_n (input port clocked by clk)
Endpoint: _1175_ (removal check against rising-edge clock clk)
Path Group: asynchronous
Path Type: min

Fanout     Cap    Slew   Delay    Time   Description
-----------------------------------------------------------------------------
                          0.00    0.00   clock clk (rise edge)
                          0.00    0.00   clock network delay (propagated)
                          2.00    2.00 ^ input external delay
                  0.02    0.01    2.01 ^ rst_n (in)
     1    0.00                           rst_n (net)
                  0.02    0.00    2.01 ^ input13/A (sky130_fd_sc_hd__buf_1)
                  0.15    0.14    2.15 ^ input13/X (sky130_fd_sc_hd__buf_1)
     2    0.01                           net13 (net)
                  0.15    0.00    2.15 ^ fanout62/A (sky130_fd_sc_hd__clkbuf_2)
                  0.13    0.19    2.34 ^ fanout62/X (sky130_fd_sc_hd__clkbuf_2)
     5    0.02                           net62 (net)
                  0.13    0.00    2.34 ^ fanout57/A (sky130_fd_sc_hd__buf_2)
                  0.10    0.17    2.51 ^ fanout57/X (sky130_fd_sc_hd__buf_2)
     6    0.02                           net57 (net)
                  0.10    0.00    2.51 ^ _1175_/RESET_B (sky130_fd_sc_hd__dfrtp_1)
                                  2.51   data arrival time

                          0.00    0.00   clock clk (rise edge)
                          0.00    0.00   clock source latency
                  0.15    0.11    0.11 ^ clk (in)
     1    0.03                           clk (net)
                  0.15    0.00    0.11 ^ clkbuf_0_clk/A (sky130_fd_sc_hd__clkbuf_16)
                  0.09    0.21    0.32 ^ clkbuf_0_clk/X (sky130_fd_sc_hd__clkbuf_16)
    16    0.07                           clknet_0_clk (net)
                  0.09    0.00    0.32 ^ clkbuf_4_3_0_clk/A (sky130_fd_sc_hd__clkbuf_8)
                  0.06    0.17    0.49 ^ clkbuf_4_3_0_clk/X (sky130_fd_sc_hd__clkbuf_8)
    10    0.03                           clknet_4_3_0_clk (net)
                  0.06    0.00    0.49 ^ _1175_/CLK (sky130_fd_sc_hd__dfrtp_1)
                          0.25    0.74   clock uncertainty
                          0.00    0.74   clock reconvergence pessimism
                          0.34    1.08   library removal time
                                  1.08   data required time
-----------------------------------------------------------------------------
                                  1.08   data required time
                                 -2.51   data arrival time
-----------------------------------------------------------------------------
                                  1.43   slack (MET)


Startpoint: rst_n (input port clocked by clk)
Endpoint: _1176_ (removal check against rising-edge clock clk)
Path Group: asynchronous
Path Type: min

Fanout     Cap    Slew   Delay    Time   Description
-----------------------------------------------------------------------------
                          0.00    0.00   clock clk (rise edge)
                          0.00    0.00   clock network delay (propagated)
                          2.00    2.00 ^ input external delay
                  0.02    0.01    2.01 ^ rst_n (in)
     1    0.00                           rst_n (net)
                  0.02    0.00    2.01 ^ input13/A (sky130_fd_sc_hd__buf_1)
                  0.15    0.14    2.15 ^ input13/X (sky130_fd_sc_hd__buf_1)
     2    0.01                           net13 (net)
                  0.15    0.00    2.15 ^ fanout62/A (sky130_fd_sc_hd__clkbuf_2)
                  0.13    0.19    2.34 ^ fanout62/X (sky130_fd_sc_hd__clkbuf_2)
     5    0.02                           net62 (net)
                  0.13    0.00    2.34 ^ fanout57/A (sky130_fd_sc_hd__buf_2)
                  0.10    0.17    2.51 ^ fanout57/X (sky130_fd_sc_hd__buf_2)
     6    0.02                           net57 (net)
                  0.10    0.00    2.51 ^ _1176_/RESET_B (sky130_fd_sc_hd__dfrtp_1)
                                  2.51   data arrival time

                          0.00    0.00   clock clk (rise edge)
                          0.00    0.00   clock source latency
                  0.15    0.11    0.11 ^ clk (in)
     1    0.03                           clk (net)
                  0.15    0.00    0.11 ^ clkbuf_0_clk/A (sky130_fd_sc_hd__clkbuf_16)
                  0.09    0.21    0.32 ^ clkbuf_0_clk/X (sky130_fd_sc_hd__clkbuf_16)
    16    0.07                           clknet_0_clk (net)
                  0.09    0.00    0.32 ^ clkbuf_4_2_0_clk/A (sky130_fd_sc_hd__clkbuf_8)
                  0.06    0.16    0.48 ^ clkbuf_4_2_0_clk/X (sky130_fd_sc_hd__clkbuf_8)
    12    0.02                           clknet_4_2_0_clk (net)
                  0.06    0.00    0.48 ^ _1176_/CLK (sky130_fd_sc_hd__dfrtp_1)
                          0.25    0.73   clock uncertainty
                          0.00    0.73   clock reconvergence pessimism
                          0.34    1.07   library removal time
                                  1.07   data required time
-----------------------------------------------------------------------------
                                  1.07   data required time
                                 -2.51   data arrival time
-----------------------------------------------------------------------------
                                  1.44   slack (MET)


Startpoint: rst_n (input port clocked by clk)
Endpoint: _1191_ (removal check against rising-edge clock clk)
Path Group: asynchronous
Path Type: min

Fanout     Cap    Slew   Delay    Time   Description
-----------------------------------------------------------------------------
                          0.00    0.00   clock clk (rise edge)
                          0.00    0.00   clock network delay (propagated)
                          2.00    2.00 ^ input external delay
                  0.02    0.01    2.01 ^ rst_n (in)
     1    0.00                           rst_n (net)
                  0.02    0.00    2.01 ^ input13/A (sky130_fd_sc_hd__buf_1)
                  0.15    0.14    2.15 ^ input13/X (sky130_fd_sc_hd__buf_1)
     2    0.01                           net13 (net)
                  0.15    0.00    2.15 ^ fanout71/A (sky130_fd_sc_hd__buf_2)
                  0.14    0.20    2.35 ^ fanout71/X (sky130_fd_sc_hd__buf_2)
     5    0.03                           net71 (net)
                  0.14    0.00    2.35 ^ fanout67/A (sky130_fd_sc_hd__buf_2)
                  0.10    0.17    2.53 ^ fanout67/X (sky130_fd_sc_hd__buf_2)
     7    0.02                           net67 (net)
                  0.10    0.00    2.53 ^ _1191_/RESET_B (sky130_fd_sc_hd__dfrtp_1)
                                  2.53   data arrival time

                          0.00    0.00   clock clk (rise edge)
                          0.00    0.00   clock source latency
                  0.15    0.11    0.11 ^ clk (in)
     1    0.03                           clk (net)
                  0.15    0.00    0.11 ^ clkbuf_0_clk/A (sky130_fd_sc_hd__clkbuf_16)
                  0.09    0.21    0.32 ^ clkbuf_0_clk/X (sky130_fd_sc_hd__clkbuf_16)
    16    0.07                           clknet_0_clk (net)
                  0.09    0.00    0.32 ^ clkbuf_4_11_0_clk/A (sky130_fd_sc_hd__clkbuf_8)
                  0.07    0.17    0.49 ^ clkbuf_4_11_0_clk/X (sky130_fd_sc_hd__clkbuf_8)
    10    0.03                           clknet_4_11_0_clk (net)
                  0.07    0.00    0.49 ^ _1191_/CLK (sky130_fd_sc_hd__dfrtp_1)
                          0.25    0.74   clock uncertainty
                          0.00    0.74   clock reconvergence pessimism
                          0.34    1.08   library removal time
                                  1.08   data required time
-----------------------------------------------------------------------------
                                  1.08   data required time
                                 -2.53   data arrival time
-----------------------------------------------------------------------------
                                  1.44   slack (MET)


Startpoint: rst_n (input port clocked by clk)
Endpoint: _1062_ (removal check against rising-edge clock clk)
Path Group: asynchronous
Path Type: min

Fanout     Cap    Slew   Delay    Time   Description
-----------------------------------------------------------------------------
                          0.00    0.00   clock clk (rise edge)
                          0.00    0.00   clock network delay (propagated)
                          2.00    2.00 ^ input external delay
                  0.02    0.01    2.01 ^ rst_n (in)
     1    0.00                           rst_n (net)
                  0.02    0.00    2.01 ^ input13/A (sky130_fd_sc_hd__buf_1)
                  0.15    0.14    2.15 ^ input13/X (sky130_fd_sc_hd__buf_1)
     2    0.01                           net13 (net)
                  0.15    0.00    2.15 ^ fanout71/A (sky130_fd_sc_hd__buf_2)
                  0.14    0.20    2.35 ^ fanout71/X (sky130_fd_sc_hd__buf_2)
     5    0.03                           net71 (net)
                  0.14    0.00    2.35 ^ fanout67/A (sky130_fd_sc_hd__buf_2)
                  0.10    0.17    2.53 ^ fanout67/X (sky130_fd_sc_hd__buf_2)
     7    0.02                           net67 (net)
                  0.10    0.00    2.53 ^ _1062_/RESET_B (sky130_fd_sc_hd__dfrtp_1)
                                  2.53   data arrival time

                          0.00    0.00   clock clk (rise edge)
                          0.00    0.00   clock source latency
                  0.15    0.11    0.11 ^ clk (in)
     1    0.03                           clk (net)
                  0.15    0.00    0.11 ^ clkbuf_0_clk/A (sky130_fd_sc_hd__clkbuf_16)
                  0.09    0.21    0.32 ^ clkbuf_0_clk/X (sky130_fd_sc_hd__clkbuf_16)
    16    0.07                           clknet_0_clk (net)
                  0.09    0.00    0.32 ^ clkbuf_4_11_0_clk/A (sky130_fd_sc_hd__clkbuf_8)
                  0.07    0.17    0.49 ^ clkbuf_4_11_0_clk/X (sky130_fd_sc_hd__clkbuf_8)
    10    0.03                           clknet_4_11_0_clk (net)
                  0.07    0.00    0.49 ^ _1062_/CLK (sky130_fd_sc_hd__dfrtp_1)
                          0.25    0.74   clock uncertainty
                          0.00    0.74   clock reconvergence pessimism
                          0.34    1.08   library removal time
                                  1.08   data required time
-----------------------------------------------------------------------------
                                  1.08   data required time
                                 -2.53   data arrival time
-----------------------------------------------------------------------------
                                  1.44   slack (MET)


Startpoint: rst_n (input port clocked by clk)
Endpoint: _1071_ (removal check against rising-edge clock clk)
Path Group: asynchronous
Path Type: min

Fanout     Cap    Slew   Delay    Time   Description
-----------------------------------------------------------------------------
                          0.00    0.00   clock clk (rise edge)
                          0.00    0.00   clock network delay (propagated)
                          2.00    2.00 ^ input external delay
                  0.02    0.01    2.01 ^ rst_n (in)
     1    0.00                           rst_n (net)
                  0.02    0.00    2.01 ^ input13/A (sky130_fd_sc_hd__buf_1)
                  0.15    0.14    2.15 ^ input13/X (sky130_fd_sc_hd__buf_1)
     2    0.01                           net13 (net)
                  0.15    0.00    2.15 ^ fanout62/A (sky130_fd_sc_hd__clkbuf_2)
                  0.13    0.19    2.34 ^ fanout62/X (sky130_fd_sc_hd__clkbuf_2)
     5    0.02                           net62 (net)
                  0.13    0.00    2.34 ^ fanout59/A (sky130_fd_sc_hd__buf_2)
                  0.13    0.19    2.53 ^ fanout59/X (sky130_fd_sc_hd__buf_2)
     7    0.02                           net59 (net)
                  0.13    0.00    2.53 ^ _1071_/RESET_B (sky130_fd_sc_hd__dfrtp_1)
                                  2.53   data arrival time

                          0.00    0.00   clock clk (rise edge)
                          0.00    0.00   clock source latency
                  0.15    0.11    0.11 ^ clk (in)
     1    0.03                           clk (net)
                  0.15    0.00    0.11 ^ clkbuf_0_clk/A (sky130_fd_sc_hd__clkbuf_16)
                  0.09    0.21    0.32 ^ clkbuf_0_clk/X (sky130_fd_sc_hd__clkbuf_16)
    16    0.07                           clknet_0_clk (net)
                  0.09    0.00    0.32 ^ clkbuf_4_5_0_clk/A (sky130_fd_sc_hd__clkbuf_8)
                  0.06    0.16    0.49 ^ clkbuf_4_5_0_clk/X (sky130_fd_sc_hd__clkbuf_8)
     9    0.03                           clknet_4_5_0_clk (net)
                  0.06    0.00    0.49 ^ _1071_/CLK (sky130_fd_sc_hd__dfrtp_1)
                          0.25    0.74   clock uncertainty
                          0.00    0.74   clock reconvergence pessimism
                          0.35    1.08   library removal time
                                  1.08   data required time
-----------------------------------------------------------------------------
                                  1.08   data required time
                                 -2.53   data arrival time
-----------------------------------------------------------------------------
                                  1.45   slack (MET)


Startpoint: rst_n (input port clocked by clk)
Endpoint: _1069_ (removal check against rising-edge clock clk)
Path Group: asynchronous
Path Type: min

Fanout     Cap    Slew   Delay    Time   Description
-----------------------------------------------------------------------------
                          0.00    0.00   clock clk (rise edge)
                          0.00    0.00   clock network delay (propagated)
                          2.00    2.00 ^ input external delay
                  0.02    0.01    2.01 ^ rst_n (in)
     1    0.00                           rst_n (net)
                  0.02    0.00    2.01 ^ input13/A (sky130_fd_sc_hd__buf_1)
                  0.15    0.14    2.15 ^ input13/X (sky130_fd_sc_hd__buf_1)
     2    0.01                           net13 (net)
                  0.15    0.00    2.15 ^ fanout62/A (sky130_fd_sc_hd__clkbuf_2)
                  0.13    0.19    2.34 ^ fanout62/X (sky130_fd_sc_hd__clkbuf_2)
     5    0.02                           net62 (net)
                  0.13    0.00    2.34 ^ fanout59/A (sky130_fd_sc_hd__buf_2)
                  0.13    0.19    2.53 ^ fanout59/X (sky130_fd_sc_hd__buf_2)
     7    0.02                           net59 (net)
                  0.13    0.00    2.53 ^ _1069_/RESET_B (sky130_fd_sc_hd__dfrtp_1)
                                  2.53   data arrival time

                          0.00    0.00   clock clk (rise edge)
                          0.00    0.00   clock source latency
                  0.15    0.11    0.11 ^ clk (in)
     1    0.03                           clk (net)
                  0.15    0.00    0.11 ^ clkbuf_0_clk/A (sky130_fd_sc_hd__clkbuf_16)
                  0.09    0.21    0.32 ^ clkbuf_0_clk/X (sky130_fd_sc_hd__clkbuf_16)
    16    0.07                           clknet_0_clk (net)
                  0.09    0.00    0.32 ^ clkbuf_4_5_0_clk/A (sky130_fd_sc_hd__clkbuf_8)
                  0.06    0.16    0.49 ^ clkbuf_4_5_0_clk/X (sky130_fd_sc_hd__clkbuf_8)
     9    0.03                           clknet_4_5_0_clk (net)
                  0.06    0.00    0.49 ^ _1069_/CLK (sky130_fd_sc_hd__dfrtp_1)
                          0.25    0.74   clock uncertainty
                          0.00    0.74   clock reconvergence pessimism
                          0.35    1.08   library removal time
                                  1.08   data required time
-----------------------------------------------------------------------------
                                  1.08   data required time
                                 -2.53   data arrival time
-----------------------------------------------------------------------------
                                  1.45   slack (MET)


Startpoint: rst_n (input port clocked by clk)
Endpoint: _1070_ (removal check against rising-edge clock clk)
Path Group: asynchronous
Path Type: min

Fanout     Cap    Slew   Delay    Time   Description
-----------------------------------------------------------------------------
                          0.00    0.00   clock clk (rise edge)
                          0.00    0.00   clock network delay (propagated)
                          2.00    2.00 ^ input external delay
                  0.02    0.01    2.01 ^ rst_n (in)
     1    0.00                           rst_n (net)
                  0.02    0.00    2.01 ^ input13/A (sky130_fd_sc_hd__buf_1)
                  0.15    0.14    2.15 ^ input13/X (sky130_fd_sc_hd__buf_1)
     2    0.01                           net13 (net)
                  0.15    0.00    2.15 ^ fanout62/A (sky130_fd_sc_hd__clkbuf_2)
                  0.13    0.19    2.34 ^ fanout62/X (sky130_fd_sc_hd__clkbuf_2)
     5    0.02                           net62 (net)
                  0.13    0.00    2.34 ^ fanout59/A (sky130_fd_sc_hd__buf_2)
                  0.13    0.19    2.53 ^ fanout59/X (sky130_fd_sc_hd__buf_2)
     7    0.02                           net59 (net)
                  0.13    0.00    2.53 ^ _1070_/RESET_B (sky130_fd_sc_hd__dfrtp_1)
                                  2.53   data arrival time

                          0.00    0.00   clock clk (rise edge)
                          0.00    0.00   clock source latency
                  0.15    0.11    0.11 ^ clk (in)
     1    0.03                           clk (net)
                  0.15    0.00    0.11 ^ clkbuf_0_clk/A (sky130_fd_sc_hd__clkbuf_16)
                  0.09    0.21    0.32 ^ clkbuf_0_clk/X (sky130_fd_sc_hd__clkbuf_16)
    16    0.07                           clknet_0_clk (net)
                  0.09    0.00    0.32 ^ clkbuf_4_5_0_clk/A (sky130_fd_sc_hd__clkbuf_8)
                  0.06    0.16    0.49 ^ clkbuf_4_5_0_clk/X (sky130_fd_sc_hd__clkbuf_8)
     9    0.03                           clknet_4_5_0_clk (net)
                  0.06    0.00    0.49 ^ _1070_/CLK (sky130_fd_sc_hd__dfrtp_1)
                          0.25    0.74   clock uncertainty
                          0.00    0.74   clock reconvergence pessimism
                          0.35    1.08   library removal time
                                  1.08   data required time
-----------------------------------------------------------------------------
                                  1.08   data required time
                                 -2.53   data arrival time
-----------------------------------------------------------------------------
                                  1.45   slack (MET)


Startpoint: rst_n (input port clocked by clk)
Endpoint: _1188_ (removal check against rising-edge clock clk)
Path Group: asynchronous
Path Type: min

Fanout     Cap    Slew   Delay    Time   Description
-----------------------------------------------------------------------------
                          0.00    0.00   clock clk (rise edge)
                          0.00    0.00   clock network delay (propagated)
                          2.00    2.00 ^ input external delay
                  0.02    0.01    2.01 ^ rst_n (in)
     1    0.00                           rst_n (net)
                  0.02    0.00    2.01 ^ input13/A (sky130_fd_sc_hd__buf_1)
                  0.15    0.14    2.15 ^ input13/X (sky130_fd_sc_hd__buf_1)
     2    0.01                           net13 (net)
                  0.15    0.00    2.15 ^ fanout62/A (sky130_fd_sc_hd__clkbuf_2)
                  0.13    0.19    2.34 ^ fanout62/X (sky130_fd_sc_hd__clkbuf_2)
     5    0.02                           net62 (net)
                  0.13    0.00    2.34 ^ fanout59/A (sky130_fd_sc_hd__buf_2)
                  0.13    0.19    2.53 ^ fanout59/X (sky130_fd_sc_hd__buf_2)
     7    0.02                           net59 (net)
                  0.13    0.00    2.53 ^ _1188_/RESET_B (sky130_fd_sc_hd__dfrtp_1)
                                  2.53   data arrival time

                          0.00    0.00   clock clk (rise edge)
                          0.00    0.00   clock source latency
                  0.15    0.11    0.11 ^ clk (in)
     1    0.03                           clk (net)
                  0.15    0.00    0.11 ^ clkbuf_0_clk/A (sky130_fd_sc_hd__clkbuf_16)
                  0.09    0.21    0.32 ^ clkbuf_0_clk/X (sky130_fd_sc_hd__clkbuf_16)
    16    0.07                           clknet_0_clk (net)
                  0.09    0.00    0.32 ^ clkbuf_4_5_0_clk/A (sky130_fd_sc_hd__clkbuf_8)
                  0.06    0.16    0.49 ^ clkbuf_4_5_0_clk/X (sky130_fd_sc_hd__clkbuf_8)
     9    0.03                           clknet_4_5_0_clk (net)
                  0.06    0.00    0.49 ^ _1188_/CLK (sky130_fd_sc_hd__dfrtp_1)
                          0.25    0.74   clock uncertainty
                          0.00    0.74   clock reconvergence pessimism
                          0.35    1.08   library removal time
                                  1.08   data required time
-----------------------------------------------------------------------------
                                  1.08   data required time
                                 -2.53   data arrival time
-----------------------------------------------------------------------------
                                  1.45   slack (MET)


Startpoint: rst_n (input port clocked by clk)
Endpoint: _1167_ (removal check against rising-edge clock clk)
Path Group: asynchronous
Path Type: min

Fanout     Cap    Slew   Delay    Time   Description
-----------------------------------------------------------------------------
                          0.00    0.00   clock clk (rise edge)
                          0.00    0.00   clock network delay (propagated)
                          2.00    2.00 ^ input external delay
                  0.02    0.01    2.01 ^ rst_n (in)
     1    0.00                           rst_n (net)
                  0.02    0.00    2.01 ^ input13/A (sky130_fd_sc_hd__buf_1)
                  0.15    0.14    2.15 ^ input13/X (sky130_fd_sc_hd__buf_1)
     2    0.01                           net13 (net)
                  0.15    0.00    2.15 ^ fanout62/A (sky130_fd_sc_hd__clkbuf_2)
                  0.13    0.19    2.34 ^ fanout62/X (sky130_fd_sc_hd__clkbuf_2)
     5    0.02                           net62 (net)
                  0.13    0.00    2.34 ^ fanout59/A (sky130_fd_sc_hd__buf_2)
                  0.13    0.19    2.53 ^ fanout59/X (sky130_fd_sc_hd__buf_2)
     7    0.02                           net59 (net)
                  0.13    0.00    2.53 ^ _1167_/RESET_B (sky130_fd_sc_hd__dfrtp_1)
                                  2.53   data arrival time

                          0.00    0.00   clock clk (rise edge)
                          0.00    0.00   clock source latency
                  0.15    0.11    0.11 ^ clk (in)
     1    0.03                           clk (net)
                  0.15    0.00    0.11 ^ clkbuf_0_clk/A (sky130_fd_sc_hd__clkbuf_16)
                  0.09    0.21    0.32 ^ clkbuf_0_clk/X (sky130_fd_sc_hd__clkbuf_16)
    16    0.07                           clknet_0_clk (net)
                  0.09    0.00    0.32 ^ clkbuf_4_5_0_clk/A (sky130_fd_sc_hd__clkbuf_8)
                  0.06    0.16    0.49 ^ clkbuf_4_5_0_clk/X (sky130_fd_sc_hd__clkbuf_8)
     9    0.03                           clknet_4_5_0_clk (net)
                  0.06    0.00    0.49 ^ _1167_/CLK (sky130_fd_sc_hd__dfrtp_1)
                          0.25    0.74   clock uncertainty
                          0.00    0.74   clock reconvergence pessimism
                          0.35    1.08   library removal time
                                  1.08   data required time
-----------------------------------------------------------------------------
                                  1.08   data required time
                                 -2.53   data arrival time
-----------------------------------------------------------------------------
                                  1.45   slack (MET)


Startpoint: rst_n (input port clocked by clk)
Endpoint: _1068_ (removal check against rising-edge clock clk)
Path Group: asynchronous
Path Type: min

Fanout     Cap    Slew   Delay    Time   Description
-----------------------------------------------------------------------------
                          0.00    0.00   clock clk (rise edge)
                          0.00    0.00   clock network delay (propagated)
                          2.00    2.00 ^ input external delay
                  0.02    0.01    2.01 ^ rst_n (in)
     1    0.00                           rst_n (net)
                  0.02    0.00    2.01 ^ input13/A (sky130_fd_sc_hd__buf_1)
                  0.15    0.14    2.15 ^ input13/X (sky130_fd_sc_hd__buf_1)
     2    0.01                           net13 (net)
                  0.15    0.00    2.15 ^ fanout62/A (sky130_fd_sc_hd__clkbuf_2)
                  0.13    0.19    2.34 ^ fanout62/X (sky130_fd_sc_hd__clkbuf_2)
     5    0.02                           net62 (net)
                  0.13    0.00    2.34 ^ fanout59/A (sky130_fd_sc_hd__buf_2)
                  0.13    0.19    2.53 ^ fanout59/X (sky130_fd_sc_hd__buf_2)
     7    0.02                           net59 (net)
                  0.13    0.00    2.53 ^ _1068_/RESET_B (sky130_fd_sc_hd__dfrtp_2)
                                  2.53   data arrival time

                          0.00    0.00   clock clk (rise edge)
                          0.00    0.00   clock source latency
                  0.15    0.11    0.11 ^ clk (in)
     1    0.03                           clk (net)
                  0.15    0.00    0.11 ^ clkbuf_0_clk/A (sky130_fd_sc_hd__clkbuf_16)
                  0.09    0.21    0.32 ^ clkbuf_0_clk/X (sky130_fd_sc_hd__clkbuf_16)
    16    0.07                           clknet_0_clk (net)
                  0.09    0.00    0.32 ^ clkbuf_4_5_0_clk/A (sky130_fd_sc_hd__clkbuf_8)
                  0.06    0.16    0.49 ^ clkbuf_4_5_0_clk/X (sky130_fd_sc_hd__clkbuf_8)
     9    0.03                           clknet_4_5_0_clk (net)
                  0.06    0.00    0.49 ^ _1068_/CLK (sky130_fd_sc_hd__dfrtp_2)
                          0.25    0.74   clock uncertainty
                          0.00    0.74   clock reconvergence pessimism
                          0.35    1.08   library removal time
                                  1.08   data required time
-----------------------------------------------------------------------------
                                  1.08   data required time
                                 -2.53   data arrival time
-----------------------------------------------------------------------------
                                  1.45   slack (MET)


Startpoint: rst_n (input port clocked by clk)
Endpoint: _1177_ (removal check against rising-edge clock clk)
Path Group: asynchronous
Path Type: min

Fanout     Cap    Slew   Delay    Time   Description
-----------------------------------------------------------------------------
                          0.00    0.00   clock clk (rise edge)
                          0.00    0.00   clock network delay (propagated)
                          2.00    2.00 ^ input external delay
                  0.02    0.01    2.01 ^ rst_n (in)
     1    0.00                           rst_n (net)
                  0.02    0.00    2.01 ^ input13/A (sky130_fd_sc_hd__buf_1)
                  0.15    0.14    2.15 ^ input13/X (sky130_fd_sc_hd__buf_1)
     2    0.01                           net13 (net)
                  0.15    0.00    2.15 ^ fanout62/A (sky130_fd_sc_hd__clkbuf_2)
                  0.13    0.19    2.34 ^ fanout62/X (sky130_fd_sc_hd__clkbuf_2)
     5    0.02                           net62 (net)
                  0.13    0.00    2.34 ^ fanout57/A (sky130_fd_sc_hd__buf_2)
                  0.10    0.17    2.51 ^ fanout57/X (sky130_fd_sc_hd__buf_2)
     6    0.02                           net57 (net)
                  0.10    0.00    2.51 ^ _1177_/RESET_B (sky130_fd_sc_hd__dfrtp_1)
                                  2.51   data arrival time

                          0.00    0.00   clock clk (rise edge)
                          0.00    0.00   clock source latency
                  0.15    0.11    0.11 ^ clk (in)
     1    0.03                           clk (net)
                  0.15    0.00    0.11 ^ clkbuf_0_clk/A (sky130_fd_sc_hd__clkbuf_16)
                  0.09    0.21    0.32 ^ clkbuf_0_clk/X (sky130_fd_sc_hd__clkbuf_16)
    16    0.07                           clknet_0_clk (net)
                  0.09    0.00    0.32 ^ clkbuf_4_8_0_clk/A (sky130_fd_sc_hd__clkbuf_8)
                  0.05    0.15    0.47 ^ clkbuf_4_8_0_clk/X (sky130_fd_sc_hd__clkbuf_8)
     9    0.02                           clknet_4_8_0_clk (net)
                  0.05    0.00    0.47 ^ _1177_/CLK (sky130_fd_sc_hd__dfrtp_1)
                          0.25    0.72   clock uncertainty
                          0.00    0.72   clock reconvergence pessimism
                          0.34    1.06   library removal time
                                  1.06   data required time
-----------------------------------------------------------------------------
                                  1.06   data required time
                                 -2.51   data arrival time
-----------------------------------------------------------------------------
                                  1.45   slack (MET)


Startpoint: rst_n (input port clocked by clk)
Endpoint: _1087_ (removal check against rising-edge clock clk)
Path Group: asynchronous
Path Type: min

Fanout     Cap    Slew   Delay    Time   Description
-----------------------------------------------------------------------------
                          0.00    0.00   clock clk (rise edge)
                          0.00    0.00   clock network delay (propagated)
                          2.00    2.00 ^ input external delay
                  0.02    0.01    2.01 ^ rst_n (in)
     1    0.00                           rst_n (net)
                  0.02    0.00    2.01 ^ input13/A (sky130_fd_sc_hd__buf_1)
                  0.15    0.14    2.15 ^ input13/X (sky130_fd_sc_hd__buf_1)
     2    0.01                           net13 (net)
                  0.15    0.00    2.15 ^ fanout62/A (sky130_fd_sc_hd__clkbuf_2)
                  0.13    0.19    2.34 ^ fanout62/X (sky130_fd_sc_hd__clkbuf_2)
     5    0.02                           net62 (net)
                  0.13    0.00    2.34 ^ fanout61/A (sky130_fd_sc_hd__clkbuf_4)
                  0.11    0.20    2.55 ^ fanout61/X (sky130_fd_sc_hd__clkbuf_4)
     9    0.03                           net61 (net)
                  0.11    0.00    2.55 ^ _1087_/RESET_B (sky130_fd_sc_hd__dfrtp_1)
                                  2.55   data arrival time

                          0.00    0.00   clock clk (rise edge)
                          0.00    0.00   clock source latency
                  0.15    0.11    0.11 ^ clk (in)
     1    0.03                           clk (net)
                  0.15    0.00    0.11 ^ clkbuf_0_clk/A (sky130_fd_sc_hd__clkbuf_16)
                  0.09    0.21    0.32 ^ clkbuf_0_clk/X (sky130_fd_sc_hd__clkbuf_16)
    16    0.07                           clknet_0_clk (net)
                  0.09    0.00    0.32 ^ clkbuf_4_7_0_clk/A (sky130_fd_sc_hd__clkbuf_8)
                  0.07    0.17    0.50 ^ clkbuf_4_7_0_clk/X (sky130_fd_sc_hd__clkbuf_8)
    12    0.03                           clknet_4_7_0_clk (net)
                  0.07    0.00    0.50 ^ _1087_/CLK (sky130_fd_sc_hd__dfrtp_1)
                          0.25    0.75   clock uncertainty
                          0.00    0.75   clock reconvergence pessimism
                          0.35    1.09   library removal time
                                  1.09   data required time
-----------------------------------------------------------------------------
                                  1.09   data required time
                                 -2.55   data arrival time
-----------------------------------------------------------------------------
                                  1.45   slack (MET)


Startpoint: rst_n (input port clocked by clk)
Endpoint: _1088_ (removal check against rising-edge clock clk)
Path Group: asynchronous
Path Type: min

Fanout     Cap    Slew   Delay    Time   Description
-----------------------------------------------------------------------------
                          0.00    0.00   clock clk (rise edge)
                          0.00    0.00   clock network delay (propagated)
                          2.00    2.00 ^ input external delay
                  0.02    0.01    2.01 ^ rst_n (in)
     1    0.00                           rst_n (net)
                  0.02    0.00    2.01 ^ input13/A (sky130_fd_sc_hd__buf_1)
                  0.15    0.14    2.15 ^ input13/X (sky130_fd_sc_hd__buf_1)
     2    0.01                           net13 (net)
                  0.15    0.00    2.15 ^ fanout62/A (sky130_fd_sc_hd__clkbuf_2)
                  0.13    0.19    2.34 ^ fanout62/X (sky130_fd_sc_hd__clkbuf_2)
     5    0.02                           net62 (net)
                  0.13    0.00    2.34 ^ fanout61/A (sky130_fd_sc_hd__clkbuf_4)
                  0.11    0.20    2.55 ^ fanout61/X (sky130_fd_sc_hd__clkbuf_4)
     9    0.03                           net61 (net)
                  0.11    0.00    2.55 ^ _1088_/RESET_B (sky130_fd_sc_hd__dfrtp_1)
                                  2.55   data arrival time

                          0.00    0.00   clock clk (rise edge)
                          0.00    0.00   clock source latency
                  0.15    0.11    0.11 ^ clk (in)
     1    0.03                           clk (net)
                  0.15    0.00    0.11 ^ clkbuf_0_clk/A (sky130_fd_sc_hd__clkbuf_16)
                  0.09    0.21    0.32 ^ clkbuf_0_clk/X (sky130_fd_sc_hd__clkbuf_16)
    16    0.07                           clknet_0_clk (net)
                  0.09    0.00    0.32 ^ clkbuf_4_7_0_clk/A (sky130_fd_sc_hd__clkbuf_8)
                  0.07    0.17    0.50 ^ clkbuf_4_7_0_clk/X (sky130_fd_sc_hd__clkbuf_8)
    12    0.03                           clknet_4_7_0_clk (net)
                  0.07    0.00    0.50 ^ _1088_/CLK (sky130_fd_sc_hd__dfrtp_1)
                          0.25    0.75   clock uncertainty
                          0.00    0.75   clock reconvergence pessimism
                          0.35    1.09   library removal time
                                  1.09   data required time
-----------------------------------------------------------------------------
                                  1.09   data required time
                                 -2.55   data arrival time
-----------------------------------------------------------------------------
                                  1.45   slack (MET)


Startpoint: rst_n (input port clocked by clk)
Endpoint: _1090_ (removal check against rising-edge clock clk)
Path Group: asynchronous
Path Type: min

Fanout     Cap    Slew   Delay    Time   Description
-----------------------------------------------------------------------------
                          0.00    0.00   clock clk (rise edge)
                          0.00    0.00   clock network delay (propagated)
                          2.00    2.00 ^ input external delay
                  0.02    0.01    2.01 ^ rst_n (in)
     1    0.00                           rst_n (net)
                  0.02    0.00    2.01 ^ input13/A (sky130_fd_sc_hd__buf_1)
                  0.15    0.14    2.15 ^ input13/X (sky130_fd_sc_hd__buf_1)
     2    0.01                           net13 (net)
                  0.15    0.00    2.15 ^ fanout62/A (sky130_fd_sc_hd__clkbuf_2)
                  0.13    0.19    2.34 ^ fanout62/X (sky130_fd_sc_hd__clkbuf_2)
     5    0.02                           net62 (net)
                  0.13    0.00    2.34 ^ fanout61/A (sky130_fd_sc_hd__clkbuf_4)
                  0.11    0.20    2.55 ^ fanout61/X (sky130_fd_sc_hd__clkbuf_4)
     9    0.03                           net61 (net)
                  0.11    0.00    2.55 ^ _1090_/RESET_B (sky130_fd_sc_hd__dfrtp_1)
                                  2.55   data arrival time

                          0.00    0.00   clock clk (rise edge)
                          0.00    0.00   clock source latency
                  0.15    0.11    0.11 ^ clk (in)
     1    0.03                           clk (net)
                  0.15    0.00    0.11 ^ clkbuf_0_clk/A (sky130_fd_sc_hd__clkbuf_16)
                  0.09    0.21    0.32 ^ clkbuf_0_clk/X (sky130_fd_sc_hd__clkbuf_16)
    16    0.07                           clknet_0_clk (net)
                  0.09    0.00    0.32 ^ clkbuf_4_7_0_clk/A (sky130_fd_sc_hd__clkbuf_8)
                  0.07    0.17    0.50 ^ clkbuf_4_7_0_clk/X (sky130_fd_sc_hd__clkbuf_8)
    12    0.03                           clknet_4_7_0_clk (net)
                  0.07    0.00    0.50 ^ _1090_/CLK (sky130_fd_sc_hd__dfrtp_1)
                          0.25    0.75   clock uncertainty
                          0.00    0.75   clock reconvergence pessimism
                          0.35    1.09   library removal time
                                  1.09   data required time
-----------------------------------------------------------------------------
                                  1.09   data required time
                                 -2.55   data arrival time
-----------------------------------------------------------------------------
                                  1.45   slack (MET)


Startpoint: rst_n (input port clocked by clk)
Endpoint: _1089_ (removal check against rising-edge clock clk)
Path Group: asynchronous
Path Type: min

Fanout     Cap    Slew   Delay    Time   Description
-----------------------------------------------------------------------------
                          0.00    0.00   clock clk (rise edge)
                          0.00    0.00   clock network delay (propagated)
                          2.00    2.00 ^ input external delay
                  0.02    0.01    2.01 ^ rst_n (in)
     1    0.00                           rst_n (net)
                  0.02    0.00    2.01 ^ input13/A (sky130_fd_sc_hd__buf_1)
                  0.15    0.14    2.15 ^ input13/X (sky130_fd_sc_hd__buf_1)
     2    0.01                           net13 (net)
                  0.15    0.00    2.15 ^ fanout62/A (sky130_fd_sc_hd__clkbuf_2)
                  0.13    0.19    2.34 ^ fanout62/X (sky130_fd_sc_hd__clkbuf_2)
     5    0.02                           net62 (net)
                  0.13    0.00    2.34 ^ fanout61/A (sky130_fd_sc_hd__clkbuf_4)
                  0.11    0.20    2.55 ^ fanout61/X (sky130_fd_sc_hd__clkbuf_4)
     9    0.03                           net61 (net)
                  0.11    0.00    2.55 ^ _1089_/RESET_B (sky130_fd_sc_hd__dfrtp_1)
                                  2.55   data arrival time

                          0.00    0.00   clock clk (rise edge)
                          0.00    0.00   clock source latency
                  0.15    0.11    0.11 ^ clk (in)
     1    0.03                           clk (net)
                  0.15    0.00    0.11 ^ clkbuf_0_clk/A (sky130_fd_sc_hd__clkbuf_16)
                  0.09    0.21    0.32 ^ clkbuf_0_clk/X (sky130_fd_sc_hd__clkbuf_16)
    16    0.07                           clknet_0_clk (net)
                  0.09    0.00    0.32 ^ clkbuf_4_7_0_clk/A (sky130_fd_sc_hd__clkbuf_8)
                  0.07    0.17    0.50 ^ clkbuf_4_7_0_clk/X (sky130_fd_sc_hd__clkbuf_8)
    12    0.03                           clknet_4_7_0_clk (net)
                  0.07    0.00    0.50 ^ _1089_/CLK (sky130_fd_sc_hd__dfrtp_1)
                          0.25    0.75   clock uncertainty
                          0.00    0.75   clock reconvergence pessimism
                          0.35    1.09   library removal time
                                  1.09   data required time
-----------------------------------------------------------------------------
                                  1.09   data required time
                                 -2.55   data arrival time
-----------------------------------------------------------------------------
                                  1.45   slack (MET)


Startpoint: rst_n (input port clocked by clk)
Endpoint: _1091_ (removal check against rising-edge clock clk)
Path Group: asynchronous
Path Type: min

Fanout     Cap    Slew   Delay    Time   Description
-----------------------------------------------------------------------------
                          0.00    0.00   clock clk (rise edge)
                          0.00    0.00   clock network delay (propagated)
                          2.00    2.00 ^ input external delay
                  0.02    0.01    2.01 ^ rst_n (in)
     1    0.00                           rst_n (net)
                  0.02    0.00    2.01 ^ input13/A (sky130_fd_sc_hd__buf_1)
                  0.15    0.14    2.15 ^ input13/X (sky130_fd_sc_hd__buf_1)
     2    0.01                           net13 (net)
                  0.15    0.00    2.15 ^ fanout62/A (sky130_fd_sc_hd__clkbuf_2)
                  0.13    0.19    2.34 ^ fanout62/X (sky130_fd_sc_hd__clkbuf_2)
     5    0.02                           net62 (net)
                  0.13    0.00    2.34 ^ fanout61/A (sky130_fd_sc_hd__clkbuf_4)
                  0.11    0.20    2.55 ^ fanout61/X (sky130_fd_sc_hd__clkbuf_4)
     9    0.03                           net61 (net)
                  0.11    0.00    2.55 ^ _1091_/RESET_B (sky130_fd_sc_hd__dfrtp_2)
                                  2.55   data arrival time

                          0.00    0.00   clock clk (rise edge)
                          0.00    0.00   clock source latency
                  0.15    0.11    0.11 ^ clk (in)
     1    0.03                           clk (net)
                  0.15    0.00    0.11 ^ clkbuf_0_clk/A (sky130_fd_sc_hd__clkbuf_16)
                  0.09    0.21    0.32 ^ clkbuf_0_clk/X (sky130_fd_sc_hd__clkbuf_16)
    16    0.07                           clknet_0_clk (net)
                  0.09    0.00    0.32 ^ clkbuf_4_7_0_clk/A (sky130_fd_sc_hd__clkbuf_8)
                  0.07    0.17    0.50 ^ clkbuf_4_7_0_clk/X (sky130_fd_sc_hd__clkbuf_8)
    12    0.03                           clknet_4_7_0_clk (net)
                  0.07    0.00    0.50 ^ _1091_/CLK (sky130_fd_sc_hd__dfrtp_2)
                          0.25    0.75   clock uncertainty
                          0.00    0.75   clock reconvergence pessimism
                          0.35    1.09   library removal time
                                  1.09   data required time
-----------------------------------------------------------------------------
                                  1.09   data required time
                                 -2.55   data arrival time
-----------------------------------------------------------------------------
                                  1.45   slack (MET)


Startpoint: rst_n (input port clocked by clk)
Endpoint: _1092_ (removal check against rising-edge clock clk)
Path Group: asynchronous
Path Type: min

Fanout     Cap    Slew   Delay    Time   Description
-----------------------------------------------------------------------------
                          0.00    0.00   clock clk (rise edge)
                          0.00    0.00   clock network delay (propagated)
                          2.00    2.00 ^ input external delay
                  0.02    0.01    2.01 ^ rst_n (in)
     1    0.00                           rst_n (net)
                  0.02    0.00    2.01 ^ input13/A (sky130_fd_sc_hd__buf_1)
                  0.15    0.14    2.15 ^ input13/X (sky130_fd_sc_hd__buf_1)
     2    0.01                           net13 (net)
                  0.15    0.00    2.15 ^ fanout62/A (sky130_fd_sc_hd__clkbuf_2)
                  0.13    0.19    2.34 ^ fanout62/X (sky130_fd_sc_hd__clkbuf_2)
     5    0.02                           net62 (net)
                  0.13    0.00    2.34 ^ fanout61/A (sky130_fd_sc_hd__clkbuf_4)
                  0.11    0.20    2.55 ^ fanout61/X (sky130_fd_sc_hd__clkbuf_4)
     9    0.03                           net61 (net)
                  0.11    0.00    2.55 ^ _1092_/RESET_B (sky130_fd_sc_hd__dfrtp_1)
                                  2.55   data arrival time

                          0.00    0.00   clock clk (rise edge)
                          0.00    0.00   clock source latency
                  0.15    0.11    0.11 ^ clk (in)
     1    0.03                           clk (net)
                  0.15    0.00    0.11 ^ clkbuf_0_clk/A (sky130_fd_sc_hd__clkbuf_16)
                  0.09    0.21    0.32 ^ clkbuf_0_clk/X (sky130_fd_sc_hd__clkbuf_16)
    16    0.07                           clknet_0_clk (net)
                  0.09    0.00    0.32 ^ clkbuf_4_7_0_clk/A (sky130_fd_sc_hd__clkbuf_8)
                  0.07    0.17    0.50 ^ clkbuf_4_7_0_clk/X (sky130_fd_sc_hd__clkbuf_8)
    12    0.03                           clknet_4_7_0_clk (net)
                  0.07    0.00    0.50 ^ _1092_/CLK (sky130_fd_sc_hd__dfrtp_1)
                          0.25    0.75   clock uncertainty
                          0.00    0.75   clock reconvergence pessimism
                          0.35    1.09   library removal time
                                  1.09   data required time
-----------------------------------------------------------------------------
                                  1.09   data required time
                                 -2.55   data arrival time
-----------------------------------------------------------------------------
                                  1.45   slack (MET)


Startpoint: rst_n (input port clocked by clk)
Endpoint: _1073_ (removal check against rising-edge clock clk)
Path Group: asynchronous
Path Type: min

Fanout     Cap    Slew   Delay    Time   Description
-----------------------------------------------------------------------------
                          0.00    0.00   clock clk (rise edge)
                          0.00    0.00   clock network delay (propagated)
                          2.00    2.00 ^ input external delay
                  0.02    0.01    2.01 ^ rst_n (in)
     1    0.00                           rst_n (net)
                  0.02    0.00    2.01 ^ input13/A (sky130_fd_sc_hd__buf_1)
                  0.15    0.14    2.15 ^ input13/X (sky130_fd_sc_hd__buf_1)
     2    0.01                           net13 (net)
                  0.15    0.00    2.15 ^ fanout62/A (sky130_fd_sc_hd__clkbuf_2)
                  0.13    0.19    2.34 ^ fanout62/X (sky130_fd_sc_hd__clkbuf_2)
     5    0.02                           net62 (net)
                  0.13    0.00    2.34 ^ fanout61/A (sky130_fd_sc_hd__clkbuf_4)
                  0.11    0.20    2.55 ^ fanout61/X (sky130_fd_sc_hd__clkbuf_4)
     9    0.03                           net61 (net)
                  0.11    0.00    2.55 ^ _1073_/RESET_B (sky130_fd_sc_hd__dfrtp_1)
                                  2.55   data arrival time

                          0.00    0.00   clock clk (rise edge)
                          0.00    0.00   clock source latency
                  0.15    0.11    0.11 ^ clk (in)
     1    0.03                           clk (net)
                  0.15    0.00    0.11 ^ clkbuf_0_clk/A (sky130_fd_sc_hd__clkbuf_16)
                  0.09    0.21    0.32 ^ clkbuf_0_clk/X (sky130_fd_sc_hd__clkbuf_16)
    16    0.07                           clknet_0_clk (net)
                  0.09    0.00    0.32 ^ clkbuf_4_7_0_clk/A (sky130_fd_sc_hd__clkbuf_8)
                  0.07    0.17    0.50 ^ clkbuf_4_7_0_clk/X (sky130_fd_sc_hd__clkbuf_8)
    12    0.03                           clknet_4_7_0_clk (net)
                  0.07    0.00    0.50 ^ _1073_/CLK (sky130_fd_sc_hd__dfrtp_1)
                          0.25    0.75   clock uncertainty
                          0.00    0.75   clock reconvergence pessimism
                          0.35    1.09   library removal time
                                  1.09   data required time
-----------------------------------------------------------------------------
                                  1.09   data required time
                                 -2.55   data arrival time
-----------------------------------------------------------------------------
                                  1.45   slack (MET)


Startpoint: rst_n (input port clocked by clk)
Endpoint: _1075_ (removal check against rising-edge clock clk)
Path Group: asynchronous
Path Type: min

Fanout     Cap    Slew   Delay    Time   Description
-----------------------------------------------------------------------------
                          0.00    0.00   clock clk (rise edge)
                          0.00    0.00   clock network delay (propagated)
                          2.00    2.00 ^ input external delay
                  0.02    0.01    2.01 ^ rst_n (in)
     1    0.00                           rst_n (net)
                  0.02    0.00    2.01 ^ input13/A (sky130_fd_sc_hd__buf_1)
                  0.15    0.14    2.15 ^ input13/X (sky130_fd_sc_hd__buf_1)
     2    0.01                           net13 (net)
                  0.15    0.00    2.15 ^ fanout62/A (sky130_fd_sc_hd__clkbuf_2)
                  0.13    0.19    2.34 ^ fanout62/X (sky130_fd_sc_hd__clkbuf_2)
     5    0.02                           net62 (net)
                  0.13    0.00    2.34 ^ fanout61/A (sky130_fd_sc_hd__clkbuf_4)
                  0.11    0.20    2.55 ^ fanout61/X (sky130_fd_sc_hd__clkbuf_4)
     9    0.03                           net61 (net)
                  0.11    0.00    2.55 ^ _1075_/RESET_B (sky130_fd_sc_hd__dfrtp_1)
                                  2.55   data arrival time

                          0.00    0.00   clock clk (rise edge)
                          0.00    0.00   clock source latency
                  0.15    0.11    0.11 ^ clk (in)
     1    0.03                           clk (net)
                  0.15    0.00    0.11 ^ clkbuf_0_clk/A (sky130_fd_sc_hd__clkbuf_16)
                  0.09    0.21    0.32 ^ clkbuf_0_clk/X (sky130_fd_sc_hd__clkbuf_16)
    16    0.07                           clknet_0_clk (net)
                  0.09    0.00    0.32 ^ clkbuf_4_7_0_clk/A (sky130_fd_sc_hd__clkbuf_8)
                  0.07    0.17    0.50 ^ clkbuf_4_7_0_clk/X (sky130_fd_sc_hd__clkbuf_8)
    12    0.03                           clknet_4_7_0_clk (net)
                  0.07    0.00    0.50 ^ _1075_/CLK (sky130_fd_sc_hd__dfrtp_1)
                          0.25    0.75   clock uncertainty
                          0.00    0.75   clock reconvergence pessimism
                          0.35    1.09   library removal time
                                  1.09   data required time
-----------------------------------------------------------------------------
                                  1.09   data required time
                                 -2.55   data arrival time
-----------------------------------------------------------------------------
                                  1.45   slack (MET)


Startpoint: rst_n (input port clocked by clk)
Endpoint: _1074_ (removal check against rising-edge clock clk)
Path Group: asynchronous
Path Type: min

Fanout     Cap    Slew   Delay    Time   Description
-----------------------------------------------------------------------------
                          0.00    0.00   clock clk (rise edge)
                          0.00    0.00   clock network delay (propagated)
                          2.00    2.00 ^ input external delay
                  0.02    0.01    2.01 ^ rst_n (in)
     1    0.00                           rst_n (net)
                  0.02    0.00    2.01 ^ input13/A (sky130_fd_sc_hd__buf_1)
                  0.15    0.14    2.15 ^ input13/X (sky130_fd_sc_hd__buf_1)
     2    0.01                           net13 (net)
                  0.15    0.00    2.15 ^ fanout62/A (sky130_fd_sc_hd__clkbuf_2)
                  0.13    0.19    2.34 ^ fanout62/X (sky130_fd_sc_hd__clkbuf_2)
     5    0.02                           net62 (net)
                  0.13    0.00    2.34 ^ fanout61/A (sky130_fd_sc_hd__clkbuf_4)
                  0.11    0.20    2.55 ^ fanout61/X (sky130_fd_sc_hd__clkbuf_4)
     9    0.03                           net61 (net)
                  0.11    0.00    2.55 ^ _1074_/RESET_B (sky130_fd_sc_hd__dfrtp_1)
                                  2.55   data arrival time

                          0.00    0.00   clock clk (rise edge)
                          0.00    0.00   clock source latency
                  0.15    0.11    0.11 ^ clk (in)
     1    0.03                           clk (net)
                  0.15    0.00    0.11 ^ clkbuf_0_clk/A (sky130_fd_sc_hd__clkbuf_16)
                  0.09    0.21    0.32 ^ clkbuf_0_clk/X (sky130_fd_sc_hd__clkbuf_16)
    16    0.07                           clknet_0_clk (net)
                  0.09    0.00    0.32 ^ clkbuf_4_7_0_clk/A (sky130_fd_sc_hd__clkbuf_8)
                  0.07    0.17    0.50 ^ clkbuf_4_7_0_clk/X (sky130_fd_sc_hd__clkbuf_8)
    12    0.03                           clknet_4_7_0_clk (net)
                  0.07    0.00    0.50 ^ _1074_/CLK (sky130_fd_sc_hd__dfrtp_1)
                          0.25    0.75   clock uncertainty
                          0.00    0.75   clock reconvergence pessimism
                          0.35    1.09   library removal time
                                  1.09   data required time
-----------------------------------------------------------------------------
                                  1.09   data required time
                                 -2.55   data arrival time
-----------------------------------------------------------------------------
                                  1.45   slack (MET)


Startpoint: rst_n (input port clocked by clk)
Endpoint: _1116_ (removal check against rising-edge clock clk)
Path Group: asynchronous
Path Type: min

Fanout     Cap    Slew   Delay    Time   Description
-----------------------------------------------------------------------------
                          0.00    0.00   clock clk (rise edge)
                          0.00    0.00   clock network delay (propagated)
                          2.00    2.00 ^ input external delay
                  0.02    0.01    2.01 ^ rst_n (in)
     1    0.00                           rst_n (net)
                  0.02    0.00    2.01 ^ input13/A (sky130_fd_sc_hd__buf_1)
                  0.15    0.14    2.15 ^ input13/X (sky130_fd_sc_hd__buf_1)
     2    0.01                           net13 (net)
                  0.15    0.00    2.15 ^ fanout71/A (sky130_fd_sc_hd__buf_2)
                  0.14    0.20    2.35 ^ fanout71/X (sky130_fd_sc_hd__buf_2)
     5    0.03                           net71 (net)
                  0.14    0.00    2.35 ^ fanout67/A (sky130_fd_sc_hd__buf_2)
                  0.10    0.17    2.53 ^ fanout67/X (sky130_fd_sc_hd__buf_2)
     7    0.02                           net67 (net)
                  0.10    0.00    2.53 ^ _1116_/RESET_B (sky130_fd_sc_hd__dfrtp_1)
                                  2.53   data arrival time

                          0.00    0.00   clock clk (rise edge)
                          0.00    0.00   clock source latency
                  0.15    0.11    0.11 ^ clk (in)
     1    0.03                           clk (net)
                  0.15    0.00    0.11 ^ clkbuf_0_clk/A (sky130_fd_sc_hd__clkbuf_16)
                  0.09    0.21    0.32 ^ clkbuf_0_clk/X (sky130_fd_sc_hd__clkbuf_16)
    16    0.07                           clknet_0_clk (net)
                  0.09    0.00    0.32 ^ clkbuf_4_10_0_clk/A (sky130_fd_sc_hd__clkbuf_8)
                  0.06    0.16    0.48 ^ clkbuf_4_10_0_clk/X (sky130_fd_sc_hd__clkbuf_8)
    12    0.02                           clknet_4_10_0_clk (net)
                  0.06    0.00    0.48 ^ _1116_/CLK (sky130_fd_sc_hd__dfrtp_1)
                          0.25    0.73   clock uncertainty
                          0.00    0.73   clock reconvergence pessimism
                          0.34    1.07   library removal time
                                  1.07   data required time
-----------------------------------------------------------------------------
                                  1.07   data required time
                                 -2.53   data arrival time
-----------------------------------------------------------------------------
                                  1.46   slack (MET)


Startpoint: rst_n (input port clocked by clk)
Endpoint: _1072_ (removal check against rising-edge clock clk)
Path Group: asynchronous
Path Type: min

Fanout     Cap    Slew   Delay    Time   Description
-----------------------------------------------------------------------------
                          0.00    0.00   clock clk (rise edge)
                          0.00    0.00   clock network delay (propagated)
                          2.00    2.00 ^ input external delay
                  0.02    0.01    2.01 ^ rst_n (in)
     1    0.00                           rst_n (net)
                  0.02    0.00    2.01 ^ input13/A (sky130_fd_sc_hd__buf_1)
                  0.15    0.14    2.15 ^ input13/X (sky130_fd_sc_hd__buf_1)
     2    0.01                           net13 (net)
                  0.15    0.00    2.15 ^ fanout62/A (sky130_fd_sc_hd__clkbuf_2)
                  0.13    0.19    2.34 ^ fanout62/X (sky130_fd_sc_hd__clkbuf_2)
     5    0.02                           net62 (net)
                  0.13    0.00    2.34 ^ fanout60/A (sky130_fd_sc_hd__clkbuf_4)
                  0.12    0.21    2.55 ^ fanout60/X (sky130_fd_sc_hd__clkbuf_4)
    10    0.04                           net60 (net)
                  0.12    0.00    2.55 ^ _1072_/RESET_B (sky130_fd_sc_hd__dfrtp_1)
                                  2.55   data arrival time

                          0.00    0.00   clock clk (rise edge)
                          0.00    0.00   clock source latency
                  0.15    0.11    0.11 ^ clk (in)
     1    0.03                           clk (net)
                  0.15    0.00    0.11 ^ clkbuf_0_clk/A (sky130_fd_sc_hd__clkbuf_16)
                  0.09    0.21    0.32 ^ clkbuf_0_clk/X (sky130_fd_sc_hd__clkbuf_16)
    16    0.07                           clknet_0_clk (net)
                  0.09    0.00    0.32 ^ clkbuf_4_7_0_clk/A (sky130_fd_sc_hd__clkbuf_8)
                  0.07    0.17    0.50 ^ clkbuf_4_7_0_clk/X (sky130_fd_sc_hd__clkbuf_8)
    12    0.03                           clknet_4_7_0_clk (net)
                  0.07    0.00    0.50 ^ _1072_/CLK (sky130_fd_sc_hd__dfrtp_1)
                          0.25    0.75   clock uncertainty
                          0.00    0.75   clock reconvergence pessimism
                          0.35    1.10   library removal time
                                  1.10   data required time
-----------------------------------------------------------------------------
                                  1.10   data required time
                                 -2.55   data arrival time
-----------------------------------------------------------------------------
                                  1.46   slack (MET)


Startpoint: ui_in[0] (input port clocked by clk)
Endpoint: _1192_ (rising edge-triggered flip-flop clocked by clk)
Path Group: clk
Path Type: min

Fanout     Cap    Slew   Delay    Time   Description
-----------------------------------------------------------------------------
                          0.00    0.00   clock clk (rise edge)
                          0.00    0.00   clock network delay (propagated)
                          2.00    2.00 v input external delay
                  0.01    0.00    2.00 v ui_in[0] (in)
     1    0.00                           ui_in[0] (net)
                  0.01    0.00    2.00 v input14/A (sky130_fd_sc_hd__clkbuf_2)
                  0.08    0.13    2.13 v input14/X (sky130_fd_sc_hd__clkbuf_2)
     1    0.02                           net14 (net)
                  0.08    0.00    2.13 v _1192_/D (sky130_fd_sc_hd__dfrtp_1)
                                  2.13   data arrival time

                          0.00    0.00   clock clk (rise edge)
                          0.00    0.00   clock source latency
                  0.15    0.11    0.11 ^ clk (in)
     1    0.03                           clk (net)
                  0.15    0.00    0.11 ^ clkbuf_0_clk/A (sky130_fd_sc_hd__clkbuf_16)
                  0.09    0.21    0.32 ^ clkbuf_0_clk/X (sky130_fd_sc_hd__clkbuf_16)
    16    0.07                           clknet_0_clk (net)
                  0.09    0.00    0.32 ^ clkbuf_4_15_0_clk/A (sky130_fd_sc_hd__clkbuf_8)
                  0.05    0.15    0.48 ^ clkbuf_4_15_0_clk/X (sky130_fd_sc_hd__clkbuf_8)
     6    0.02                           clknet_4_15_0_clk (net)
                  0.05    0.00    0.48 ^ _1192_/CLK (sky130_fd_sc_hd__dfrtp_1)
                          0.25    0.73   clock uncertainty
                          0.00    0.73   clock reconvergence pessimism
                         -0.06    0.67   library hold time
                                  0.67   data required time
-----------------------------------------------------------------------------
                                  0.67   data required time
                                 -2.13   data arrival time
-----------------------------------------------------------------------------
                                  1.46   slack (MET)


Startpoint: rst_n (input port clocked by clk)
Endpoint: _1111_ (removal check against rising-edge clock clk)
Path Group: asynchronous
Path Type: min

Fanout     Cap    Slew   Delay    Time   Description
-----------------------------------------------------------------------------
                          0.00    0.00   clock clk (rise edge)
                          0.00    0.00   clock network delay (propagated)
                          2.00    2.00 ^ input external delay
                  0.02    0.01    2.01 ^ rst_n (in)
     1    0.00                           rst_n (net)
                  0.02    0.00    2.01 ^ input13/A (sky130_fd_sc_hd__buf_1)
                  0.15    0.14    2.15 ^ input13/X (sky130_fd_sc_hd__buf_1)
     2    0.01                           net13 (net)
                  0.15    0.00    2.15 ^ fanout62/A (sky130_fd_sc_hd__clkbuf_2)
                  0.13    0.19    2.34 ^ fanout62/X (sky130_fd_sc_hd__clkbuf_2)
     5    0.02                           net62 (net)
                  0.13    0.00    2.34 ^ fanout60/A (sky130_fd_sc_hd__clkbuf_4)
                  0.12    0.21    2.55 ^ fanout60/X (sky130_fd_sc_hd__clkbuf_4)
    10    0.04                           net60 (net)
                  0.12    0.00    2.55 ^ _1111_/RESET_B (sky130_fd_sc_hd__dfrtp_1)
                                  2.55   data arrival time

                          0.00    0.00   clock clk (rise edge)
                          0.00    0.00   clock source latency
                  0.15    0.11    0.11 ^ clk (in)
     1    0.03                           clk (net)
                  0.15    0.00    0.11 ^ clkbuf_0_clk/A (sky130_fd_sc_hd__clkbuf_16)
                  0.09    0.21    0.32 ^ clkbuf_0_clk/X (sky130_fd_sc_hd__clkbuf_16)
    16    0.07                           clknet_0_clk (net)
                  0.09    0.00    0.32 ^ clkbuf_4_6_0_clk/A (sky130_fd_sc_hd__clkbuf_8)
                  0.06    0.16    0.48 ^ clkbuf_4_6_0_clk/X (sky130_fd_sc_hd__clkbuf_8)
     8    0.02                           clknet_4_6_0_clk (net)
                  0.06    0.00    0.48 ^ _1111_/CLK (sky130_fd_sc_hd__dfrtp_1)
                          0.25    0.73   clock uncertainty
                          0.00    0.73   clock reconvergence pessimism
                          0.34    1.08   library removal time
                                  1.08   data required time
-----------------------------------------------------------------------------
                                  1.08   data required time
                                 -2.55   data arrival time
-----------------------------------------------------------------------------
                                  1.48   slack (MET)


Startpoint: rst_n (input port clocked by clk)
Endpoint: _1106_ (removal check against rising-edge clock clk)
Path Group: asynchronous
Path Type: min

Fanout     Cap    Slew   Delay    Time   Description
-----------------------------------------------------------------------------
                          0.00    0.00   clock clk (rise edge)
                          0.00    0.00   clock network delay (propagated)
                          2.00    2.00 ^ input external delay
                  0.02    0.01    2.01 ^ rst_n (in)
     1    0.00                           rst_n (net)
                  0.02    0.00    2.01 ^ input13/A (sky130_fd_sc_hd__buf_1)
                  0.15    0.14    2.15 ^ input13/X (sky130_fd_sc_hd__buf_1)
     2    0.01                           net13 (net)
                  0.15    0.00    2.15 ^ fanout62/A (sky130_fd_sc_hd__clkbuf_2)
                  0.13    0.19    2.34 ^ fanout62/X (sky130_fd_sc_hd__clkbuf_2)
     5    0.02                           net62 (net)
                  0.13    0.00    2.34 ^ fanout60/A (sky130_fd_sc_hd__clkbuf_4)
                  0.12    0.21    2.55 ^ fanout60/X (sky130_fd_sc_hd__clkbuf_4)
    10    0.04                           net60 (net)
                  0.12    0.00    2.55 ^ _1106_/RESET_B (sky130_fd_sc_hd__dfrtp_1)
                                  2.55   data arrival time

                          0.00    0.00   clock clk (rise edge)
                          0.00    0.00   clock source latency
                  0.15    0.11    0.11 ^ clk (in)
     1    0.03                           clk (net)
                  0.15    0.00    0.11 ^ clkbuf_0_clk/A (sky130_fd_sc_hd__clkbuf_16)
                  0.09    0.21    0.32 ^ clkbuf_0_clk/X (sky130_fd_sc_hd__clkbuf_16)
    16    0.07                           clknet_0_clk (net)
                  0.09    0.00    0.32 ^ clkbuf_4_6_0_clk/A (sky130_fd_sc_hd__clkbuf_8)
                  0.06    0.16    0.48 ^ clkbuf_4_6_0_clk/X (sky130_fd_sc_hd__clkbuf_8)
     8    0.02                           clknet_4_6_0_clk (net)
                  0.06    0.00    0.48 ^ _1106_/CLK (sky130_fd_sc_hd__dfrtp_1)
                          0.25    0.73   clock uncertainty
                          0.00    0.73   clock reconvergence pessimism
                          0.34    1.08   library removal time
                                  1.08   data required time
-----------------------------------------------------------------------------
                                  1.08   data required time
                                 -2.55   data arrival time
-----------------------------------------------------------------------------
                                  1.48   slack (MET)


Startpoint: rst_n (input port clocked by clk)
Endpoint: _1171_ (removal check against rising-edge clock clk)
Path Group: asynchronous
Path Type: min

Fanout     Cap    Slew   Delay    Time   Description
-----------------------------------------------------------------------------
                          0.00    0.00   clock clk (rise edge)
                          0.00    0.00   clock network delay (propagated)
                          2.00    2.00 ^ input external delay
                  0.02    0.01    2.01 ^ rst_n (in)
     1    0.00                           rst_n (net)
                  0.02    0.00    2.01 ^ input13/A (sky130_fd_sc_hd__buf_1)
                  0.15    0.14    2.15 ^ input13/X (sky130_fd_sc_hd__buf_1)
     2    0.01                           net13 (net)
                  0.15    0.00    2.15 ^ fanout62/A (sky130_fd_sc_hd__clkbuf_2)
                  0.13    0.19    2.34 ^ fanout62/X (sky130_fd_sc_hd__clkbuf_2)
     5    0.02                           net62 (net)
                  0.13    0.00    2.34 ^ fanout60/A (sky130_fd_sc_hd__clkbuf_4)
                  0.12    0.21    2.55 ^ fanout60/X (sky130_fd_sc_hd__clkbuf_4)
    10    0.04                           net60 (net)
                  0.12    0.00    2.55 ^ _1171_/RESET_B (sky130_fd_sc_hd__dfrtp_1)
                                  2.55   data arrival time

                          0.00    0.00   clock clk (rise edge)
                          0.00    0.00   clock source latency
                  0.15    0.11    0.11 ^ clk (in)
     1    0.03                           clk (net)
                  0.15    0.00    0.11 ^ clkbuf_0_clk/A (sky130_fd_sc_hd__clkbuf_16)
                  0.09    0.21    0.32 ^ clkbuf_0_clk/X (sky130_fd_sc_hd__clkbuf_16)
    16    0.07                           clknet_0_clk (net)
                  0.09    0.00    0.32 ^ clkbuf_4_6_0_clk/A (sky130_fd_sc_hd__clkbuf_8)
                  0.06    0.16    0.48 ^ clkbuf_4_6_0_clk/X (sky130_fd_sc_hd__clkbuf_8)
     8    0.02                           clknet_4_6_0_clk (net)
                  0.06    0.00    0.48 ^ _1171_/CLK (sky130_fd_sc_hd__dfrtp_1)
                          0.25    0.73   clock uncertainty
                          0.00    0.73   clock reconvergence pessimism
                          0.34    1.08   library removal time
                                  1.08   data required time
-----------------------------------------------------------------------------
                                  1.08   data required time
                                 -2.55   data arrival time
-----------------------------------------------------------------------------
                                  1.48   slack (MET)


Startpoint: rst_n (input port clocked by clk)
Endpoint: _1104_ (removal check against rising-edge clock clk)
Path Group: asynchronous
Path Type: min

Fanout     Cap    Slew   Delay    Time   Description
-----------------------------------------------------------------------------
                          0.00    0.00   clock clk (rise edge)
                          0.00    0.00   clock network delay (propagated)
                          2.00    2.00 ^ input external delay
                  0.02    0.01    2.01 ^ rst_n (in)
     1    0.00                           rst_n (net)
                  0.02    0.00    2.01 ^ input13/A (sky130_fd_sc_hd__buf_1)
                  0.15    0.14    2.15 ^ input13/X (sky130_fd_sc_hd__buf_1)
     2    0.01                           net13 (net)
                  0.15    0.00    2.15 ^ fanout62/A (sky130_fd_sc_hd__clkbuf_2)
                  0.13    0.19    2.34 ^ fanout62/X (sky130_fd_sc_hd__clkbuf_2)
     5    0.02                           net62 (net)
                  0.13    0.00    2.34 ^ fanout60/A (sky130_fd_sc_hd__clkbuf_4)
                  0.12    0.21    2.55 ^ fanout60/X (sky130_fd_sc_hd__clkbuf_4)
    10    0.04                           net60 (net)
                  0.12    0.00    2.55 ^ _1104_/RESET_B (sky130_fd_sc_hd__dfrtp_1)
                                  2.55   data arrival time

                          0.00    0.00   clock clk (rise edge)
                          0.00    0.00   clock source latency
                  0.15    0.11    0.11 ^ clk (in)
     1    0.03                           clk (net)
                  0.15    0.00    0.11 ^ clkbuf_0_clk/A (sky130_fd_sc_hd__clkbuf_16)
                  0.09    0.21    0.32 ^ clkbuf_0_clk/X (sky130_fd_sc_hd__clkbuf_16)
    16    0.07                           clknet_0_clk (net)
                  0.09    0.00    0.32 ^ clkbuf_4_6_0_clk/A (sky130_fd_sc_hd__clkbuf_8)
                  0.06    0.16    0.48 ^ clkbuf_4_6_0_clk/X (sky130_fd_sc_hd__clkbuf_8)
     8    0.02                           clknet_4_6_0_clk (net)
                  0.06    0.00    0.48 ^ _1104_/CLK (sky130_fd_sc_hd__dfrtp_1)
                          0.25    0.73   clock uncertainty
                          0.00    0.73   clock reconvergence pessimism
                          0.34    1.08   library removal time
                                  1.08   data required time
-----------------------------------------------------------------------------
                                  1.08   data required time
                                 -2.55   data arrival time
-----------------------------------------------------------------------------
                                  1.48   slack (MET)


Startpoint: rst_n (input port clocked by clk)
Endpoint: _1164_ (removal check against rising-edge clock clk)
Path Group: asynchronous
Path Type: min

Fanout     Cap    Slew   Delay    Time   Description
-----------------------------------------------------------------------------
                          0.00    0.00   clock clk (rise edge)
                          0.00    0.00   clock network delay (propagated)
                          2.00    2.00 ^ input external delay
                  0.02    0.01    2.01 ^ rst_n (in)
     1    0.00                           rst_n (net)
                  0.02    0.00    2.01 ^ input13/A (sky130_fd_sc_hd__buf_1)
                  0.15    0.14    2.15 ^ input13/X (sky130_fd_sc_hd__buf_1)
     2    0.01                           net13 (net)
                  0.15    0.00    2.15 ^ fanout62/A (sky130_fd_sc_hd__clkbuf_2)
                  0.13    0.19    2.34 ^ fanout62/X (sky130_fd_sc_hd__clkbuf_2)
     5    0.02                           net62 (net)
                  0.13    0.00    2.34 ^ fanout60/A (sky130_fd_sc_hd__clkbuf_4)
                  0.12    0.21    2.55 ^ fanout60/X (sky130_fd_sc_hd__clkbuf_4)
    10    0.04                           net60 (net)
                  0.12    0.00    2.55 ^ _1164_/RESET_B (sky130_fd_sc_hd__dfrtp_1)
                                  2.55   data arrival time

                          0.00    0.00   clock clk (rise edge)
                          0.00    0.00   clock source latency
                  0.15    0.11    0.11 ^ clk (in)
     1    0.03                           clk (net)
                  0.15    0.00    0.11 ^ clkbuf_0_clk/A (sky130_fd_sc_hd__clkbuf_16)
                  0.09    0.21    0.32 ^ clkbuf_0_clk/X (sky130_fd_sc_hd__clkbuf_16)
    16    0.07                           clknet_0_clk (net)
                  0.09    0.00    0.32 ^ clkbuf_4_6_0_clk/A (sky130_fd_sc_hd__clkbuf_8)
                  0.06    0.16    0.48 ^ clkbuf_4_6_0_clk/X (sky130_fd_sc_hd__clkbuf_8)
     8    0.02                           clknet_4_6_0_clk (net)
                  0.06    0.00    0.48 ^ _1164_/CLK (sky130_fd_sc_hd__dfrtp_1)
                          0.25    0.73   clock uncertainty
                          0.00    0.73   clock reconvergence pessimism
                          0.34    1.08   library removal time
                                  1.08   data required time
-----------------------------------------------------------------------------
                                  1.08   data required time
                                 -2.55   data arrival time
-----------------------------------------------------------------------------
                                  1.48   slack (MET)


Startpoint: rst_n (input port clocked by clk)
Endpoint: _1099_ (removal check against rising-edge clock clk)
Path Group: asynchronous
Path Type: min

Fanout     Cap    Slew   Delay    Time   Description
-----------------------------------------------------------------------------
                          0.00    0.00   clock clk (rise edge)
                          0.00    0.00   clock network delay (propagated)
                          2.00    2.00 ^ input external delay
                  0.02    0.01    2.01 ^ rst_n (in)
     1    0.00                           rst_n (net)
                  0.02    0.00    2.01 ^ input13/A (sky130_fd_sc_hd__buf_1)
                  0.15    0.14    2.15 ^ input13/X (sky130_fd_sc_hd__buf_1)
     2    0.01                           net13 (net)
                  0.15    0.00    2.15 ^ fanout62/A (sky130_fd_sc_hd__clkbuf_2)
                  0.13    0.19    2.34 ^ fanout62/X (sky130_fd_sc_hd__clkbuf_2)
     5    0.02                           net62 (net)
                  0.13    0.00    2.34 ^ fanout60/A (sky130_fd_sc_hd__clkbuf_4)
                  0.12    0.21    2.55 ^ fanout60/X (sky130_fd_sc_hd__clkbuf_4)
    10    0.04                           net60 (net)
                  0.12    0.00    2.55 ^ _1099_/RESET_B (sky130_fd_sc_hd__dfrtp_1)
                                  2.55   data arrival time

                          0.00    0.00   clock clk (rise edge)
                          0.00    0.00   clock source latency
                  0.15    0.11    0.11 ^ clk (in)
     1    0.03                           clk (net)
                  0.15    0.00    0.11 ^ clkbuf_0_clk/A (sky130_fd_sc_hd__clkbuf_16)
                  0.09    0.21    0.32 ^ clkbuf_0_clk/X (sky130_fd_sc_hd__clkbuf_16)
    16    0.07                           clknet_0_clk (net)
                  0.09    0.00    0.32 ^ clkbuf_4_6_0_clk/A (sky130_fd_sc_hd__clkbuf_8)
                  0.06    0.16    0.48 ^ clkbuf_4_6_0_clk/X (sky130_fd_sc_hd__clkbuf_8)
     8    0.02                           clknet_4_6_0_clk (net)
                  0.06    0.00    0.48 ^ _1099_/CLK (sky130_fd_sc_hd__dfrtp_1)
                          0.25    0.73   clock uncertainty
                          0.00    0.73   clock reconvergence pessimism
                          0.34    1.08   library removal time
                                  1.08   data required time
-----------------------------------------------------------------------------
                                  1.08   data required time
                                 -2.55   data arrival time
-----------------------------------------------------------------------------
                                  1.48   slack (MET)


Startpoint: rst_n (input port clocked by clk)
Endpoint: _1163_ (removal check against rising-edge clock clk)
Path Group: asynchronous
Path Type: min

Fanout     Cap    Slew   Delay    Time   Description
-----------------------------------------------------------------------------
                          0.00    0.00   clock clk (rise edge)
                          0.00    0.00   clock network delay (propagated)
                          2.00    2.00 ^ input external delay
                  0.02    0.01    2.01 ^ rst_n (in)
     1    0.00                           rst_n (net)
                  0.02    0.00    2.01 ^ input13/A (sky130_fd_sc_hd__buf_1)
                  0.15    0.14    2.15 ^ input13/X (sky130_fd_sc_hd__buf_1)
     2    0.01                           net13 (net)
                  0.15    0.00    2.15 ^ fanout62/A (sky130_fd_sc_hd__clkbuf_2)
                  0.13    0.19    2.34 ^ fanout62/X (sky130_fd_sc_hd__clkbuf_2)
     5    0.02                           net62 (net)
                  0.13    0.00    2.34 ^ fanout60/A (sky130_fd_sc_hd__clkbuf_4)
                  0.12    0.21    2.55 ^ fanout60/X (sky130_fd_sc_hd__clkbuf_4)
    10    0.04                           net60 (net)
                  0.12    0.00    2.55 ^ _1163_/RESET_B (sky130_fd_sc_hd__dfrtp_1)
                                  2.55   data arrival time

                          0.00    0.00   clock clk (rise edge)
                          0.00    0.00   clock source latency
                  0.15    0.11    0.11 ^ clk (in)
     1    0.03                           clk (net)
                  0.15    0.00    0.11 ^ clkbuf_0_clk/A (sky130_fd_sc_hd__clkbuf_16)
                  0.09    0.21    0.32 ^ clkbuf_0_clk/X (sky130_fd_sc_hd__clkbuf_16)
    16    0.07                           clknet_0_clk (net)
                  0.09    0.00    0.32 ^ clkbuf_4_6_0_clk/A (sky130_fd_sc_hd__clkbuf_8)
                  0.06    0.16    0.48 ^ clkbuf_4_6_0_clk/X (sky130_fd_sc_hd__clkbuf_8)
     8    0.02                           clknet_4_6_0_clk (net)
                  0.06    0.00    0.48 ^ _1163_/CLK (sky130_fd_sc_hd__dfrtp_1)
                          0.25    0.73   clock uncertainty
                          0.00    0.73   clock reconvergence pessimism
                          0.34    1.08   library removal time
                                  1.08   data required time
-----------------------------------------------------------------------------
                                  1.08   data required time
                                 -2.55   data arrival time
-----------------------------------------------------------------------------
                                  1.48   slack (MET)


Startpoint: rst_n (input port clocked by clk)
Endpoint: _1076_ (removal check against rising-edge clock clk)
Path Group: asynchronous
Path Type: min

Fanout     Cap    Slew   Delay    Time   Description
-----------------------------------------------------------------------------
                          0.00    0.00   clock clk (rise edge)
                          0.00    0.00   clock network delay (propagated)
                          2.00    2.00 ^ input external delay
                  0.02    0.01    2.01 ^ rst_n (in)
     1    0.00                           rst_n (net)
                  0.02    0.00    2.01 ^ input13/A (sky130_fd_sc_hd__buf_1)
                  0.15    0.14    2.15 ^ input13/X (sky130_fd_sc_hd__buf_1)
     2    0.01                           net13 (net)
                  0.15    0.00    2.15 ^ fanout62/A (sky130_fd_sc_hd__clkbuf_2)
                  0.13    0.19    2.34 ^ fanout62/X (sky130_fd_sc_hd__clkbuf_2)
     5    0.02                           net62 (net)
                  0.13    0.00    2.34 ^ fanout60/A (sky130_fd_sc_hd__clkbuf_4)
                  0.12    0.21    2.55 ^ fanout60/X (sky130_fd_sc_hd__clkbuf_4)
    10    0.04                           net60 (net)
                  0.12    0.00    2.55 ^ _1076_/RESET_B (sky130_fd_sc_hd__dfrtp_1)
                                  2.55   data arrival time

                          0.00    0.00   clock clk (rise edge)
                          0.00    0.00   clock source latency
                  0.15    0.11    0.11 ^ clk (in)
     1    0.03                           clk (net)
                  0.15    0.00    0.11 ^ clkbuf_0_clk/A (sky130_fd_sc_hd__clkbuf_16)
                  0.09    0.21    0.32 ^ clkbuf_0_clk/X (sky130_fd_sc_hd__clkbuf_16)
    16    0.07                           clknet_0_clk (net)
                  0.09    0.00    0.32 ^ clkbuf_4_6_0_clk/A (sky130_fd_sc_hd__clkbuf_8)
                  0.06    0.16    0.48 ^ clkbuf_4_6_0_clk/X (sky130_fd_sc_hd__clkbuf_8)
     8    0.02                           clknet_4_6_0_clk (net)
                  0.06    0.00    0.48 ^ _1076_/CLK (sky130_fd_sc_hd__dfrtp_1)
                          0.25    0.73   clock uncertainty
                          0.00    0.73   clock reconvergence pessimism
                          0.34    1.08   library removal time
                                  1.08   data required time
-----------------------------------------------------------------------------
                                  1.08   data required time
                                 -2.55   data arrival time
-----------------------------------------------------------------------------
                                  1.48   slack (MET)


Startpoint: rst_n (input port clocked by clk)
Endpoint: _1170_ (removal check against rising-edge clock clk)
Path Group: asynchronous
Path Type: min

Fanout     Cap    Slew   Delay    Time   Description
-----------------------------------------------------------------------------
                          0.00    0.00   clock clk (rise edge)
                          0.00    0.00   clock network delay (propagated)
                          2.00    2.00 ^ input external delay
                  0.02    0.01    2.01 ^ rst_n (in)
     1    0.00                           rst_n (net)
                  0.02    0.00    2.01 ^ input13/A (sky130_fd_sc_hd__buf_1)
                  0.15    0.14    2.15 ^ input13/X (sky130_fd_sc_hd__buf_1)
     2    0.01                           net13 (net)
                  0.15    0.00    2.15 ^ fanout62/A (sky130_fd_sc_hd__clkbuf_2)
                  0.13    0.19    2.34 ^ fanout62/X (sky130_fd_sc_hd__clkbuf_2)
     5    0.02                           net62 (net)
                  0.13    0.00    2.34 ^ fanout54/A (sky130_fd_sc_hd__clkbuf_4)
                  0.13    0.22    2.56 ^ fanout54/X (sky130_fd_sc_hd__clkbuf_4)
     8    0.04                           net54 (net)
                  0.13    0.00    2.56 ^ _1170_/RESET_B (sky130_fd_sc_hd__dfrtp_1)
                                  2.56   data arrival time

                          0.00    0.00   clock clk (rise edge)
                          0.00    0.00   clock source latency
                  0.15    0.11    0.11 ^ clk (in)
     1    0.03                           clk (net)
                  0.15    0.00    0.11 ^ clkbuf_0_clk/A (sky130_fd_sc_hd__clkbuf_16)
                  0.09    0.21    0.32 ^ clkbuf_0_clk/X (sky130_fd_sc_hd__clkbuf_16)
    16    0.07                           clknet_0_clk (net)
                  0.09    0.00    0.32 ^ clkbuf_4_1_0_clk/A (sky130_fd_sc_hd__clkbuf_8)
                  0.06    0.16    0.48 ^ clkbuf_4_1_0_clk/X (sky130_fd_sc_hd__clkbuf_8)
     8    0.03                           clknet_4_1_0_clk (net)
                  0.06    0.00    0.49 ^ _1170_/CLK (sky130_fd_sc_hd__dfrtp_1)
                          0.25    0.74   clock uncertainty
                          0.00    0.74   clock reconvergence pessimism
                          0.35    1.08   library removal time
                                  1.08   data required time
-----------------------------------------------------------------------------
                                  1.08   data required time
                                 -2.56   data arrival time
-----------------------------------------------------------------------------
                                  1.48   slack (MET)


Startpoint: rst_n (input port clocked by clk)
Endpoint: _1079_ (removal check against rising-edge clock clk)
Path Group: asynchronous
Path Type: min

Fanout     Cap    Slew   Delay    Time   Description
-----------------------------------------------------------------------------
                          0.00    0.00   clock clk (rise edge)
                          0.00    0.00   clock network delay (propagated)
                          2.00    2.00 ^ input external delay
                  0.02    0.01    2.01 ^ rst_n (in)
     1    0.00                           rst_n (net)
                  0.02    0.00    2.01 ^ input13/A (sky130_fd_sc_hd__buf_1)
                  0.15    0.14    2.15 ^ input13/X (sky130_fd_sc_hd__buf_1)
     2    0.01                           net13 (net)
                  0.15    0.00    2.15 ^ fanout71/A (sky130_fd_sc_hd__buf_2)
                  0.14    0.20    2.35 ^ fanout71/X (sky130_fd_sc_hd__buf_2)
     5    0.03                           net71 (net)
                  0.14    0.00    2.35 ^ fanout69/A (sky130_fd_sc_hd__buf_2)
                  0.18    0.23    2.58 ^ fanout69/X (sky130_fd_sc_hd__buf_2)
     8    0.04                           net69 (net)
                  0.18    0.00    2.58 ^ _1079_/RESET_B (sky130_fd_sc_hd__dfrtp_1)
                                  2.58   data arrival time

                          0.00    0.00   clock clk (rise edge)
                          0.00    0.00   clock source latency
                  0.15    0.11    0.11 ^ clk (in)
     1    0.03                           clk (net)
                  0.15    0.00    0.11 ^ clkbuf_0_clk/A (sky130_fd_sc_hd__clkbuf_16)
                  0.09    0.21    0.32 ^ clkbuf_0_clk/X (sky130_fd_sc_hd__clkbuf_16)
    16    0.07                           clknet_0_clk (net)
                  0.09    0.00    0.32 ^ clkbuf_4_13_0_clk/A (sky130_fd_sc_hd__clkbuf_8)
                  0.06    0.16    0.49 ^ clkbuf_4_13_0_clk/X (sky130_fd_sc_hd__clkbuf_8)
     9    0.03                           clknet_4_13_0_clk (net)
                  0.06    0.00    0.49 ^ _1079_/CLK (sky130_fd_sc_hd__dfrtp_1)
                          0.25    0.74   clock uncertainty
                          0.00    0.74   clock reconvergence pessimism
                          0.36    1.10   library removal time
                                  1.10   data required time
-----------------------------------------------------------------------------
                                  1.10   data required time
                                 -2.58   data arrival time
-----------------------------------------------------------------------------
                                  1.48   slack (MET)


Startpoint: rst_n (input port clocked by clk)
Endpoint: _1080_ (removal check against rising-edge clock clk)
Path Group: asynchronous
Path Type: min

Fanout     Cap    Slew   Delay    Time   Description
-----------------------------------------------------------------------------
                          0.00    0.00   clock clk (rise edge)
                          0.00    0.00   clock network delay (propagated)
                          2.00    2.00 ^ input external delay
                  0.02    0.01    2.01 ^ rst_n (in)
     1    0.00                           rst_n (net)
                  0.02    0.00    2.01 ^ input13/A (sky130_fd_sc_hd__buf_1)
                  0.15    0.14    2.15 ^ input13/X (sky130_fd_sc_hd__buf_1)
     2    0.01                           net13 (net)
                  0.15    0.00    2.15 ^ fanout71/A (sky130_fd_sc_hd__buf_2)
                  0.14    0.20    2.35 ^ fanout71/X (sky130_fd_sc_hd__buf_2)
     5    0.03                           net71 (net)
                  0.14    0.00    2.35 ^ fanout69/A (sky130_fd_sc_hd__buf_2)
                  0.18    0.23    2.58 ^ fanout69/X (sky130_fd_sc_hd__buf_2)
     8    0.04                           net69 (net)
                  0.18    0.00    2.58 ^ _1080_/RESET_B (sky130_fd_sc_hd__dfrtp_1)
                                  2.58   data arrival time

                          0.00    0.00   clock clk (rise edge)
                          0.00    0.00   clock source latency
                  0.15    0.11    0.11 ^ clk (in)
     1    0.03                           clk (net)
                  0.15    0.00    0.11 ^ clkbuf_0_clk/A (sky130_fd_sc_hd__clkbuf_16)
                  0.09    0.21    0.32 ^ clkbuf_0_clk/X (sky130_fd_sc_hd__clkbuf_16)
    16    0.07                           clknet_0_clk (net)
                  0.09    0.00    0.32 ^ clkbuf_4_13_0_clk/A (sky130_fd_sc_hd__clkbuf_8)
                  0.06    0.16    0.49 ^ clkbuf_4_13_0_clk/X (sky130_fd_sc_hd__clkbuf_8)
     9    0.03                           clknet_4_13_0_clk (net)
                  0.06    0.00    0.49 ^ _1080_/CLK (sky130_fd_sc_hd__dfrtp_1)
                          0.25    0.74   clock uncertainty
                          0.00    0.74   clock reconvergence pessimism
                          0.36    1.10   library removal time
                                  1.10   data required time
-----------------------------------------------------------------------------
                                  1.10   data required time
                                 -2.58   data arrival time
-----------------------------------------------------------------------------
                                  1.48   slack (MET)


Startpoint: rst_n (input port clocked by clk)
Endpoint: _1086_ (removal check against rising-edge clock clk)
Path Group: asynchronous
Path Type: min

Fanout     Cap    Slew   Delay    Time   Description
-----------------------------------------------------------------------------
                          0.00    0.00   clock clk (rise edge)
                          0.00    0.00   clock network delay (propagated)
                          2.00    2.00 ^ input external delay
                  0.02    0.01    2.01 ^ rst_n (in)
     1    0.00                           rst_n (net)
                  0.02    0.00    2.01 ^ input13/A (sky130_fd_sc_hd__buf_1)
                  0.15    0.14    2.15 ^ input13/X (sky130_fd_sc_hd__buf_1)
     2    0.01                           net13 (net)
                  0.15    0.00    2.15 ^ fanout71/A (sky130_fd_sc_hd__buf_2)
                  0.14    0.20    2.35 ^ fanout71/X (sky130_fd_sc_hd__buf_2)
     5    0.03                           net71 (net)
                  0.14    0.00    2.35 ^ fanout69/A (sky130_fd_sc_hd__buf_2)
                  0.18    0.23    2.58 ^ fanout69/X (sky130_fd_sc_hd__buf_2)
     8    0.04                           net69 (net)
                  0.18    0.00    2.58 ^ _1086_/RESET_B (sky130_fd_sc_hd__dfrtp_1)
                                  2.58   data arrival time

                          0.00    0.00   clock clk (rise edge)
                          0.00    0.00   clock source latency
                  0.15    0.11    0.11 ^ clk (in)
     1    0.03                           clk (net)
                  0.15    0.00    0.11 ^ clkbuf_0_clk/A (sky130_fd_sc_hd__clkbuf_16)
                  0.09    0.21    0.32 ^ clkbuf_0_clk/X (sky130_fd_sc_hd__clkbuf_16)
    16    0.07                           clknet_0_clk (net)
                  0.09    0.00    0.32 ^ clkbuf_4_13_0_clk/A (sky130_fd_sc_hd__clkbuf_8)
                  0.06    0.16    0.49 ^ clkbuf_4_13_0_clk/X (sky130_fd_sc_hd__clkbuf_8)
     9    0.03                           clknet_4_13_0_clk (net)
                  0.06    0.00    0.49 ^ _1086_/CLK (sky130_fd_sc_hd__dfrtp_1)
                          0.25    0.74   clock uncertainty
                          0.00    0.74   clock reconvergence pessimism
                          0.36    1.10   library removal time
                                  1.10   data required time
-----------------------------------------------------------------------------
                                  1.10   data required time
                                 -2.58   data arrival time
-----------------------------------------------------------------------------
                                  1.48   slack (MET)


Startpoint: rst_n (input port clocked by clk)
Endpoint: _1084_ (removal check against rising-edge clock clk)
Path Group: asynchronous
Path Type: min

Fanout     Cap    Slew   Delay    Time   Description
-----------------------------------------------------------------------------
                          0.00    0.00   clock clk (rise edge)
                          0.00    0.00   clock network delay (propagated)
                          2.00    2.00 ^ input external delay
                  0.02    0.01    2.01 ^ rst_n (in)
     1    0.00                           rst_n (net)
                  0.02    0.00    2.01 ^ input13/A (sky130_fd_sc_hd__buf_1)
                  0.15    0.14    2.15 ^ input13/X (sky130_fd_sc_hd__buf_1)
     2    0.01                           net13 (net)
                  0.15    0.00    2.15 ^ fanout71/A (sky130_fd_sc_hd__buf_2)
                  0.14    0.20    2.35 ^ fanout71/X (sky130_fd_sc_hd__buf_2)
     5    0.03                           net71 (net)
                  0.14    0.00    2.35 ^ fanout69/A (sky130_fd_sc_hd__buf_2)
                  0.18    0.23    2.58 ^ fanout69/X (sky130_fd_sc_hd__buf_2)
     8    0.04                           net69 (net)
                  0.18    0.00    2.58 ^ _1084_/RESET_B (sky130_fd_sc_hd__dfrtp_1)
                                  2.58   data arrival time

                          0.00    0.00   clock clk (rise edge)
                          0.00    0.00   clock source latency
                  0.15    0.11    0.11 ^ clk (in)
     1    0.03                           clk (net)
                  0.15    0.00    0.11 ^ clkbuf_0_clk/A (sky130_fd_sc_hd__clkbuf_16)
                  0.09    0.21    0.32 ^ clkbuf_0_clk/X (sky130_fd_sc_hd__clkbuf_16)
    16    0.07                           clknet_0_clk (net)
                  0.09    0.00    0.32 ^ clkbuf_4_13_0_clk/A (sky130_fd_sc_hd__clkbuf_8)
                  0.06    0.16    0.49 ^ clkbuf_4_13_0_clk/X (sky130_fd_sc_hd__clkbuf_8)
     9    0.03                           clknet_4_13_0_clk (net)
                  0.06    0.00    0.49 ^ _1084_/CLK (sky130_fd_sc_hd__dfrtp_1)
                          0.25    0.74   clock uncertainty
                          0.00    0.74   clock reconvergence pessimism
                          0.36    1.10   library removal time
                                  1.10   data required time
-----------------------------------------------------------------------------
                                  1.10   data required time
                                 -2.58   data arrival time
-----------------------------------------------------------------------------
                                  1.48   slack (MET)


Startpoint: rst_n (input port clocked by clk)
Endpoint: _1081_ (removal check against rising-edge clock clk)
Path Group: asynchronous
Path Type: min

Fanout     Cap    Slew   Delay    Time   Description
-----------------------------------------------------------------------------
                          0.00    0.00   clock clk (rise edge)
                          0.00    0.00   clock network delay (propagated)
                          2.00    2.00 ^ input external delay
                  0.02    0.01    2.01 ^ rst_n (in)
     1    0.00                           rst_n (net)
                  0.02    0.00    2.01 ^ input13/A (sky130_fd_sc_hd__buf_1)
                  0.15    0.14    2.15 ^ input13/X (sky130_fd_sc_hd__buf_1)
     2    0.01                           net13 (net)
                  0.15    0.00    2.15 ^ fanout71/A (sky130_fd_sc_hd__buf_2)
                  0.14    0.20    2.35 ^ fanout71/X (sky130_fd_sc_hd__buf_2)
     5    0.03                           net71 (net)
                  0.14    0.00    2.35 ^ fanout69/A (sky130_fd_sc_hd__buf_2)
                  0.18    0.23    2.58 ^ fanout69/X (sky130_fd_sc_hd__buf_2)
     8    0.04                           net69 (net)
                  0.18    0.00    2.58 ^ _1081_/RESET_B (sky130_fd_sc_hd__dfrtp_1)
                                  2.58   data arrival time

                          0.00    0.00   clock clk (rise edge)
                          0.00    0.00   clock source latency
                  0.15    0.11    0.11 ^ clk (in)
     1    0.03                           clk (net)
                  0.15    0.00    0.11 ^ clkbuf_0_clk/A (sky130_fd_sc_hd__clkbuf_16)
                  0.09    0.21    0.32 ^ clkbuf_0_clk/X (sky130_fd_sc_hd__clkbuf_16)
    16    0.07                           clknet_0_clk (net)
                  0.09    0.00    0.32 ^ clkbuf_4_13_0_clk/A (sky130_fd_sc_hd__clkbuf_8)
                  0.06    0.16    0.49 ^ clkbuf_4_13_0_clk/X (sky130_fd_sc_hd__clkbuf_8)
     9    0.03                           clknet_4_13_0_clk (net)
                  0.06    0.00    0.49 ^ _1081_/CLK (sky130_fd_sc_hd__dfrtp_1)
                          0.25    0.74   clock uncertainty
                          0.00    0.74   clock reconvergence pessimism
                          0.36    1.10   library removal time
                                  1.10   data required time
-----------------------------------------------------------------------------
                                  1.10   data required time
                                 -2.58   data arrival time
-----------------------------------------------------------------------------
                                  1.48   slack (MET)


Startpoint: rst_n (input port clocked by clk)
Endpoint: _1085_ (removal check against rising-edge clock clk)
Path Group: asynchronous
Path Type: min

Fanout     Cap    Slew   Delay    Time   Description
-----------------------------------------------------------------------------
                          0.00    0.00   clock clk (rise edge)
                          0.00    0.00   clock network delay (propagated)
                          2.00    2.00 ^ input external delay
                  0.02    0.01    2.01 ^ rst_n (in)
     1    0.00                           rst_n (net)
                  0.02    0.00    2.01 ^ input13/A (sky130_fd_sc_hd__buf_1)
                  0.15    0.14    2.15 ^ input13/X (sky130_fd_sc_hd__buf_1)
     2    0.01                           net13 (net)
                  0.15    0.00    2.15 ^ fanout71/A (sky130_fd_sc_hd__buf_2)
                  0.14    0.20    2.35 ^ fanout71/X (sky130_fd_sc_hd__buf_2)
     5    0.03                           net71 (net)
                  0.14    0.00    2.35 ^ fanout69/A (sky130_fd_sc_hd__buf_2)
                  0.18    0.23    2.58 ^ fanout69/X (sky130_fd_sc_hd__buf_2)
     8    0.04                           net69 (net)
                  0.18    0.00    2.58 ^ _1085_/RESET_B (sky130_fd_sc_hd__dfrtp_2)
                                  2.58   data arrival time

                          0.00    0.00   clock clk (rise edge)
                          0.00    0.00   clock source latency
                  0.15    0.11    0.11 ^ clk (in)
     1    0.03                           clk (net)
                  0.15    0.00    0.11 ^ clkbuf_0_clk/A (sky130_fd_sc_hd__clkbuf_16)
                  0.09    0.21    0.32 ^ clkbuf_0_clk/X (sky130_fd_sc_hd__clkbuf_16)
    16    0.07                           clknet_0_clk (net)
                  0.09    0.00    0.32 ^ clkbuf_4_13_0_clk/A (sky130_fd_sc_hd__clkbuf_8)
                  0.06    0.16    0.49 ^ clkbuf_4_13_0_clk/X (sky130_fd_sc_hd__clkbuf_8)
     9    0.03                           clknet_4_13_0_clk (net)
                  0.06    0.00    0.49 ^ _1085_/CLK (sky130_fd_sc_hd__dfrtp_2)
                          0.25    0.74   clock uncertainty
                          0.00    0.74   clock reconvergence pessimism
                          0.36    1.10   library removal time
                                  1.10   data required time
-----------------------------------------------------------------------------
                                  1.10   data required time
                                 -2.58   data arrival time
-----------------------------------------------------------------------------
                                  1.48   slack (MET)


Startpoint: rst_n (input port clocked by clk)
Endpoint: _1067_ (removal check against rising-edge clock clk)
Path Group: asynchronous
Path Type: min

Fanout     Cap    Slew   Delay    Time   Description
-----------------------------------------------------------------------------
                          0.00    0.00   clock clk (rise edge)
                          0.00    0.00   clock network delay (propagated)
                          2.00    2.00 ^ input external delay
                  0.02    0.01    2.01 ^ rst_n (in)
     1    0.00                           rst_n (net)
                  0.02    0.00    2.01 ^ input13/A (sky130_fd_sc_hd__buf_1)
                  0.15    0.14    2.15 ^ input13/X (sky130_fd_sc_hd__buf_1)
     2    0.01                           net13 (net)
                  0.15    0.00    2.15 ^ fanout62/A (sky130_fd_sc_hd__clkbuf_2)
                  0.13    0.19    2.34 ^ fanout62/X (sky130_fd_sc_hd__clkbuf_2)
     5    0.02                           net62 (net)
                  0.13    0.00    2.34 ^ fanout60/A (sky130_fd_sc_hd__clkbuf_4)
                  0.12    0.21    2.55 ^ fanout60/X (sky130_fd_sc_hd__clkbuf_4)
    10    0.04                           net60 (net)
                  0.12    0.00    2.55 ^ _1067_/RESET_B (sky130_fd_sc_hd__dfrtp_1)
                                  2.55   data arrival time

                          0.00    0.00   clock clk (rise edge)
                          0.00    0.00   clock source latency
                  0.15    0.11    0.11 ^ clk (in)
     1    0.03                           clk (net)
                  0.15    0.00    0.11 ^ clkbuf_0_clk/A (sky130_fd_sc_hd__clkbuf_16)
                  0.09    0.21    0.32 ^ clkbuf_0_clk/X (sky130_fd_sc_hd__clkbuf_16)
    16    0.07                           clknet_0_clk (net)
                  0.09    0.00    0.32 ^ clkbuf_4_12_0_clk/A (sky130_fd_sc_hd__clkbuf_8)
                  0.05    0.16    0.48 ^ clkbuf_4_12_0_clk/X (sky130_fd_sc_hd__clkbuf_8)
     7    0.02                           clknet_4_12_0_clk (net)
                  0.05    0.00    0.48 ^ _1067_/CLK (sky130_fd_sc_hd__dfrtp_1)
                          0.25    0.73   clock uncertainty
                          0.00    0.73   clock reconvergence pessimism
                          0.34    1.07   library removal time
                                  1.07   data required time
-----------------------------------------------------------------------------
                                  1.07   data required time
                                 -2.55   data arrival time
-----------------------------------------------------------------------------
                                  1.48   slack (MET)


Startpoint: rst_n (input port clocked by clk)
Endpoint: _1077_ (removal check against rising-edge clock clk)
Path Group: asynchronous
Path Type: min

Fanout     Cap    Slew   Delay    Time   Description
-----------------------------------------------------------------------------
                          0.00    0.00   clock clk (rise edge)
                          0.00    0.00   clock network delay (propagated)
                          2.00    2.00 ^ input external delay
                  0.02    0.01    2.01 ^ rst_n (in)
     1    0.00                           rst_n (net)
                  0.02    0.00    2.01 ^ input13/A (sky130_fd_sc_hd__buf_1)
                  0.15    0.14    2.15 ^ input13/X (sky130_fd_sc_hd__buf_1)
     2    0.01                           net13 (net)
                  0.15    0.00    2.15 ^ fanout71/A (sky130_fd_sc_hd__buf_2)
                  0.14    0.20    2.35 ^ fanout71/X (sky130_fd_sc_hd__buf_2)
     5    0.03                           net71 (net)
                  0.14    0.00    2.35 ^ fanout68/A (sky130_fd_sc_hd__clkbuf_4)
                  0.14    0.23    2.58 ^ fanout68/X (sky130_fd_sc_hd__clkbuf_4)
    10    0.05                           net68 (net)
                  0.14    0.00    2.59 ^ _1077_/RESET_B (sky130_fd_sc_hd__dfrtp_2)
                                  2.59   data arrival time

                          0.00    0.00   clock clk (rise edge)
                          0.00    0.00   clock source latency
                  0.15    0.11    0.11 ^ clk (in)
     1    0.03                           clk (net)
                  0.15    0.00    0.11 ^ clkbuf_0_clk/A (sky130_fd_sc_hd__clkbuf_16)
                  0.09    0.21    0.32 ^ clkbuf_0_clk/X (sky130_fd_sc_hd__clkbuf_16)
    16    0.07                           clknet_0_clk (net)
                  0.09    0.00    0.32 ^ clkbuf_4_7_0_clk/A (sky130_fd_sc_hd__clkbuf_8)
                  0.07    0.17    0.50 ^ clkbuf_4_7_0_clk/X (sky130_fd_sc_hd__clkbuf_8)
    12    0.03                           clknet_4_7_0_clk (net)
                  0.07    0.00    0.50 ^ _1077_/CLK (sky130_fd_sc_hd__dfrtp_2)
                          0.25    0.75   clock uncertainty
                          0.00    0.75   clock reconvergence pessimism
                          0.36    1.10   library removal time
                                  1.10   data required time
-----------------------------------------------------------------------------
                                  1.10   data required time
                                 -2.59   data arrival time
-----------------------------------------------------------------------------
                                  1.48   slack (MET)


Startpoint: rst_n (input port clocked by clk)
Endpoint: _1097_ (removal check against rising-edge clock clk)
Path Group: asynchronous
Path Type: min

Fanout     Cap    Slew   Delay    Time   Description
-----------------------------------------------------------------------------
                          0.00    0.00   clock clk (rise edge)
                          0.00    0.00   clock network delay (propagated)
                          2.00    2.00 ^ input external delay
                  0.02    0.01    2.01 ^ rst_n (in)
     1    0.00                           rst_n (net)
                  0.02    0.00    2.01 ^ input13/A (sky130_fd_sc_hd__buf_1)
                  0.15    0.14    2.15 ^ input13/X (sky130_fd_sc_hd__buf_1)
     2    0.01                           net13 (net)
                  0.15    0.00    2.15 ^ fanout71/A (sky130_fd_sc_hd__buf_2)
                  0.14    0.20    2.35 ^ fanout71/X (sky130_fd_sc_hd__buf_2)
     5    0.03                           net71 (net)
                  0.14    0.00    2.35 ^ fanout70/A (sky130_fd_sc_hd__clkbuf_4)
                  0.12    0.21    2.57 ^ fanout70/X (sky130_fd_sc_hd__clkbuf_4)
    10    0.04                           net70 (net)
                  0.12    0.00    2.57 ^ _1097_/RESET_B (sky130_fd_sc_hd__dfrtp_1)
                                  2.57   data arrival time

                          0.00    0.00   clock clk (rise edge)
                          0.00    0.00   clock source latency
                  0.15    0.11    0.11 ^ clk (in)
     1    0.03                           clk (net)
                  0.15    0.00    0.11 ^ clkbuf_0_clk/A (sky130_fd_sc_hd__clkbuf_16)
                  0.09    0.21    0.32 ^ clkbuf_0_clk/X (sky130_fd_sc_hd__clkbuf_16)
    16    0.07                           clknet_0_clk (net)
                  0.09    0.00    0.32 ^ clkbuf_4_14_0_clk/A (sky130_fd_sc_hd__clkbuf_8)
                  0.06    0.16    0.48 ^ clkbuf_4_14_0_clk/X (sky130_fd_sc_hd__clkbuf_8)
     9    0.02                           clknet_4_14_0_clk (net)
                  0.06    0.00    0.48 ^ _1097_/CLK (sky130_fd_sc_hd__dfrtp_1)
                          0.25    0.73   clock uncertainty
                          0.00    0.73   clock reconvergence pessimism
                          0.34    1.08   library removal time
                                  1.08   data required time
-----------------------------------------------------------------------------
                                  1.08   data required time
                                 -2.57   data arrival time
-----------------------------------------------------------------------------
                                  1.49   slack (MET)


Startpoint: rst_n (input port clocked by clk)
Endpoint: _1095_ (removal check against rising-edge clock clk)
Path Group: asynchronous
Path Type: min

Fanout     Cap    Slew   Delay    Time   Description
-----------------------------------------------------------------------------
                          0.00    0.00   clock clk (rise edge)
                          0.00    0.00   clock network delay (propagated)
                          2.00    2.00 ^ input external delay
                  0.02    0.01    2.01 ^ rst_n (in)
     1    0.00                           rst_n (net)
                  0.02    0.00    2.01 ^ input13/A (sky130_fd_sc_hd__buf_1)
                  0.15    0.14    2.15 ^ input13/X (sky130_fd_sc_hd__buf_1)
     2    0.01                           net13 (net)
                  0.15    0.00    2.15 ^ fanout71/A (sky130_fd_sc_hd__buf_2)
                  0.14    0.20    2.35 ^ fanout71/X (sky130_fd_sc_hd__buf_2)
     5    0.03                           net71 (net)
                  0.14    0.00    2.35 ^ fanout70/A (sky130_fd_sc_hd__clkbuf_4)
                  0.12    0.21    2.57 ^ fanout70/X (sky130_fd_sc_hd__clkbuf_4)
    10    0.04                           net70 (net)
                  0.12    0.00    2.57 ^ _1095_/RESET_B (sky130_fd_sc_hd__dfrtp_1)
                                  2.57   data arrival time

                          0.00    0.00   clock clk (rise edge)
                          0.00    0.00   clock source latency
                  0.15    0.11    0.11 ^ clk (in)
     1    0.03                           clk (net)
                  0.15    0.00    0.11 ^ clkbuf_0_clk/A (sky130_fd_sc_hd__clkbuf_16)
                  0.09    0.21    0.32 ^ clkbuf_0_clk/X (sky130_fd_sc_hd__clkbuf_16)
    16    0.07                           clknet_0_clk (net)
                  0.09    0.00    0.32 ^ clkbuf_4_14_0_clk/A (sky130_fd_sc_hd__clkbuf_8)
                  0.06    0.16    0.48 ^ clkbuf_4_14_0_clk/X (sky130_fd_sc_hd__clkbuf_8)
     9    0.02                           clknet_4_14_0_clk (net)
                  0.06    0.00    0.48 ^ _1095_/CLK (sky130_fd_sc_hd__dfrtp_1)
                          0.25    0.73   clock uncertainty
                          0.00    0.73   clock reconvergence pessimism
                          0.34    1.08   library removal time
                                  1.08   data required time
-----------------------------------------------------------------------------
                                  1.08   data required time
                                 -2.57   data arrival time
-----------------------------------------------------------------------------
                                  1.49   slack (MET)


Startpoint: rst_n (input port clocked by clk)
Endpoint: _1094_ (removal check against rising-edge clock clk)
Path Group: asynchronous
Path Type: min

Fanout     Cap    Slew   Delay    Time   Description
-----------------------------------------------------------------------------
                          0.00    0.00   clock clk (rise edge)
                          0.00    0.00   clock network delay (propagated)
                          2.00    2.00 ^ input external delay
                  0.02    0.01    2.01 ^ rst_n (in)
     1    0.00                           rst_n (net)
                  0.02    0.00    2.01 ^ input13/A (sky130_fd_sc_hd__buf_1)
                  0.15    0.14    2.15 ^ input13/X (sky130_fd_sc_hd__buf_1)
     2    0.01                           net13 (net)
                  0.15    0.00    2.15 ^ fanout71/A (sky130_fd_sc_hd__buf_2)
                  0.14    0.20    2.35 ^ fanout71/X (sky130_fd_sc_hd__buf_2)
     5    0.03                           net71 (net)
                  0.14    0.00    2.35 ^ fanout70/A (sky130_fd_sc_hd__clkbuf_4)
                  0.12    0.21    2.57 ^ fanout70/X (sky130_fd_sc_hd__clkbuf_4)
    10    0.04                           net70 (net)
                  0.12    0.00    2.57 ^ _1094_/RESET_B (sky130_fd_sc_hd__dfrtp_1)
                                  2.57   data arrival time

                          0.00    0.00   clock clk (rise edge)
                          0.00    0.00   clock source latency
                  0.15    0.11    0.11 ^ clk (in)
     1    0.03                           clk (net)
                  0.15    0.00    0.11 ^ clkbuf_0_clk/A (sky130_fd_sc_hd__clkbuf_16)
                  0.09    0.21    0.32 ^ clkbuf_0_clk/X (sky130_fd_sc_hd__clkbuf_16)
    16    0.07                           clknet_0_clk (net)
                  0.09    0.00    0.32 ^ clkbuf_4_14_0_clk/A (sky130_fd_sc_hd__clkbuf_8)
                  0.06    0.16    0.48 ^ clkbuf_4_14_0_clk/X (sky130_fd_sc_hd__clkbuf_8)
     9    0.02                           clknet_4_14_0_clk (net)
                  0.06    0.00    0.48 ^ _1094_/CLK (sky130_fd_sc_hd__dfrtp_1)
                          0.25    0.73   clock uncertainty
                          0.00    0.73   clock reconvergence pessimism
                          0.34    1.08   library removal time
                                  1.08   data required time
-----------------------------------------------------------------------------
                                  1.08   data required time
                                 -2.57   data arrival time
-----------------------------------------------------------------------------
                                  1.49   slack (MET)


Startpoint: rst_n (input port clocked by clk)
Endpoint: _1051_ (removal check against rising-edge clock clk)
Path Group: asynchronous
Path Type: min

Fanout     Cap    Slew   Delay    Time   Description
-----------------------------------------------------------------------------
                          0.00    0.00   clock clk (rise edge)
                          0.00    0.00   clock network delay (propagated)
                          2.00    2.00 ^ input external delay
                  0.02    0.01    2.01 ^ rst_n (in)
     1    0.00                           rst_n (net)
                  0.02    0.00    2.01 ^ input13/A (sky130_fd_sc_hd__buf_1)
                  0.15    0.14    2.15 ^ input13/X (sky130_fd_sc_hd__buf_1)
     2    0.01                           net13 (net)
                  0.15    0.00    2.15 ^ fanout71/A (sky130_fd_sc_hd__buf_2)
                  0.14    0.20    2.35 ^ fanout71/X (sky130_fd_sc_hd__buf_2)
     5    0.03                           net71 (net)
                  0.14    0.00    2.35 ^ fanout70/A (sky130_fd_sc_hd__clkbuf_4)
                  0.12    0.21    2.57 ^ fanout70/X (sky130_fd_sc_hd__clkbuf_4)
    10    0.04                           net70 (net)
                  0.12    0.00    2.57 ^ _1051_/RESET_B (sky130_fd_sc_hd__dfrtp_1)
                                  2.57   data arrival time

                          0.00    0.00   clock clk (rise edge)
                          0.00    0.00   clock source latency
                  0.15    0.11    0.11 ^ clk (in)
     1    0.03                           clk (net)
                  0.15    0.00    0.11 ^ clkbuf_0_clk/A (sky130_fd_sc_hd__clkbuf_16)
                  0.09    0.21    0.32 ^ clkbuf_0_clk/X (sky130_fd_sc_hd__clkbuf_16)
    16    0.07                           clknet_0_clk (net)
                  0.09    0.00    0.32 ^ clkbuf_4_14_0_clk/A (sky130_fd_sc_hd__clkbuf_8)
                  0.06    0.16    0.48 ^ clkbuf_4_14_0_clk/X (sky130_fd_sc_hd__clkbuf_8)
     9    0.02                           clknet_4_14_0_clk (net)
                  0.06    0.00    0.48 ^ _1051_/CLK (sky130_fd_sc_hd__dfrtp_1)
                          0.25    0.73   clock uncertainty
                          0.00    0.73   clock reconvergence pessimism
                          0.34    1.08   library removal time
                                  1.08   data required time
-----------------------------------------------------------------------------
                                  1.08   data required time
                                 -2.57   data arrival time
-----------------------------------------------------------------------------
                                  1.49   slack (MET)


Startpoint: rst_n (input port clocked by clk)
Endpoint: _1052_ (removal check against rising-edge clock clk)
Path Group: asynchronous
Path Type: min

Fanout     Cap    Slew   Delay    Time   Description
-----------------------------------------------------------------------------
                          0.00    0.00   clock clk (rise edge)
                          0.00    0.00   clock network delay (propagated)
                          2.00    2.00 ^ input external delay
                  0.02    0.01    2.01 ^ rst_n (in)
     1    0.00                           rst_n (net)
                  0.02    0.00    2.01 ^ input13/A (sky130_fd_sc_hd__buf_1)
                  0.15    0.14    2.15 ^ input13/X (sky130_fd_sc_hd__buf_1)
     2    0.01                           net13 (net)
                  0.15    0.00    2.15 ^ fanout71/A (sky130_fd_sc_hd__buf_2)
                  0.14    0.20    2.35 ^ fanout71/X (sky130_fd_sc_hd__buf_2)
     5    0.03                           net71 (net)
                  0.14    0.00    2.35 ^ fanout70/A (sky130_fd_sc_hd__clkbuf_4)
                  0.12    0.21    2.57 ^ fanout70/X (sky130_fd_sc_hd__clkbuf_4)
    10    0.04                           net70 (net)
                  0.12    0.00    2.57 ^ _1052_/RESET_B (sky130_fd_sc_hd__dfrtp_1)
                                  2.57   data arrival time

                          0.00    0.00   clock clk (rise edge)
                          0.00    0.00   clock source latency
                  0.15    0.11    0.11 ^ clk (in)
     1    0.03                           clk (net)
                  0.15    0.00    0.11 ^ clkbuf_0_clk/A (sky130_fd_sc_hd__clkbuf_16)
                  0.09    0.21    0.32 ^ clkbuf_0_clk/X (sky130_fd_sc_hd__clkbuf_16)
    16    0.07                           clknet_0_clk (net)
                  0.09    0.00    0.32 ^ clkbuf_4_14_0_clk/A (sky130_fd_sc_hd__clkbuf_8)
                  0.06    0.16    0.48 ^ clkbuf_4_14_0_clk/X (sky130_fd_sc_hd__clkbuf_8)
     9    0.02                           clknet_4_14_0_clk (net)
                  0.06    0.00    0.48 ^ _1052_/CLK (sky130_fd_sc_hd__dfrtp_1)
                          0.25    0.73   clock uncertainty
                          0.00    0.73   clock reconvergence pessimism
                          0.34    1.08   library removal time
                                  1.08   data required time
-----------------------------------------------------------------------------
                                  1.08   data required time
                                 -2.57   data arrival time
-----------------------------------------------------------------------------
                                  1.49   slack (MET)


Startpoint: rst_n (input port clocked by clk)
Endpoint: _1053_ (removal check against rising-edge clock clk)
Path Group: asynchronous
Path Type: min

Fanout     Cap    Slew   Delay    Time   Description
-----------------------------------------------------------------------------
                          0.00    0.00   clock clk (rise edge)
                          0.00    0.00   clock network delay (propagated)
                          2.00    2.00 ^ input external delay
                  0.02    0.01    2.01 ^ rst_n (in)
     1    0.00                           rst_n (net)
                  0.02    0.00    2.01 ^ input13/A (sky130_fd_sc_hd__buf_1)
                  0.15    0.14    2.15 ^ input13/X (sky130_fd_sc_hd__buf_1)
     2    0.01                           net13 (net)
                  0.15    0.00    2.15 ^ fanout71/A (sky130_fd_sc_hd__buf_2)
                  0.14    0.20    2.35 ^ fanout71/X (sky130_fd_sc_hd__buf_2)
     5    0.03                           net71 (net)
                  0.14    0.00    2.35 ^ fanout70/A (sky130_fd_sc_hd__clkbuf_4)
                  0.12    0.21    2.57 ^ fanout70/X (sky130_fd_sc_hd__clkbuf_4)
    10    0.04                           net70 (net)
                  0.12    0.00    2.57 ^ _1053_/RESET_B (sky130_fd_sc_hd__dfrtp_1)
                                  2.57   data arrival time

                          0.00    0.00   clock clk (rise edge)
                          0.00    0.00   clock source latency
                  0.15    0.11    0.11 ^ clk (in)
     1    0.03                           clk (net)
                  0.15    0.00    0.11 ^ clkbuf_0_clk/A (sky130_fd_sc_hd__clkbuf_16)
                  0.09    0.21    0.32 ^ clkbuf_0_clk/X (sky130_fd_sc_hd__clkbuf_16)
    16    0.07                           clknet_0_clk (net)
                  0.09    0.00    0.32 ^ clkbuf_4_14_0_clk/A (sky130_fd_sc_hd__clkbuf_8)
                  0.06    0.16    0.48 ^ clkbuf_4_14_0_clk/X (sky130_fd_sc_hd__clkbuf_8)
     9    0.02                           clknet_4_14_0_clk (net)
                  0.06    0.00    0.48 ^ _1053_/CLK (sky130_fd_sc_hd__dfrtp_1)
                          0.25    0.73   clock uncertainty
                          0.00    0.73   clock reconvergence pessimism
                          0.34    1.08   library removal time
                                  1.08   data required time
-----------------------------------------------------------------------------
                                  1.08   data required time
                                 -2.57   data arrival time
-----------------------------------------------------------------------------
                                  1.49   slack (MET)


Startpoint: rst_n (input port clocked by clk)
Endpoint: _1054_ (removal check against rising-edge clock clk)
Path Group: asynchronous
Path Type: min

Fanout     Cap    Slew   Delay    Time   Description
-----------------------------------------------------------------------------
                          0.00    0.00   clock clk (rise edge)
                          0.00    0.00   clock network delay (propagated)
                          2.00    2.00 ^ input external delay
                  0.02    0.01    2.01 ^ rst_n (in)
     1    0.00                           rst_n (net)
                  0.02    0.00    2.01 ^ input13/A (sky130_fd_sc_hd__buf_1)
                  0.15    0.14    2.15 ^ input13/X (sky130_fd_sc_hd__buf_1)
     2    0.01                           net13 (net)
                  0.15    0.00    2.15 ^ fanout71/A (sky130_fd_sc_hd__buf_2)
                  0.14    0.20    2.35 ^ fanout71/X (sky130_fd_sc_hd__buf_2)
     5    0.03                           net71 (net)
                  0.14    0.00    2.35 ^ fanout70/A (sky130_fd_sc_hd__clkbuf_4)
                  0.12    0.21    2.57 ^ fanout70/X (sky130_fd_sc_hd__clkbuf_4)
    10    0.04                           net70 (net)
                  0.12    0.00    2.57 ^ _1054_/RESET_B (sky130_fd_sc_hd__dfrtp_1)
                                  2.57   data arrival time

                          0.00    0.00   clock clk (rise edge)
                          0.00    0.00   clock source latency
                  0.15    0.11    0.11 ^ clk (in)
     1    0.03                           clk (net)
                  0.15    0.00    0.11 ^ clkbuf_0_clk/A (sky130_fd_sc_hd__clkbuf_16)
                  0.09    0.21    0.32 ^ clkbuf_0_clk/X (sky130_fd_sc_hd__clkbuf_16)
    16    0.07                           clknet_0_clk (net)
                  0.09    0.00    0.32 ^ clkbuf_4_14_0_clk/A (sky130_fd_sc_hd__clkbuf_8)
                  0.06    0.16    0.48 ^ clkbuf_4_14_0_clk/X (sky130_fd_sc_hd__clkbuf_8)
     9    0.02                           clknet_4_14_0_clk (net)
                  0.06    0.00    0.48 ^ _1054_/CLK (sky130_fd_sc_hd__dfrtp_1)
                          0.25    0.73   clock uncertainty
                          0.00    0.73   clock reconvergence pessimism
                          0.34    1.08   library removal time
                                  1.08   data required time
-----------------------------------------------------------------------------
                                  1.08   data required time
                                 -2.57   data arrival time
-----------------------------------------------------------------------------
                                  1.49   slack (MET)


Startpoint: rst_n (input port clocked by clk)
Endpoint: _1148_ (removal check against rising-edge clock clk)
Path Group: asynchronous
Path Type: min

Fanout     Cap    Slew   Delay    Time   Description
-----------------------------------------------------------------------------
                          0.00    0.00   clock clk (rise edge)
                          0.00    0.00   clock network delay (propagated)
                          2.00    2.00 ^ input external delay
                  0.02    0.01    2.01 ^ rst_n (in)
     1    0.00                           rst_n (net)
                  0.02    0.00    2.01 ^ input13/A (sky130_fd_sc_hd__buf_1)
                  0.15    0.14    2.15 ^ input13/X (sky130_fd_sc_hd__buf_1)
     2    0.01                           net13 (net)
                  0.15    0.00    2.15 ^ fanout62/A (sky130_fd_sc_hd__clkbuf_2)
                  0.13    0.19    2.34 ^ fanout62/X (sky130_fd_sc_hd__clkbuf_2)
     5    0.02                           net62 (net)
                  0.13    0.00    2.34 ^ fanout54/A (sky130_fd_sc_hd__clkbuf_4)
                  0.13    0.22    2.56 ^ fanout54/X (sky130_fd_sc_hd__clkbuf_4)
     8    0.04                           net54 (net)
                  0.13    0.00    2.56 ^ _1148_/RESET_B (sky130_fd_sc_hd__dfrtp_1)
                                  2.56   data arrival time

                          0.00    0.00   clock clk (rise edge)
                          0.00    0.00   clock source latency
                  0.15    0.11    0.11 ^ clk (in)
     1    0.03                           clk (net)
                  0.15    0.00    0.11 ^ clkbuf_0_clk/A (sky130_fd_sc_hd__clkbuf_16)
                  0.09    0.21    0.32 ^ clkbuf_0_clk/X (sky130_fd_sc_hd__clkbuf_16)
    16    0.07                           clknet_0_clk (net)
                  0.09    0.00    0.32 ^ clkbuf_4_0_0_clk/A (sky130_fd_sc_hd__clkbuf_8)
                  0.05    0.15    0.47 ^ clkbuf_4_0_0_clk/X (sky130_fd_sc_hd__clkbuf_8)
     9    0.02                           clknet_4_0_0_clk (net)
                  0.05    0.00    0.47 ^ _1148_/CLK (sky130_fd_sc_hd__dfrtp_1)
                          0.25    0.72   clock uncertainty
                          0.00    0.72   clock reconvergence pessimism
                          0.34    1.07   library removal time
                                  1.07   data required time
-----------------------------------------------------------------------------
                                  1.07   data required time
                                 -2.56   data arrival time
-----------------------------------------------------------------------------
                                  1.49   slack (MET)


Startpoint: rst_n (input port clocked by clk)
Endpoint: _1150_ (removal check against rising-edge clock clk)
Path Group: asynchronous
Path Type: min

Fanout     Cap    Slew   Delay    Time   Description
-----------------------------------------------------------------------------
                          0.00    0.00   clock clk (rise edge)
                          0.00    0.00   clock network delay (propagated)
                          2.00    2.00 ^ input external delay
                  0.02    0.01    2.01 ^ rst_n (in)
     1    0.00                           rst_n (net)
                  0.02    0.00    2.01 ^ input13/A (sky130_fd_sc_hd__buf_1)
                  0.15    0.14    2.15 ^ input13/X (sky130_fd_sc_hd__buf_1)
     2    0.01                           net13 (net)
                  0.15    0.00    2.15 ^ fanout62/A (sky130_fd_sc_hd__clkbuf_2)
                  0.13    0.19    2.34 ^ fanout62/X (sky130_fd_sc_hd__clkbuf_2)
     5    0.02                           net62 (net)
                  0.13    0.00    2.34 ^ fanout54/A (sky130_fd_sc_hd__clkbuf_4)
                  0.13    0.22    2.56 ^ fanout54/X (sky130_fd_sc_hd__clkbuf_4)
     8    0.04                           net54 (net)
                  0.13    0.00    2.56 ^ _1150_/RESET_B (sky130_fd_sc_hd__dfrtp_1)
                                  2.56   data arrival time

                          0.00    0.00   clock clk (rise edge)
                          0.00    0.00   clock source latency
                  0.15    0.11    0.11 ^ clk (in)
     1    0.03                           clk (net)
                  0.15    0.00    0.11 ^ clkbuf_0_clk/A (sky130_fd_sc_hd__clkbuf_16)
                  0.09    0.21    0.32 ^ clkbuf_0_clk/X (sky130_fd_sc_hd__clkbuf_16)
    16    0.07                           clknet_0_clk (net)
                  0.09    0.00    0.32 ^ clkbuf_4_0_0_clk/A (sky130_fd_sc_hd__clkbuf_8)
                  0.05    0.15    0.47 ^ clkbuf_4_0_0_clk/X (sky130_fd_sc_hd__clkbuf_8)
     9    0.02                           clknet_4_0_0_clk (net)
                  0.05    0.00    0.47 ^ _1150_/CLK (sky130_fd_sc_hd__dfrtp_1)
                          0.25    0.72   clock uncertainty
                          0.00    0.72   clock reconvergence pessimism
                          0.34    1.07   library removal time
                                  1.07   data required time
-----------------------------------------------------------------------------
                                  1.07   data required time
                                 -2.56   data arrival time
-----------------------------------------------------------------------------
                                  1.49   slack (MET)


Startpoint: rst_n (input port clocked by clk)
Endpoint: _1147_ (removal check against rising-edge clock clk)
Path Group: asynchronous
Path Type: min

Fanout     Cap    Slew   Delay    Time   Description
-----------------------------------------------------------------------------
                          0.00    0.00   clock clk (rise edge)
                          0.00    0.00   clock network delay (propagated)
                          2.00    2.00 ^ input external delay
                  0.02    0.01    2.01 ^ rst_n (in)
     1    0.00                           rst_n (net)
                  0.02    0.00    2.01 ^ input13/A (sky130_fd_sc_hd__buf_1)
                  0.15    0.14    2.15 ^ input13/X (sky130_fd_sc_hd__buf_1)
     2    0.01                           net13 (net)
                  0.15    0.00    2.15 ^ fanout62/A (sky130_fd_sc_hd__clkbuf_2)
                  0.13    0.19    2.34 ^ fanout62/X (sky130_fd_sc_hd__clkbuf_2)
     5    0.02                           net62 (net)
                  0.13    0.00    2.34 ^ fanout54/A (sky130_fd_sc_hd__clkbuf_4)
                  0.13    0.22    2.56 ^ fanout54/X (sky130_fd_sc_hd__clkbuf_4)
     8    0.04                           net54 (net)
                  0.13    0.00    2.56 ^ _1147_/RESET_B (sky130_fd_sc_hd__dfrtp_4)
                                  2.56   data arrival time

                          0.00    0.00   clock clk (rise edge)
                          0.00    0.00   clock source latency
                  0.15    0.11    0.11 ^ clk (in)
     1    0.03                           clk (net)
                  0.15    0.00    0.11 ^ clkbuf_0_clk/A (sky130_fd_sc_hd__clkbuf_16)
                  0.09    0.21    0.32 ^ clkbuf_0_clk/X (sky130_fd_sc_hd__clkbuf_16)
    16    0.07                           clknet_0_clk (net)
                  0.09    0.00    0.32 ^ clkbuf_4_0_0_clk/A (sky130_fd_sc_hd__clkbuf_8)
                  0.05    0.15    0.47 ^ clkbuf_4_0_0_clk/X (sky130_fd_sc_hd__clkbuf_8)
     9    0.02                           clknet_4_0_0_clk (net)
                  0.05    0.00    0.47 ^ _1147_/CLK (sky130_fd_sc_hd__dfrtp_4)
                          0.25    0.72   clock uncertainty
                          0.00    0.72   clock reconvergence pessimism
                          0.34    1.07   library removal time
                                  1.07   data required time
-----------------------------------------------------------------------------
                                  1.07   data required time
                                 -2.56   data arrival time
-----------------------------------------------------------------------------
                                  1.49   slack (MET)


Startpoint: rst_n (input port clocked by clk)
Endpoint: _1078_ (removal check against rising-edge clock clk)
Path Group: asynchronous
Path Type: min

Fanout     Cap    Slew   Delay    Time   Description
-----------------------------------------------------------------------------
                          0.00    0.00   clock clk (rise edge)
                          0.00    0.00   clock network delay (propagated)
                          2.00    2.00 ^ input external delay
                  0.02    0.01    2.01 ^ rst_n (in)
     1    0.00                           rst_n (net)
                  0.02    0.00    2.01 ^ input13/A (sky130_fd_sc_hd__buf_1)
                  0.15    0.14    2.15 ^ input13/X (sky130_fd_sc_hd__buf_1)
     2    0.01                           net13 (net)
                  0.15    0.00    2.15 ^ fanout71/A (sky130_fd_sc_hd__buf_2)
                  0.14    0.20    2.35 ^ fanout71/X (sky130_fd_sc_hd__buf_2)
     5    0.03                           net71 (net)
                  0.14    0.00    2.35 ^ fanout68/A (sky130_fd_sc_hd__clkbuf_4)
                  0.14    0.23    2.58 ^ fanout68/X (sky130_fd_sc_hd__clkbuf_4)
    10    0.05                           net68 (net)
                  0.14    0.00    2.59 ^ _1078_/RESET_B (sky130_fd_sc_hd__dfrtp_1)
                                  2.59   data arrival time

                          0.00    0.00   clock clk (rise edge)
                          0.00    0.00   clock source latency
                  0.15    0.11    0.11 ^ clk (in)
     1    0.03                           clk (net)
                  0.15    0.00    0.11 ^ clkbuf_0_clk/A (sky130_fd_sc_hd__clkbuf_16)
                  0.09    0.21    0.32 ^ clkbuf_0_clk/X (sky130_fd_sc_hd__clkbuf_16)
    16    0.07                           clknet_0_clk (net)
                  0.09    0.00    0.32 ^ clkbuf_4_13_0_clk/A (sky130_fd_sc_hd__clkbuf_8)
                  0.06    0.16    0.49 ^ clkbuf_4_13_0_clk/X (sky130_fd_sc_hd__clkbuf_8)
     9    0.03                           clknet_4_13_0_clk (net)
                  0.06    0.00    0.49 ^ _1078_/CLK (sky130_fd_sc_hd__dfrtp_1)
                          0.25    0.74   clock uncertainty
                          0.00    0.74   clock reconvergence pessimism
                          0.35    1.09   library removal time
                                  1.09   data required time
-----------------------------------------------------------------------------
                                  1.09   data required time
                                 -2.59   data arrival time
-----------------------------------------------------------------------------
                                  1.50   slack (MET)


Startpoint: rst_n (input port clocked by clk)
Endpoint: _1082_ (removal check against rising-edge clock clk)
Path Group: asynchronous
Path Type: min

Fanout     Cap    Slew   Delay    Time   Description
-----------------------------------------------------------------------------
                          0.00    0.00   clock clk (rise edge)
                          0.00    0.00   clock network delay (propagated)
                          2.00    2.00 ^ input external delay
                  0.02    0.01    2.01 ^ rst_n (in)
     1    0.00                           rst_n (net)
                  0.02    0.00    2.01 ^ input13/A (sky130_fd_sc_hd__buf_1)
                  0.15    0.14    2.15 ^ input13/X (sky130_fd_sc_hd__buf_1)
     2    0.01                           net13 (net)
                  0.15    0.00    2.15 ^ fanout71/A (sky130_fd_sc_hd__buf_2)
                  0.14    0.20    2.35 ^ fanout71/X (sky130_fd_sc_hd__buf_2)
     5    0.03                           net71 (net)
                  0.14    0.00    2.35 ^ fanout69/A (sky130_fd_sc_hd__buf_2)
                  0.18    0.23    2.58 ^ fanout69/X (sky130_fd_sc_hd__buf_2)
     8    0.04                           net69 (net)
                  0.18    0.00    2.58 ^ _1082_/RESET_B (sky130_fd_sc_hd__dfrtp_1)
                                  2.58   data arrival time

                          0.00    0.00   clock clk (rise edge)
                          0.00    0.00   clock source latency
                  0.15    0.11    0.11 ^ clk (in)
     1    0.03                           clk (net)
                  0.15    0.00    0.11 ^ clkbuf_0_clk/A (sky130_fd_sc_hd__clkbuf_16)
                  0.09    0.21    0.32 ^ clkbuf_0_clk/X (sky130_fd_sc_hd__clkbuf_16)
    16    0.07                           clknet_0_clk (net)
                  0.09    0.00    0.32 ^ clkbuf_4_15_0_clk/A (sky130_fd_sc_hd__clkbuf_8)
                  0.05    0.15    0.48 ^ clkbuf_4_15_0_clk/X (sky130_fd_sc_hd__clkbuf_8)
     6    0.02                           clknet_4_15_0_clk (net)
                  0.05    0.00    0.48 ^ _1082_/CLK (sky130_fd_sc_hd__dfrtp_1)
                          0.25    0.73   clock uncertainty
                          0.00    0.73   clock reconvergence pessimism
                          0.36    1.09   library removal time
                                  1.09   data required time
-----------------------------------------------------------------------------
                                  1.09   data required time
                                 -2.58   data arrival time
-----------------------------------------------------------------------------
                                  1.50   slack (MET)


Startpoint: rst_n (input port clocked by clk)
Endpoint: _1083_ (removal check against rising-edge clock clk)
Path Group: asynchronous
Path Type: min

Fanout     Cap    Slew   Delay    Time   Description
-----------------------------------------------------------------------------
                          0.00    0.00   clock clk (rise edge)
                          0.00    0.00   clock network delay (propagated)
                          2.00    2.00 ^ input external delay
                  0.02    0.01    2.01 ^ rst_n (in)
     1    0.00                           rst_n (net)
                  0.02    0.00    2.01 ^ input13/A (sky130_fd_sc_hd__buf_1)
                  0.15    0.14    2.15 ^ input13/X (sky130_fd_sc_hd__buf_1)
     2    0.01                           net13 (net)
                  0.15    0.00    2.15 ^ fanout71/A (sky130_fd_sc_hd__buf_2)
                  0.14    0.20    2.35 ^ fanout71/X (sky130_fd_sc_hd__buf_2)
     5    0.03                           net71 (net)
                  0.14    0.00    2.35 ^ fanout69/A (sky130_fd_sc_hd__buf_2)
                  0.18    0.23    2.58 ^ fanout69/X (sky130_fd_sc_hd__buf_2)
     8    0.04                           net69 (net)
                  0.18    0.00    2.58 ^ _1083_/RESET_B (sky130_fd_sc_hd__dfrtp_1)
                                  2.58   data arrival time

                          0.00    0.00   clock clk (rise edge)
                          0.00    0.00   clock source latency
                  0.15    0.11    0.11 ^ clk (in)
     1    0.03                           clk (net)
                  0.15    0.00    0.11 ^ clkbuf_0_clk/A (sky130_fd_sc_hd__clkbuf_16)
                  0.09    0.21    0.32 ^ clkbuf_0_clk/X (sky130_fd_sc_hd__clkbuf_16)
    16    0.07                           clknet_0_clk (net)
                  0.09    0.00    0.32 ^ clkbuf_4_15_0_clk/A (sky130_fd_sc_hd__clkbuf_8)
                  0.05    0.15    0.48 ^ clkbuf_4_15_0_clk/X (sky130_fd_sc_hd__clkbuf_8)
     6    0.02                           clknet_4_15_0_clk (net)
                  0.05    0.00    0.48 ^ _1083_/CLK (sky130_fd_sc_hd__dfrtp_1)
                          0.25    0.73   clock uncertainty
                          0.00    0.73   clock reconvergence pessimism
                          0.36    1.09   library removal time
                                  1.09   data required time
-----------------------------------------------------------------------------
                                  1.09   data required time
                                 -2.58   data arrival time
-----------------------------------------------------------------------------
                                  1.50   slack (MET)


Startpoint: ui_in[1] (input port clocked by clk)
Endpoint: _1184_ (rising edge-triggered flip-flop clocked by clk)
Path Group: clk
Path Type: min

Fanout     Cap    Slew   Delay    Time   Description
-----------------------------------------------------------------------------
                          0.00    0.00   clock clk (rise edge)
                          0.00    0.00   clock network delay (propagated)
                          2.00    2.00 v input external delay
                  0.01    0.00    2.00 v ui_in[1] (in)
     1    0.00                           ui_in[1] (net)
                  0.01    0.00    2.00 v input15/A (sky130_fd_sc_hd__dlymetal6s2s_1)
                  0.09    0.16    2.16 v input15/X (sky130_fd_sc_hd__dlymetal6s2s_1)
     1    0.02                           net15 (net)
                  0.09    0.00    2.17 v _1184_/D (sky130_fd_sc_hd__dfrtp_1)
                                  2.17   data arrival time

                          0.00    0.00   clock clk (rise edge)
                          0.00    0.00   clock source latency
                  0.15    0.11    0.11 ^ clk (in)
     1    0.03                           clk (net)
                  0.15    0.00    0.11 ^ clkbuf_0_clk/A (sky130_fd_sc_hd__clkbuf_16)
                  0.09    0.21    0.32 ^ clkbuf_0_clk/X (sky130_fd_sc_hd__clkbuf_16)
    16    0.07                           clknet_0_clk (net)
                  0.09    0.00    0.32 ^ clkbuf_4_2_0_clk/A (sky130_fd_sc_hd__clkbuf_8)
                  0.06    0.16    0.48 ^ clkbuf_4_2_0_clk/X (sky130_fd_sc_hd__clkbuf_8)
    12    0.02                           clknet_4_2_0_clk (net)
                  0.06    0.00    0.48 ^ _1184_/CLK (sky130_fd_sc_hd__dfrtp_1)
                          0.25    0.73   clock uncertainty
                          0.00    0.73   clock reconvergence pessimism
                         -0.06    0.67   library hold time
                                  0.67   data required time
-----------------------------------------------------------------------------
                                  0.67   data required time
                                 -2.17   data arrival time
-----------------------------------------------------------------------------
                                  1.50   slack (MET)


Startpoint: rst_n (input port clocked by clk)
Endpoint: _1160_ (removal check against rising-edge clock clk)
Path Group: asynchronous
Path Type: min

Fanout     Cap    Slew   Delay    Time   Description
-----------------------------------------------------------------------------
                          0.00    0.00   clock clk (rise edge)
                          0.00    0.00   clock network delay (propagated)
                          2.00    2.00 ^ input external delay
                  0.02    0.01    2.01 ^ rst_n (in)
     1    0.00                           rst_n (net)
                  0.02    0.00    2.01 ^ input13/A (sky130_fd_sc_hd__buf_1)
                  0.15    0.14    2.15 ^ input13/X (sky130_fd_sc_hd__buf_1)
     2    0.01                           net13 (net)
                  0.15    0.00    2.15 ^ fanout71/A (sky130_fd_sc_hd__buf_2)
                  0.14    0.20    2.35 ^ fanout71/X (sky130_fd_sc_hd__buf_2)
     5    0.03                           net71 (net)
                  0.14    0.00    2.35 ^ fanout68/A (sky130_fd_sc_hd__clkbuf_4)
                  0.14    0.23    2.58 ^ fanout68/X (sky130_fd_sc_hd__clkbuf_4)
    10    0.05                           net68 (net)
                  0.14    0.00    2.59 ^ _1160_/RESET_B (sky130_fd_sc_hd__dfrtp_1)
                                  2.59   data arrival time

                          0.00    0.00   clock clk (rise edge)
                          0.00    0.00   clock source latency
                  0.15    0.11    0.11 ^ clk (in)
     1    0.03                           clk (net)
                  0.15    0.00    0.11 ^ clkbuf_0_clk/A (sky130_fd_sc_hd__clkbuf_16)
                  0.09    0.21    0.32 ^ clkbuf_0_clk/X (sky130_fd_sc_hd__clkbuf_16)
    16    0.07                           clknet_0_clk (net)
                  0.09    0.00    0.32 ^ clkbuf_4_13_0_clk/A (sky130_fd_sc_hd__clkbuf_8)
                  0.06    0.16    0.49 ^ clkbuf_4_13_0_clk/X (sky130_fd_sc_hd__clkbuf_8)
     9    0.03                           clknet_4_13_0_clk (net)
                  0.06    0.00    0.49 ^ _1160_/CLK (sky130_fd_sc_hd__dfrtp_1)
                          0.25    0.74   clock uncertainty
                          0.00    0.74   clock reconvergence pessimism
                          0.35    1.09   library removal time
                                  1.09   data required time
-----------------------------------------------------------------------------
                                  1.09   data required time
                                 -2.59   data arrival time
-----------------------------------------------------------------------------
                                  1.50   slack (MET)


Startpoint: rst_n (input port clocked by clk)
Endpoint: _1065_ (removal check against rising-edge clock clk)
Path Group: asynchronous
Path Type: min

Fanout     Cap    Slew   Delay    Time   Description
-----------------------------------------------------------------------------
                          0.00    0.00   clock clk (rise edge)
                          0.00    0.00   clock network delay (propagated)
                          2.00    2.00 ^ input external delay
                  0.02    0.01    2.01 ^ rst_n (in)
     1    0.00                           rst_n (net)
                  0.02    0.00    2.01 ^ input13/A (sky130_fd_sc_hd__buf_1)
                  0.15    0.14    2.15 ^ input13/X (sky130_fd_sc_hd__buf_1)
     2    0.01                           net13 (net)
                  0.15    0.00    2.15 ^ fanout71/A (sky130_fd_sc_hd__buf_2)
                  0.14    0.20    2.35 ^ fanout71/X (sky130_fd_sc_hd__buf_2)
     5    0.03                           net71 (net)
                  0.14    0.00    2.35 ^ fanout68/A (sky130_fd_sc_hd__clkbuf_4)
                  0.14    0.23    2.58 ^ fanout68/X (sky130_fd_sc_hd__clkbuf_4)
    10    0.05                           net68 (net)
                  0.14    0.00    2.59 ^ _1065_/RESET_B (sky130_fd_sc_hd__dfrtp_1)
                                  2.59   data arrival time

                          0.00    0.00   clock clk (rise edge)
                          0.00    0.00   clock source latency
                  0.15    0.11    0.11 ^ clk (in)
     1    0.03                           clk (net)
                  0.15    0.00    0.11 ^ clkbuf_0_clk/A (sky130_fd_sc_hd__clkbuf_16)
                  0.09    0.21    0.32 ^ clkbuf_0_clk/X (sky130_fd_sc_hd__clkbuf_16)
    16    0.07                           clknet_0_clk (net)
                  0.09    0.00    0.32 ^ clkbuf_4_13_0_clk/A (sky130_fd_sc_hd__clkbuf_8)
                  0.06    0.16    0.49 ^ clkbuf_4_13_0_clk/X (sky130_fd_sc_hd__clkbuf_8)
     9    0.03                           clknet_4_13_0_clk (net)
                  0.06    0.00    0.49 ^ _1065_/CLK (sky130_fd_sc_hd__dfrtp_1)
                          0.25    0.74   clock uncertainty
                          0.00    0.74   clock reconvergence pessimism
                          0.35    1.09   library removal time
                                  1.09   data required time
-----------------------------------------------------------------------------
                                  1.09   data required time
                                 -2.59   data arrival time
-----------------------------------------------------------------------------
                                  1.50   slack (MET)


Startpoint: rst_n (input port clocked by clk)
Endpoint: _1193_ (removal check against rising-edge clock clk)
Path Group: asynchronous
Path Type: min

Fanout     Cap    Slew   Delay    Time   Description
-----------------------------------------------------------------------------
                          0.00    0.00   clock clk (rise edge)
                          0.00    0.00   clock network delay (propagated)
                          2.00    2.00 ^ input external delay
                  0.02    0.01    2.01 ^ rst_n (in)
     1    0.00                           rst_n (net)
                  0.02    0.00    2.01 ^ input13/A (sky130_fd_sc_hd__buf_1)
                  0.15    0.14    2.15 ^ input13/X (sky130_fd_sc_hd__buf_1)
     2    0.01                           net13 (net)
                  0.15    0.00    2.15 ^ fanout71/A (sky130_fd_sc_hd__buf_2)
                  0.14    0.20    2.35 ^ fanout71/X (sky130_fd_sc_hd__buf_2)
     5    0.03                           net71 (net)
                  0.14    0.00    2.35 ^ fanout70/A (sky130_fd_sc_hd__clkbuf_4)
                  0.12    0.21    2.57 ^ fanout70/X (sky130_fd_sc_hd__clkbuf_4)
    10    0.04                           net70 (net)
                  0.12    0.00    2.57 ^ _1193_/RESET_B (sky130_fd_sc_hd__dfrtp_1)
                                  2.57   data arrival time

                          0.00    0.00   clock clk (rise edge)
                          0.00    0.00   clock source latency
                  0.15    0.11    0.11 ^ clk (in)
     1    0.03                           clk (net)
                  0.15    0.00    0.11 ^ clkbuf_0_clk/A (sky130_fd_sc_hd__clkbuf_16)
                  0.09    0.21    0.32 ^ clkbuf_0_clk/X (sky130_fd_sc_hd__clkbuf_16)
    16    0.07                           clknet_0_clk (net)
                  0.09    0.00    0.32 ^ clkbuf_4_15_0_clk/A (sky130_fd_sc_hd__clkbuf_8)
                  0.05    0.15    0.48 ^ clkbuf_4_15_0_clk/X (sky130_fd_sc_hd__clkbuf_8)
     6    0.02                           clknet_4_15_0_clk (net)
                  0.05    0.00    0.48 ^ _1193_/CLK (sky130_fd_sc_hd__dfrtp_1)
                          0.25    0.73   clock uncertainty
                          0.00    0.73   clock reconvergence pessimism
                          0.34    1.07   library removal time
                                  1.07   data required time
-----------------------------------------------------------------------------
                                  1.07   data required time
                                 -2.57   data arrival time
-----------------------------------------------------------------------------
                                  1.50   slack (MET)


Startpoint: rst_n (input port clocked by clk)
Endpoint: _1192_ (removal check against rising-edge clock clk)
Path Group: asynchronous
Path Type: min

Fanout     Cap    Slew   Delay    Time   Description
-----------------------------------------------------------------------------
                          0.00    0.00   clock clk (rise edge)
                          0.00    0.00   clock network delay (propagated)
                          2.00    2.00 ^ input external delay
                  0.02    0.01    2.01 ^ rst_n (in)
     1    0.00                           rst_n (net)
                  0.02    0.00    2.01 ^ input13/A (sky130_fd_sc_hd__buf_1)
                  0.15    0.14    2.15 ^ input13/X (sky130_fd_sc_hd__buf_1)
     2    0.01                           net13 (net)
                  0.15    0.00    2.15 ^ fanout71/A (sky130_fd_sc_hd__buf_2)
                  0.14    0.20    2.35 ^ fanout71/X (sky130_fd_sc_hd__buf_2)
     5    0.03                           net71 (net)
                  0.14    0.00    2.35 ^ fanout70/A (sky130_fd_sc_hd__clkbuf_4)
                  0.12    0.21    2.57 ^ fanout70/X (sky130_fd_sc_hd__clkbuf_4)
    10    0.04                           net70 (net)
                  0.12    0.00    2.57 ^ _1192_/RESET_B (sky130_fd_sc_hd__dfrtp_1)
                                  2.57   data arrival time

                          0.00    0.00   clock clk (rise edge)
                          0.00    0.00   clock source latency
                  0.15    0.11    0.11 ^ clk (in)
     1    0.03                           clk (net)
                  0.15    0.00    0.11 ^ clkbuf_0_clk/A (sky130_fd_sc_hd__clkbuf_16)
                  0.09    0.21    0.32 ^ clkbuf_0_clk/X (sky130_fd_sc_hd__clkbuf_16)
    16    0.07                           clknet_0_clk (net)
                  0.09    0.00    0.32 ^ clkbuf_4_15_0_clk/A (sky130_fd_sc_hd__clkbuf_8)
                  0.05    0.15    0.48 ^ clkbuf_4_15_0_clk/X (sky130_fd_sc_hd__clkbuf_8)
     6    0.02                           clknet_4_15_0_clk (net)
                  0.05    0.00    0.48 ^ _1192_/CLK (sky130_fd_sc_hd__dfrtp_1)
                          0.25    0.73   clock uncertainty
                          0.00    0.73   clock reconvergence pessimism
                          0.34    1.07   library removal time
                                  1.07   data required time
-----------------------------------------------------------------------------
                                  1.07   data required time
                                 -2.57   data arrival time
-----------------------------------------------------------------------------
                                  1.50   slack (MET)


Startpoint: rst_n (input port clocked by clk)
Endpoint: _1058_ (removal check against rising-edge clock clk)
Path Group: asynchronous
Path Type: min

Fanout     Cap    Slew   Delay    Time   Description
-----------------------------------------------------------------------------
                          0.00    0.00   clock clk (rise edge)
                          0.00    0.00   clock network delay (propagated)
                          2.00    2.00 ^ input external delay
                  0.02    0.01    2.01 ^ rst_n (in)
     1    0.00                           rst_n (net)
                  0.02    0.00    2.01 ^ input13/A (sky130_fd_sc_hd__buf_1)
                  0.15    0.14    2.15 ^ input13/X (sky130_fd_sc_hd__buf_1)
     2    0.01                           net13 (net)
                  0.15    0.00    2.15 ^ fanout71/A (sky130_fd_sc_hd__buf_2)
                  0.14    0.20    2.35 ^ fanout71/X (sky130_fd_sc_hd__buf_2)
     5    0.03                           net71 (net)
                  0.14    0.00    2.35 ^ fanout70/A (sky130_fd_sc_hd__clkbuf_4)
                  0.12    0.21    2.57 ^ fanout70/X (sky130_fd_sc_hd__clkbuf_4)
    10    0.04                           net70 (net)
                  0.12    0.00    2.57 ^ _1058_/RESET_B (sky130_fd_sc_hd__dfrtp_4)
                                  2.57   data arrival time

                          0.00    0.00   clock clk (rise edge)
                          0.00    0.00   clock source latency
                  0.15    0.11    0.11 ^ clk (in)
     1    0.03                           clk (net)
                  0.15    0.00    0.11 ^ clkbuf_0_clk/A (sky130_fd_sc_hd__clkbuf_16)
                  0.09    0.21    0.32 ^ clkbuf_0_clk/X (sky130_fd_sc_hd__clkbuf_16)
    16    0.07                           clknet_0_clk (net)
                  0.09    0.00    0.32 ^ clkbuf_4_15_0_clk/A (sky130_fd_sc_hd__clkbuf_8)
                  0.05    0.15    0.48 ^ clkbuf_4_15_0_clk/X (sky130_fd_sc_hd__clkbuf_8)
     6    0.02                           clknet_4_15_0_clk (net)
                  0.05    0.00    0.48 ^ _1058_/CLK (sky130_fd_sc_hd__dfrtp_4)
                          0.25    0.73   clock uncertainty
                          0.00    0.73   clock reconvergence pessimism
                          0.34    1.07   library removal time
                                  1.07   data required time
-----------------------------------------------------------------------------
                                  1.07   data required time
                                 -2.57   data arrival time
-----------------------------------------------------------------------------
                                  1.50   slack (MET)


Startpoint: rst_n (input port clocked by clk)
Endpoint: _1093_ (removal check against rising-edge clock clk)
Path Group: asynchronous
Path Type: min

Fanout     Cap    Slew   Delay    Time   Description
-----------------------------------------------------------------------------
                          0.00    0.00   clock clk (rise edge)
                          0.00    0.00   clock network delay (propagated)
                          2.00    2.00 ^ input external delay
                  0.02    0.01    2.01 ^ rst_n (in)
     1    0.00                           rst_n (net)
                  0.02    0.00    2.01 ^ input13/A (sky130_fd_sc_hd__buf_1)
                  0.15    0.14    2.15 ^ input13/X (sky130_fd_sc_hd__buf_1)
     2    0.01                           net13 (net)
                  0.15    0.00    2.15 ^ fanout71/A (sky130_fd_sc_hd__buf_2)
                  0.14    0.20    2.35 ^ fanout71/X (sky130_fd_sc_hd__buf_2)
     5    0.03                           net71 (net)
                  0.14    0.00    2.35 ^ fanout68/A (sky130_fd_sc_hd__clkbuf_4)
                  0.14    0.23    2.58 ^ fanout68/X (sky130_fd_sc_hd__clkbuf_4)
    10    0.05                           net68 (net)
                  0.14    0.00    2.59 ^ _1093_/RESET_B (sky130_fd_sc_hd__dfrtp_1)
                                  2.59   data arrival time

                          0.00    0.00   clock clk (rise edge)
                          0.00    0.00   clock source latency
                  0.15    0.11    0.11 ^ clk (in)
     1    0.03                           clk (net)
                  0.15    0.00    0.11 ^ clkbuf_0_clk/A (sky130_fd_sc_hd__clkbuf_16)
                  0.09    0.21    0.32 ^ clkbuf_0_clk/X (sky130_fd_sc_hd__clkbuf_16)
    16    0.07                           clknet_0_clk (net)
                  0.09    0.00    0.32 ^ clkbuf_4_14_0_clk/A (sky130_fd_sc_hd__clkbuf_8)
                  0.06    0.16    0.48 ^ clkbuf_4_14_0_clk/X (sky130_fd_sc_hd__clkbuf_8)
     9    0.02                           clknet_4_14_0_clk (net)
                  0.06    0.00    0.48 ^ _1093_/CLK (sky130_fd_sc_hd__dfrtp_1)
                          0.25    0.73   clock uncertainty
                          0.00    0.73   clock reconvergence pessimism
                          0.35    1.08   library removal time
                                  1.08   data required time
-----------------------------------------------------------------------------
                                  1.08   data required time
                                 -2.59   data arrival time
-----------------------------------------------------------------------------
                                  1.50   slack (MET)


Startpoint: rst_n (input port clocked by clk)
Endpoint: _1066_ (removal check against rising-edge clock clk)
Path Group: asynchronous
Path Type: min

Fanout     Cap    Slew   Delay    Time   Description
-----------------------------------------------------------------------------
                          0.00    0.00   clock clk (rise edge)
                          0.00    0.00   clock network delay (propagated)
                          2.00    2.00 ^ input external delay
                  0.02    0.01    2.01 ^ rst_n (in)
     1    0.00                           rst_n (net)
                  0.02    0.00    2.01 ^ input13/A (sky130_fd_sc_hd__buf_1)
                  0.15    0.14    2.15 ^ input13/X (sky130_fd_sc_hd__buf_1)
     2    0.01                           net13 (net)
                  0.15    0.00    2.15 ^ fanout71/A (sky130_fd_sc_hd__buf_2)
                  0.14    0.20    2.35 ^ fanout71/X (sky130_fd_sc_hd__buf_2)
     5    0.03                           net71 (net)
                  0.14    0.00    2.35 ^ fanout68/A (sky130_fd_sc_hd__clkbuf_4)
                  0.14    0.23    2.58 ^ fanout68/X (sky130_fd_sc_hd__clkbuf_4)
    10    0.05                           net68 (net)
                  0.14    0.00    2.59 ^ _1066_/RESET_B (sky130_fd_sc_hd__dfrtp_1)
                                  2.59   data arrival time

                          0.00    0.00   clock clk (rise edge)
                          0.00    0.00   clock source latency
                  0.15    0.11    0.11 ^ clk (in)
     1    0.03                           clk (net)
                  0.15    0.00    0.11 ^ clkbuf_0_clk/A (sky130_fd_sc_hd__clkbuf_16)
                  0.09    0.21    0.32 ^ clkbuf_0_clk/X (sky130_fd_sc_hd__clkbuf_16)
    16    0.07                           clknet_0_clk (net)
                  0.09    0.00    0.32 ^ clkbuf_4_12_0_clk/A (sky130_fd_sc_hd__clkbuf_8)
                  0.05    0.16    0.48 ^ clkbuf_4_12_0_clk/X (sky130_fd_sc_hd__clkbuf_8)
     7    0.02                           clknet_4_12_0_clk (net)
                  0.05    0.00    0.48 ^ _1066_/CLK (sky130_fd_sc_hd__dfrtp_1)
                          0.25    0.73   clock uncertainty
                          0.00    0.73   clock reconvergence pessimism
                          0.35    1.08   library removal time
                                  1.08   data required time
-----------------------------------------------------------------------------
                                  1.08   data required time
                                 -2.59   data arrival time
-----------------------------------------------------------------------------
                                  1.51   slack (MET)


Startpoint: rst_n (input port clocked by clk)
Endpoint: _1162_ (removal check against rising-edge clock clk)
Path Group: asynchronous
Path Type: min

Fanout     Cap    Slew   Delay    Time   Description
-----------------------------------------------------------------------------
                          0.00    0.00   clock clk (rise edge)
                          0.00    0.00   clock network delay (propagated)
                          2.00    2.00 ^ input external delay
                  0.02    0.01    2.01 ^ rst_n (in)
     1    0.00                           rst_n (net)
                  0.02    0.00    2.01 ^ input13/A (sky130_fd_sc_hd__buf_1)
                  0.15    0.14    2.15 ^ input13/X (sky130_fd_sc_hd__buf_1)
     2    0.01                           net13 (net)
                  0.15    0.00    2.15 ^ fanout71/A (sky130_fd_sc_hd__buf_2)
                  0.14    0.20    2.35 ^ fanout71/X (sky130_fd_sc_hd__buf_2)
     5    0.03                           net71 (net)
                  0.14    0.00    2.35 ^ fanout68/A (sky130_fd_sc_hd__clkbuf_4)
                  0.14    0.23    2.58 ^ fanout68/X (sky130_fd_sc_hd__clkbuf_4)
    10    0.05                           net68 (net)
                  0.14    0.00    2.59 ^ _1162_/RESET_B (sky130_fd_sc_hd__dfrtp_1)
                                  2.59   data arrival time

                          0.00    0.00   clock clk (rise edge)
                          0.00    0.00   clock source latency
                  0.15    0.11    0.11 ^ clk (in)
     1    0.03                           clk (net)
                  0.15    0.00    0.11 ^ clkbuf_0_clk/A (sky130_fd_sc_hd__clkbuf_16)
                  0.09    0.21    0.32 ^ clkbuf_0_clk/X (sky130_fd_sc_hd__clkbuf_16)
    16    0.07                           clknet_0_clk (net)
                  0.09    0.00    0.32 ^ clkbuf_4_12_0_clk/A (sky130_fd_sc_hd__clkbuf_8)
                  0.05    0.16    0.48 ^ clkbuf_4_12_0_clk/X (sky130_fd_sc_hd__clkbuf_8)
     7    0.02                           clknet_4_12_0_clk (net)
                  0.05    0.00    0.48 ^ _1162_/CLK (sky130_fd_sc_hd__dfrtp_1)
                          0.25    0.73   clock uncertainty
                          0.00    0.73   clock reconvergence pessimism
                          0.35    1.08   library removal time
                                  1.08   data required time
-----------------------------------------------------------------------------
                                  1.08   data required time
                                 -2.59   data arrival time
-----------------------------------------------------------------------------
                                  1.51   slack (MET)


Startpoint: rst_n (input port clocked by clk)
Endpoint: _1161_ (removal check against rising-edge clock clk)
Path Group: asynchronous
Path Type: min

Fanout     Cap    Slew   Delay    Time   Description
-----------------------------------------------------------------------------
                          0.00    0.00   clock clk (rise edge)
                          0.00    0.00   clock network delay (propagated)
                          2.00    2.00 ^ input external delay
                  0.02    0.01    2.01 ^ rst_n (in)
     1    0.00                           rst_n (net)
                  0.02    0.00    2.01 ^ input13/A (sky130_fd_sc_hd__buf_1)
                  0.15    0.14    2.15 ^ input13/X (sky130_fd_sc_hd__buf_1)
     2    0.01                           net13 (net)
                  0.15    0.00    2.15 ^ fanout71/A (sky130_fd_sc_hd__buf_2)
                  0.14    0.20    2.35 ^ fanout71/X (sky130_fd_sc_hd__buf_2)
     5    0.03                           net71 (net)
                  0.14    0.00    2.35 ^ fanout68/A (sky130_fd_sc_hd__clkbuf_4)
                  0.14    0.23    2.58 ^ fanout68/X (sky130_fd_sc_hd__clkbuf_4)
    10    0.05                           net68 (net)
                  0.14    0.00    2.59 ^ _1161_/RESET_B (sky130_fd_sc_hd__dfrtp_1)
                                  2.59   data arrival time

                          0.00    0.00   clock clk (rise edge)
                          0.00    0.00   clock source latency
                  0.15    0.11    0.11 ^ clk (in)
     1    0.03                           clk (net)
                  0.15    0.00    0.11 ^ clkbuf_0_clk/A (sky130_fd_sc_hd__clkbuf_16)
                  0.09    0.21    0.32 ^ clkbuf_0_clk/X (sky130_fd_sc_hd__clkbuf_16)
    16    0.07                           clknet_0_clk (net)
                  0.09    0.00    0.32 ^ clkbuf_4_12_0_clk/A (sky130_fd_sc_hd__clkbuf_8)
                  0.05    0.16    0.48 ^ clkbuf_4_12_0_clk/X (sky130_fd_sc_hd__clkbuf_8)
     7    0.02                           clknet_4_12_0_clk (net)
                  0.05    0.00    0.48 ^ _1161_/CLK (sky130_fd_sc_hd__dfrtp_1)
                          0.25    0.73   clock uncertainty
                          0.00    0.73   clock reconvergence pessimism
                          0.35    1.08   library removal time
                                  1.08   data required time
-----------------------------------------------------------------------------
                                  1.08   data required time
                                 -2.59   data arrival time
-----------------------------------------------------------------------------
                                  1.51   slack (MET)


Startpoint: rst_n (input port clocked by clk)
Endpoint: _1064_ (removal check against rising-edge clock clk)
Path Group: asynchronous
Path Type: min

Fanout     Cap    Slew   Delay    Time   Description
-----------------------------------------------------------------------------
                          0.00    0.00   clock clk (rise edge)
                          0.00    0.00   clock network delay (propagated)
                          2.00    2.00 ^ input external delay
                  0.02    0.01    2.01 ^ rst_n (in)
     1    0.00                           rst_n (net)
                  0.02    0.00    2.01 ^ input13/A (sky130_fd_sc_hd__buf_1)
                  0.15    0.14    2.15 ^ input13/X (sky130_fd_sc_hd__buf_1)
     2    0.01                           net13 (net)
                  0.15    0.00    2.15 ^ fanout71/A (sky130_fd_sc_hd__buf_2)
                  0.14    0.20    2.35 ^ fanout71/X (sky130_fd_sc_hd__buf_2)
     5    0.03                           net71 (net)
                  0.14    0.00    2.35 ^ fanout68/A (sky130_fd_sc_hd__clkbuf_4)
                  0.14    0.23    2.58 ^ fanout68/X (sky130_fd_sc_hd__clkbuf_4)
    10    0.05                           net68 (net)
                  0.14    0.00    2.59 ^ _1064_/RESET_B (sky130_fd_sc_hd__dfrtp_1)
                                  2.59   data arrival time

                          0.00    0.00   clock clk (rise edge)
                          0.00    0.00   clock source latency
                  0.15    0.11    0.11 ^ clk (in)
     1    0.03                           clk (net)
                  0.15    0.00    0.11 ^ clkbuf_0_clk/A (sky130_fd_sc_hd__clkbuf_16)
                  0.09    0.21    0.32 ^ clkbuf_0_clk/X (sky130_fd_sc_hd__clkbuf_16)
    16    0.07                           clknet_0_clk (net)
                  0.09    0.00    0.32 ^ clkbuf_4_12_0_clk/A (sky130_fd_sc_hd__clkbuf_8)
                  0.05    0.16    0.48 ^ clkbuf_4_12_0_clk/X (sky130_fd_sc_hd__clkbuf_8)
     7    0.02                           clknet_4_12_0_clk (net)
                  0.05    0.00    0.48 ^ _1064_/CLK (sky130_fd_sc_hd__dfrtp_1)
                          0.25    0.73   clock uncertainty
                          0.00    0.73   clock reconvergence pessimism
                          0.35    1.08   library removal time
                                  1.08   data required time
-----------------------------------------------------------------------------
                                  1.08   data required time
                                 -2.59   data arrival time
-----------------------------------------------------------------------------
                                  1.51   slack (MET)


Startpoint: rst_n (input port clocked by clk)
Endpoint: _1173_ (removal check against rising-edge clock clk)
Path Group: asynchronous
Path Type: min

Fanout     Cap    Slew   Delay    Time   Description
-----------------------------------------------------------------------------
                          0.00    0.00   clock clk (rise edge)
                          0.00    0.00   clock network delay (propagated)
                          2.00    2.00 ^ input external delay
                  0.02    0.01    2.01 ^ rst_n (in)
     1    0.00                           rst_n (net)
                  0.02    0.00    2.01 ^ input13/A (sky130_fd_sc_hd__buf_1)
                  0.15    0.14    2.15 ^ input13/X (sky130_fd_sc_hd__buf_1)
     2    0.01                           net13 (net)
                  0.15    0.00    2.15 ^ fanout71/A (sky130_fd_sc_hd__buf_2)
                  0.14    0.20    2.35 ^ fanout71/X (sky130_fd_sc_hd__buf_2)
     5    0.03                           net71 (net)
                  0.14    0.00    2.35 ^ fanout67/A (sky130_fd_sc_hd__buf_2)
                  0.10    0.17    2.53 ^ fanout67/X (sky130_fd_sc_hd__buf_2)
     7    0.02                           net67 (net)
                  0.10    0.00    2.53 ^ fanout64/A (sky130_fd_sc_hd__buf_2)
                  0.15    0.19    2.72 ^ fanout64/X (sky130_fd_sc_hd__buf_2)
     6    0.03                           net64 (net)
                  0.15    0.00    2.72 ^ _1173_/RESET_B (sky130_fd_sc_hd__dfrtp_1)
                                  2.72   data arrival time

                          0.00    0.00   clock clk (rise edge)
                          0.00    0.00   clock source latency
                  0.15    0.11    0.11 ^ clk (in)
     1    0.03                           clk (net)
                  0.15    0.00    0.11 ^ clkbuf_0_clk/A (sky130_fd_sc_hd__clkbuf_16)
                  0.09    0.21    0.32 ^ clkbuf_0_clk/X (sky130_fd_sc_hd__clkbuf_16)
    16    0.07                           clknet_0_clk (net)
                  0.09    0.00    0.32 ^ clkbuf_4_9_0_clk/A (sky130_fd_sc_hd__clkbuf_8)
                  0.05    0.16    0.48 ^ clkbuf_4_9_0_clk/X (sky130_fd_sc_hd__clkbuf_8)
     7    0.02                           clknet_4_9_0_clk (net)
                  0.05    0.00    0.48 ^ _1173_/CLK (sky130_fd_sc_hd__dfrtp_1)
                          0.25    0.73   clock uncertainty
                          0.00    0.73   clock reconvergence pessimism
                          0.35    1.08   library removal time
                                  1.08   data required time
-----------------------------------------------------------------------------
                                  1.08   data required time
                                 -2.72   data arrival time
-----------------------------------------------------------------------------
                                  1.64   slack (MET)


Startpoint: rst_n (input port clocked by clk)
Endpoint: _1154_ (removal check against rising-edge clock clk)
Path Group: asynchronous
Path Type: min

Fanout     Cap    Slew   Delay    Time   Description
-----------------------------------------------------------------------------
                          0.00    0.00   clock clk (rise edge)
                          0.00    0.00   clock network delay (propagated)
                          2.00    2.00 ^ input external delay
                  0.02    0.01    2.01 ^ rst_n (in)
     1    0.00                           rst_n (net)
                  0.02    0.00    2.01 ^ input13/A (sky130_fd_sc_hd__buf_1)
                  0.15    0.14    2.15 ^ input13/X (sky130_fd_sc_hd__buf_1)
     2    0.01                           net13 (net)
                  0.15    0.00    2.15 ^ fanout71/A (sky130_fd_sc_hd__buf_2)
                  0.14    0.20    2.35 ^ fanout71/X (sky130_fd_sc_hd__buf_2)
     5    0.03                           net71 (net)
                  0.14    0.00    2.35 ^ fanout67/A (sky130_fd_sc_hd__buf_2)
                  0.10    0.17    2.53 ^ fanout67/X (sky130_fd_sc_hd__buf_2)
     7    0.02                           net67 (net)
                  0.10    0.00    2.53 ^ fanout64/A (sky130_fd_sc_hd__buf_2)
                  0.15    0.19    2.72 ^ fanout64/X (sky130_fd_sc_hd__buf_2)
     6    0.03                           net64 (net)
                  0.15    0.00    2.72 ^ _1154_/RESET_B (sky130_fd_sc_hd__dfrtp_1)
                                  2.72   data arrival time

                          0.00    0.00   clock clk (rise edge)
                          0.00    0.00   clock source latency
                  0.15    0.11    0.11 ^ clk (in)
     1    0.03                           clk (net)
                  0.15    0.00    0.11 ^ clkbuf_0_clk/A (sky130_fd_sc_hd__clkbuf_16)
                  0.09    0.21    0.32 ^ clkbuf_0_clk/X (sky130_fd_sc_hd__clkbuf_16)
    16    0.07                           clknet_0_clk (net)
                  0.09    0.00    0.32 ^ clkbuf_4_9_0_clk/A (sky130_fd_sc_hd__clkbuf_8)
                  0.05    0.16    0.48 ^ clkbuf_4_9_0_clk/X (sky130_fd_sc_hd__clkbuf_8)
     7    0.02                           clknet_4_9_0_clk (net)
                  0.05    0.00    0.48 ^ _1154_/CLK (sky130_fd_sc_hd__dfrtp_1)
                          0.25    0.73   clock uncertainty
                          0.00    0.73   clock reconvergence pessimism
                          0.35    1.08   library removal time
                                  1.08   data required time
-----------------------------------------------------------------------------
                                  1.08   data required time
                                 -2.72   data arrival time
-----------------------------------------------------------------------------
                                  1.64   slack (MET)


Startpoint: rst_n (input port clocked by clk)
Endpoint: _1155_ (removal check against rising-edge clock clk)
Path Group: asynchronous
Path Type: min

Fanout     Cap    Slew   Delay    Time   Description
-----------------------------------------------------------------------------
                          0.00    0.00   clock clk (rise edge)
                          0.00    0.00   clock network delay (propagated)
                          2.00    2.00 ^ input external delay
                  0.02    0.01    2.01 ^ rst_n (in)
     1    0.00                           rst_n (net)
                  0.02    0.00    2.01 ^ input13/A (sky130_fd_sc_hd__buf_1)
                  0.15    0.14    2.15 ^ input13/X (sky130_fd_sc_hd__buf_1)
     2    0.01                           net13 (net)
                  0.15    0.00    2.15 ^ fanout71/A (sky130_fd_sc_hd__buf_2)
                  0.14    0.20    2.35 ^ fanout71/X (sky130_fd_sc_hd__buf_2)
     5    0.03                           net71 (net)
                  0.14    0.00    2.35 ^ fanout67/A (sky130_fd_sc_hd__buf_2)
                  0.10    0.17    2.53 ^ fanout67/X (sky130_fd_sc_hd__buf_2)
     7    0.02                           net67 (net)
                  0.10    0.00    2.53 ^ fanout64/A (sky130_fd_sc_hd__buf_2)
                  0.15    0.19    2.72 ^ fanout64/X (sky130_fd_sc_hd__buf_2)
     6    0.03                           net64 (net)
                  0.15    0.00    2.72 ^ _1155_/RESET_B (sky130_fd_sc_hd__dfrtp_1)
                                  2.72   data arrival time

                          0.00    0.00   clock clk (rise edge)
                          0.00    0.00   clock source latency
                  0.15    0.11    0.11 ^ clk (in)
     1    0.03                           clk (net)
                  0.15    0.00    0.11 ^ clkbuf_0_clk/A (sky130_fd_sc_hd__clkbuf_16)
                  0.09    0.21    0.32 ^ clkbuf_0_clk/X (sky130_fd_sc_hd__clkbuf_16)
    16    0.07                           clknet_0_clk (net)
                  0.09    0.00    0.32 ^ clkbuf_4_9_0_clk/A (sky130_fd_sc_hd__clkbuf_8)
                  0.05    0.16    0.48 ^ clkbuf_4_9_0_clk/X (sky130_fd_sc_hd__clkbuf_8)
     7    0.02                           clknet_4_9_0_clk (net)
                  0.05    0.00    0.48 ^ _1155_/CLK (sky130_fd_sc_hd__dfrtp_1)
                          0.25    0.73   clock uncertainty
                          0.00    0.73   clock reconvergence pessimism
                          0.35    1.08   library removal time
                                  1.08   data required time
-----------------------------------------------------------------------------
                                  1.08   data required time
                                 -2.72   data arrival time
-----------------------------------------------------------------------------
                                  1.64   slack (MET)


Startpoint: rst_n (input port clocked by clk)
Endpoint: _1174_ (removal check against rising-edge clock clk)
Path Group: asynchronous
Path Type: min

Fanout     Cap    Slew   Delay    Time   Description
-----------------------------------------------------------------------------
                          0.00    0.00   clock clk (rise edge)
                          0.00    0.00   clock network delay (propagated)
                          2.00    2.00 ^ input external delay
                  0.02    0.01    2.01 ^ rst_n (in)
     1    0.00                           rst_n (net)
                  0.02    0.00    2.01 ^ input13/A (sky130_fd_sc_hd__buf_1)
                  0.15    0.14    2.15 ^ input13/X (sky130_fd_sc_hd__buf_1)
     2    0.01                           net13 (net)
                  0.15    0.00    2.15 ^ fanout71/A (sky130_fd_sc_hd__buf_2)
                  0.14    0.20    2.35 ^ fanout71/X (sky130_fd_sc_hd__buf_2)
     5    0.03                           net71 (net)
                  0.14    0.00    2.35 ^ fanout67/A (sky130_fd_sc_hd__buf_2)
                  0.10    0.17    2.53 ^ fanout67/X (sky130_fd_sc_hd__buf_2)
     7    0.02                           net67 (net)
                  0.10    0.00    2.53 ^ fanout64/A (sky130_fd_sc_hd__buf_2)
                  0.15    0.19    2.72 ^ fanout64/X (sky130_fd_sc_hd__buf_2)
     6    0.03                           net64 (net)
                  0.15    0.00    2.72 ^ _1174_/RESET_B (sky130_fd_sc_hd__dfrtp_1)
                                  2.72   data arrival time

                          0.00    0.00   clock clk (rise edge)
                          0.00    0.00   clock source latency
                  0.15    0.11    0.11 ^ clk (in)
     1    0.03                           clk (net)
                  0.15    0.00    0.11 ^ clkbuf_0_clk/A (sky130_fd_sc_hd__clkbuf_16)
                  0.09    0.21    0.32 ^ clkbuf_0_clk/X (sky130_fd_sc_hd__clkbuf_16)
    16    0.07                           clknet_0_clk (net)
                  0.09    0.00    0.32 ^ clkbuf_4_9_0_clk/A (sky130_fd_sc_hd__clkbuf_8)
                  0.05    0.16    0.48 ^ clkbuf_4_9_0_clk/X (sky130_fd_sc_hd__clkbuf_8)
     7    0.02                           clknet_4_9_0_clk (net)
                  0.05    0.00    0.48 ^ _1174_/CLK (sky130_fd_sc_hd__dfrtp_1)
                          0.25    0.73   clock uncertainty
                          0.00    0.73   clock reconvergence pessimism
                          0.35    1.08   library removal time
                                  1.08   data required time
-----------------------------------------------------------------------------
                                  1.08   data required time
                                 -2.72   data arrival time
-----------------------------------------------------------------------------
                                  1.64   slack (MET)


Startpoint: rst_n (input port clocked by clk)
Endpoint: _1059_ (removal check against rising-edge clock clk)
Path Group: asynchronous
Path Type: min

Fanout     Cap    Slew   Delay    Time   Description
-----------------------------------------------------------------------------
                          0.00    0.00   clock clk (rise edge)
                          0.00    0.00   clock network delay (propagated)
                          2.00    2.00 ^ input external delay
                  0.02    0.01    2.01 ^ rst_n (in)
     1    0.00                           rst_n (net)
                  0.02    0.00    2.01 ^ input13/A (sky130_fd_sc_hd__buf_1)
                  0.15    0.14    2.15 ^ input13/X (sky130_fd_sc_hd__buf_1)
     2    0.01                           net13 (net)
                  0.15    0.00    2.15 ^ fanout71/A (sky130_fd_sc_hd__buf_2)
                  0.14    0.20    2.35 ^ fanout71/X (sky130_fd_sc_hd__buf_2)
     5    0.03                           net71 (net)
                  0.14    0.00    2.35 ^ fanout67/A (sky130_fd_sc_hd__buf_2)
                  0.10    0.17    2.53 ^ fanout67/X (sky130_fd_sc_hd__buf_2)
     7    0.02                           net67 (net)
                  0.10    0.00    2.53 ^ fanout64/A (sky130_fd_sc_hd__buf_2)
                  0.15    0.19    2.72 ^ fanout64/X (sky130_fd_sc_hd__buf_2)
     6    0.03                           net64 (net)
                  0.15    0.00    2.72 ^ _1059_/RESET_B (sky130_fd_sc_hd__dfrtp_1)
                                  2.72   data arrival time

                          0.00    0.00   clock clk (rise edge)
                          0.00    0.00   clock source latency
                  0.15    0.11    0.11 ^ clk (in)
     1    0.03                           clk (net)
                  0.15    0.00    0.11 ^ clkbuf_0_clk/A (sky130_fd_sc_hd__clkbuf_16)
                  0.09    0.21    0.32 ^ clkbuf_0_clk/X (sky130_fd_sc_hd__clkbuf_16)
    16    0.07                           clknet_0_clk (net)
                  0.09    0.00    0.32 ^ clkbuf_4_9_0_clk/A (sky130_fd_sc_hd__clkbuf_8)
                  0.05    0.16    0.48 ^ clkbuf_4_9_0_clk/X (sky130_fd_sc_hd__clkbuf_8)
     7    0.02                           clknet_4_9_0_clk (net)
                  0.05    0.00    0.48 ^ _1059_/CLK (sky130_fd_sc_hd__dfrtp_1)
                          0.25    0.73   clock uncertainty
                          0.00    0.73   clock reconvergence pessimism
                          0.35    1.08   library removal time
                                  1.08   data required time
-----------------------------------------------------------------------------
                                  1.08   data required time
                                 -2.72   data arrival time
-----------------------------------------------------------------------------
                                  1.64   slack (MET)


Startpoint: rst_n (input port clocked by clk)
Endpoint: _1133_ (removal check against rising-edge clock clk)
Path Group: asynchronous
Path Type: min

Fanout     Cap    Slew   Delay    Time   Description
-----------------------------------------------------------------------------
                          0.00    0.00   clock clk (rise edge)
                          0.00    0.00   clock network delay (propagated)
                          2.00    2.00 ^ input external delay
                  0.02    0.01    2.01 ^ rst_n (in)
     1    0.00                           rst_n (net)
                  0.02    0.00    2.01 ^ input13/A (sky130_fd_sc_hd__buf_1)
                  0.15    0.14    2.15 ^ input13/X (sky130_fd_sc_hd__buf_1)
     2    0.01                           net13 (net)
                  0.15    0.00    2.15 ^ fanout62/A (sky130_fd_sc_hd__clkbuf_2)
                  0.13    0.19    2.34 ^ fanout62/X (sky130_fd_sc_hd__clkbuf_2)
     5    0.02                           net62 (net)
                  0.13    0.00    2.34 ^ fanout57/A (sky130_fd_sc_hd__buf_2)
                  0.10    0.17    2.51 ^ fanout57/X (sky130_fd_sc_hd__buf_2)
     6    0.02                           net57 (net)
                  0.10    0.00    2.51 ^ fanout56/A (sky130_fd_sc_hd__clkbuf_4)
                  0.15    0.22    2.73 ^ fanout56/X (sky130_fd_sc_hd__clkbuf_4)
    10    0.05                           net56 (net)
                  0.15    0.00    2.74 ^ _1133_/RESET_B (sky130_fd_sc_hd__dfrtp_1)
                                  2.74   data arrival time

                          0.00    0.00   clock clk (rise edge)
                          0.00    0.00   clock source latency
                  0.15    0.11    0.11 ^ clk (in)
     1    0.03                           clk (net)
                  0.15    0.00    0.11 ^ clkbuf_0_clk/A (sky130_fd_sc_hd__clkbuf_16)
                  0.09    0.21    0.32 ^ clkbuf_0_clk/X (sky130_fd_sc_hd__clkbuf_16)
    16    0.07                           clknet_0_clk (net)
                  0.09    0.00    0.32 ^ clkbuf_4_3_0_clk/A (sky130_fd_sc_hd__clkbuf_8)
                  0.06    0.17    0.49 ^ clkbuf_4_3_0_clk/X (sky130_fd_sc_hd__clkbuf_8)
    10    0.03                           clknet_4_3_0_clk (net)
                  0.06    0.00    0.49 ^ _1133_/CLK (sky130_fd_sc_hd__dfrtp_1)
                          0.25    0.74   clock uncertainty
                          0.00    0.74   clock reconvergence pessimism
                          0.35    1.10   library removal time
                                  1.10   data required time
-----------------------------------------------------------------------------
                                  1.10   data required time
                                 -2.74   data arrival time
-----------------------------------------------------------------------------
                                  1.64   slack (MET)


Startpoint: rst_n (input port clocked by clk)
Endpoint: _1144_ (removal check against rising-edge clock clk)
Path Group: asynchronous
Path Type: min

Fanout     Cap    Slew   Delay    Time   Description
-----------------------------------------------------------------------------
                          0.00    0.00   clock clk (rise edge)
                          0.00    0.00   clock network delay (propagated)
                          2.00    2.00 ^ input external delay
                  0.02    0.01    2.01 ^ rst_n (in)
     1    0.00                           rst_n (net)
                  0.02    0.00    2.01 ^ input13/A (sky130_fd_sc_hd__buf_1)
                  0.15    0.14    2.15 ^ input13/X (sky130_fd_sc_hd__buf_1)
     2    0.01                           net13 (net)
                  0.15    0.00    2.15 ^ fanout62/A (sky130_fd_sc_hd__clkbuf_2)
                  0.13    0.19    2.34 ^ fanout62/X (sky130_fd_sc_hd__clkbuf_2)
     5    0.02                           net62 (net)
                  0.13    0.00    2.34 ^ fanout57/A (sky130_fd_sc_hd__buf_2)
                  0.10    0.17    2.51 ^ fanout57/X (sky130_fd_sc_hd__buf_2)
     6    0.02                           net57 (net)
                  0.10    0.00    2.51 ^ fanout56/A (sky130_fd_sc_hd__clkbuf_4)
                  0.15    0.22    2.73 ^ fanout56/X (sky130_fd_sc_hd__clkbuf_4)
    10    0.05                           net56 (net)
                  0.15    0.00    2.74 ^ _1144_/RESET_B (sky130_fd_sc_hd__dfrtp_4)
                                  2.74   data arrival time

                          0.00    0.00   clock clk (rise edge)
                          0.00    0.00   clock source latency
                  0.15    0.11    0.11 ^ clk (in)
     1    0.03                           clk (net)
                  0.15    0.00    0.11 ^ clkbuf_0_clk/A (sky130_fd_sc_hd__clkbuf_16)
                  0.09    0.21    0.32 ^ clkbuf_0_clk/X (sky130_fd_sc_hd__clkbuf_16)
    16    0.07                           clknet_0_clk (net)
                  0.09    0.00    0.32 ^ clkbuf_4_3_0_clk/A (sky130_fd_sc_hd__clkbuf_8)
                  0.06    0.17    0.49 ^ clkbuf_4_3_0_clk/X (sky130_fd_sc_hd__clkbuf_8)
    10    0.03                           clknet_4_3_0_clk (net)
                  0.06    0.00    0.49 ^ _1144_/CLK (sky130_fd_sc_hd__dfrtp_4)
                          0.25    0.74   clock uncertainty
                          0.00    0.74   clock reconvergence pessimism
                          0.35    1.09   library removal time
                                  1.09   data required time
-----------------------------------------------------------------------------
                                  1.09   data required time
                                 -2.74   data arrival time
-----------------------------------------------------------------------------
                                  1.64   slack (MET)


Startpoint: rst_n (input port clocked by clk)
Endpoint: _1169_ (removal check against rising-edge clock clk)
Path Group: asynchronous
Path Type: min

Fanout     Cap    Slew   Delay    Time   Description
-----------------------------------------------------------------------------
                          0.00    0.00   clock clk (rise edge)
                          0.00    0.00   clock network delay (propagated)
                          2.00    2.00 ^ input external delay
                  0.02    0.01    2.01 ^ rst_n (in)
     1    0.00                           rst_n (net)
                  0.02    0.00    2.01 ^ input13/A (sky130_fd_sc_hd__buf_1)
                  0.15    0.14    2.15 ^ input13/X (sky130_fd_sc_hd__buf_1)
     2    0.01                           net13 (net)
                  0.15    0.00    2.15 ^ fanout62/A (sky130_fd_sc_hd__clkbuf_2)
                  0.13    0.19    2.34 ^ fanout62/X (sky130_fd_sc_hd__clkbuf_2)
     5    0.02                           net62 (net)
                  0.13    0.00    2.34 ^ fanout57/A (sky130_fd_sc_hd__buf_2)
                  0.10    0.17    2.51 ^ fanout57/X (sky130_fd_sc_hd__buf_2)
     6    0.02                           net57 (net)
                  0.10    0.00    2.51 ^ fanout56/A (sky130_fd_sc_hd__clkbuf_4)
                  0.15    0.22    2.73 ^ fanout56/X (sky130_fd_sc_hd__clkbuf_4)
    10    0.05                           net56 (net)
                  0.15    0.00    2.74 ^ _1169_/RESET_B (sky130_fd_sc_hd__dfrtp_1)
                                  2.74   data arrival time

                          0.00    0.00   clock clk (rise edge)
                          0.00    0.00   clock source latency
                  0.15    0.11    0.11 ^ clk (in)
     1    0.03                           clk (net)
                  0.15    0.00    0.11 ^ clkbuf_0_clk/A (sky130_fd_sc_hd__clkbuf_16)
                  0.09    0.21    0.32 ^ clkbuf_0_clk/X (sky130_fd_sc_hd__clkbuf_16)
    16    0.07                           clknet_0_clk (net)
                  0.09    0.00    0.32 ^ clkbuf_4_3_0_clk/A (sky130_fd_sc_hd__clkbuf_8)
                  0.06    0.17    0.49 ^ clkbuf_4_3_0_clk/X (sky130_fd_sc_hd__clkbuf_8)
    10    0.03                           clknet_4_3_0_clk (net)
                  0.06    0.00    0.49 ^ _1169_/CLK (sky130_fd_sc_hd__dfrtp_1)
                          0.25    0.74   clock uncertainty
                          0.00    0.74   clock reconvergence pessimism
                          0.35    1.10   library removal time
                                  1.10   data required time
-----------------------------------------------------------------------------
                                  1.10   data required time
                                 -2.74   data arrival time
-----------------------------------------------------------------------------
                                  1.64   slack (MET)


Startpoint: rst_n (input port clocked by clk)
Endpoint: _1183_ (removal check against rising-edge clock clk)
Path Group: asynchronous
Path Type: min

Fanout     Cap    Slew   Delay    Time   Description
-----------------------------------------------------------------------------
                          0.00    0.00   clock clk (rise edge)
                          0.00    0.00   clock network delay (propagated)
                          2.00    2.00 ^ input external delay
                  0.02    0.01    2.01 ^ rst_n (in)
     1    0.00                           rst_n (net)
                  0.02    0.00    2.01 ^ input13/A (sky130_fd_sc_hd__buf_1)
                  0.15    0.14    2.15 ^ input13/X (sky130_fd_sc_hd__buf_1)
     2    0.01                           net13 (net)
                  0.15    0.00    2.15 ^ fanout62/A (sky130_fd_sc_hd__clkbuf_2)
                  0.13    0.19    2.34 ^ fanout62/X (sky130_fd_sc_hd__clkbuf_2)
     5    0.02                           net62 (net)
                  0.13    0.00    2.34 ^ fanout57/A (sky130_fd_sc_hd__buf_2)
                  0.10    0.17    2.51 ^ fanout57/X (sky130_fd_sc_hd__buf_2)
     6    0.02                           net57 (net)
                  0.10    0.00    2.51 ^ fanout56/A (sky130_fd_sc_hd__clkbuf_4)
                  0.15    0.22    2.73 ^ fanout56/X (sky130_fd_sc_hd__clkbuf_4)
    10    0.05                           net56 (net)
                  0.15    0.00    2.74 ^ _1183_/RESET_B (sky130_fd_sc_hd__dfrtp_1)
                                  2.74   data arrival time

                          0.00    0.00   clock clk (rise edge)
                          0.00    0.00   clock source latency
                  0.15    0.11    0.11 ^ clk (in)
     1    0.03                           clk (net)
                  0.15    0.00    0.11 ^ clkbuf_0_clk/A (sky130_fd_sc_hd__clkbuf_16)
                  0.09    0.21    0.32 ^ clkbuf_0_clk/X (sky130_fd_sc_hd__clkbuf_16)
    16    0.07                           clknet_0_clk (net)
                  0.09    0.00    0.32 ^ clkbuf_4_3_0_clk/A (sky130_fd_sc_hd__clkbuf_8)
                  0.06    0.17    0.49 ^ clkbuf_4_3_0_clk/X (sky130_fd_sc_hd__clkbuf_8)
    10    0.03                           clknet_4_3_0_clk (net)
                  0.06    0.00    0.49 ^ _1183_/CLK (sky130_fd_sc_hd__dfrtp_1)
                          0.25    0.74   clock uncertainty
                          0.00    0.74   clock reconvergence pessimism
                          0.35    1.10   library removal time
                                  1.10   data required time
-----------------------------------------------------------------------------
                                  1.10   data required time
                                 -2.74   data arrival time
-----------------------------------------------------------------------------
                                  1.64   slack (MET)


Startpoint: rst_n (input port clocked by clk)
Endpoint: _1108_ (removal check against rising-edge clock clk)
Path Group: asynchronous
Path Type: min

Fanout     Cap    Slew   Delay    Time   Description
-----------------------------------------------------------------------------
                          0.00    0.00   clock clk (rise edge)
                          0.00    0.00   clock network delay (propagated)
                          2.00    2.00 ^ input external delay
                  0.02    0.01    2.01 ^ rst_n (in)
     1    0.00                           rst_n (net)
                  0.02    0.00    2.01 ^ input13/A (sky130_fd_sc_hd__buf_1)
                  0.15    0.14    2.15 ^ input13/X (sky130_fd_sc_hd__buf_1)
     2    0.01                           net13 (net)
                  0.15    0.00    2.15 ^ fanout62/A (sky130_fd_sc_hd__clkbuf_2)
                  0.13    0.19    2.34 ^ fanout62/X (sky130_fd_sc_hd__clkbuf_2)
     5    0.02                           net62 (net)
                  0.13    0.00    2.34 ^ fanout57/A (sky130_fd_sc_hd__buf_2)
                  0.10    0.17    2.51 ^ fanout57/X (sky130_fd_sc_hd__buf_2)
     6    0.02                           net57 (net)
                  0.10    0.00    2.51 ^ fanout56/A (sky130_fd_sc_hd__clkbuf_4)
                  0.15    0.22    2.73 ^ fanout56/X (sky130_fd_sc_hd__clkbuf_4)
    10    0.05                           net56 (net)
                  0.15    0.00    2.74 ^ _1108_/RESET_B (sky130_fd_sc_hd__dfrtp_1)
                                  2.74   data arrival time

                          0.00    0.00   clock clk (rise edge)
                          0.00    0.00   clock source latency
                  0.15    0.11    0.11 ^ clk (in)
     1    0.03                           clk (net)
                  0.15    0.00    0.11 ^ clkbuf_0_clk/A (sky130_fd_sc_hd__clkbuf_16)
                  0.09    0.21    0.32 ^ clkbuf_0_clk/X (sky130_fd_sc_hd__clkbuf_16)
    16    0.07                           clknet_0_clk (net)
                  0.09    0.00    0.32 ^ clkbuf_4_3_0_clk/A (sky130_fd_sc_hd__clkbuf_8)
                  0.06    0.17    0.49 ^ clkbuf_4_3_0_clk/X (sky130_fd_sc_hd__clkbuf_8)
    10    0.03                           clknet_4_3_0_clk (net)
                  0.06    0.00    0.49 ^ _1108_/CLK (sky130_fd_sc_hd__dfrtp_1)
                          0.25    0.74   clock uncertainty
                          0.00    0.74   clock reconvergence pessimism
                          0.35    1.09   library removal time
                                  1.09   data required time
-----------------------------------------------------------------------------
                                  1.09   data required time
                                 -2.74   data arrival time
-----------------------------------------------------------------------------
                                  1.64   slack (MET)


Startpoint: rst_n (input port clocked by clk)
Endpoint: _1153_ (removal check against rising-edge clock clk)
Path Group: asynchronous
Path Type: min

Fanout     Cap    Slew   Delay    Time   Description
-----------------------------------------------------------------------------
                          0.00    0.00   clock clk (rise edge)
                          0.00    0.00   clock network delay (propagated)
                          2.00    2.00 ^ input external delay
                  0.02    0.01    2.01 ^ rst_n (in)
     1    0.00                           rst_n (net)
                  0.02    0.00    2.01 ^ input13/A (sky130_fd_sc_hd__buf_1)
                  0.15    0.14    2.15 ^ input13/X (sky130_fd_sc_hd__buf_1)
     2    0.01                           net13 (net)
                  0.15    0.00    2.15 ^ fanout62/A (sky130_fd_sc_hd__clkbuf_2)
                  0.13    0.19    2.34 ^ fanout62/X (sky130_fd_sc_hd__clkbuf_2)
     5    0.02                           net62 (net)
                  0.13    0.00    2.34 ^ fanout57/A (sky130_fd_sc_hd__buf_2)
                  0.10    0.17    2.51 ^ fanout57/X (sky130_fd_sc_hd__buf_2)
     6    0.02                           net57 (net)
                  0.10    0.00    2.51 ^ fanout56/A (sky130_fd_sc_hd__clkbuf_4)
                  0.15    0.22    2.73 ^ fanout56/X (sky130_fd_sc_hd__clkbuf_4)
    10    0.05                           net56 (net)
                  0.15    0.00    2.74 ^ _1153_/RESET_B (sky130_fd_sc_hd__dfrtp_1)
                                  2.74   data arrival time

                          0.00    0.00   clock clk (rise edge)
                          0.00    0.00   clock source latency
                  0.15    0.11    0.11 ^ clk (in)
     1    0.03                           clk (net)
                  0.15    0.00    0.11 ^ clkbuf_0_clk/A (sky130_fd_sc_hd__clkbuf_16)
                  0.09    0.21    0.32 ^ clkbuf_0_clk/X (sky130_fd_sc_hd__clkbuf_16)
    16    0.07                           clknet_0_clk (net)
                  0.09    0.00    0.32 ^ clkbuf_4_3_0_clk/A (sky130_fd_sc_hd__clkbuf_8)
                  0.06    0.17    0.49 ^ clkbuf_4_3_0_clk/X (sky130_fd_sc_hd__clkbuf_8)
    10    0.03                           clknet_4_3_0_clk (net)
                  0.06    0.00    0.49 ^ _1153_/CLK (sky130_fd_sc_hd__dfrtp_1)
                          0.25    0.74   clock uncertainty
                          0.00    0.74   clock reconvergence pessimism
                          0.35    1.10   library removal time
                                  1.10   data required time
-----------------------------------------------------------------------------
                                  1.10   data required time
                                 -2.74   data arrival time
-----------------------------------------------------------------------------
                                  1.64   slack (MET)


Startpoint: rst_n (input port clocked by clk)
Endpoint: _1156_ (removal check against rising-edge clock clk)
Path Group: asynchronous
Path Type: min

Fanout     Cap    Slew   Delay    Time   Description
-----------------------------------------------------------------------------
                          0.00    0.00   clock clk (rise edge)
                          0.00    0.00   clock network delay (propagated)
                          2.00    2.00 ^ input external delay
                  0.02    0.01    2.01 ^ rst_n (in)
     1    0.00                           rst_n (net)
                  0.02    0.00    2.01 ^ input13/A (sky130_fd_sc_hd__buf_1)
                  0.15    0.14    2.15 ^ input13/X (sky130_fd_sc_hd__buf_1)
     2    0.01                           net13 (net)
                  0.15    0.00    2.15 ^ fanout62/A (sky130_fd_sc_hd__clkbuf_2)
                  0.13    0.19    2.34 ^ fanout62/X (sky130_fd_sc_hd__clkbuf_2)
     5    0.02                           net62 (net)
                  0.13    0.00    2.34 ^ fanout57/A (sky130_fd_sc_hd__buf_2)
                  0.10    0.17    2.51 ^ fanout57/X (sky130_fd_sc_hd__buf_2)
     6    0.02                           net57 (net)
                  0.10    0.00    2.51 ^ fanout56/A (sky130_fd_sc_hd__clkbuf_4)
                  0.15    0.22    2.73 ^ fanout56/X (sky130_fd_sc_hd__clkbuf_4)
    10    0.05                           net56 (net)
                  0.15    0.00    2.74 ^ _1156_/RESET_B (sky130_fd_sc_hd__dfrtp_1)
                                  2.74   data arrival time

                          0.00    0.00   clock clk (rise edge)
                          0.00    0.00   clock source latency
                  0.15    0.11    0.11 ^ clk (in)
     1    0.03                           clk (net)
                  0.15    0.00    0.11 ^ clkbuf_0_clk/A (sky130_fd_sc_hd__clkbuf_16)
                  0.09    0.21    0.32 ^ clkbuf_0_clk/X (sky130_fd_sc_hd__clkbuf_16)
    16    0.07                           clknet_0_clk (net)
                  0.09    0.00    0.32 ^ clkbuf_4_3_0_clk/A (sky130_fd_sc_hd__clkbuf_8)
                  0.06    0.17    0.49 ^ clkbuf_4_3_0_clk/X (sky130_fd_sc_hd__clkbuf_8)
    10    0.03                           clknet_4_3_0_clk (net)
                  0.06    0.00    0.49 ^ _1156_/CLK (sky130_fd_sc_hd__dfrtp_1)
                          0.25    0.74   clock uncertainty
                          0.00    0.74   clock reconvergence pessimism
                          0.35    1.09   library removal time
                                  1.09   data required time
-----------------------------------------------------------------------------
                                  1.09   data required time
                                 -2.74   data arrival time
-----------------------------------------------------------------------------
                                  1.64   slack (MET)


Startpoint: rst_n (input port clocked by clk)
Endpoint: _1109_ (removal check against rising-edge clock clk)
Path Group: asynchronous
Path Type: min

Fanout     Cap    Slew   Delay    Time   Description
-----------------------------------------------------------------------------
                          0.00    0.00   clock clk (rise edge)
                          0.00    0.00   clock network delay (propagated)
                          2.00    2.00 ^ input external delay
                  0.02    0.01    2.01 ^ rst_n (in)
     1    0.00                           rst_n (net)
                  0.02    0.00    2.01 ^ input13/A (sky130_fd_sc_hd__buf_1)
                  0.15    0.14    2.15 ^ input13/X (sky130_fd_sc_hd__buf_1)
     2    0.01                           net13 (net)
                  0.15    0.00    2.15 ^ fanout62/A (sky130_fd_sc_hd__clkbuf_2)
                  0.13    0.19    2.34 ^ fanout62/X (sky130_fd_sc_hd__clkbuf_2)
     5    0.02                           net62 (net)
                  0.13    0.00    2.34 ^ fanout57/A (sky130_fd_sc_hd__buf_2)
                  0.10    0.17    2.51 ^ fanout57/X (sky130_fd_sc_hd__buf_2)
     6    0.02                           net57 (net)
                  0.10    0.00    2.51 ^ fanout56/A (sky130_fd_sc_hd__clkbuf_4)
                  0.15    0.22    2.73 ^ fanout56/X (sky130_fd_sc_hd__clkbuf_4)
    10    0.05                           net56 (net)
                  0.15    0.00    2.74 ^ _1109_/RESET_B (sky130_fd_sc_hd__dfrtp_1)
                                  2.74   data arrival time

                          0.00    0.00   clock clk (rise edge)
                          0.00    0.00   clock source latency
                  0.15    0.11    0.11 ^ clk (in)
     1    0.03                           clk (net)
                  0.15    0.00    0.11 ^ clkbuf_0_clk/A (sky130_fd_sc_hd__clkbuf_16)
                  0.09    0.21    0.32 ^ clkbuf_0_clk/X (sky130_fd_sc_hd__clkbuf_16)
    16    0.07                           clknet_0_clk (net)
                  0.09    0.00    0.32 ^ clkbuf_4_3_0_clk/A (sky130_fd_sc_hd__clkbuf_8)
                  0.06    0.17    0.49 ^ clkbuf_4_3_0_clk/X (sky130_fd_sc_hd__clkbuf_8)
    10    0.03                           clknet_4_3_0_clk (net)
                  0.06    0.00    0.49 ^ _1109_/CLK (sky130_fd_sc_hd__dfrtp_1)
                          0.25    0.74   clock uncertainty
                          0.00    0.74   clock reconvergence pessimism
                          0.35    1.09   library removal time
                                  1.09   data required time
-----------------------------------------------------------------------------
                                  1.09   data required time
                                 -2.74   data arrival time
-----------------------------------------------------------------------------
                                  1.64   slack (MET)


Startpoint: rst_n (input port clocked by clk)
Endpoint: _1172_ (removal check against rising-edge clock clk)
Path Group: asynchronous
Path Type: min

Fanout     Cap    Slew   Delay    Time   Description
-----------------------------------------------------------------------------
                          0.00    0.00   clock clk (rise edge)
                          0.00    0.00   clock network delay (propagated)
                          2.00    2.00 ^ input external delay
                  0.02    0.01    2.01 ^ rst_n (in)
     1    0.00                           rst_n (net)
                  0.02    0.00    2.01 ^ input13/A (sky130_fd_sc_hd__buf_1)
                  0.15    0.14    2.15 ^ input13/X (sky130_fd_sc_hd__buf_1)
     2    0.01                           net13 (net)
                  0.15    0.00    2.15 ^ fanout71/A (sky130_fd_sc_hd__buf_2)
                  0.14    0.20    2.35 ^ fanout71/X (sky130_fd_sc_hd__buf_2)
     5    0.03                           net71 (net)
                  0.14    0.00    2.35 ^ fanout67/A (sky130_fd_sc_hd__buf_2)
                  0.10    0.17    2.53 ^ fanout67/X (sky130_fd_sc_hd__buf_2)
     7    0.02                           net67 (net)
                  0.10    0.00    2.53 ^ fanout64/A (sky130_fd_sc_hd__buf_2)
                  0.15    0.19    2.72 ^ fanout64/X (sky130_fd_sc_hd__buf_2)
     6    0.03                           net64 (net)
                  0.15    0.00    2.72 ^ _1172_/RESET_B (sky130_fd_sc_hd__dfrtp_1)
                                  2.72   data arrival time

                          0.00    0.00   clock clk (rise edge)
                          0.00    0.00   clock source latency
                  0.15    0.11    0.11 ^ clk (in)
     1    0.03                           clk (net)
                  0.15    0.00    0.11 ^ clkbuf_0_clk/A (sky130_fd_sc_hd__clkbuf_16)
                  0.09    0.21    0.32 ^ clkbuf_0_clk/X (sky130_fd_sc_hd__clkbuf_16)
    16    0.07                           clknet_0_clk (net)
                  0.09    0.00    0.32 ^ clkbuf_4_12_0_clk/A (sky130_fd_sc_hd__clkbuf_8)
                  0.05    0.16    0.48 ^ clkbuf_4_12_0_clk/X (sky130_fd_sc_hd__clkbuf_8)
     7    0.02                           clknet_4_12_0_clk (net)
                  0.05    0.00    0.48 ^ _1172_/CLK (sky130_fd_sc_hd__dfrtp_1)
                          0.25    0.73   clock uncertainty
                          0.00    0.73   clock reconvergence pessimism
                          0.35    1.08   library removal time
                                  1.08   data required time
-----------------------------------------------------------------------------
                                  1.08   data required time
                                 -2.72   data arrival time
-----------------------------------------------------------------------------
                                  1.64   slack (MET)


Startpoint: rst_n (input port clocked by clk)
Endpoint: _1100_ (removal check against rising-edge clock clk)
Path Group: asynchronous
Path Type: min

Fanout     Cap    Slew   Delay    Time   Description
-----------------------------------------------------------------------------
                          0.00    0.00   clock clk (rise edge)
                          0.00    0.00   clock network delay (propagated)
                          2.00    2.00 ^ input external delay
                  0.02    0.01    2.01 ^ rst_n (in)
     1    0.00                           rst_n (net)
                  0.02    0.00    2.01 ^ input13/A (sky130_fd_sc_hd__buf_1)
                  0.15    0.14    2.15 ^ input13/X (sky130_fd_sc_hd__buf_1)
     2    0.01                           net13 (net)
                  0.15    0.00    2.15 ^ fanout62/A (sky130_fd_sc_hd__clkbuf_2)
                  0.13    0.19    2.34 ^ fanout62/X (sky130_fd_sc_hd__clkbuf_2)
     5    0.02                           net62 (net)
                  0.13    0.00    2.34 ^ fanout59/A (sky130_fd_sc_hd__buf_2)
                  0.13    0.19    2.53 ^ fanout59/X (sky130_fd_sc_hd__buf_2)
     7    0.02                           net59 (net)
                  0.13    0.00    2.53 ^ fanout58/A (sky130_fd_sc_hd__clkbuf_4)
                  0.12    0.21    2.74 ^ fanout58/X (sky130_fd_sc_hd__clkbuf_4)
    10    0.04                           net58 (net)
                  0.12    0.00    2.74 ^ _1100_/RESET_B (sky130_fd_sc_hd__dfrtp_1)
                                  2.74   data arrival time

                          0.00    0.00   clock clk (rise edge)
                          0.00    0.00   clock source latency
                  0.15    0.11    0.11 ^ clk (in)
     1    0.03                           clk (net)
                  0.15    0.00    0.11 ^ clkbuf_0_clk/A (sky130_fd_sc_hd__clkbuf_16)
                  0.09    0.21    0.32 ^ clkbuf_0_clk/X (sky130_fd_sc_hd__clkbuf_16)
    16    0.07                           clknet_0_clk (net)
                  0.09    0.00    0.32 ^ clkbuf_4_7_0_clk/A (sky130_fd_sc_hd__clkbuf_8)
                  0.07    0.17    0.50 ^ clkbuf_4_7_0_clk/X (sky130_fd_sc_hd__clkbuf_8)
    12    0.03                           clknet_4_7_0_clk (net)
                  0.07    0.00    0.50 ^ _1100_/CLK (sky130_fd_sc_hd__dfrtp_1)
                          0.25    0.75   clock uncertainty
                          0.00    0.75   clock reconvergence pessimism
                          0.35    1.10   library removal time
                                  1.10   data required time
-----------------------------------------------------------------------------
                                  1.10   data required time
                                 -2.74   data arrival time
-----------------------------------------------------------------------------
                                  1.64   slack (MET)


Startpoint: rst_n (input port clocked by clk)
Endpoint: _1184_ (removal check against rising-edge clock clk)
Path Group: asynchronous
Path Type: min

Fanout     Cap    Slew   Delay    Time   Description
-----------------------------------------------------------------------------
                          0.00    0.00   clock clk (rise edge)
                          0.00    0.00   clock network delay (propagated)
                          2.00    2.00 ^ input external delay
                  0.02    0.01    2.01 ^ rst_n (in)
     1    0.00                           rst_n (net)
                  0.02    0.00    2.01 ^ input13/A (sky130_fd_sc_hd__buf_1)
                  0.15    0.14    2.15 ^ input13/X (sky130_fd_sc_hd__buf_1)
     2    0.01                           net13 (net)
                  0.15    0.00    2.15 ^ fanout62/A (sky130_fd_sc_hd__clkbuf_2)
                  0.13    0.19    2.34 ^ fanout62/X (sky130_fd_sc_hd__clkbuf_2)
     5    0.02                           net62 (net)
                  0.13    0.00    2.34 ^ fanout57/A (sky130_fd_sc_hd__buf_2)
                  0.10    0.17    2.51 ^ fanout57/X (sky130_fd_sc_hd__buf_2)
     6    0.02                           net57 (net)
                  0.10    0.00    2.51 ^ fanout55/A (sky130_fd_sc_hd__clkbuf_4)
                  0.14    0.22    2.73 ^ fanout55/X (sky130_fd_sc_hd__clkbuf_4)
    10    0.05                           net55 (net)
                  0.14    0.00    2.73 ^ _1184_/RESET_B (sky130_fd_sc_hd__dfrtp_1)
                                  2.73   data arrival time

                          0.00    0.00   clock clk (rise edge)
                          0.00    0.00   clock source latency
                  0.15    0.11    0.11 ^ clk (in)
     1    0.03                           clk (net)
                  0.15    0.00    0.11 ^ clkbuf_0_clk/A (sky130_fd_sc_hd__clkbuf_16)
                  0.09    0.21    0.32 ^ clkbuf_0_clk/X (sky130_fd_sc_hd__clkbuf_16)
    16    0.07                           clknet_0_clk (net)
                  0.09    0.00    0.32 ^ clkbuf_4_2_0_clk/A (sky130_fd_sc_hd__clkbuf_8)
                  0.06    0.16    0.48 ^ clkbuf_4_2_0_clk/X (sky130_fd_sc_hd__clkbuf_8)
    12    0.02                           clknet_4_2_0_clk (net)
                  0.06    0.00    0.48 ^ _1184_/CLK (sky130_fd_sc_hd__dfrtp_1)
                          0.25    0.73   clock uncertainty
                          0.00    0.73   clock reconvergence pessimism
                          0.35    1.08   library removal time
                                  1.08   data required time
-----------------------------------------------------------------------------
                                  1.08   data required time
                                 -2.73   data arrival time
-----------------------------------------------------------------------------
                                  1.65   slack (MET)


Startpoint: rst_n (input port clocked by clk)
Endpoint: _1140_ (removal check against rising-edge clock clk)
Path Group: asynchronous
Path Type: min

Fanout     Cap    Slew   Delay    Time   Description
-----------------------------------------------------------------------------
                          0.00    0.00   clock clk (rise edge)
                          0.00    0.00   clock network delay (propagated)
                          2.00    2.00 ^ input external delay
                  0.02    0.01    2.01 ^ rst_n (in)
     1    0.00                           rst_n (net)
                  0.02    0.00    2.01 ^ input13/A (sky130_fd_sc_hd__buf_1)
                  0.15    0.14    2.15 ^ input13/X (sky130_fd_sc_hd__buf_1)
     2    0.01                           net13 (net)
                  0.15    0.00    2.15 ^ fanout62/A (sky130_fd_sc_hd__clkbuf_2)
                  0.13    0.19    2.34 ^ fanout62/X (sky130_fd_sc_hd__clkbuf_2)
     5    0.02                           net62 (net)
                  0.13    0.00    2.34 ^ fanout57/A (sky130_fd_sc_hd__buf_2)
                  0.10    0.17    2.51 ^ fanout57/X (sky130_fd_sc_hd__buf_2)
     6    0.02                           net57 (net)
                  0.10    0.00    2.51 ^ fanout55/A (sky130_fd_sc_hd__clkbuf_4)
                  0.14    0.22    2.73 ^ fanout55/X (sky130_fd_sc_hd__clkbuf_4)
    10    0.05                           net55 (net)
                  0.14    0.00    2.73 ^ _1140_/RESET_B (sky130_fd_sc_hd__dfrtp_4)
                                  2.73   data arrival time

                          0.00    0.00   clock clk (rise edge)
                          0.00    0.00   clock source latency
                  0.15    0.11    0.11 ^ clk (in)
     1    0.03                           clk (net)
                  0.15    0.00    0.11 ^ clkbuf_0_clk/A (sky130_fd_sc_hd__clkbuf_16)
                  0.09    0.21    0.32 ^ clkbuf_0_clk/X (sky130_fd_sc_hd__clkbuf_16)
    16    0.07                           clknet_0_clk (net)
                  0.09    0.00    0.32 ^ clkbuf_4_2_0_clk/A (sky130_fd_sc_hd__clkbuf_8)
                  0.06    0.16    0.48 ^ clkbuf_4_2_0_clk/X (sky130_fd_sc_hd__clkbuf_8)
    12    0.02                           clknet_4_2_0_clk (net)
                  0.06    0.00    0.48 ^ _1140_/CLK (sky130_fd_sc_hd__dfrtp_4)
                          0.25    0.73   clock uncertainty
                          0.00    0.73   clock reconvergence pessimism
                          0.35    1.08   library removal time
                                  1.08   data required time
-----------------------------------------------------------------------------
                                  1.08   data required time
                                 -2.73   data arrival time
-----------------------------------------------------------------------------
                                  1.65   slack (MET)


Startpoint: rst_n (input port clocked by clk)
Endpoint: _1141_ (removal check against rising-edge clock clk)
Path Group: asynchronous
Path Type: min

Fanout     Cap    Slew   Delay    Time   Description
-----------------------------------------------------------------------------
                          0.00    0.00   clock clk (rise edge)
                          0.00    0.00   clock network delay (propagated)
                          2.00    2.00 ^ input external delay
                  0.02    0.01    2.01 ^ rst_n (in)
     1    0.00                           rst_n (net)
                  0.02    0.00    2.01 ^ input13/A (sky130_fd_sc_hd__buf_1)
                  0.15    0.14    2.15 ^ input13/X (sky130_fd_sc_hd__buf_1)
     2    0.01                           net13 (net)
                  0.15    0.00    2.15 ^ fanout62/A (sky130_fd_sc_hd__clkbuf_2)
                  0.13    0.19    2.34 ^ fanout62/X (sky130_fd_sc_hd__clkbuf_2)
     5    0.02                           net62 (net)
                  0.13    0.00    2.34 ^ fanout57/A (sky130_fd_sc_hd__buf_2)
                  0.10    0.17    2.51 ^ fanout57/X (sky130_fd_sc_hd__buf_2)
     6    0.02                           net57 (net)
                  0.10    0.00    2.51 ^ fanout55/A (sky130_fd_sc_hd__clkbuf_4)
                  0.14    0.22    2.73 ^ fanout55/X (sky130_fd_sc_hd__clkbuf_4)
    10    0.05                           net55 (net)
                  0.14    0.00    2.73 ^ _1141_/RESET_B (sky130_fd_sc_hd__dfrtp_4)
                                  2.73   data arrival time

                          0.00    0.00   clock clk (rise edge)
                          0.00    0.00   clock source latency
                  0.15    0.11    0.11 ^ clk (in)
     1    0.03                           clk (net)
                  0.15    0.00    0.11 ^ clkbuf_0_clk/A (sky130_fd_sc_hd__clkbuf_16)
                  0.09    0.21    0.32 ^ clkbuf_0_clk/X (sky130_fd_sc_hd__clkbuf_16)
    16    0.07                           clknet_0_clk (net)
                  0.09    0.00    0.32 ^ clkbuf_4_2_0_clk/A (sky130_fd_sc_hd__clkbuf_8)
                  0.06    0.16    0.48 ^ clkbuf_4_2_0_clk/X (sky130_fd_sc_hd__clkbuf_8)
    12    0.02                           clknet_4_2_0_clk (net)
                  0.06    0.00    0.48 ^ _1141_/CLK (sky130_fd_sc_hd__dfrtp_4)
                          0.25    0.73   clock uncertainty
                          0.00    0.73   clock reconvergence pessimism
                          0.35    1.08   library removal time
                                  1.08   data required time
-----------------------------------------------------------------------------
                                  1.08   data required time
                                 -2.73   data arrival time
-----------------------------------------------------------------------------
                                  1.65   slack (MET)


Startpoint: rst_n (input port clocked by clk)
Endpoint: _1142_ (removal check against rising-edge clock clk)
Path Group: asynchronous
Path Type: min

Fanout     Cap    Slew   Delay    Time   Description
-----------------------------------------------------------------------------
                          0.00    0.00   clock clk (rise edge)
                          0.00    0.00   clock network delay (propagated)
                          2.00    2.00 ^ input external delay
                  0.02    0.01    2.01 ^ rst_n (in)
     1    0.00                           rst_n (net)
                  0.02    0.00    2.01 ^ input13/A (sky130_fd_sc_hd__buf_1)
                  0.15    0.14    2.15 ^ input13/X (sky130_fd_sc_hd__buf_1)
     2    0.01                           net13 (net)
                  0.15    0.00    2.15 ^ fanout62/A (sky130_fd_sc_hd__clkbuf_2)
                  0.13    0.19    2.34 ^ fanout62/X (sky130_fd_sc_hd__clkbuf_2)
     5    0.02                           net62 (net)
                  0.13    0.00    2.34 ^ fanout57/A (sky130_fd_sc_hd__buf_2)
                  0.10    0.17    2.51 ^ fanout57/X (sky130_fd_sc_hd__buf_2)
     6    0.02                           net57 (net)
                  0.10    0.00    2.51 ^ fanout55/A (sky130_fd_sc_hd__clkbuf_4)
                  0.14    0.22    2.73 ^ fanout55/X (sky130_fd_sc_hd__clkbuf_4)
    10    0.05                           net55 (net)
                  0.14    0.00    2.73 ^ _1142_/RESET_B (sky130_fd_sc_hd__dfrtp_4)
                                  2.73   data arrival time

                          0.00    0.00   clock clk (rise edge)
                          0.00    0.00   clock source latency
                  0.15    0.11    0.11 ^ clk (in)
     1    0.03                           clk (net)
                  0.15    0.00    0.11 ^ clkbuf_0_clk/A (sky130_fd_sc_hd__clkbuf_16)
                  0.09    0.21    0.32 ^ clkbuf_0_clk/X (sky130_fd_sc_hd__clkbuf_16)
    16    0.07                           clknet_0_clk (net)
                  0.09    0.00    0.32 ^ clkbuf_4_2_0_clk/A (sky130_fd_sc_hd__clkbuf_8)
                  0.06    0.16    0.48 ^ clkbuf_4_2_0_clk/X (sky130_fd_sc_hd__clkbuf_8)
    12    0.02                           clknet_4_2_0_clk (net)
                  0.06    0.00    0.48 ^ _1142_/CLK (sky130_fd_sc_hd__dfrtp_4)
                          0.25    0.73   clock uncertainty
                          0.00    0.73   clock reconvergence pessimism
                          0.35    1.08   library removal time
                                  1.08   data required time
-----------------------------------------------------------------------------
                                  1.08   data required time
                                 -2.73   data arrival time
-----------------------------------------------------------------------------
                                  1.65   slack (MET)


Startpoint: rst_n (input port clocked by clk)
Endpoint: _1139_ (removal check against rising-edge clock clk)
Path Group: asynchronous
Path Type: min

Fanout     Cap    Slew   Delay    Time   Description
-----------------------------------------------------------------------------
                          0.00    0.00   clock clk (rise edge)
                          0.00    0.00   clock network delay (propagated)
                          2.00    2.00 ^ input external delay
                  0.02    0.01    2.01 ^ rst_n (in)
     1    0.00                           rst_n (net)
                  0.02    0.00    2.01 ^ input13/A (sky130_fd_sc_hd__buf_1)
                  0.15    0.14    2.15 ^ input13/X (sky130_fd_sc_hd__buf_1)
     2    0.01                           net13 (net)
                  0.15    0.00    2.15 ^ fanout62/A (sky130_fd_sc_hd__clkbuf_2)
                  0.13    0.19    2.34 ^ fanout62/X (sky130_fd_sc_hd__clkbuf_2)
     5    0.02                           net62 (net)
                  0.13    0.00    2.34 ^ fanout57/A (sky130_fd_sc_hd__buf_2)
                  0.10    0.17    2.51 ^ fanout57/X (sky130_fd_sc_hd__buf_2)
     6    0.02                           net57 (net)
                  0.10    0.00    2.51 ^ fanout55/A (sky130_fd_sc_hd__clkbuf_4)
                  0.14    0.22    2.73 ^ fanout55/X (sky130_fd_sc_hd__clkbuf_4)
    10    0.05                           net55 (net)
                  0.14    0.00    2.73 ^ _1139_/RESET_B (sky130_fd_sc_hd__dfrtp_4)
                                  2.73   data arrival time

                          0.00    0.00   clock clk (rise edge)
                          0.00    0.00   clock source latency
                  0.15    0.11    0.11 ^ clk (in)
     1    0.03                           clk (net)
                  0.15    0.00    0.11 ^ clkbuf_0_clk/A (sky130_fd_sc_hd__clkbuf_16)
                  0.09    0.21    0.32 ^ clkbuf_0_clk/X (sky130_fd_sc_hd__clkbuf_16)
    16    0.07                           clknet_0_clk (net)
                  0.09    0.00    0.32 ^ clkbuf_4_2_0_clk/A (sky130_fd_sc_hd__clkbuf_8)
                  0.06    0.16    0.48 ^ clkbuf_4_2_0_clk/X (sky130_fd_sc_hd__clkbuf_8)
    12    0.02                           clknet_4_2_0_clk (net)
                  0.06    0.00    0.48 ^ _1139_/CLK (sky130_fd_sc_hd__dfrtp_4)
                          0.25    0.73   clock uncertainty
                          0.00    0.73   clock reconvergence pessimism
                          0.35    1.08   library removal time
                                  1.08   data required time
-----------------------------------------------------------------------------
                                  1.08   data required time
                                 -2.73   data arrival time
-----------------------------------------------------------------------------
                                  1.65   slack (MET)


Startpoint: rst_n (input port clocked by clk)
Endpoint: _1138_ (removal check against rising-edge clock clk)
Path Group: asynchronous
Path Type: min

Fanout     Cap    Slew   Delay    Time   Description
-----------------------------------------------------------------------------
                          0.00    0.00   clock clk (rise edge)
                          0.00    0.00   clock network delay (propagated)
                          2.00    2.00 ^ input external delay
                  0.02    0.01    2.01 ^ rst_n (in)
     1    0.00                           rst_n (net)
                  0.02    0.00    2.01 ^ input13/A (sky130_fd_sc_hd__buf_1)
                  0.15    0.14    2.15 ^ input13/X (sky130_fd_sc_hd__buf_1)
     2    0.01                           net13 (net)
                  0.15    0.00    2.15 ^ fanout62/A (sky130_fd_sc_hd__clkbuf_2)
                  0.13    0.19    2.34 ^ fanout62/X (sky130_fd_sc_hd__clkbuf_2)
     5    0.02                           net62 (net)
                  0.13    0.00    2.34 ^ fanout57/A (sky130_fd_sc_hd__buf_2)
                  0.10    0.17    2.51 ^ fanout57/X (sky130_fd_sc_hd__buf_2)
     6    0.02                           net57 (net)
                  0.10    0.00    2.51 ^ fanout55/A (sky130_fd_sc_hd__clkbuf_4)
                  0.14    0.22    2.73 ^ fanout55/X (sky130_fd_sc_hd__clkbuf_4)
    10    0.05                           net55 (net)
                  0.14    0.00    2.73 ^ _1138_/RESET_B (sky130_fd_sc_hd__dfrtp_4)
                                  2.73   data arrival time

                          0.00    0.00   clock clk (rise edge)
                          0.00    0.00   clock source latency
                  0.15    0.11    0.11 ^ clk (in)
     1    0.03                           clk (net)
                  0.15    0.00    0.11 ^ clkbuf_0_clk/A (sky130_fd_sc_hd__clkbuf_16)
                  0.09    0.21    0.32 ^ clkbuf_0_clk/X (sky130_fd_sc_hd__clkbuf_16)
    16    0.07                           clknet_0_clk (net)
                  0.09    0.00    0.32 ^ clkbuf_4_2_0_clk/A (sky130_fd_sc_hd__clkbuf_8)
                  0.06    0.16    0.48 ^ clkbuf_4_2_0_clk/X (sky130_fd_sc_hd__clkbuf_8)
    12    0.02                           clknet_4_2_0_clk (net)
                  0.06    0.00    0.48 ^ _1138_/CLK (sky130_fd_sc_hd__dfrtp_4)
                          0.25    0.73   clock uncertainty
                          0.00    0.73   clock reconvergence pessimism
                          0.35    1.08   library removal time
                                  1.08   data required time
-----------------------------------------------------------------------------
                                  1.08   data required time
                                 -2.73   data arrival time
-----------------------------------------------------------------------------
                                  1.65   slack (MET)


Startpoint: rst_n (input port clocked by clk)
Endpoint: _1158_ (removal check against rising-edge clock clk)
Path Group: asynchronous
Path Type: min

Fanout     Cap    Slew   Delay    Time   Description
-----------------------------------------------------------------------------
                          0.00    0.00   clock clk (rise edge)
                          0.00    0.00   clock network delay (propagated)
                          2.00    2.00 ^ input external delay
                  0.02    0.01    2.01 ^ rst_n (in)
     1    0.00                           rst_n (net)
                  0.02    0.00    2.01 ^ input13/A (sky130_fd_sc_hd__buf_1)
                  0.15    0.14    2.15 ^ input13/X (sky130_fd_sc_hd__buf_1)
     2    0.01                           net13 (net)
                  0.15    0.00    2.15 ^ fanout62/A (sky130_fd_sc_hd__clkbuf_2)
                  0.13    0.19    2.34 ^ fanout62/X (sky130_fd_sc_hd__clkbuf_2)
     5    0.02                           net62 (net)
                  0.13    0.00    2.34 ^ fanout57/A (sky130_fd_sc_hd__buf_2)
                  0.10    0.17    2.51 ^ fanout57/X (sky130_fd_sc_hd__buf_2)
     6    0.02                           net57 (net)
                  0.10    0.00    2.51 ^ fanout55/A (sky130_fd_sc_hd__clkbuf_4)
                  0.14    0.22    2.73 ^ fanout55/X (sky130_fd_sc_hd__clkbuf_4)
    10    0.05                           net55 (net)
                  0.14    0.00    2.73 ^ _1158_/RESET_B (sky130_fd_sc_hd__dfrtp_1)
                                  2.73   data arrival time

                          0.00    0.00   clock clk (rise edge)
                          0.00    0.00   clock source latency
                  0.15    0.11    0.11 ^ clk (in)
     1    0.03                           clk (net)
                  0.15    0.00    0.11 ^ clkbuf_0_clk/A (sky130_fd_sc_hd__clkbuf_16)
                  0.09    0.21    0.32 ^ clkbuf_0_clk/X (sky130_fd_sc_hd__clkbuf_16)
    16    0.07                           clknet_0_clk (net)
                  0.09    0.00    0.32 ^ clkbuf_4_2_0_clk/A (sky130_fd_sc_hd__clkbuf_8)
                  0.06    0.16    0.48 ^ clkbuf_4_2_0_clk/X (sky130_fd_sc_hd__clkbuf_8)
    12    0.02                           clknet_4_2_0_clk (net)
                  0.06    0.00    0.48 ^ _1158_/CLK (sky130_fd_sc_hd__dfrtp_1)
                          0.25    0.73   clock uncertainty
                          0.00    0.73   clock reconvergence pessimism
                          0.35    1.08   library removal time
                                  1.08   data required time
-----------------------------------------------------------------------------
                                  1.08   data required time
                                 -2.73   data arrival time
-----------------------------------------------------------------------------
                                  1.65   slack (MET)


Startpoint: rst_n (input port clocked by clk)
Endpoint: _1143_ (removal check against rising-edge clock clk)
Path Group: asynchronous
Path Type: min

Fanout     Cap    Slew   Delay    Time   Description
-----------------------------------------------------------------------------
                          0.00    0.00   clock clk (rise edge)
                          0.00    0.00   clock network delay (propagated)
                          2.00    2.00 ^ input external delay
                  0.02    0.01    2.01 ^ rst_n (in)
     1    0.00                           rst_n (net)
                  0.02    0.00    2.01 ^ input13/A (sky130_fd_sc_hd__buf_1)
                  0.15    0.14    2.15 ^ input13/X (sky130_fd_sc_hd__buf_1)
     2    0.01                           net13 (net)
                  0.15    0.00    2.15 ^ fanout62/A (sky130_fd_sc_hd__clkbuf_2)
                  0.13    0.19    2.34 ^ fanout62/X (sky130_fd_sc_hd__clkbuf_2)
     5    0.02                           net62 (net)
                  0.13    0.00    2.34 ^ fanout57/A (sky130_fd_sc_hd__buf_2)
                  0.10    0.17    2.51 ^ fanout57/X (sky130_fd_sc_hd__buf_2)
     6    0.02                           net57 (net)
                  0.10    0.00    2.51 ^ fanout55/A (sky130_fd_sc_hd__clkbuf_4)
                  0.14    0.22    2.73 ^ fanout55/X (sky130_fd_sc_hd__clkbuf_4)
    10    0.05                           net55 (net)
                  0.14    0.00    2.73 ^ _1143_/RESET_B (sky130_fd_sc_hd__dfrtp_4)
                                  2.73   data arrival time

                          0.00    0.00   clock clk (rise edge)
                          0.00    0.00   clock source latency
                  0.15    0.11    0.11 ^ clk (in)
     1    0.03                           clk (net)
                  0.15    0.00    0.11 ^ clkbuf_0_clk/A (sky130_fd_sc_hd__clkbuf_16)
                  0.09    0.21    0.32 ^ clkbuf_0_clk/X (sky130_fd_sc_hd__clkbuf_16)
    16    0.07                           clknet_0_clk (net)
                  0.09    0.00    0.32 ^ clkbuf_4_2_0_clk/A (sky130_fd_sc_hd__clkbuf_8)
                  0.06    0.16    0.48 ^ clkbuf_4_2_0_clk/X (sky130_fd_sc_hd__clkbuf_8)
    12    0.02                           clknet_4_2_0_clk (net)
                  0.06    0.00    0.48 ^ _1143_/CLK (sky130_fd_sc_hd__dfrtp_4)
                          0.25    0.73   clock uncertainty
                          0.00    0.73   clock reconvergence pessimism
                          0.35    1.08   library removal time
                                  1.08   data required time
-----------------------------------------------------------------------------
                                  1.08   data required time
                                 -2.73   data arrival time
-----------------------------------------------------------------------------
                                  1.65   slack (MET)


Startpoint: rst_n (input port clocked by clk)
Endpoint: _1181_ (removal check against rising-edge clock clk)
Path Group: asynchronous
Path Type: min

Fanout     Cap    Slew   Delay    Time   Description
-----------------------------------------------------------------------------
                          0.00    0.00   clock clk (rise edge)
                          0.00    0.00   clock network delay (propagated)
                          2.00    2.00 ^ input external delay
                  0.02    0.01    2.01 ^ rst_n (in)
     1    0.00                           rst_n (net)
                  0.02    0.00    2.01 ^ input13/A (sky130_fd_sc_hd__buf_1)
                  0.15    0.14    2.15 ^ input13/X (sky130_fd_sc_hd__buf_1)
     2    0.01                           net13 (net)
                  0.15    0.00    2.15 ^ fanout62/A (sky130_fd_sc_hd__clkbuf_2)
                  0.13    0.19    2.34 ^ fanout62/X (sky130_fd_sc_hd__clkbuf_2)
     5    0.02                           net62 (net)
                  0.13    0.00    2.34 ^ fanout57/A (sky130_fd_sc_hd__buf_2)
                  0.10    0.17    2.51 ^ fanout57/X (sky130_fd_sc_hd__buf_2)
     6    0.02                           net57 (net)
                  0.10    0.00    2.51 ^ fanout55/A (sky130_fd_sc_hd__clkbuf_4)
                  0.14    0.22    2.73 ^ fanout55/X (sky130_fd_sc_hd__clkbuf_4)
    10    0.05                           net55 (net)
                  0.14    0.00    2.73 ^ _1181_/RESET_B (sky130_fd_sc_hd__dfrtp_4)
                                  2.73   data arrival time

                          0.00    0.00   clock clk (rise edge)
                          0.00    0.00   clock source latency
                  0.15    0.11    0.11 ^ clk (in)
     1    0.03                           clk (net)
                  0.15    0.00    0.11 ^ clkbuf_0_clk/A (sky130_fd_sc_hd__clkbuf_16)
                  0.09    0.21    0.32 ^ clkbuf_0_clk/X (sky130_fd_sc_hd__clkbuf_16)
    16    0.07                           clknet_0_clk (net)
                  0.09    0.00    0.32 ^ clkbuf_4_2_0_clk/A (sky130_fd_sc_hd__clkbuf_8)
                  0.06    0.16    0.48 ^ clkbuf_4_2_0_clk/X (sky130_fd_sc_hd__clkbuf_8)
    12    0.02                           clknet_4_2_0_clk (net)
                  0.06    0.00    0.48 ^ _1181_/CLK (sky130_fd_sc_hd__dfrtp_4)
                          0.25    0.73   clock uncertainty
                          0.00    0.73   clock reconvergence pessimism
                          0.35    1.08   library removal time
                                  1.08   data required time
-----------------------------------------------------------------------------
                                  1.08   data required time
                                 -2.73   data arrival time
-----------------------------------------------------------------------------
                                  1.65   slack (MET)


Startpoint: rst_n (input port clocked by clk)
Endpoint: _1185_ (removal check against rising-edge clock clk)
Path Group: asynchronous
Path Type: min

Fanout     Cap    Slew   Delay    Time   Description
-----------------------------------------------------------------------------
                          0.00    0.00   clock clk (rise edge)
                          0.00    0.00   clock network delay (propagated)
                          2.00    2.00 ^ input external delay
                  0.02    0.01    2.01 ^ rst_n (in)
     1    0.00                           rst_n (net)
                  0.02    0.00    2.01 ^ input13/A (sky130_fd_sc_hd__buf_1)
                  0.15    0.14    2.15 ^ input13/X (sky130_fd_sc_hd__buf_1)
     2    0.01                           net13 (net)
                  0.15    0.00    2.15 ^ fanout62/A (sky130_fd_sc_hd__clkbuf_2)
                  0.13    0.19    2.34 ^ fanout62/X (sky130_fd_sc_hd__clkbuf_2)
     5    0.02                           net62 (net)
                  0.13    0.00    2.34 ^ fanout57/A (sky130_fd_sc_hd__buf_2)
                  0.10    0.17    2.51 ^ fanout57/X (sky130_fd_sc_hd__buf_2)
     6    0.02                           net57 (net)
                  0.10    0.00    2.51 ^ fanout55/A (sky130_fd_sc_hd__clkbuf_4)
                  0.14    0.22    2.73 ^ fanout55/X (sky130_fd_sc_hd__clkbuf_4)
    10    0.05                           net55 (net)
                  0.14    0.00    2.73 ^ _1185_/RESET_B (sky130_fd_sc_hd__dfrtp_1)
                                  2.73   data arrival time

                          0.00    0.00   clock clk (rise edge)
                          0.00    0.00   clock source latency
                  0.15    0.11    0.11 ^ clk (in)
     1    0.03                           clk (net)
                  0.15    0.00    0.11 ^ clkbuf_0_clk/A (sky130_fd_sc_hd__clkbuf_16)
                  0.09    0.21    0.32 ^ clkbuf_0_clk/X (sky130_fd_sc_hd__clkbuf_16)
    16    0.07                           clknet_0_clk (net)
                  0.09    0.00    0.32 ^ clkbuf_4_2_0_clk/A (sky130_fd_sc_hd__clkbuf_8)
                  0.06    0.16    0.48 ^ clkbuf_4_2_0_clk/X (sky130_fd_sc_hd__clkbuf_8)
    12    0.02                           clknet_4_2_0_clk (net)
                  0.06    0.00    0.48 ^ _1185_/CLK (sky130_fd_sc_hd__dfrtp_1)
                          0.25    0.73   clock uncertainty
                          0.00    0.73   clock reconvergence pessimism
                          0.35    1.08   library removal time
                                  1.08   data required time
-----------------------------------------------------------------------------
                                  1.08   data required time
                                 -2.73   data arrival time
-----------------------------------------------------------------------------
                                  1.65   slack (MET)


Startpoint: rst_n (input port clocked by clk)
Endpoint: _1060_ (removal check against rising-edge clock clk)
Path Group: asynchronous
Path Type: min

Fanout     Cap    Slew   Delay    Time   Description
-----------------------------------------------------------------------------
                          0.00    0.00   clock clk (rise edge)
                          0.00    0.00   clock network delay (propagated)
                          2.00    2.00 ^ input external delay
                  0.02    0.01    2.01 ^ rst_n (in)
     1    0.00                           rst_n (net)
                  0.02    0.00    2.01 ^ input13/A (sky130_fd_sc_hd__buf_1)
                  0.15    0.14    2.15 ^ input13/X (sky130_fd_sc_hd__buf_1)
     2    0.01                           net13 (net)
                  0.15    0.00    2.15 ^ fanout71/A (sky130_fd_sc_hd__buf_2)
                  0.14    0.20    2.35 ^ fanout71/X (sky130_fd_sc_hd__buf_2)
     5    0.03                           net71 (net)
                  0.14    0.00    2.35 ^ fanout67/A (sky130_fd_sc_hd__buf_2)
                  0.10    0.17    2.53 ^ fanout67/X (sky130_fd_sc_hd__buf_2)
     7    0.02                           net67 (net)
                  0.10    0.00    2.53 ^ fanout65/A (sky130_fd_sc_hd__clkbuf_4)
                  0.15    0.22    2.75 ^ fanout65/X (sky130_fd_sc_hd__clkbuf_4)
    10    0.05                           net65 (net)
                  0.15    0.00    2.75 ^ _1060_/RESET_B (sky130_fd_sc_hd__dfrtp_1)
                                  2.75   data arrival time

                          0.00    0.00   clock clk (rise edge)
                          0.00    0.00   clock source latency
                  0.15    0.11    0.11 ^ clk (in)
     1    0.03                           clk (net)
                  0.15    0.00    0.11 ^ clkbuf_0_clk/A (sky130_fd_sc_hd__clkbuf_16)
                  0.09    0.21    0.32 ^ clkbuf_0_clk/X (sky130_fd_sc_hd__clkbuf_16)
    16    0.07                           clknet_0_clk (net)
                  0.09    0.00    0.32 ^ clkbuf_4_11_0_clk/A (sky130_fd_sc_hd__clkbuf_8)
                  0.07    0.17    0.49 ^ clkbuf_4_11_0_clk/X (sky130_fd_sc_hd__clkbuf_8)
    10    0.03                           clknet_4_11_0_clk (net)
                  0.07    0.00    0.49 ^ _1060_/CLK (sky130_fd_sc_hd__dfrtp_1)
                          0.25    0.74   clock uncertainty
                          0.00    0.74   clock reconvergence pessimism
                          0.35    1.10   library removal time
                                  1.10   data required time
-----------------------------------------------------------------------------
                                  1.10   data required time
                                 -2.75   data arrival time
-----------------------------------------------------------------------------
                                  1.65   slack (MET)


Startpoint: rst_n (input port clocked by clk)
Endpoint: _1131_ (removal check against rising-edge clock clk)
Path Group: asynchronous
Path Type: min

Fanout     Cap    Slew   Delay    Time   Description
-----------------------------------------------------------------------------
                          0.00    0.00   clock clk (rise edge)
                          0.00    0.00   clock network delay (propagated)
                          2.00    2.00 ^ input external delay
                  0.02    0.01    2.01 ^ rst_n (in)
     1    0.00                           rst_n (net)
                  0.02    0.00    2.01 ^ input13/A (sky130_fd_sc_hd__buf_1)
                  0.15    0.14    2.15 ^ input13/X (sky130_fd_sc_hd__buf_1)
     2    0.01                           net13 (net)
                  0.15    0.00    2.15 ^ fanout71/A (sky130_fd_sc_hd__buf_2)
                  0.14    0.20    2.35 ^ fanout71/X (sky130_fd_sc_hd__buf_2)
     5    0.03                           net71 (net)
                  0.14    0.00    2.35 ^ fanout67/A (sky130_fd_sc_hd__buf_2)
                  0.10    0.17    2.53 ^ fanout67/X (sky130_fd_sc_hd__buf_2)
     7    0.02                           net67 (net)
                  0.10    0.00    2.53 ^ fanout65/A (sky130_fd_sc_hd__clkbuf_4)
                  0.15    0.22    2.75 ^ fanout65/X (sky130_fd_sc_hd__clkbuf_4)
    10    0.05                           net65 (net)
                  0.15    0.00    2.75 ^ _1131_/RESET_B (sky130_fd_sc_hd__dfrtp_1)
                                  2.75   data arrival time

                          0.00    0.00   clock clk (rise edge)
                          0.00    0.00   clock source latency
                  0.15    0.11    0.11 ^ clk (in)
     1    0.03                           clk (net)
                  0.15    0.00    0.11 ^ clkbuf_0_clk/A (sky130_fd_sc_hd__clkbuf_16)
                  0.09    0.21    0.32 ^ clkbuf_0_clk/X (sky130_fd_sc_hd__clkbuf_16)
    16    0.07                           clknet_0_clk (net)
                  0.09    0.00    0.32 ^ clkbuf_4_11_0_clk/A (sky130_fd_sc_hd__clkbuf_8)
                  0.07    0.17    0.49 ^ clkbuf_4_11_0_clk/X (sky130_fd_sc_hd__clkbuf_8)
    10    0.03                           clknet_4_11_0_clk (net)
                  0.07    0.00    0.49 ^ _1131_/CLK (sky130_fd_sc_hd__dfrtp_1)
                          0.25    0.74   clock uncertainty
                          0.00    0.74   clock reconvergence pessimism
                          0.35    1.10   library removal time
                                  1.10   data required time
-----------------------------------------------------------------------------
                                  1.10   data required time
                                 -2.75   data arrival time
-----------------------------------------------------------------------------
                                  1.65   slack (MET)


Startpoint: rst_n (input port clocked by clk)
Endpoint: _1157_ (removal check against rising-edge clock clk)
Path Group: asynchronous
Path Type: min

Fanout     Cap    Slew   Delay    Time   Description
-----------------------------------------------------------------------------
                          0.00    0.00   clock clk (rise edge)
                          0.00    0.00   clock network delay (propagated)
                          2.00    2.00 ^ input external delay
                  0.02    0.01    2.01 ^ rst_n (in)
     1    0.00                           rst_n (net)
                  0.02    0.00    2.01 ^ input13/A (sky130_fd_sc_hd__buf_1)
                  0.15    0.14    2.15 ^ input13/X (sky130_fd_sc_hd__buf_1)
     2    0.01                           net13 (net)
                  0.15    0.00    2.15 ^ fanout62/A (sky130_fd_sc_hd__clkbuf_2)
                  0.13    0.19    2.34 ^ fanout62/X (sky130_fd_sc_hd__clkbuf_2)
     5    0.02                           net62 (net)
                  0.13    0.00    2.34 ^ fanout57/A (sky130_fd_sc_hd__buf_2)
                  0.10    0.17    2.51 ^ fanout57/X (sky130_fd_sc_hd__buf_2)
     6    0.02                           net57 (net)
                  0.10    0.00    2.51 ^ fanout56/A (sky130_fd_sc_hd__clkbuf_4)
                  0.15    0.22    2.73 ^ fanout56/X (sky130_fd_sc_hd__clkbuf_4)
    10    0.05                           net56 (net)
                  0.15    0.00    2.74 ^ _1157_/RESET_B (sky130_fd_sc_hd__dfrtp_1)
                                  2.74   data arrival time

                          0.00    0.00   clock clk (rise edge)
                          0.00    0.00   clock source latency
                  0.15    0.11    0.11 ^ clk (in)
     1    0.03                           clk (net)
                  0.15    0.00    0.11 ^ clkbuf_0_clk/A (sky130_fd_sc_hd__clkbuf_16)
                  0.09    0.21    0.32 ^ clkbuf_0_clk/X (sky130_fd_sc_hd__clkbuf_16)
    16    0.07                           clknet_0_clk (net)
                  0.09    0.00    0.32 ^ clkbuf_4_2_0_clk/A (sky130_fd_sc_hd__clkbuf_8)
                  0.06    0.16    0.48 ^ clkbuf_4_2_0_clk/X (sky130_fd_sc_hd__clkbuf_8)
    12    0.02                           clknet_4_2_0_clk (net)
                  0.06    0.00    0.48 ^ _1157_/CLK (sky130_fd_sc_hd__dfrtp_1)
                          0.25    0.73   clock uncertainty
                          0.00    0.73   clock reconvergence pessimism
                          0.35    1.08   library removal time
                                  1.08   data required time
-----------------------------------------------------------------------------
                                  1.08   data required time
                                 -2.74   data arrival time
-----------------------------------------------------------------------------
                                  1.65   slack (MET)


Startpoint: rst_n (input port clocked by clk)
Endpoint: _1055_ (removal check against rising-edge clock clk)
Path Group: asynchronous
Path Type: min

Fanout     Cap    Slew   Delay    Time   Description
-----------------------------------------------------------------------------
                          0.00    0.00   clock clk (rise edge)
                          0.00    0.00   clock network delay (propagated)
                          2.00    2.00 ^ input external delay
                  0.02    0.01    2.01 ^ rst_n (in)
     1    0.00                           rst_n (net)
                  0.02    0.00    2.01 ^ input13/A (sky130_fd_sc_hd__buf_1)
                  0.15    0.14    2.15 ^ input13/X (sky130_fd_sc_hd__buf_1)
     2    0.01                           net13 (net)
                  0.15    0.00    2.15 ^ fanout71/A (sky130_fd_sc_hd__buf_2)
                  0.14    0.20    2.35 ^ fanout71/X (sky130_fd_sc_hd__buf_2)
     5    0.03                           net71 (net)
                  0.14    0.00    2.35 ^ fanout67/A (sky130_fd_sc_hd__buf_2)
                  0.10    0.17    2.53 ^ fanout67/X (sky130_fd_sc_hd__buf_2)
     7    0.02                           net67 (net)
                  0.10    0.00    2.53 ^ fanout65/A (sky130_fd_sc_hd__clkbuf_4)
                  0.15    0.22    2.75 ^ fanout65/X (sky130_fd_sc_hd__clkbuf_4)
    10    0.05                           net65 (net)
                  0.15    0.00    2.75 ^ _1055_/RESET_B (sky130_fd_sc_hd__dfrtp_4)
                                  2.75   data arrival time

                          0.00    0.00   clock clk (rise edge)
                          0.00    0.00   clock source latency
                  0.15    0.11    0.11 ^ clk (in)
     1    0.03                           clk (net)
                  0.15    0.00    0.11 ^ clkbuf_0_clk/A (sky130_fd_sc_hd__clkbuf_16)
                  0.09    0.21    0.32 ^ clkbuf_0_clk/X (sky130_fd_sc_hd__clkbuf_16)
    16    0.07                           clknet_0_clk (net)
                  0.09    0.00    0.32 ^ clkbuf_4_11_0_clk/A (sky130_fd_sc_hd__clkbuf_8)
                  0.07    0.17    0.49 ^ clkbuf_4_11_0_clk/X (sky130_fd_sc_hd__clkbuf_8)
    10    0.03                           clknet_4_11_0_clk (net)
                  0.07    0.00    0.49 ^ _1055_/CLK (sky130_fd_sc_hd__dfrtp_4)
                          0.25    0.74   clock uncertainty
                          0.00    0.74   clock reconvergence pessimism
                          0.35    1.10   library removal time
                                  1.10   data required time
-----------------------------------------------------------------------------
                                  1.10   data required time
                                 -2.75   data arrival time
-----------------------------------------------------------------------------
                                  1.65   slack (MET)


Startpoint: rst_n (input port clocked by clk)
Endpoint: _1098_ (removal check against rising-edge clock clk)
Path Group: asynchronous
Path Type: min

Fanout     Cap    Slew   Delay    Time   Description
-----------------------------------------------------------------------------
                          0.00    0.00   clock clk (rise edge)
                          0.00    0.00   clock network delay (propagated)
                          2.00    2.00 ^ input external delay
                  0.02    0.01    2.01 ^ rst_n (in)
     1    0.00                           rst_n (net)
                  0.02    0.00    2.01 ^ input13/A (sky130_fd_sc_hd__buf_1)
                  0.15    0.14    2.15 ^ input13/X (sky130_fd_sc_hd__buf_1)
     2    0.01                           net13 (net)
                  0.15    0.00    2.15 ^ fanout71/A (sky130_fd_sc_hd__buf_2)
                  0.14    0.20    2.35 ^ fanout71/X (sky130_fd_sc_hd__buf_2)
     5    0.03                           net71 (net)
                  0.14    0.00    2.35 ^ fanout67/A (sky130_fd_sc_hd__buf_2)
                  0.10    0.17    2.53 ^ fanout67/X (sky130_fd_sc_hd__buf_2)
     7    0.02                           net67 (net)
                  0.10    0.00    2.53 ^ fanout65/A (sky130_fd_sc_hd__clkbuf_4)
                  0.15    0.22    2.75 ^ fanout65/X (sky130_fd_sc_hd__clkbuf_4)
    10    0.05                           net65 (net)
                  0.15    0.00    2.75 ^ _1098_/RESET_B (sky130_fd_sc_hd__dfrtp_1)
                                  2.75   data arrival time

                          0.00    0.00   clock clk (rise edge)
                          0.00    0.00   clock source latency
                  0.15    0.11    0.11 ^ clk (in)
     1    0.03                           clk (net)
                  0.15    0.00    0.11 ^ clkbuf_0_clk/A (sky130_fd_sc_hd__clkbuf_16)
                  0.09    0.21    0.32 ^ clkbuf_0_clk/X (sky130_fd_sc_hd__clkbuf_16)
    16    0.07                           clknet_0_clk (net)
                  0.09    0.00    0.32 ^ clkbuf_4_11_0_clk/A (sky130_fd_sc_hd__clkbuf_8)
                  0.07    0.17    0.49 ^ clkbuf_4_11_0_clk/X (sky130_fd_sc_hd__clkbuf_8)
    10    0.03                           clknet_4_11_0_clk (net)
                  0.07    0.00    0.49 ^ _1098_/CLK (sky130_fd_sc_hd__dfrtp_1)
                          0.25    0.74   clock uncertainty
                          0.00    0.74   clock reconvergence pessimism
                          0.35    1.10   library removal time
                                  1.10   data required time
-----------------------------------------------------------------------------
                                  1.10   data required time
                                 -2.75   data arrival time
-----------------------------------------------------------------------------
                                  1.65   slack (MET)


Startpoint: rst_n (input port clocked by clk)
Endpoint: _1061_ (removal check against rising-edge clock clk)
Path Group: asynchronous
Path Type: min

Fanout     Cap    Slew   Delay    Time   Description
-----------------------------------------------------------------------------
                          0.00    0.00   clock clk (rise edge)
                          0.00    0.00   clock network delay (propagated)
                          2.00    2.00 ^ input external delay
                  0.02    0.01    2.01 ^ rst_n (in)
     1    0.00                           rst_n (net)
                  0.02    0.00    2.01 ^ input13/A (sky130_fd_sc_hd__buf_1)
                  0.15    0.14    2.15 ^ input13/X (sky130_fd_sc_hd__buf_1)
     2    0.01                           net13 (net)
                  0.15    0.00    2.15 ^ fanout71/A (sky130_fd_sc_hd__buf_2)
                  0.14    0.20    2.35 ^ fanout71/X (sky130_fd_sc_hd__buf_2)
     5    0.03                           net71 (net)
                  0.14    0.00    2.35 ^ fanout67/A (sky130_fd_sc_hd__buf_2)
                  0.10    0.17    2.53 ^ fanout67/X (sky130_fd_sc_hd__buf_2)
     7    0.02                           net67 (net)
                  0.10    0.00    2.53 ^ fanout65/A (sky130_fd_sc_hd__clkbuf_4)
                  0.15    0.22    2.75 ^ fanout65/X (sky130_fd_sc_hd__clkbuf_4)
    10    0.05                           net65 (net)
                  0.15    0.00    2.75 ^ _1061_/RESET_B (sky130_fd_sc_hd__dfrtp_1)
                                  2.75   data arrival time

                          0.00    0.00   clock clk (rise edge)
                          0.00    0.00   clock source latency
                  0.15    0.11    0.11 ^ clk (in)
     1    0.03                           clk (net)
                  0.15    0.00    0.11 ^ clkbuf_0_clk/A (sky130_fd_sc_hd__clkbuf_16)
                  0.09    0.21    0.32 ^ clkbuf_0_clk/X (sky130_fd_sc_hd__clkbuf_16)
    16    0.07                           clknet_0_clk (net)
                  0.09    0.00    0.32 ^ clkbuf_4_11_0_clk/A (sky130_fd_sc_hd__clkbuf_8)
                  0.07    0.17    0.49 ^ clkbuf_4_11_0_clk/X (sky130_fd_sc_hd__clkbuf_8)
    10    0.03                           clknet_4_11_0_clk (net)
                  0.07    0.00    0.49 ^ _1061_/CLK (sky130_fd_sc_hd__dfrtp_1)
                          0.25    0.74   clock uncertainty
                          0.00    0.74   clock reconvergence pessimism
                          0.35    1.10   library removal time
                                  1.10   data required time
-----------------------------------------------------------------------------
                                  1.10   data required time
                                 -2.75   data arrival time
-----------------------------------------------------------------------------
                                  1.65   slack (MET)


Startpoint: rst_n (input port clocked by clk)
Endpoint: _1063_ (removal check against rising-edge clock clk)
Path Group: asynchronous
Path Type: min

Fanout     Cap    Slew   Delay    Time   Description
-----------------------------------------------------------------------------
                          0.00    0.00   clock clk (rise edge)
                          0.00    0.00   clock network delay (propagated)
                          2.00    2.00 ^ input external delay
                  0.02    0.01    2.01 ^ rst_n (in)
     1    0.00                           rst_n (net)
                  0.02    0.00    2.01 ^ input13/A (sky130_fd_sc_hd__buf_1)
                  0.15    0.14    2.15 ^ input13/X (sky130_fd_sc_hd__buf_1)
     2    0.01                           net13 (net)
                  0.15    0.00    2.15 ^ fanout71/A (sky130_fd_sc_hd__buf_2)
                  0.14    0.20    2.35 ^ fanout71/X (sky130_fd_sc_hd__buf_2)
     5    0.03                           net71 (net)
                  0.14    0.00    2.35 ^ fanout67/A (sky130_fd_sc_hd__buf_2)
                  0.10    0.17    2.53 ^ fanout67/X (sky130_fd_sc_hd__buf_2)
     7    0.02                           net67 (net)
                  0.10    0.00    2.53 ^ fanout65/A (sky130_fd_sc_hd__clkbuf_4)
                  0.15    0.22    2.75 ^ fanout65/X (sky130_fd_sc_hd__clkbuf_4)
    10    0.05                           net65 (net)
                  0.15    0.00    2.75 ^ _1063_/RESET_B (sky130_fd_sc_hd__dfrtp_1)
                                  2.75   data arrival time

                          0.00    0.00   clock clk (rise edge)
                          0.00    0.00   clock source latency
                  0.15    0.11    0.11 ^ clk (in)
     1    0.03                           clk (net)
                  0.15    0.00    0.11 ^ clkbuf_0_clk/A (sky130_fd_sc_hd__clkbuf_16)
                  0.09    0.21    0.32 ^ clkbuf_0_clk/X (sky130_fd_sc_hd__clkbuf_16)
    16    0.07                           clknet_0_clk (net)
                  0.09    0.00    0.32 ^ clkbuf_4_11_0_clk/A (sky130_fd_sc_hd__clkbuf_8)
                  0.07    0.17    0.49 ^ clkbuf_4_11_0_clk/X (sky130_fd_sc_hd__clkbuf_8)
    10    0.03                           clknet_4_11_0_clk (net)
                  0.07    0.00    0.49 ^ _1063_/CLK (sky130_fd_sc_hd__dfrtp_1)
                          0.25    0.74   clock uncertainty
                          0.00    0.74   clock reconvergence pessimism
                          0.35    1.10   library removal time
                                  1.10   data required time
-----------------------------------------------------------------------------
                                  1.10   data required time
                                 -2.75   data arrival time
-----------------------------------------------------------------------------
                                  1.65   slack (MET)


Startpoint: rst_n (input port clocked by clk)
Endpoint: _1056_ (removal check against rising-edge clock clk)
Path Group: asynchronous
Path Type: min

Fanout     Cap    Slew   Delay    Time   Description
-----------------------------------------------------------------------------
                          0.00    0.00   clock clk (rise edge)
                          0.00    0.00   clock network delay (propagated)
                          2.00    2.00 ^ input external delay
                  0.02    0.01    2.01 ^ rst_n (in)
     1    0.00                           rst_n (net)
                  0.02    0.00    2.01 ^ input13/A (sky130_fd_sc_hd__buf_1)
                  0.15    0.14    2.15 ^ input13/X (sky130_fd_sc_hd__buf_1)
     2    0.01                           net13 (net)
                  0.15    0.00    2.15 ^ fanout71/A (sky130_fd_sc_hd__buf_2)
                  0.14    0.20    2.35 ^ fanout71/X (sky130_fd_sc_hd__buf_2)
     5    0.03                           net71 (net)
                  0.14    0.00    2.35 ^ fanout67/A (sky130_fd_sc_hd__buf_2)
                  0.10    0.17    2.53 ^ fanout67/X (sky130_fd_sc_hd__buf_2)
     7    0.02                           net67 (net)
                  0.10    0.00    2.53 ^ fanout65/A (sky130_fd_sc_hd__clkbuf_4)
                  0.15    0.22    2.75 ^ fanout65/X (sky130_fd_sc_hd__clkbuf_4)
    10    0.05                           net65 (net)
                  0.15    0.00    2.75 ^ _1056_/RESET_B (sky130_fd_sc_hd__dfrtp_1)
                                  2.75   data arrival time

                          0.00    0.00   clock clk (rise edge)
                          0.00    0.00   clock source latency
                  0.15    0.11    0.11 ^ clk (in)
     1    0.03                           clk (net)
                  0.15    0.00    0.11 ^ clkbuf_0_clk/A (sky130_fd_sc_hd__clkbuf_16)
                  0.09    0.21    0.32 ^ clkbuf_0_clk/X (sky130_fd_sc_hd__clkbuf_16)
    16    0.07                           clknet_0_clk (net)
                  0.09    0.00    0.32 ^ clkbuf_4_11_0_clk/A (sky130_fd_sc_hd__clkbuf_8)
                  0.07    0.17    0.49 ^ clkbuf_4_11_0_clk/X (sky130_fd_sc_hd__clkbuf_8)
    10    0.03                           clknet_4_11_0_clk (net)
                  0.07    0.00    0.49 ^ _1056_/CLK (sky130_fd_sc_hd__dfrtp_1)
                          0.25    0.74   clock uncertainty
                          0.00    0.74   clock reconvergence pessimism
                          0.35    1.10   library removal time
                                  1.10   data required time
-----------------------------------------------------------------------------
                                  1.10   data required time
                                 -2.75   data arrival time
-----------------------------------------------------------------------------
                                  1.65   slack (MET)


Startpoint: rst_n (input port clocked by clk)
Endpoint: _1132_ (removal check against rising-edge clock clk)
Path Group: asynchronous
Path Type: min

Fanout     Cap    Slew   Delay    Time   Description
-----------------------------------------------------------------------------
                          0.00    0.00   clock clk (rise edge)
                          0.00    0.00   clock network delay (propagated)
                          2.00    2.00 ^ input external delay
                  0.02    0.01    2.01 ^ rst_n (in)
     1    0.00                           rst_n (net)
                  0.02    0.00    2.01 ^ input13/A (sky130_fd_sc_hd__buf_1)
                  0.15    0.14    2.15 ^ input13/X (sky130_fd_sc_hd__buf_1)
     2    0.01                           net13 (net)
                  0.15    0.00    2.15 ^ fanout71/A (sky130_fd_sc_hd__buf_2)
                  0.14    0.20    2.35 ^ fanout71/X (sky130_fd_sc_hd__buf_2)
     5    0.03                           net71 (net)
                  0.14    0.00    2.35 ^ fanout67/A (sky130_fd_sc_hd__buf_2)
                  0.10    0.17    2.53 ^ fanout67/X (sky130_fd_sc_hd__buf_2)
     7    0.02                           net67 (net)
                  0.10    0.00    2.53 ^ fanout65/A (sky130_fd_sc_hd__clkbuf_4)
                  0.15    0.22    2.75 ^ fanout65/X (sky130_fd_sc_hd__clkbuf_4)
    10    0.05                           net65 (net)
                  0.15    0.00    2.75 ^ _1132_/RESET_B (sky130_fd_sc_hd__dfrtp_1)
                                  2.75   data arrival time

                          0.00    0.00   clock clk (rise edge)
                          0.00    0.00   clock source latency
                  0.15    0.11    0.11 ^ clk (in)
     1    0.03                           clk (net)
                  0.15    0.00    0.11 ^ clkbuf_0_clk/A (sky130_fd_sc_hd__clkbuf_16)
                  0.09    0.21    0.32 ^ clkbuf_0_clk/X (sky130_fd_sc_hd__clkbuf_16)
    16    0.07                           clknet_0_clk (net)
                  0.09    0.00    0.32 ^ clkbuf_4_11_0_clk/A (sky130_fd_sc_hd__clkbuf_8)
                  0.07    0.17    0.49 ^ clkbuf_4_11_0_clk/X (sky130_fd_sc_hd__clkbuf_8)
    10    0.03                           clknet_4_11_0_clk (net)
                  0.07    0.00    0.49 ^ _1132_/CLK (sky130_fd_sc_hd__dfrtp_1)
                          0.25    0.74   clock uncertainty
                          0.00    0.74   clock reconvergence pessimism
                          0.35    1.10   library removal time
                                  1.10   data required time
-----------------------------------------------------------------------------
                                  1.10   data required time
                                 -2.75   data arrival time
-----------------------------------------------------------------------------
                                  1.65   slack (MET)


Startpoint: rst_n (input port clocked by clk)
Endpoint: _1189_ (removal check against rising-edge clock clk)
Path Group: asynchronous
Path Type: min

Fanout     Cap    Slew   Delay    Time   Description
-----------------------------------------------------------------------------
                          0.00    0.00   clock clk (rise edge)
                          0.00    0.00   clock network delay (propagated)
                          2.00    2.00 ^ input external delay
                  0.02    0.01    2.01 ^ rst_n (in)
     1    0.00                           rst_n (net)
                  0.02    0.00    2.01 ^ input13/A (sky130_fd_sc_hd__buf_1)
                  0.15    0.14    2.15 ^ input13/X (sky130_fd_sc_hd__buf_1)
     2    0.01                           net13 (net)
                  0.15    0.00    2.15 ^ fanout62/A (sky130_fd_sc_hd__clkbuf_2)
                  0.13    0.19    2.34 ^ fanout62/X (sky130_fd_sc_hd__clkbuf_2)
     5    0.02                           net62 (net)
                  0.13    0.00    2.34 ^ fanout59/A (sky130_fd_sc_hd__buf_2)
                  0.13    0.19    2.53 ^ fanout59/X (sky130_fd_sc_hd__buf_2)
     7    0.02                           net59 (net)
                  0.13    0.00    2.53 ^ fanout58/A (sky130_fd_sc_hd__clkbuf_4)
                  0.12    0.21    2.74 ^ fanout58/X (sky130_fd_sc_hd__clkbuf_4)
    10    0.04                           net58 (net)
                  0.12    0.00    2.74 ^ _1189_/RESET_B (sky130_fd_sc_hd__dfrtp_4)
                                  2.74   data arrival time

                          0.00    0.00   clock clk (rise edge)
                          0.00    0.00   clock source latency
                  0.15    0.11    0.11 ^ clk (in)
     1    0.03                           clk (net)
                  0.15    0.00    0.11 ^ clkbuf_0_clk/A (sky130_fd_sc_hd__clkbuf_16)
                  0.09    0.21    0.32 ^ clkbuf_0_clk/X (sky130_fd_sc_hd__clkbuf_16)
    16    0.07                           clknet_0_clk (net)
                  0.09    0.00    0.32 ^ clkbuf_4_5_0_clk/A (sky130_fd_sc_hd__clkbuf_8)
                  0.06    0.16    0.49 ^ clkbuf_4_5_0_clk/X (sky130_fd_sc_hd__clkbuf_8)
     9    0.03                           clknet_4_5_0_clk (net)
                  0.06    0.00    0.49 ^ _1189_/CLK (sky130_fd_sc_hd__dfrtp_4)
                          0.25    0.74   clock uncertainty
                          0.00    0.74   clock reconvergence pessimism
                          0.35    1.08   library removal time
                                  1.08   data required time
-----------------------------------------------------------------------------
                                  1.08   data required time
                                 -2.74   data arrival time
-----------------------------------------------------------------------------
                                  1.66   slack (MET)


Startpoint: rst_n (input port clocked by clk)
Endpoint: _1110_ (removal check against rising-edge clock clk)
Path Group: asynchronous
Path Type: min

Fanout     Cap    Slew   Delay    Time   Description
-----------------------------------------------------------------------------
                          0.00    0.00   clock clk (rise edge)
                          0.00    0.00   clock network delay (propagated)
                          2.00    2.00 ^ input external delay
                  0.02    0.01    2.01 ^ rst_n (in)
     1    0.00                           rst_n (net)
                  0.02    0.00    2.01 ^ input13/A (sky130_fd_sc_hd__buf_1)
                  0.15    0.14    2.15 ^ input13/X (sky130_fd_sc_hd__buf_1)
     2    0.01                           net13 (net)
                  0.15    0.00    2.15 ^ fanout62/A (sky130_fd_sc_hd__clkbuf_2)
                  0.13    0.19    2.34 ^ fanout62/X (sky130_fd_sc_hd__clkbuf_2)
     5    0.02                           net62 (net)
                  0.13    0.00    2.34 ^ fanout59/A (sky130_fd_sc_hd__buf_2)
                  0.13    0.19    2.53 ^ fanout59/X (sky130_fd_sc_hd__buf_2)
     7    0.02                           net59 (net)
                  0.13    0.00    2.53 ^ fanout58/A (sky130_fd_sc_hd__clkbuf_4)
                  0.12    0.21    2.74 ^ fanout58/X (sky130_fd_sc_hd__clkbuf_4)
    10    0.04                           net58 (net)
                  0.12    0.00    2.74 ^ _1110_/RESET_B (sky130_fd_sc_hd__dfrtp_1)
                                  2.74   data arrival time

                          0.00    0.00   clock clk (rise edge)
                          0.00    0.00   clock source latency
                  0.15    0.11    0.11 ^ clk (in)
     1    0.03                           clk (net)
                  0.15    0.00    0.11 ^ clkbuf_0_clk/A (sky130_fd_sc_hd__clkbuf_16)
                  0.09    0.21    0.32 ^ clkbuf_0_clk/X (sky130_fd_sc_hd__clkbuf_16)
    16    0.07                           clknet_0_clk (net)
                  0.09    0.00    0.32 ^ clkbuf_4_5_0_clk/A (sky130_fd_sc_hd__clkbuf_8)
                  0.06    0.16    0.49 ^ clkbuf_4_5_0_clk/X (sky130_fd_sc_hd__clkbuf_8)
     9    0.03                           clknet_4_5_0_clk (net)
                  0.06    0.00    0.49 ^ _1110_/CLK (sky130_fd_sc_hd__dfrtp_1)
                          0.25    0.74   clock uncertainty
                          0.00    0.74   clock reconvergence pessimism
                          0.35    1.08   library removal time
                                  1.08   data required time
-----------------------------------------------------------------------------
                                  1.08   data required time
                                 -2.74   data arrival time
-----------------------------------------------------------------------------
                                  1.66   slack (MET)


Startpoint: rst_n (input port clocked by clk)
Endpoint: _1165_ (removal check against rising-edge clock clk)
Path Group: asynchronous
Path Type: min

Fanout     Cap    Slew   Delay    Time   Description
-----------------------------------------------------------------------------
                          0.00    0.00   clock clk (rise edge)
                          0.00    0.00   clock network delay (propagated)
                          2.00    2.00 ^ input external delay
                  0.02    0.01    2.01 ^ rst_n (in)
     1    0.00                           rst_n (net)
                  0.02    0.00    2.01 ^ input13/A (sky130_fd_sc_hd__buf_1)
                  0.15    0.14    2.15 ^ input13/X (sky130_fd_sc_hd__buf_1)
     2    0.01                           net13 (net)
                  0.15    0.00    2.15 ^ fanout62/A (sky130_fd_sc_hd__clkbuf_2)
                  0.13    0.19    2.34 ^ fanout62/X (sky130_fd_sc_hd__clkbuf_2)
     5    0.02                           net62 (net)
                  0.13    0.00    2.34 ^ fanout59/A (sky130_fd_sc_hd__buf_2)
                  0.13    0.19    2.53 ^ fanout59/X (sky130_fd_sc_hd__buf_2)
     7    0.02                           net59 (net)
                  0.13    0.00    2.53 ^ fanout58/A (sky130_fd_sc_hd__clkbuf_4)
                  0.12    0.21    2.74 ^ fanout58/X (sky130_fd_sc_hd__clkbuf_4)
    10    0.04                           net58 (net)
                  0.12    0.00    2.74 ^ _1165_/RESET_B (sky130_fd_sc_hd__dfrtp_1)
                                  2.74   data arrival time

                          0.00    0.00   clock clk (rise edge)
                          0.00    0.00   clock source latency
                  0.15    0.11    0.11 ^ clk (in)
     1    0.03                           clk (net)
                  0.15    0.00    0.11 ^ clkbuf_0_clk/A (sky130_fd_sc_hd__clkbuf_16)
                  0.09    0.21    0.32 ^ clkbuf_0_clk/X (sky130_fd_sc_hd__clkbuf_16)
    16    0.07                           clknet_0_clk (net)
                  0.09    0.00    0.32 ^ clkbuf_4_5_0_clk/A (sky130_fd_sc_hd__clkbuf_8)
                  0.06    0.16    0.49 ^ clkbuf_4_5_0_clk/X (sky130_fd_sc_hd__clkbuf_8)
     9    0.03                           clknet_4_5_0_clk (net)
                  0.06    0.00    0.49 ^ _1165_/CLK (sky130_fd_sc_hd__dfrtp_1)
                          0.25    0.74   clock uncertainty
                          0.00    0.74   clock reconvergence pessimism
                          0.35    1.08   library removal time
                                  1.08   data required time
-----------------------------------------------------------------------------
                                  1.08   data required time
                                 -2.74   data arrival time
-----------------------------------------------------------------------------
                                  1.66   slack (MET)


Startpoint: rst_n (input port clocked by clk)
Endpoint: _1182_ (removal check against rising-edge clock clk)
Path Group: asynchronous
Path Type: min

Fanout     Cap    Slew   Delay    Time   Description
-----------------------------------------------------------------------------
                          0.00    0.00   clock clk (rise edge)
                          0.00    0.00   clock network delay (propagated)
                          2.00    2.00 ^ input external delay
                  0.02    0.01    2.01 ^ rst_n (in)
     1    0.00                           rst_n (net)
                  0.02    0.00    2.01 ^ input13/A (sky130_fd_sc_hd__buf_1)
                  0.15    0.14    2.15 ^ input13/X (sky130_fd_sc_hd__buf_1)
     2    0.01                           net13 (net)
                  0.15    0.00    2.15 ^ fanout62/A (sky130_fd_sc_hd__clkbuf_2)
                  0.13    0.19    2.34 ^ fanout62/X (sky130_fd_sc_hd__clkbuf_2)
     5    0.02                           net62 (net)
                  0.13    0.00    2.34 ^ fanout57/A (sky130_fd_sc_hd__buf_2)
                  0.10    0.17    2.51 ^ fanout57/X (sky130_fd_sc_hd__buf_2)
     6    0.02                           net57 (net)
                  0.10    0.00    2.51 ^ fanout56/A (sky130_fd_sc_hd__clkbuf_4)
                  0.15    0.22    2.73 ^ fanout56/X (sky130_fd_sc_hd__clkbuf_4)
    10    0.05                           net56 (net)
                  0.15    0.00    2.74 ^ _1182_/RESET_B (sky130_fd_sc_hd__dfrtp_1)
                                  2.74   data arrival time

                          0.00    0.00   clock clk (rise edge)
                          0.00    0.00   clock source latency
                  0.15    0.11    0.11 ^ clk (in)
     1    0.03                           clk (net)
                  0.15    0.00    0.11 ^ clkbuf_0_clk/A (sky130_fd_sc_hd__clkbuf_16)
                  0.09    0.21    0.32 ^ clkbuf_0_clk/X (sky130_fd_sc_hd__clkbuf_16)
    16    0.07                           clknet_0_clk (net)
                  0.09    0.00    0.32 ^ clkbuf_4_0_0_clk/A (sky130_fd_sc_hd__clkbuf_8)
                  0.05    0.15    0.47 ^ clkbuf_4_0_0_clk/X (sky130_fd_sc_hd__clkbuf_8)
     9    0.02                           clknet_4_0_0_clk (net)
                  0.05    0.00    0.47 ^ _1182_/CLK (sky130_fd_sc_hd__dfrtp_1)
                          0.25    0.72   clock uncertainty
                          0.00    0.72   clock reconvergence pessimism
                          0.35    1.07   library removal time
                                  1.07   data required time
-----------------------------------------------------------------------------
                                  1.07   data required time
                                 -2.74   data arrival time
-----------------------------------------------------------------------------
                                  1.66   slack (MET)


Startpoint: rst_n (input port clocked by clk)
Endpoint: _1103_ (removal check against rising-edge clock clk)
Path Group: asynchronous
Path Type: min

Fanout     Cap    Slew   Delay    Time   Description
-----------------------------------------------------------------------------
                          0.00    0.00   clock clk (rise edge)
                          0.00    0.00   clock network delay (propagated)
                          2.00    2.00 ^ input external delay
                  0.02    0.01    2.01 ^ rst_n (in)
     1    0.00                           rst_n (net)
                  0.02    0.00    2.01 ^ input13/A (sky130_fd_sc_hd__buf_1)
                  0.15    0.14    2.15 ^ input13/X (sky130_fd_sc_hd__buf_1)
     2    0.01                           net13 (net)
                  0.15    0.00    2.15 ^ fanout62/A (sky130_fd_sc_hd__clkbuf_2)
                  0.13    0.19    2.34 ^ fanout62/X (sky130_fd_sc_hd__clkbuf_2)
     5    0.02                           net62 (net)
                  0.13    0.00    2.34 ^ fanout59/A (sky130_fd_sc_hd__buf_2)
                  0.13    0.19    2.53 ^ fanout59/X (sky130_fd_sc_hd__buf_2)
     7    0.02                           net59 (net)
                  0.13    0.00    2.53 ^ fanout58/A (sky130_fd_sc_hd__clkbuf_4)
                  0.12    0.21    2.74 ^ fanout58/X (sky130_fd_sc_hd__clkbuf_4)
    10    0.04                           net58 (net)
                  0.12    0.00    2.74 ^ _1103_/RESET_B (sky130_fd_sc_hd__dfrtp_1)
                                  2.74   data arrival time

                          0.00    0.00   clock clk (rise edge)
                          0.00    0.00   clock source latency
                  0.15    0.11    0.11 ^ clk (in)
     1    0.03                           clk (net)
                  0.15    0.00    0.11 ^ clkbuf_0_clk/A (sky130_fd_sc_hd__clkbuf_16)
                  0.09    0.21    0.32 ^ clkbuf_0_clk/X (sky130_fd_sc_hd__clkbuf_16)
    16    0.07                           clknet_0_clk (net)
                  0.09    0.00    0.32 ^ clkbuf_4_4_0_clk/A (sky130_fd_sc_hd__clkbuf_8)
                  0.05    0.16    0.48 ^ clkbuf_4_4_0_clk/X (sky130_fd_sc_hd__clkbuf_8)
     7    0.02                           clknet_4_4_0_clk (net)
                  0.05    0.00    0.48 ^ _1103_/CLK (sky130_fd_sc_hd__dfrtp_1)
                          0.25    0.73   clock uncertainty
                          0.00    0.73   clock reconvergence pessimism
                          0.34    1.07   library removal time
                                  1.07   data required time
-----------------------------------------------------------------------------
                                  1.07   data required time
                                 -2.74   data arrival time
-----------------------------------------------------------------------------
                                  1.66   slack (MET)


Startpoint: rst_n (input port clocked by clk)
Endpoint: _1107_ (removal check against rising-edge clock clk)
Path Group: asynchronous
Path Type: min

Fanout     Cap    Slew   Delay    Time   Description
-----------------------------------------------------------------------------
                          0.00    0.00   clock clk (rise edge)
                          0.00    0.00   clock network delay (propagated)
                          2.00    2.00 ^ input external delay
                  0.02    0.01    2.01 ^ rst_n (in)
     1    0.00                           rst_n (net)
                  0.02    0.00    2.01 ^ input13/A (sky130_fd_sc_hd__buf_1)
                  0.15    0.14    2.15 ^ input13/X (sky130_fd_sc_hd__buf_1)
     2    0.01                           net13 (net)
                  0.15    0.00    2.15 ^ fanout62/A (sky130_fd_sc_hd__clkbuf_2)
                  0.13    0.19    2.34 ^ fanout62/X (sky130_fd_sc_hd__clkbuf_2)
     5    0.02                           net62 (net)
                  0.13    0.00    2.34 ^ fanout59/A (sky130_fd_sc_hd__buf_2)
                  0.13    0.19    2.53 ^ fanout59/X (sky130_fd_sc_hd__buf_2)
     7    0.02                           net59 (net)
                  0.13    0.00    2.53 ^ fanout58/A (sky130_fd_sc_hd__clkbuf_4)
                  0.12    0.21    2.74 ^ fanout58/X (sky130_fd_sc_hd__clkbuf_4)
    10    0.04                           net58 (net)
                  0.12    0.00    2.74 ^ _1107_/RESET_B (sky130_fd_sc_hd__dfrtp_1)
                                  2.74   data arrival time

                          0.00    0.00   clock clk (rise edge)
                          0.00    0.00   clock source latency
                  0.15    0.11    0.11 ^ clk (in)
     1    0.03                           clk (net)
                  0.15    0.00    0.11 ^ clkbuf_0_clk/A (sky130_fd_sc_hd__clkbuf_16)
                  0.09    0.21    0.32 ^ clkbuf_0_clk/X (sky130_fd_sc_hd__clkbuf_16)
    16    0.07                           clknet_0_clk (net)
                  0.09    0.00    0.32 ^ clkbuf_4_4_0_clk/A (sky130_fd_sc_hd__clkbuf_8)
                  0.05    0.16    0.48 ^ clkbuf_4_4_0_clk/X (sky130_fd_sc_hd__clkbuf_8)
     7    0.02                           clknet_4_4_0_clk (net)
                  0.05    0.00    0.48 ^ _1107_/CLK (sky130_fd_sc_hd__dfrtp_1)
                          0.25    0.73   clock uncertainty
                          0.00    0.73   clock reconvergence pessimism
                          0.34    1.07   library removal time
                                  1.07   data required time
-----------------------------------------------------------------------------
                                  1.07   data required time
                                 -2.74   data arrival time
-----------------------------------------------------------------------------
                                  1.66   slack (MET)


Startpoint: rst_n (input port clocked by clk)
Endpoint: _1166_ (removal check against rising-edge clock clk)
Path Group: asynchronous
Path Type: min

Fanout     Cap    Slew   Delay    Time   Description
-----------------------------------------------------------------------------
                          0.00    0.00   clock clk (rise edge)
                          0.00    0.00   clock network delay (propagated)
                          2.00    2.00 ^ input external delay
                  0.02    0.01    2.01 ^ rst_n (in)
     1    0.00                           rst_n (net)
                  0.02    0.00    2.01 ^ input13/A (sky130_fd_sc_hd__buf_1)
                  0.15    0.14    2.15 ^ input13/X (sky130_fd_sc_hd__buf_1)
     2    0.01                           net13 (net)
                  0.15    0.00    2.15 ^ fanout62/A (sky130_fd_sc_hd__clkbuf_2)
                  0.13    0.19    2.34 ^ fanout62/X (sky130_fd_sc_hd__clkbuf_2)
     5    0.02                           net62 (net)
                  0.13    0.00    2.34 ^ fanout59/A (sky130_fd_sc_hd__buf_2)
                  0.13    0.19    2.53 ^ fanout59/X (sky130_fd_sc_hd__buf_2)
     7    0.02                           net59 (net)
                  0.13    0.00    2.53 ^ fanout58/A (sky130_fd_sc_hd__clkbuf_4)
                  0.12    0.21    2.74 ^ fanout58/X (sky130_fd_sc_hd__clkbuf_4)
    10    0.04                           net58 (net)
                  0.12    0.00    2.74 ^ _1166_/RESET_B (sky130_fd_sc_hd__dfrtp_1)
                                  2.74   data arrival time

                          0.00    0.00   clock clk (rise edge)
                          0.00    0.00   clock source latency
                  0.15    0.11    0.11 ^ clk (in)
     1    0.03                           clk (net)
                  0.15    0.00    0.11 ^ clkbuf_0_clk/A (sky130_fd_sc_hd__clkbuf_16)
                  0.09    0.21    0.32 ^ clkbuf_0_clk/X (sky130_fd_sc_hd__clkbuf_16)
    16    0.07                           clknet_0_clk (net)
                  0.09    0.00    0.32 ^ clkbuf_4_4_0_clk/A (sky130_fd_sc_hd__clkbuf_8)
                  0.05    0.16    0.48 ^ clkbuf_4_4_0_clk/X (sky130_fd_sc_hd__clkbuf_8)
     7    0.02                           clknet_4_4_0_clk (net)
                  0.05    0.00    0.48 ^ _1166_/CLK (sky130_fd_sc_hd__dfrtp_1)
                          0.25    0.73   clock uncertainty
                          0.00    0.73   clock reconvergence pessimism
                          0.34    1.07   library removal time
                                  1.07   data required time
-----------------------------------------------------------------------------
                                  1.07   data required time
                                 -2.74   data arrival time
-----------------------------------------------------------------------------
                                  1.66   slack (MET)


Startpoint: rst_n (input port clocked by clk)
Endpoint: _1101_ (removal check against rising-edge clock clk)
Path Group: asynchronous
Path Type: min

Fanout     Cap    Slew   Delay    Time   Description
-----------------------------------------------------------------------------
                          0.00    0.00   clock clk (rise edge)
                          0.00    0.00   clock network delay (propagated)
                          2.00    2.00 ^ input external delay
                  0.02    0.01    2.01 ^ rst_n (in)
     1    0.00                           rst_n (net)
                  0.02    0.00    2.01 ^ input13/A (sky130_fd_sc_hd__buf_1)
                  0.15    0.14    2.15 ^ input13/X (sky130_fd_sc_hd__buf_1)
     2    0.01                           net13 (net)
                  0.15    0.00    2.15 ^ fanout62/A (sky130_fd_sc_hd__clkbuf_2)
                  0.13    0.19    2.34 ^ fanout62/X (sky130_fd_sc_hd__clkbuf_2)
     5    0.02                           net62 (net)
                  0.13    0.00    2.34 ^ fanout59/A (sky130_fd_sc_hd__buf_2)
                  0.13    0.19    2.53 ^ fanout59/X (sky130_fd_sc_hd__buf_2)
     7    0.02                           net59 (net)
                  0.13    0.00    2.53 ^ fanout58/A (sky130_fd_sc_hd__clkbuf_4)
                  0.12    0.21    2.74 ^ fanout58/X (sky130_fd_sc_hd__clkbuf_4)
    10    0.04                           net58 (net)
                  0.12    0.00    2.74 ^ _1101_/RESET_B (sky130_fd_sc_hd__dfrtp_1)
                                  2.74   data arrival time

                          0.00    0.00   clock clk (rise edge)
                          0.00    0.00   clock source latency
                  0.15    0.11    0.11 ^ clk (in)
     1    0.03                           clk (net)
                  0.15    0.00    0.11 ^ clkbuf_0_clk/A (sky130_fd_sc_hd__clkbuf_16)
                  0.09    0.21    0.32 ^ clkbuf_0_clk/X (sky130_fd_sc_hd__clkbuf_16)
    16    0.07                           clknet_0_clk (net)
                  0.09    0.00    0.32 ^ clkbuf_4_4_0_clk/A (sky130_fd_sc_hd__clkbuf_8)
                  0.05    0.16    0.48 ^ clkbuf_4_4_0_clk/X (sky130_fd_sc_hd__clkbuf_8)
     7    0.02                           clknet_4_4_0_clk (net)
                  0.05    0.00    0.48 ^ _1101_/CLK (sky130_fd_sc_hd__dfrtp_1)
                          0.25    0.73   clock uncertainty
                          0.00    0.73   clock reconvergence pessimism
                          0.34    1.07   library removal time
                                  1.07   data required time
-----------------------------------------------------------------------------
                                  1.07   data required time
                                 -2.74   data arrival time
-----------------------------------------------------------------------------
                                  1.66   slack (MET)


Startpoint: rst_n (input port clocked by clk)
Endpoint: _1105_ (removal check against rising-edge clock clk)
Path Group: asynchronous
Path Type: min

Fanout     Cap    Slew   Delay    Time   Description
-----------------------------------------------------------------------------
                          0.00    0.00   clock clk (rise edge)
                          0.00    0.00   clock network delay (propagated)
                          2.00    2.00 ^ input external delay
                  0.02    0.01    2.01 ^ rst_n (in)
     1    0.00                           rst_n (net)
                  0.02    0.00    2.01 ^ input13/A (sky130_fd_sc_hd__buf_1)
                  0.15    0.14    2.15 ^ input13/X (sky130_fd_sc_hd__buf_1)
     2    0.01                           net13 (net)
                  0.15    0.00    2.15 ^ fanout62/A (sky130_fd_sc_hd__clkbuf_2)
                  0.13    0.19    2.34 ^ fanout62/X (sky130_fd_sc_hd__clkbuf_2)
     5    0.02                           net62 (net)
                  0.13    0.00    2.34 ^ fanout59/A (sky130_fd_sc_hd__buf_2)
                  0.13    0.19    2.53 ^ fanout59/X (sky130_fd_sc_hd__buf_2)
     7    0.02                           net59 (net)
                  0.13    0.00    2.53 ^ fanout58/A (sky130_fd_sc_hd__clkbuf_4)
                  0.12    0.21    2.74 ^ fanout58/X (sky130_fd_sc_hd__clkbuf_4)
    10    0.04                           net58 (net)
                  0.12    0.00    2.74 ^ _1105_/RESET_B (sky130_fd_sc_hd__dfrtp_1)
                                  2.74   data arrival time

                          0.00    0.00   clock clk (rise edge)
                          0.00    0.00   clock source latency
                  0.15    0.11    0.11 ^ clk (in)
     1    0.03                           clk (net)
                  0.15    0.00    0.11 ^ clkbuf_0_clk/A (sky130_fd_sc_hd__clkbuf_16)
                  0.09    0.21    0.32 ^ clkbuf_0_clk/X (sky130_fd_sc_hd__clkbuf_16)
    16    0.07                           clknet_0_clk (net)
                  0.09    0.00    0.32 ^ clkbuf_4_4_0_clk/A (sky130_fd_sc_hd__clkbuf_8)
                  0.05    0.16    0.48 ^ clkbuf_4_4_0_clk/X (sky130_fd_sc_hd__clkbuf_8)
     7    0.02                           clknet_4_4_0_clk (net)
                  0.05    0.00    0.48 ^ _1105_/CLK (sky130_fd_sc_hd__dfrtp_1)
                          0.25    0.73   clock uncertainty
                          0.00    0.73   clock reconvergence pessimism
                          0.34    1.07   library removal time
                                  1.07   data required time
-----------------------------------------------------------------------------
                                  1.07   data required time
                                 -2.74   data arrival time
-----------------------------------------------------------------------------
                                  1.66   slack (MET)


Startpoint: rst_n (input port clocked by clk)
Endpoint: _1102_ (removal check against rising-edge clock clk)
Path Group: asynchronous
Path Type: min

Fanout     Cap    Slew   Delay    Time   Description
-----------------------------------------------------------------------------
                          0.00    0.00   clock clk (rise edge)
                          0.00    0.00   clock network delay (propagated)
                          2.00    2.00 ^ input external delay
                  0.02    0.01    2.01 ^ rst_n (in)
     1    0.00                           rst_n (net)
                  0.02    0.00    2.01 ^ input13/A (sky130_fd_sc_hd__buf_1)
                  0.15    0.14    2.15 ^ input13/X (sky130_fd_sc_hd__buf_1)
     2    0.01                           net13 (net)
                  0.15    0.00    2.15 ^ fanout62/A (sky130_fd_sc_hd__clkbuf_2)
                  0.13    0.19    2.34 ^ fanout62/X (sky130_fd_sc_hd__clkbuf_2)
     5    0.02                           net62 (net)
                  0.13    0.00    2.34 ^ fanout59/A (sky130_fd_sc_hd__buf_2)
                  0.13    0.19    2.53 ^ fanout59/X (sky130_fd_sc_hd__buf_2)
     7    0.02                           net59 (net)
                  0.13    0.00    2.53 ^ fanout58/A (sky130_fd_sc_hd__clkbuf_4)
                  0.12    0.21    2.74 ^ fanout58/X (sky130_fd_sc_hd__clkbuf_4)
    10    0.04                           net58 (net)
                  0.12    0.00    2.74 ^ _1102_/RESET_B (sky130_fd_sc_hd__dfrtp_1)
                                  2.74   data arrival time

                          0.00    0.00   clock clk (rise edge)
                          0.00    0.00   clock source latency
                  0.15    0.11    0.11 ^ clk (in)
     1    0.03                           clk (net)
                  0.15    0.00    0.11 ^ clkbuf_0_clk/A (sky130_fd_sc_hd__clkbuf_16)
                  0.09    0.21    0.32 ^ clkbuf_0_clk/X (sky130_fd_sc_hd__clkbuf_16)
    16    0.07                           clknet_0_clk (net)
                  0.09    0.00    0.32 ^ clkbuf_4_4_0_clk/A (sky130_fd_sc_hd__clkbuf_8)
                  0.05    0.16    0.48 ^ clkbuf_4_4_0_clk/X (sky130_fd_sc_hd__clkbuf_8)
     7    0.02                           clknet_4_4_0_clk (net)
                  0.05    0.00    0.48 ^ _1102_/CLK (sky130_fd_sc_hd__dfrtp_1)
                          0.25    0.73   clock uncertainty
                          0.00    0.73   clock reconvergence pessimism
                          0.34    1.07   library removal time
                                  1.07   data required time
-----------------------------------------------------------------------------
                                  1.07   data required time
                                 -2.74   data arrival time
-----------------------------------------------------------------------------
                                  1.66   slack (MET)


Startpoint: rst_n (input port clocked by clk)
Endpoint: _1117_ (removal check against rising-edge clock clk)
Path Group: asynchronous
Path Type: min

Fanout     Cap    Slew   Delay    Time   Description
-----------------------------------------------------------------------------
                          0.00    0.00   clock clk (rise edge)
                          0.00    0.00   clock network delay (propagated)
                          2.00    2.00 ^ input external delay
                  0.02    0.01    2.01 ^ rst_n (in)
     1    0.00                           rst_n (net)
                  0.02    0.00    2.01 ^ input13/A (sky130_fd_sc_hd__buf_1)
                  0.15    0.14    2.15 ^ input13/X (sky130_fd_sc_hd__buf_1)
     2    0.01                           net13 (net)
                  0.15    0.00    2.15 ^ fanout71/A (sky130_fd_sc_hd__buf_2)
                  0.14    0.20    2.35 ^ fanout71/X (sky130_fd_sc_hd__buf_2)
     5    0.03                           net71 (net)
                  0.14    0.00    2.35 ^ fanout67/A (sky130_fd_sc_hd__buf_2)
                  0.10    0.17    2.53 ^ fanout67/X (sky130_fd_sc_hd__buf_2)
     7    0.02                           net67 (net)
                  0.10    0.00    2.53 ^ fanout65/A (sky130_fd_sc_hd__clkbuf_4)
                  0.15    0.22    2.75 ^ fanout65/X (sky130_fd_sc_hd__clkbuf_4)
    10    0.05                           net65 (net)
                  0.15    0.00    2.75 ^ _1117_/RESET_B (sky130_fd_sc_hd__dfrtp_1)
                                  2.75   data arrival time

                          0.00    0.00   clock clk (rise edge)
                          0.00    0.00   clock source latency
                  0.15    0.11    0.11 ^ clk (in)
     1    0.03                           clk (net)
                  0.15    0.00    0.11 ^ clkbuf_0_clk/A (sky130_fd_sc_hd__clkbuf_16)
                  0.09    0.21    0.32 ^ clkbuf_0_clk/X (sky130_fd_sc_hd__clkbuf_16)
    16    0.07                           clknet_0_clk (net)
                  0.09    0.00    0.32 ^ clkbuf_4_10_0_clk/A (sky130_fd_sc_hd__clkbuf_8)
                  0.06    0.16    0.48 ^ clkbuf_4_10_0_clk/X (sky130_fd_sc_hd__clkbuf_8)
    12    0.02                           clknet_4_10_0_clk (net)
                  0.06    0.00    0.48 ^ _1117_/CLK (sky130_fd_sc_hd__dfrtp_1)
                          0.25    0.73   clock uncertainty
                          0.00    0.73   clock reconvergence pessimism
                          0.35    1.08   library removal time
                                  1.08   data required time
-----------------------------------------------------------------------------
                                  1.08   data required time
                                 -2.75   data arrival time
-----------------------------------------------------------------------------
                                  1.66   slack (MET)


Startpoint: rst_n (input port clocked by clk)
Endpoint: _1118_ (removal check against rising-edge clock clk)
Path Group: asynchronous
Path Type: min

Fanout     Cap    Slew   Delay    Time   Description
-----------------------------------------------------------------------------
                          0.00    0.00   clock clk (rise edge)
                          0.00    0.00   clock network delay (propagated)
                          2.00    2.00 ^ input external delay
                  0.02    0.01    2.01 ^ rst_n (in)
     1    0.00                           rst_n (net)
                  0.02    0.00    2.01 ^ input13/A (sky130_fd_sc_hd__buf_1)
                  0.15    0.14    2.15 ^ input13/X (sky130_fd_sc_hd__buf_1)
     2    0.01                           net13 (net)
                  0.15    0.00    2.15 ^ fanout71/A (sky130_fd_sc_hd__buf_2)
                  0.14    0.20    2.35 ^ fanout71/X (sky130_fd_sc_hd__buf_2)
     5    0.03                           net71 (net)
                  0.14    0.00    2.35 ^ fanout67/A (sky130_fd_sc_hd__buf_2)
                  0.10    0.17    2.53 ^ fanout67/X (sky130_fd_sc_hd__buf_2)
     7    0.02                           net67 (net)
                  0.10    0.00    2.53 ^ fanout65/A (sky130_fd_sc_hd__clkbuf_4)
                  0.15    0.22    2.75 ^ fanout65/X (sky130_fd_sc_hd__clkbuf_4)
    10    0.05                           net65 (net)
                  0.15    0.00    2.75 ^ _1118_/RESET_B (sky130_fd_sc_hd__dfrtp_1)
                                  2.75   data arrival time

                          0.00    0.00   clock clk (rise edge)
                          0.00    0.00   clock source latency
                  0.15    0.11    0.11 ^ clk (in)
     1    0.03                           clk (net)
                  0.15    0.00    0.11 ^ clkbuf_0_clk/A (sky130_fd_sc_hd__clkbuf_16)
                  0.09    0.21    0.32 ^ clkbuf_0_clk/X (sky130_fd_sc_hd__clkbuf_16)
    16    0.07                           clknet_0_clk (net)
                  0.09    0.00    0.32 ^ clkbuf_4_10_0_clk/A (sky130_fd_sc_hd__clkbuf_8)
                  0.06    0.16    0.48 ^ clkbuf_4_10_0_clk/X (sky130_fd_sc_hd__clkbuf_8)
    12    0.02                           clknet_4_10_0_clk (net)
                  0.06    0.00    0.48 ^ _1118_/CLK (sky130_fd_sc_hd__dfrtp_1)
                          0.25    0.73   clock uncertainty
                          0.00    0.73   clock reconvergence pessimism
                          0.35    1.08   library removal time
                                  1.08   data required time
-----------------------------------------------------------------------------
                                  1.08   data required time
                                 -2.75   data arrival time
-----------------------------------------------------------------------------
                                  1.66   slack (MET)


Startpoint: rst_n (input port clocked by clk)
Endpoint: _1119_ (removal check against rising-edge clock clk)
Path Group: asynchronous
Path Type: min

Fanout     Cap    Slew   Delay    Time   Description
-----------------------------------------------------------------------------
                          0.00    0.00   clock clk (rise edge)
                          0.00    0.00   clock network delay (propagated)
                          2.00    2.00 ^ input external delay
                  0.02    0.01    2.01 ^ rst_n (in)
     1    0.00                           rst_n (net)
                  0.02    0.00    2.01 ^ input13/A (sky130_fd_sc_hd__buf_1)
                  0.15    0.14    2.15 ^ input13/X (sky130_fd_sc_hd__buf_1)
     2    0.01                           net13 (net)
                  0.15    0.00    2.15 ^ fanout71/A (sky130_fd_sc_hd__buf_2)
                  0.14    0.20    2.35 ^ fanout71/X (sky130_fd_sc_hd__buf_2)
     5    0.03                           net71 (net)
                  0.14    0.00    2.35 ^ fanout67/A (sky130_fd_sc_hd__buf_2)
                  0.10    0.17    2.53 ^ fanout67/X (sky130_fd_sc_hd__buf_2)
     7    0.02                           net67 (net)
                  0.10    0.00    2.53 ^ fanout66/A (sky130_fd_sc_hd__clkbuf_4)
                  0.15    0.22    2.75 ^ fanout66/X (sky130_fd_sc_hd__clkbuf_4)
    10    0.05                           net66 (net)
                  0.15    0.00    2.75 ^ _1119_/RESET_B (sky130_fd_sc_hd__dfrtp_1)
                                  2.75   data arrival time

                          0.00    0.00   clock clk (rise edge)
                          0.00    0.00   clock source latency
                  0.15    0.11    0.11 ^ clk (in)
     1    0.03                           clk (net)
                  0.15    0.00    0.11 ^ clkbuf_0_clk/A (sky130_fd_sc_hd__clkbuf_16)
                  0.09    0.21    0.32 ^ clkbuf_0_clk/X (sky130_fd_sc_hd__clkbuf_16)
    16    0.07                           clknet_0_clk (net)
                  0.09    0.00    0.32 ^ clkbuf_4_10_0_clk/A (sky130_fd_sc_hd__clkbuf_8)
                  0.06    0.16    0.48 ^ clkbuf_4_10_0_clk/X (sky130_fd_sc_hd__clkbuf_8)
    12    0.02                           clknet_4_10_0_clk (net)
                  0.06    0.00    0.48 ^ _1119_/CLK (sky130_fd_sc_hd__dfrtp_1)
                          0.25    0.73   clock uncertainty
                          0.00    0.73   clock reconvergence pessimism
                          0.35    1.08   library removal time
                                  1.08   data required time
-----------------------------------------------------------------------------
                                  1.08   data required time
                                 -2.75   data arrival time
-----------------------------------------------------------------------------
                                  1.66   slack (MET)


Startpoint: rst_n (input port clocked by clk)
Endpoint: _1123_ (removal check against rising-edge clock clk)
Path Group: asynchronous
Path Type: min

Fanout     Cap    Slew   Delay    Time   Description
-----------------------------------------------------------------------------
                          0.00    0.00   clock clk (rise edge)
                          0.00    0.00   clock network delay (propagated)
                          2.00    2.00 ^ input external delay
                  0.02    0.01    2.01 ^ rst_n (in)
     1    0.00                           rst_n (net)
                  0.02    0.00    2.01 ^ input13/A (sky130_fd_sc_hd__buf_1)
                  0.15    0.14    2.15 ^ input13/X (sky130_fd_sc_hd__buf_1)
     2    0.01                           net13 (net)
                  0.15    0.00    2.15 ^ fanout71/A (sky130_fd_sc_hd__buf_2)
                  0.14    0.20    2.35 ^ fanout71/X (sky130_fd_sc_hd__buf_2)
     5    0.03                           net71 (net)
                  0.14    0.00    2.35 ^ fanout67/A (sky130_fd_sc_hd__buf_2)
                  0.10    0.17    2.53 ^ fanout67/X (sky130_fd_sc_hd__buf_2)
     7    0.02                           net67 (net)
                  0.10    0.00    2.53 ^ fanout66/A (sky130_fd_sc_hd__clkbuf_4)
                  0.15    0.22    2.75 ^ fanout66/X (sky130_fd_sc_hd__clkbuf_4)
    10    0.05                           net66 (net)
                  0.15    0.00    2.75 ^ _1123_/RESET_B (sky130_fd_sc_hd__dfrtp_1)
                                  2.75   data arrival time

                          0.00    0.00   clock clk (rise edge)
                          0.00    0.00   clock source latency
                  0.15    0.11    0.11 ^ clk (in)
     1    0.03                           clk (net)
                  0.15    0.00    0.11 ^ clkbuf_0_clk/A (sky130_fd_sc_hd__clkbuf_16)
                  0.09    0.21    0.32 ^ clkbuf_0_clk/X (sky130_fd_sc_hd__clkbuf_16)
    16    0.07                           clknet_0_clk (net)
                  0.09    0.00    0.32 ^ clkbuf_4_10_0_clk/A (sky130_fd_sc_hd__clkbuf_8)
                  0.06    0.16    0.48 ^ clkbuf_4_10_0_clk/X (sky130_fd_sc_hd__clkbuf_8)
    12    0.02                           clknet_4_10_0_clk (net)
                  0.06    0.00    0.48 ^ _1123_/CLK (sky130_fd_sc_hd__dfrtp_1)
                          0.25    0.73   clock uncertainty
                          0.00    0.73   clock reconvergence pessimism
                          0.35    1.08   library removal time
                                  1.08   data required time
-----------------------------------------------------------------------------
                                  1.08   data required time
                                 -2.75   data arrival time
-----------------------------------------------------------------------------
                                  1.66   slack (MET)


Startpoint: rst_n (input port clocked by clk)
Endpoint: _1124_ (removal check against rising-edge clock clk)
Path Group: asynchronous
Path Type: min

Fanout     Cap    Slew   Delay    Time   Description
-----------------------------------------------------------------------------
                          0.00    0.00   clock clk (rise edge)
                          0.00    0.00   clock network delay (propagated)
                          2.00    2.00 ^ input external delay
                  0.02    0.01    2.01 ^ rst_n (in)
     1    0.00                           rst_n (net)
                  0.02    0.00    2.01 ^ input13/A (sky130_fd_sc_hd__buf_1)
                  0.15    0.14    2.15 ^ input13/X (sky130_fd_sc_hd__buf_1)
     2    0.01                           net13 (net)
                  0.15    0.00    2.15 ^ fanout71/A (sky130_fd_sc_hd__buf_2)
                  0.14    0.20    2.35 ^ fanout71/X (sky130_fd_sc_hd__buf_2)
     5    0.03                           net71 (net)
                  0.14    0.00    2.35 ^ fanout67/A (sky130_fd_sc_hd__buf_2)
                  0.10    0.17    2.53 ^ fanout67/X (sky130_fd_sc_hd__buf_2)
     7    0.02                           net67 (net)
                  0.10    0.00    2.53 ^ fanout66/A (sky130_fd_sc_hd__clkbuf_4)
                  0.15    0.22    2.75 ^ fanout66/X (sky130_fd_sc_hd__clkbuf_4)
    10    0.05                           net66 (net)
                  0.15    0.00    2.75 ^ _1124_/RESET_B (sky130_fd_sc_hd__dfrtp_1)
                                  2.75   data arrival time

                          0.00    0.00   clock clk (rise edge)
                          0.00    0.00   clock source latency
                  0.15    0.11    0.11 ^ clk (in)
     1    0.03                           clk (net)
                  0.15    0.00    0.11 ^ clkbuf_0_clk/A (sky130_fd_sc_hd__clkbuf_16)
                  0.09    0.21    0.32 ^ clkbuf_0_clk/X (sky130_fd_sc_hd__clkbuf_16)
    16    0.07                           clknet_0_clk (net)
                  0.09    0.00    0.32 ^ clkbuf_4_10_0_clk/A (sky130_fd_sc_hd__clkbuf_8)
                  0.06    0.16    0.48 ^ clkbuf_4_10_0_clk/X (sky130_fd_sc_hd__clkbuf_8)
    12    0.02                           clknet_4_10_0_clk (net)
                  0.06    0.00    0.48 ^ _1124_/CLK (sky130_fd_sc_hd__dfrtp_1)
                          0.25    0.73   clock uncertainty
                          0.00    0.73   clock reconvergence pessimism
                          0.35    1.08   library removal time
                                  1.08   data required time
-----------------------------------------------------------------------------
                                  1.08   data required time
                                 -2.75   data arrival time
-----------------------------------------------------------------------------
                                  1.66   slack (MET)


Startpoint: rst_n (input port clocked by clk)
Endpoint: _1120_ (removal check against rising-edge clock clk)
Path Group: asynchronous
Path Type: min

Fanout     Cap    Slew   Delay    Time   Description
-----------------------------------------------------------------------------
                          0.00    0.00   clock clk (rise edge)
                          0.00    0.00   clock network delay (propagated)
                          2.00    2.00 ^ input external delay
                  0.02    0.01    2.01 ^ rst_n (in)
     1    0.00                           rst_n (net)
                  0.02    0.00    2.01 ^ input13/A (sky130_fd_sc_hd__buf_1)
                  0.15    0.14    2.15 ^ input13/X (sky130_fd_sc_hd__buf_1)
     2    0.01                           net13 (net)
                  0.15    0.00    2.15 ^ fanout71/A (sky130_fd_sc_hd__buf_2)
                  0.14    0.20    2.35 ^ fanout71/X (sky130_fd_sc_hd__buf_2)
     5    0.03                           net71 (net)
                  0.14    0.00    2.35 ^ fanout67/A (sky130_fd_sc_hd__buf_2)
                  0.10    0.17    2.53 ^ fanout67/X (sky130_fd_sc_hd__buf_2)
     7    0.02                           net67 (net)
                  0.10    0.00    2.53 ^ fanout66/A (sky130_fd_sc_hd__clkbuf_4)
                  0.15    0.22    2.75 ^ fanout66/X (sky130_fd_sc_hd__clkbuf_4)
    10    0.05                           net66 (net)
                  0.15    0.00    2.75 ^ _1120_/RESET_B (sky130_fd_sc_hd__dfrtp_1)
                                  2.75   data arrival time

                          0.00    0.00   clock clk (rise edge)
                          0.00    0.00   clock source latency
                  0.15    0.11    0.11 ^ clk (in)
     1    0.03                           clk (net)
                  0.15    0.00    0.11 ^ clkbuf_0_clk/A (sky130_fd_sc_hd__clkbuf_16)
                  0.09    0.21    0.32 ^ clkbuf_0_clk/X (sky130_fd_sc_hd__clkbuf_16)
    16    0.07                           clknet_0_clk (net)
                  0.09    0.00    0.32 ^ clkbuf_4_10_0_clk/A (sky130_fd_sc_hd__clkbuf_8)
                  0.06    0.16    0.48 ^ clkbuf_4_10_0_clk/X (sky130_fd_sc_hd__clkbuf_8)
    12    0.02                           clknet_4_10_0_clk (net)
                  0.06    0.00    0.48 ^ _1120_/CLK (sky130_fd_sc_hd__dfrtp_1)
                          0.25    0.73   clock uncertainty
                          0.00    0.73   clock reconvergence pessimism
                          0.35    1.08   library removal time
                                  1.08   data required time
-----------------------------------------------------------------------------
                                  1.08   data required time
                                 -2.75   data arrival time
-----------------------------------------------------------------------------
                                  1.66   slack (MET)


Startpoint: rst_n (input port clocked by clk)
Endpoint: _1121_ (removal check against rising-edge clock clk)
Path Group: asynchronous
Path Type: min

Fanout     Cap    Slew   Delay    Time   Description
-----------------------------------------------------------------------------
                          0.00    0.00   clock clk (rise edge)
                          0.00    0.00   clock network delay (propagated)
                          2.00    2.00 ^ input external delay
                  0.02    0.01    2.01 ^ rst_n (in)
     1    0.00                           rst_n (net)
                  0.02    0.00    2.01 ^ input13/A (sky130_fd_sc_hd__buf_1)
                  0.15    0.14    2.15 ^ input13/X (sky130_fd_sc_hd__buf_1)
     2    0.01                           net13 (net)
                  0.15    0.00    2.15 ^ fanout71/A (sky130_fd_sc_hd__buf_2)
                  0.14    0.20    2.35 ^ fanout71/X (sky130_fd_sc_hd__buf_2)
     5    0.03                           net71 (net)
                  0.14    0.00    2.35 ^ fanout67/A (sky130_fd_sc_hd__buf_2)
                  0.10    0.17    2.53 ^ fanout67/X (sky130_fd_sc_hd__buf_2)
     7    0.02                           net67 (net)
                  0.10    0.00    2.53 ^ fanout66/A (sky130_fd_sc_hd__clkbuf_4)
                  0.15    0.22    2.75 ^ fanout66/X (sky130_fd_sc_hd__clkbuf_4)
    10    0.05                           net66 (net)
                  0.15    0.00    2.75 ^ _1121_/RESET_B (sky130_fd_sc_hd__dfrtp_1)
                                  2.75   data arrival time

                          0.00    0.00   clock clk (rise edge)
                          0.00    0.00   clock source latency
                  0.15    0.11    0.11 ^ clk (in)
     1    0.03                           clk (net)
                  0.15    0.00    0.11 ^ clkbuf_0_clk/A (sky130_fd_sc_hd__clkbuf_16)
                  0.09    0.21    0.32 ^ clkbuf_0_clk/X (sky130_fd_sc_hd__clkbuf_16)
    16    0.07                           clknet_0_clk (net)
                  0.09    0.00    0.32 ^ clkbuf_4_10_0_clk/A (sky130_fd_sc_hd__clkbuf_8)
                  0.06    0.16    0.48 ^ clkbuf_4_10_0_clk/X (sky130_fd_sc_hd__clkbuf_8)
    12    0.02                           clknet_4_10_0_clk (net)
                  0.06    0.00    0.48 ^ _1121_/CLK (sky130_fd_sc_hd__dfrtp_1)
                          0.25    0.73   clock uncertainty
                          0.00    0.73   clock reconvergence pessimism
                          0.35    1.08   library removal time
                                  1.08   data required time
-----------------------------------------------------------------------------
                                  1.08   data required time
                                 -2.75   data arrival time
-----------------------------------------------------------------------------
                                  1.66   slack (MET)


Startpoint: rst_n (input port clocked by clk)
Endpoint: _1122_ (removal check against rising-edge clock clk)
Path Group: asynchronous
Path Type: min

Fanout     Cap    Slew   Delay    Time   Description
-----------------------------------------------------------------------------
                          0.00    0.00   clock clk (rise edge)
                          0.00    0.00   clock network delay (propagated)
                          2.00    2.00 ^ input external delay
                  0.02    0.01    2.01 ^ rst_n (in)
     1    0.00                           rst_n (net)
                  0.02    0.00    2.01 ^ input13/A (sky130_fd_sc_hd__buf_1)
                  0.15    0.14    2.15 ^ input13/X (sky130_fd_sc_hd__buf_1)
     2    0.01                           net13 (net)
                  0.15    0.00    2.15 ^ fanout71/A (sky130_fd_sc_hd__buf_2)
                  0.14    0.20    2.35 ^ fanout71/X (sky130_fd_sc_hd__buf_2)
     5    0.03                           net71 (net)
                  0.14    0.00    2.35 ^ fanout67/A (sky130_fd_sc_hd__buf_2)
                  0.10    0.17    2.53 ^ fanout67/X (sky130_fd_sc_hd__buf_2)
     7    0.02                           net67 (net)
                  0.10    0.00    2.53 ^ fanout66/A (sky130_fd_sc_hd__clkbuf_4)
                  0.15    0.22    2.75 ^ fanout66/X (sky130_fd_sc_hd__clkbuf_4)
    10    0.05                           net66 (net)
                  0.15    0.00    2.75 ^ _1122_/RESET_B (sky130_fd_sc_hd__dfrtp_1)
                                  2.75   data arrival time

                          0.00    0.00   clock clk (rise edge)
                          0.00    0.00   clock source latency
                  0.15    0.11    0.11 ^ clk (in)
     1    0.03                           clk (net)
                  0.15    0.00    0.11 ^ clkbuf_0_clk/A (sky130_fd_sc_hd__clkbuf_16)
                  0.09    0.21    0.32 ^ clkbuf_0_clk/X (sky130_fd_sc_hd__clkbuf_16)
    16    0.07                           clknet_0_clk (net)
                  0.09    0.00    0.32 ^ clkbuf_4_10_0_clk/A (sky130_fd_sc_hd__clkbuf_8)
                  0.06    0.16    0.48 ^ clkbuf_4_10_0_clk/X (sky130_fd_sc_hd__clkbuf_8)
    12    0.02                           clknet_4_10_0_clk (net)
                  0.06    0.00    0.48 ^ _1122_/CLK (sky130_fd_sc_hd__dfrtp_1)
                          0.25    0.73   clock uncertainty
                          0.00    0.73   clock reconvergence pessimism
                          0.35    1.08   library removal time
                                  1.08   data required time
-----------------------------------------------------------------------------
                                  1.08   data required time
                                 -2.75   data arrival time
-----------------------------------------------------------------------------
                                  1.66   slack (MET)


Startpoint: rst_n (input port clocked by clk)
Endpoint: _1114_ (removal check against rising-edge clock clk)
Path Group: asynchronous
Path Type: min

Fanout     Cap    Slew   Delay    Time   Description
-----------------------------------------------------------------------------
                          0.00    0.00   clock clk (rise edge)
                          0.00    0.00   clock network delay (propagated)
                          2.00    2.00 ^ input external delay
                  0.02    0.01    2.01 ^ rst_n (in)
     1    0.00                           rst_n (net)
                  0.02    0.00    2.01 ^ input13/A (sky130_fd_sc_hd__buf_1)
                  0.15    0.14    2.15 ^ input13/X (sky130_fd_sc_hd__buf_1)
     2    0.01                           net13 (net)
                  0.15    0.00    2.15 ^ fanout71/A (sky130_fd_sc_hd__buf_2)
                  0.14    0.20    2.35 ^ fanout71/X (sky130_fd_sc_hd__buf_2)
     5    0.03                           net71 (net)
                  0.14    0.00    2.35 ^ fanout67/A (sky130_fd_sc_hd__buf_2)
                  0.10    0.17    2.53 ^ fanout67/X (sky130_fd_sc_hd__buf_2)
     7    0.02                           net67 (net)
                  0.10    0.00    2.53 ^ fanout66/A (sky130_fd_sc_hd__clkbuf_4)
                  0.15    0.22    2.75 ^ fanout66/X (sky130_fd_sc_hd__clkbuf_4)
    10    0.05                           net66 (net)
                  0.15    0.00    2.75 ^ _1114_/RESET_B (sky130_fd_sc_hd__dfrtp_1)
                                  2.75   data arrival time

                          0.00    0.00   clock clk (rise edge)
                          0.00    0.00   clock source latency
                  0.15    0.11    0.11 ^ clk (in)
     1    0.03                           clk (net)
                  0.15    0.00    0.11 ^ clkbuf_0_clk/A (sky130_fd_sc_hd__clkbuf_16)
                  0.09    0.21    0.32 ^ clkbuf_0_clk/X (sky130_fd_sc_hd__clkbuf_16)
    16    0.07                           clknet_0_clk (net)
                  0.09    0.00    0.32 ^ clkbuf_4_10_0_clk/A (sky130_fd_sc_hd__clkbuf_8)
                  0.06    0.16    0.48 ^ clkbuf_4_10_0_clk/X (sky130_fd_sc_hd__clkbuf_8)
    12    0.02                           clknet_4_10_0_clk (net)
                  0.06    0.00    0.48 ^ _1114_/CLK (sky130_fd_sc_hd__dfrtp_1)
                          0.25    0.73   clock uncertainty
                          0.00    0.73   clock reconvergence pessimism
                          0.35    1.08   library removal time
                                  1.08   data required time
-----------------------------------------------------------------------------
                                  1.08   data required time
                                 -2.75   data arrival time
-----------------------------------------------------------------------------
                                  1.67   slack (MET)


Startpoint: rst_n (input port clocked by clk)
Endpoint: _1115_ (removal check against rising-edge clock clk)
Path Group: asynchronous
Path Type: min

Fanout     Cap    Slew   Delay    Time   Description
-----------------------------------------------------------------------------
                          0.00    0.00   clock clk (rise edge)
                          0.00    0.00   clock network delay (propagated)
                          2.00    2.00 ^ input external delay
                  0.02    0.01    2.01 ^ rst_n (in)
     1    0.00                           rst_n (net)
                  0.02    0.00    2.01 ^ input13/A (sky130_fd_sc_hd__buf_1)
                  0.15    0.14    2.15 ^ input13/X (sky130_fd_sc_hd__buf_1)
     2    0.01                           net13 (net)
                  0.15    0.00    2.15 ^ fanout71/A (sky130_fd_sc_hd__buf_2)
                  0.14    0.20    2.35 ^ fanout71/X (sky130_fd_sc_hd__buf_2)
     5    0.03                           net71 (net)
                  0.14    0.00    2.35 ^ fanout67/A (sky130_fd_sc_hd__buf_2)
                  0.10    0.17    2.53 ^ fanout67/X (sky130_fd_sc_hd__buf_2)
     7    0.02                           net67 (net)
                  0.10    0.00    2.53 ^ fanout66/A (sky130_fd_sc_hd__clkbuf_4)
                  0.15    0.22    2.75 ^ fanout66/X (sky130_fd_sc_hd__clkbuf_4)
    10    0.05                           net66 (net)
                  0.15    0.00    2.75 ^ _1115_/RESET_B (sky130_fd_sc_hd__dfrtp_1)
                                  2.75   data arrival time

                          0.00    0.00   clock clk (rise edge)
                          0.00    0.00   clock source latency
                  0.15    0.11    0.11 ^ clk (in)
     1    0.03                           clk (net)
                  0.15    0.00    0.11 ^ clkbuf_0_clk/A (sky130_fd_sc_hd__clkbuf_16)
                  0.09    0.21    0.32 ^ clkbuf_0_clk/X (sky130_fd_sc_hd__clkbuf_16)
    16    0.07                           clknet_0_clk (net)
                  0.09    0.00    0.32 ^ clkbuf_4_10_0_clk/A (sky130_fd_sc_hd__clkbuf_8)
                  0.06    0.16    0.48 ^ clkbuf_4_10_0_clk/X (sky130_fd_sc_hd__clkbuf_8)
    12    0.02                           clknet_4_10_0_clk (net)
                  0.06    0.00    0.48 ^ _1115_/CLK (sky130_fd_sc_hd__dfrtp_1)
                          0.25    0.73   clock uncertainty
                          0.00    0.73   clock reconvergence pessimism
                          0.35    1.08   library removal time
                                  1.08   data required time
-----------------------------------------------------------------------------
                                  1.08   data required time
                                 -2.75   data arrival time
-----------------------------------------------------------------------------
                                  1.67   slack (MET)


Startpoint: rst_n (input port clocked by clk)
Endpoint: _1113_ (removal check against rising-edge clock clk)
Path Group: asynchronous
Path Type: min

Fanout     Cap    Slew   Delay    Time   Description
-----------------------------------------------------------------------------
                          0.00    0.00   clock clk (rise edge)
                          0.00    0.00   clock network delay (propagated)
                          2.00    2.00 ^ input external delay
                  0.02    0.01    2.01 ^ rst_n (in)
     1    0.00                           rst_n (net)
                  0.02    0.00    2.01 ^ input13/A (sky130_fd_sc_hd__buf_1)
                  0.15    0.14    2.15 ^ input13/X (sky130_fd_sc_hd__buf_1)
     2    0.01                           net13 (net)
                  0.15    0.00    2.15 ^ fanout71/A (sky130_fd_sc_hd__buf_2)
                  0.14    0.20    2.35 ^ fanout71/X (sky130_fd_sc_hd__buf_2)
     5    0.03                           net71 (net)
                  0.14    0.00    2.35 ^ fanout67/A (sky130_fd_sc_hd__buf_2)
                  0.10    0.17    2.53 ^ fanout67/X (sky130_fd_sc_hd__buf_2)
     7    0.02                           net67 (net)
                  0.10    0.00    2.53 ^ fanout66/A (sky130_fd_sc_hd__clkbuf_4)
                  0.15    0.22    2.75 ^ fanout66/X (sky130_fd_sc_hd__clkbuf_4)
    10    0.05                           net66 (net)
                  0.15    0.00    2.75 ^ _1113_/RESET_B (sky130_fd_sc_hd__dfrtp_2)
                                  2.75   data arrival time

                          0.00    0.00   clock clk (rise edge)
                          0.00    0.00   clock source latency
                  0.15    0.11    0.11 ^ clk (in)
     1    0.03                           clk (net)
                  0.15    0.00    0.11 ^ clkbuf_0_clk/A (sky130_fd_sc_hd__clkbuf_16)
                  0.09    0.21    0.32 ^ clkbuf_0_clk/X (sky130_fd_sc_hd__clkbuf_16)
    16    0.07                           clknet_0_clk (net)
                  0.09    0.00    0.32 ^ clkbuf_4_10_0_clk/A (sky130_fd_sc_hd__clkbuf_8)
                  0.06    0.16    0.48 ^ clkbuf_4_10_0_clk/X (sky130_fd_sc_hd__clkbuf_8)
    12    0.02                           clknet_4_10_0_clk (net)
                  0.06    0.00    0.48 ^ _1113_/CLK (sky130_fd_sc_hd__dfrtp_2)
                          0.25    0.73   clock uncertainty
                          0.00    0.73   clock reconvergence pessimism
                          0.35    1.08   library removal time
                                  1.08   data required time
-----------------------------------------------------------------------------
                                  1.08   data required time
                                 -2.75   data arrival time
-----------------------------------------------------------------------------
                                  1.67   slack (MET)


Startpoint: rst_n (input port clocked by clk)
Endpoint: _1129_ (removal check against rising-edge clock clk)
Path Group: asynchronous
Path Type: min

Fanout     Cap    Slew   Delay    Time   Description
-----------------------------------------------------------------------------
                          0.00    0.00   clock clk (rise edge)
                          0.00    0.00   clock network delay (propagated)
                          2.00    2.00 ^ input external delay
                  0.02    0.01    2.01 ^ rst_n (in)
     1    0.00                           rst_n (net)
                  0.02    0.00    2.01 ^ input13/A (sky130_fd_sc_hd__buf_1)
                  0.15    0.14    2.15 ^ input13/X (sky130_fd_sc_hd__buf_1)
     2    0.01                           net13 (net)
                  0.15    0.00    2.15 ^ fanout71/A (sky130_fd_sc_hd__buf_2)
                  0.14    0.20    2.35 ^ fanout71/X (sky130_fd_sc_hd__buf_2)
     5    0.03                           net71 (net)
                  0.14    0.00    2.35 ^ fanout67/A (sky130_fd_sc_hd__buf_2)
                  0.10    0.17    2.53 ^ fanout67/X (sky130_fd_sc_hd__buf_2)
     7    0.02                           net67 (net)
                  0.10    0.00    2.53 ^ fanout63/A (sky130_fd_sc_hd__clkbuf_4)
                  0.15    0.22    2.75 ^ fanout63/X (sky130_fd_sc_hd__clkbuf_4)
    10    0.05                           net63 (net)
                  0.15    0.00    2.75 ^ _1129_/RESET_B (sky130_fd_sc_hd__dfrtp_2)
                                  2.75   data arrival time

                          0.00    0.00   clock clk (rise edge)
                          0.00    0.00   clock source latency
                  0.15    0.11    0.11 ^ clk (in)
     1    0.03                           clk (net)
                  0.15    0.00    0.11 ^ clkbuf_0_clk/A (sky130_fd_sc_hd__clkbuf_16)
                  0.09    0.21    0.32 ^ clkbuf_0_clk/X (sky130_fd_sc_hd__clkbuf_16)
    16    0.07                           clknet_0_clk (net)
                  0.09    0.00    0.32 ^ clkbuf_4_9_0_clk/A (sky130_fd_sc_hd__clkbuf_8)
                  0.05    0.16    0.48 ^ clkbuf_4_9_0_clk/X (sky130_fd_sc_hd__clkbuf_8)
     7    0.02                           clknet_4_9_0_clk (net)
                  0.05    0.00    0.48 ^ _1129_/CLK (sky130_fd_sc_hd__dfrtp_2)
                          0.25    0.73   clock uncertainty
                          0.00    0.73   clock reconvergence pessimism
                          0.35    1.08   library removal time
                                  1.08   data required time
-----------------------------------------------------------------------------
                                  1.08   data required time
                                 -2.75   data arrival time
-----------------------------------------------------------------------------
                                  1.67   slack (MET)


Startpoint: rst_n (input port clocked by clk)
Endpoint: _1130_ (removal check against rising-edge clock clk)
Path Group: asynchronous
Path Type: min

Fanout     Cap    Slew   Delay    Time   Description
-----------------------------------------------------------------------------
                          0.00    0.00   clock clk (rise edge)
                          0.00    0.00   clock network delay (propagated)
                          2.00    2.00 ^ input external delay
                  0.02    0.01    2.01 ^ rst_n (in)
     1    0.00                           rst_n (net)
                  0.02    0.00    2.01 ^ input13/A (sky130_fd_sc_hd__buf_1)
                  0.15    0.14    2.15 ^ input13/X (sky130_fd_sc_hd__buf_1)
     2    0.01                           net13 (net)
                  0.15    0.00    2.15 ^ fanout71/A (sky130_fd_sc_hd__buf_2)
                  0.14    0.20    2.35 ^ fanout71/X (sky130_fd_sc_hd__buf_2)
     5    0.03                           net71 (net)
                  0.14    0.00    2.35 ^ fanout67/A (sky130_fd_sc_hd__buf_2)
                  0.10    0.17    2.53 ^ fanout67/X (sky130_fd_sc_hd__buf_2)
     7    0.02                           net67 (net)
                  0.10    0.00    2.53 ^ fanout63/A (sky130_fd_sc_hd__clkbuf_4)
                  0.15    0.22    2.75 ^ fanout63/X (sky130_fd_sc_hd__clkbuf_4)
    10    0.05                           net63 (net)
                  0.15    0.00    2.75 ^ _1130_/RESET_B (sky130_fd_sc_hd__dfrtp_1)
                                  2.75   data arrival time

                          0.00    0.00   clock clk (rise edge)
                          0.00    0.00   clock source latency
                  0.15    0.11    0.11 ^ clk (in)
     1    0.03                           clk (net)
                  0.15    0.00    0.11 ^ clkbuf_0_clk/A (sky130_fd_sc_hd__clkbuf_16)
                  0.09    0.21    0.32 ^ clkbuf_0_clk/X (sky130_fd_sc_hd__clkbuf_16)
    16    0.07                           clknet_0_clk (net)
                  0.09    0.00    0.32 ^ clkbuf_4_9_0_clk/A (sky130_fd_sc_hd__clkbuf_8)
                  0.05    0.16    0.48 ^ clkbuf_4_9_0_clk/X (sky130_fd_sc_hd__clkbuf_8)
     7    0.02                           clknet_4_9_0_clk (net)
                  0.05    0.00    0.48 ^ _1130_/CLK (sky130_fd_sc_hd__dfrtp_1)
                          0.25    0.73   clock uncertainty
                          0.00    0.73   clock reconvergence pessimism
                          0.35    1.08   library removal time
                                  1.08   data required time
-----------------------------------------------------------------------------
                                  1.08   data required time
                                 -2.75   data arrival time
-----------------------------------------------------------------------------
                                  1.67   slack (MET)


Startpoint: rst_n (input port clocked by clk)
Endpoint: _1057_ (removal check against rising-edge clock clk)
Path Group: asynchronous
Path Type: min

Fanout     Cap    Slew   Delay    Time   Description
-----------------------------------------------------------------------------
                          0.00    0.00   clock clk (rise edge)
                          0.00    0.00   clock network delay (propagated)
                          2.00    2.00 ^ input external delay
                  0.02    0.01    2.01 ^ rst_n (in)
     1    0.00                           rst_n (net)
                  0.02    0.00    2.01 ^ input13/A (sky130_fd_sc_hd__buf_1)
                  0.15    0.14    2.15 ^ input13/X (sky130_fd_sc_hd__buf_1)
     2    0.01                           net13 (net)
                  0.15    0.00    2.15 ^ fanout71/A (sky130_fd_sc_hd__buf_2)
                  0.14    0.20    2.35 ^ fanout71/X (sky130_fd_sc_hd__buf_2)
     5    0.03                           net71 (net)
                  0.14    0.00    2.35 ^ fanout67/A (sky130_fd_sc_hd__buf_2)
                  0.10    0.17    2.53 ^ fanout67/X (sky130_fd_sc_hd__buf_2)
     7    0.02                           net67 (net)
                  0.10    0.00    2.53 ^ fanout63/A (sky130_fd_sc_hd__clkbuf_4)
                  0.15    0.22    2.75 ^ fanout63/X (sky130_fd_sc_hd__clkbuf_4)
    10    0.05                           net63 (net)
                  0.15    0.00    2.75 ^ _1057_/RESET_B (sky130_fd_sc_hd__dfrtp_4)
                                  2.75   data arrival time

                          0.00    0.00   clock clk (rise edge)
                          0.00    0.00   clock source latency
                  0.15    0.11    0.11 ^ clk (in)
     1    0.03                           clk (net)
                  0.15    0.00    0.11 ^ clkbuf_0_clk/A (sky130_fd_sc_hd__clkbuf_16)
                  0.09    0.21    0.32 ^ clkbuf_0_clk/X (sky130_fd_sc_hd__clkbuf_16)
    16    0.07                           clknet_0_clk (net)
                  0.09    0.00    0.32 ^ clkbuf_4_12_0_clk/A (sky130_fd_sc_hd__clkbuf_8)
                  0.05    0.16    0.48 ^ clkbuf_4_12_0_clk/X (sky130_fd_sc_hd__clkbuf_8)
     7    0.02                           clknet_4_12_0_clk (net)
                  0.05    0.00    0.48 ^ _1057_/CLK (sky130_fd_sc_hd__dfrtp_4)
                          0.25    0.73   clock uncertainty
                          0.00    0.73   clock reconvergence pessimism
                          0.35    1.08   library removal time
                                  1.08   data required time
-----------------------------------------------------------------------------
                                  1.08   data required time
                                 -2.75   data arrival time
-----------------------------------------------------------------------------
                                  1.67   slack (MET)


Startpoint: rst_n (input port clocked by clk)
Endpoint: _1125_ (removal check against rising-edge clock clk)
Path Group: asynchronous
Path Type: min

Fanout     Cap    Slew   Delay    Time   Description
-----------------------------------------------------------------------------
                          0.00    0.00   clock clk (rise edge)
                          0.00    0.00   clock network delay (propagated)
                          2.00    2.00 ^ input external delay
                  0.02    0.01    2.01 ^ rst_n (in)
     1    0.00                           rst_n (net)
                  0.02    0.00    2.01 ^ input13/A (sky130_fd_sc_hd__buf_1)
                  0.15    0.14    2.15 ^ input13/X (sky130_fd_sc_hd__buf_1)
     2    0.01                           net13 (net)
                  0.15    0.00    2.15 ^ fanout71/A (sky130_fd_sc_hd__buf_2)
                  0.14    0.20    2.35 ^ fanout71/X (sky130_fd_sc_hd__buf_2)
     5    0.03                           net71 (net)
                  0.14    0.00    2.35 ^ fanout67/A (sky130_fd_sc_hd__buf_2)
                  0.10    0.17    2.53 ^ fanout67/X (sky130_fd_sc_hd__buf_2)
     7    0.02                           net67 (net)
                  0.10    0.00    2.53 ^ fanout66/A (sky130_fd_sc_hd__clkbuf_4)
                  0.15    0.22    2.75 ^ fanout66/X (sky130_fd_sc_hd__clkbuf_4)
    10    0.05                           net66 (net)
                  0.15    0.00    2.75 ^ _1125_/RESET_B (sky130_fd_sc_hd__dfrtp_1)
                                  2.75   data arrival time

                          0.00    0.00   clock clk (rise edge)
                          0.00    0.00   clock source latency
                  0.15    0.11    0.11 ^ clk (in)
     1    0.03                           clk (net)
                  0.15    0.00    0.11 ^ clkbuf_0_clk/A (sky130_fd_sc_hd__clkbuf_16)
                  0.09    0.21    0.32 ^ clkbuf_0_clk/X (sky130_fd_sc_hd__clkbuf_16)
    16    0.07                           clknet_0_clk (net)
                  0.09    0.00    0.32 ^ clkbuf_4_8_0_clk/A (sky130_fd_sc_hd__clkbuf_8)
                  0.05    0.15    0.47 ^ clkbuf_4_8_0_clk/X (sky130_fd_sc_hd__clkbuf_8)
     9    0.02                           clknet_4_8_0_clk (net)
                  0.05    0.00    0.47 ^ _1125_/CLK (sky130_fd_sc_hd__dfrtp_1)
                          0.25    0.72   clock uncertainty
                          0.00    0.72   clock reconvergence pessimism
                          0.35    1.07   library removal time
                                  1.07   data required time
-----------------------------------------------------------------------------
                                  1.07   data required time
                                 -2.75   data arrival time
-----------------------------------------------------------------------------
                                  1.68   slack (MET)


Startpoint: rst_n (input port clocked by clk)
Endpoint: _1180_ (removal check against rising-edge clock clk)
Path Group: asynchronous
Path Type: min

Fanout     Cap    Slew   Delay    Time   Description
-----------------------------------------------------------------------------
                          0.00    0.00   clock clk (rise edge)
                          0.00    0.00   clock network delay (propagated)
                          2.00    2.00 ^ input external delay
                  0.02    0.01    2.01 ^ rst_n (in)
     1    0.00                           rst_n (net)
                  0.02    0.00    2.01 ^ input13/A (sky130_fd_sc_hd__buf_1)
                  0.15    0.14    2.15 ^ input13/X (sky130_fd_sc_hd__buf_1)
     2    0.01                           net13 (net)
                  0.15    0.00    2.15 ^ fanout71/A (sky130_fd_sc_hd__buf_2)
                  0.14    0.20    2.35 ^ fanout71/X (sky130_fd_sc_hd__buf_2)
     5    0.03                           net71 (net)
                  0.14    0.00    2.35 ^ fanout67/A (sky130_fd_sc_hd__buf_2)
                  0.10    0.17    2.53 ^ fanout67/X (sky130_fd_sc_hd__buf_2)
     7    0.02                           net67 (net)
                  0.10    0.00    2.53 ^ fanout63/A (sky130_fd_sc_hd__clkbuf_4)
                  0.15    0.22    2.75 ^ fanout63/X (sky130_fd_sc_hd__clkbuf_4)
    10    0.05                           net63 (net)
                  0.15    0.00    2.75 ^ _1180_/RESET_B (sky130_fd_sc_hd__dfrtp_4)
                                  2.75   data arrival time

                          0.00    0.00   clock clk (rise edge)
                          0.00    0.00   clock source latency
                  0.15    0.11    0.11 ^ clk (in)
     1    0.03                           clk (net)
                  0.15    0.00    0.11 ^ clkbuf_0_clk/A (sky130_fd_sc_hd__clkbuf_16)
                  0.09    0.21    0.32 ^ clkbuf_0_clk/X (sky130_fd_sc_hd__clkbuf_16)
    16    0.07                           clknet_0_clk (net)
                  0.09    0.00    0.32 ^ clkbuf_4_8_0_clk/A (sky130_fd_sc_hd__clkbuf_8)
                  0.05    0.15    0.47 ^ clkbuf_4_8_0_clk/X (sky130_fd_sc_hd__clkbuf_8)
     9    0.02                           clknet_4_8_0_clk (net)
                  0.05    0.00    0.47 ^ _1180_/CLK (sky130_fd_sc_hd__dfrtp_4)
                          0.25    0.72   clock uncertainty
                          0.00    0.72   clock reconvergence pessimism
                          0.35    1.07   library removal time
                                  1.07   data required time
-----------------------------------------------------------------------------
                                  1.07   data required time
                                 -2.75   data arrival time
-----------------------------------------------------------------------------
                                  1.68   slack (MET)


Startpoint: rst_n (input port clocked by clk)
Endpoint: _1178_ (removal check against rising-edge clock clk)
Path Group: asynchronous
Path Type: min

Fanout     Cap    Slew   Delay    Time   Description
-----------------------------------------------------------------------------
                          0.00    0.00   clock clk (rise edge)
                          0.00    0.00   clock network delay (propagated)
                          2.00    2.00 ^ input external delay
                  0.02    0.01    2.01 ^ rst_n (in)
     1    0.00                           rst_n (net)
                  0.02    0.00    2.01 ^ input13/A (sky130_fd_sc_hd__buf_1)
                  0.15    0.14    2.15 ^ input13/X (sky130_fd_sc_hd__buf_1)
     2    0.01                           net13 (net)
                  0.15    0.00    2.15 ^ fanout71/A (sky130_fd_sc_hd__buf_2)
                  0.14    0.20    2.35 ^ fanout71/X (sky130_fd_sc_hd__buf_2)
     5    0.03                           net71 (net)
                  0.14    0.00    2.35 ^ fanout67/A (sky130_fd_sc_hd__buf_2)
                  0.10    0.17    2.53 ^ fanout67/X (sky130_fd_sc_hd__buf_2)
     7    0.02                           net67 (net)
                  0.10    0.00    2.53 ^ fanout63/A (sky130_fd_sc_hd__clkbuf_4)
                  0.15    0.22    2.75 ^ fanout63/X (sky130_fd_sc_hd__clkbuf_4)
    10    0.05                           net63 (net)
                  0.15    0.00    2.75 ^ _1178_/RESET_B (sky130_fd_sc_hd__dfrtp_1)
                                  2.75   data arrival time

                          0.00    0.00   clock clk (rise edge)
                          0.00    0.00   clock source latency
                  0.15    0.11    0.11 ^ clk (in)
     1    0.03                           clk (net)
                  0.15    0.00    0.11 ^ clkbuf_0_clk/A (sky130_fd_sc_hd__clkbuf_16)
                  0.09    0.21    0.32 ^ clkbuf_0_clk/X (sky130_fd_sc_hd__clkbuf_16)
    16    0.07                           clknet_0_clk (net)
                  0.09    0.00    0.32 ^ clkbuf_4_8_0_clk/A (sky130_fd_sc_hd__clkbuf_8)
                  0.05    0.15    0.47 ^ clkbuf_4_8_0_clk/X (sky130_fd_sc_hd__clkbuf_8)
     9    0.02                           clknet_4_8_0_clk (net)
                  0.05    0.00    0.47 ^ _1178_/CLK (sky130_fd_sc_hd__dfrtp_1)
                          0.25    0.72   clock uncertainty
                          0.00    0.72   clock reconvergence pessimism
                          0.35    1.07   library removal time
                                  1.07   data required time
-----------------------------------------------------------------------------
                                  1.07   data required time
                                 -2.75   data arrival time
-----------------------------------------------------------------------------
                                  1.68   slack (MET)


Startpoint: rst_n (input port clocked by clk)
Endpoint: _1159_ (removal check against rising-edge clock clk)
Path Group: asynchronous
Path Type: min

Fanout     Cap    Slew   Delay    Time   Description
-----------------------------------------------------------------------------
                          0.00    0.00   clock clk (rise edge)
                          0.00    0.00   clock network delay (propagated)
                          2.00    2.00 ^ input external delay
                  0.02    0.01    2.01 ^ rst_n (in)
     1    0.00                           rst_n (net)
                  0.02    0.00    2.01 ^ input13/A (sky130_fd_sc_hd__buf_1)
                  0.15    0.14    2.15 ^ input13/X (sky130_fd_sc_hd__buf_1)
     2    0.01                           net13 (net)
                  0.15    0.00    2.15 ^ fanout71/A (sky130_fd_sc_hd__buf_2)
                  0.14    0.20    2.35 ^ fanout71/X (sky130_fd_sc_hd__buf_2)
     5    0.03                           net71 (net)
                  0.14    0.00    2.35 ^ fanout67/A (sky130_fd_sc_hd__buf_2)
                  0.10    0.17    2.53 ^ fanout67/X (sky130_fd_sc_hd__buf_2)
     7    0.02                           net67 (net)
                  0.10    0.00    2.53 ^ fanout63/A (sky130_fd_sc_hd__clkbuf_4)
                  0.15    0.22    2.75 ^ fanout63/X (sky130_fd_sc_hd__clkbuf_4)
    10    0.05                           net63 (net)
                  0.15    0.00    2.75 ^ _1159_/RESET_B (sky130_fd_sc_hd__dfrtp_1)
                                  2.75   data arrival time

                          0.00    0.00   clock clk (rise edge)
                          0.00    0.00   clock source latency
                  0.15    0.11    0.11 ^ clk (in)
     1    0.03                           clk (net)
                  0.15    0.00    0.11 ^ clkbuf_0_clk/A (sky130_fd_sc_hd__clkbuf_16)
                  0.09    0.21    0.32 ^ clkbuf_0_clk/X (sky130_fd_sc_hd__clkbuf_16)
    16    0.07                           clknet_0_clk (net)
                  0.09    0.00    0.32 ^ clkbuf_4_8_0_clk/A (sky130_fd_sc_hd__clkbuf_8)
                  0.05    0.15    0.47 ^ clkbuf_4_8_0_clk/X (sky130_fd_sc_hd__clkbuf_8)
     9    0.02                           clknet_4_8_0_clk (net)
                  0.05    0.00    0.47 ^ _1159_/CLK (sky130_fd_sc_hd__dfrtp_1)
                          0.25    0.72   clock uncertainty
                          0.00    0.72   clock reconvergence pessimism
                          0.35    1.07   library removal time
                                  1.07   data required time
-----------------------------------------------------------------------------
                                  1.07   data required time
                                 -2.75   data arrival time
-----------------------------------------------------------------------------
                                  1.68   slack (MET)


Startpoint: rst_n (input port clocked by clk)
Endpoint: _1128_ (removal check against rising-edge clock clk)
Path Group: asynchronous
Path Type: min

Fanout     Cap    Slew   Delay    Time   Description
-----------------------------------------------------------------------------
                          0.00    0.00   clock clk (rise edge)
                          0.00    0.00   clock network delay (propagated)
                          2.00    2.00 ^ input external delay
                  0.02    0.01    2.01 ^ rst_n (in)
     1    0.00                           rst_n (net)
                  0.02    0.00    2.01 ^ input13/A (sky130_fd_sc_hd__buf_1)
                  0.15    0.14    2.15 ^ input13/X (sky130_fd_sc_hd__buf_1)
     2    0.01                           net13 (net)
                  0.15    0.00    2.15 ^ fanout71/A (sky130_fd_sc_hd__buf_2)
                  0.14    0.20    2.35 ^ fanout71/X (sky130_fd_sc_hd__buf_2)
     5    0.03                           net71 (net)
                  0.14    0.00    2.35 ^ fanout67/A (sky130_fd_sc_hd__buf_2)
                  0.10    0.17    2.53 ^ fanout67/X (sky130_fd_sc_hd__buf_2)
     7    0.02                           net67 (net)
                  0.10    0.00    2.53 ^ fanout63/A (sky130_fd_sc_hd__clkbuf_4)
                  0.15    0.22    2.75 ^ fanout63/X (sky130_fd_sc_hd__clkbuf_4)
    10    0.05                           net63 (net)
                  0.15    0.00    2.75 ^ _1128_/RESET_B (sky130_fd_sc_hd__dfrtp_1)
                                  2.75   data arrival time

                          0.00    0.00   clock clk (rise edge)
                          0.00    0.00   clock source latency
                  0.15    0.11    0.11 ^ clk (in)
     1    0.03                           clk (net)
                  0.15    0.00    0.11 ^ clkbuf_0_clk/A (sky130_fd_sc_hd__clkbuf_16)
                  0.09    0.21    0.32 ^ clkbuf_0_clk/X (sky130_fd_sc_hd__clkbuf_16)
    16    0.07                           clknet_0_clk (net)
                  0.09    0.00    0.32 ^ clkbuf_4_8_0_clk/A (sky130_fd_sc_hd__clkbuf_8)
                  0.05    0.15    0.47 ^ clkbuf_4_8_0_clk/X (sky130_fd_sc_hd__clkbuf_8)
     9    0.02                           clknet_4_8_0_clk (net)
                  0.05    0.00    0.47 ^ _1128_/CLK (sky130_fd_sc_hd__dfrtp_1)
                          0.25    0.72   clock uncertainty
                          0.00    0.72   clock reconvergence pessimism
                          0.35    1.07   library removal time
                                  1.07   data required time
-----------------------------------------------------------------------------
                                  1.07   data required time
                                 -2.75   data arrival time
-----------------------------------------------------------------------------
                                  1.68   slack (MET)


Startpoint: rst_n (input port clocked by clk)
Endpoint: _1126_ (removal check against rising-edge clock clk)
Path Group: asynchronous
Path Type: min

Fanout     Cap    Slew   Delay    Time   Description
-----------------------------------------------------------------------------
                          0.00    0.00   clock clk (rise edge)
                          0.00    0.00   clock network delay (propagated)
                          2.00    2.00 ^ input external delay
                  0.02    0.01    2.01 ^ rst_n (in)
     1    0.00                           rst_n (net)
                  0.02    0.00    2.01 ^ input13/A (sky130_fd_sc_hd__buf_1)
                  0.15    0.14    2.15 ^ input13/X (sky130_fd_sc_hd__buf_1)
     2    0.01                           net13 (net)
                  0.15    0.00    2.15 ^ fanout71/A (sky130_fd_sc_hd__buf_2)
                  0.14    0.20    2.35 ^ fanout71/X (sky130_fd_sc_hd__buf_2)
     5    0.03                           net71 (net)
                  0.14    0.00    2.35 ^ fanout67/A (sky130_fd_sc_hd__buf_2)
                  0.10    0.17    2.53 ^ fanout67/X (sky130_fd_sc_hd__buf_2)
     7    0.02                           net67 (net)
                  0.10    0.00    2.53 ^ fanout63/A (sky130_fd_sc_hd__clkbuf_4)
                  0.15    0.22    2.75 ^ fanout63/X (sky130_fd_sc_hd__clkbuf_4)
    10    0.05                           net63 (net)
                  0.15    0.00    2.75 ^ _1126_/RESET_B (sky130_fd_sc_hd__dfrtp_1)
                                  2.75   data arrival time

                          0.00    0.00   clock clk (rise edge)
                          0.00    0.00   clock source latency
                  0.15    0.11    0.11 ^ clk (in)
     1    0.03                           clk (net)
                  0.15    0.00    0.11 ^ clkbuf_0_clk/A (sky130_fd_sc_hd__clkbuf_16)
                  0.09    0.21    0.32 ^ clkbuf_0_clk/X (sky130_fd_sc_hd__clkbuf_16)
    16    0.07                           clknet_0_clk (net)
                  0.09    0.00    0.32 ^ clkbuf_4_8_0_clk/A (sky130_fd_sc_hd__clkbuf_8)
                  0.05    0.15    0.47 ^ clkbuf_4_8_0_clk/X (sky130_fd_sc_hd__clkbuf_8)
     9    0.02                           clknet_4_8_0_clk (net)
                  0.05    0.00    0.47 ^ _1126_/CLK (sky130_fd_sc_hd__dfrtp_1)
                          0.25    0.72   clock uncertainty
                          0.00    0.72   clock reconvergence pessimism
                          0.35    1.07   library removal time
                                  1.07   data required time
-----------------------------------------------------------------------------
                                  1.07   data required time
                                 -2.75   data arrival time
-----------------------------------------------------------------------------
                                  1.68   slack (MET)


Startpoint: rst_n (input port clocked by clk)
Endpoint: _1127_ (removal check against rising-edge clock clk)
Path Group: asynchronous
Path Type: min

Fanout     Cap    Slew   Delay    Time   Description
-----------------------------------------------------------------------------
                          0.00    0.00   clock clk (rise edge)
                          0.00    0.00   clock network delay (propagated)
                          2.00    2.00 ^ input external delay
                  0.02    0.01    2.01 ^ rst_n (in)
     1    0.00                           rst_n (net)
                  0.02    0.00    2.01 ^ input13/A (sky130_fd_sc_hd__buf_1)
                  0.15    0.14    2.15 ^ input13/X (sky130_fd_sc_hd__buf_1)
     2    0.01                           net13 (net)
                  0.15    0.00    2.15 ^ fanout71/A (sky130_fd_sc_hd__buf_2)
                  0.14    0.20    2.35 ^ fanout71/X (sky130_fd_sc_hd__buf_2)
     5    0.03                           net71 (net)
                  0.14    0.00    2.35 ^ fanout67/A (sky130_fd_sc_hd__buf_2)
                  0.10    0.17    2.53 ^ fanout67/X (sky130_fd_sc_hd__buf_2)
     7    0.02                           net67 (net)
                  0.10    0.00    2.53 ^ fanout63/A (sky130_fd_sc_hd__clkbuf_4)
                  0.15    0.22    2.75 ^ fanout63/X (sky130_fd_sc_hd__clkbuf_4)
    10    0.05                           net63 (net)
                  0.15    0.00    2.75 ^ _1127_/RESET_B (sky130_fd_sc_hd__dfrtp_1)
                                  2.75   data arrival time

                          0.00    0.00   clock clk (rise edge)
                          0.00    0.00   clock source latency
                  0.15    0.11    0.11 ^ clk (in)
     1    0.03                           clk (net)
                  0.15    0.00    0.11 ^ clkbuf_0_clk/A (sky130_fd_sc_hd__clkbuf_16)
                  0.09    0.21    0.32 ^ clkbuf_0_clk/X (sky130_fd_sc_hd__clkbuf_16)
    16    0.07                           clknet_0_clk (net)
                  0.09    0.00    0.32 ^ clkbuf_4_8_0_clk/A (sky130_fd_sc_hd__clkbuf_8)
                  0.05    0.15    0.47 ^ clkbuf_4_8_0_clk/X (sky130_fd_sc_hd__clkbuf_8)
     9    0.02                           clknet_4_8_0_clk (net)
                  0.05    0.00    0.47 ^ _1127_/CLK (sky130_fd_sc_hd__dfrtp_1)
                          0.25    0.72   clock uncertainty
                          0.00    0.72   clock reconvergence pessimism
                          0.35    1.07   library removal time
                                  1.07   data required time
-----------------------------------------------------------------------------
                                  1.07   data required time
                                 -2.75   data arrival time
-----------------------------------------------------------------------------
                                  1.68   slack (MET)


Startpoint: rst_n (input port clocked by clk)
Endpoint: _1112_ (removal check against rising-edge clock clk)
Path Group: asynchronous
Path Type: min

Fanout     Cap    Slew   Delay    Time   Description
-----------------------------------------------------------------------------
                          0.00    0.00   clock clk (rise edge)
                          0.00    0.00   clock network delay (propagated)
                          2.00    2.00 ^ input external delay
                  0.02    0.01    2.01 ^ rst_n (in)
     1    0.00                           rst_n (net)
                  0.02    0.00    2.01 ^ input13/A (sky130_fd_sc_hd__buf_1)
                  0.15    0.14    2.15 ^ input13/X (sky130_fd_sc_hd__buf_1)
     2    0.01                           net13 (net)
                  0.15    0.00    2.15 ^ fanout71/A (sky130_fd_sc_hd__buf_2)
                  0.14    0.20    2.35 ^ fanout71/X (sky130_fd_sc_hd__buf_2)
     5    0.03                           net71 (net)
                  0.14    0.00    2.35 ^ fanout67/A (sky130_fd_sc_hd__buf_2)
                  0.10    0.17    2.53 ^ fanout67/X (sky130_fd_sc_hd__buf_2)
     7    0.02                           net67 (net)
                  0.10    0.00    2.53 ^ fanout63/A (sky130_fd_sc_hd__clkbuf_4)
                  0.15    0.22    2.75 ^ fanout63/X (sky130_fd_sc_hd__clkbuf_4)
    10    0.05                           net63 (net)
                  0.15    0.00    2.75 ^ _1112_/RESET_B (sky130_fd_sc_hd__dfrtp_2)
                                  2.75   data arrival time

                          0.00    0.00   clock clk (rise edge)
                          0.00    0.00   clock source latency
                  0.15    0.11    0.11 ^ clk (in)
     1    0.03                           clk (net)
                  0.15    0.00    0.11 ^ clkbuf_0_clk/A (sky130_fd_sc_hd__clkbuf_16)
                  0.09    0.21    0.32 ^ clkbuf_0_clk/X (sky130_fd_sc_hd__clkbuf_16)
    16    0.07                           clknet_0_clk (net)
                  0.09    0.00    0.32 ^ clkbuf_4_8_0_clk/A (sky130_fd_sc_hd__clkbuf_8)
                  0.05    0.15    0.47 ^ clkbuf_4_8_0_clk/X (sky130_fd_sc_hd__clkbuf_8)
     9    0.02                           clknet_4_8_0_clk (net)
                  0.05    0.00    0.47 ^ _1112_/CLK (sky130_fd_sc_hd__dfrtp_2)
                          0.25    0.72   clock uncertainty
                          0.00    0.72   clock reconvergence pessimism
                          0.35    1.07   library removal time
                                  1.07   data required time
-----------------------------------------------------------------------------
                                  1.07   data required time
                                 -2.75   data arrival time
-----------------------------------------------------------------------------
                                  1.68   slack (MET)


Startpoint: rst_n (input port clocked by clk)
Endpoint: _1149_ (removal check against rising-edge clock clk)
Path Group: asynchronous
Path Type: min

Fanout     Cap    Slew   Delay    Time   Description
-----------------------------------------------------------------------------
                          0.00    0.00   clock clk (rise edge)
                          0.00    0.00   clock network delay (propagated)
                          2.00    2.00 ^ input external delay
                  0.02    0.01    2.01 ^ rst_n (in)
     1    0.00                           rst_n (net)
                  0.02    0.00    2.01 ^ input13/A (sky130_fd_sc_hd__buf_1)
                  0.15    0.14    2.15 ^ input13/X (sky130_fd_sc_hd__buf_1)
     2    0.01                           net13 (net)
                  0.15    0.00    2.15 ^ fanout62/A (sky130_fd_sc_hd__clkbuf_2)
                  0.13    0.19    2.34 ^ fanout62/X (sky130_fd_sc_hd__clkbuf_2)
     5    0.02                           net62 (net)
                  0.13    0.00    2.34 ^ fanout54/A (sky130_fd_sc_hd__clkbuf_4)
                  0.13    0.22    2.56 ^ fanout54/X (sky130_fd_sc_hd__clkbuf_4)
     8    0.04                           net54 (net)
                  0.13    0.00    2.56 ^ _1149_/SET_B (sky130_fd_sc_hd__dfstp_1)
                                  2.56   data arrival time

                          0.00    0.00   clock clk (rise edge)
                          0.00    0.00   clock source latency
                  0.15    0.11    0.11 ^ clk (in)
     1    0.03                           clk (net)
                  0.15    0.00    0.11 ^ clkbuf_0_clk/A (sky130_fd_sc_hd__clkbuf_16)
                  0.09    0.21    0.32 ^ clkbuf_0_clk/X (sky130_fd_sc_hd__clkbuf_16)
    16    0.07                           clknet_0_clk (net)
                  0.09    0.00    0.32 ^ clkbuf_4_0_0_clk/A (sky130_fd_sc_hd__clkbuf_8)
                  0.05    0.15    0.47 ^ clkbuf_4_0_0_clk/X (sky130_fd_sc_hd__clkbuf_8)
     9    0.02                           clknet_4_0_0_clk (net)
                  0.05    0.00    0.47 ^ _1149_/CLK (sky130_fd_sc_hd__dfstp_1)
                          0.25    0.72   clock uncertainty
                          0.00    0.72   clock reconvergence pessimism
                          0.15    0.87   library removal time
                                  0.87   data required time
-----------------------------------------------------------------------------
                                  0.87   data required time
                                 -2.56   data arrival time
-----------------------------------------------------------------------------
                                  1.69   slack (MET)


Startpoint: rst_n (input port clocked by clk)
Endpoint: _1146_ (removal check against rising-edge clock clk)
Path Group: asynchronous
Path Type: min

Fanout     Cap    Slew   Delay    Time   Description
-----------------------------------------------------------------------------
                          0.00    0.00   clock clk (rise edge)
                          0.00    0.00   clock network delay (propagated)
                          2.00    2.00 ^ input external delay
                  0.02    0.01    2.01 ^ rst_n (in)
     1    0.00                           rst_n (net)
                  0.02    0.00    2.01 ^ input13/A (sky130_fd_sc_hd__buf_1)
                  0.15    0.14    2.15 ^ input13/X (sky130_fd_sc_hd__buf_1)
     2    0.01                           net13 (net)
                  0.15    0.00    2.15 ^ fanout62/A (sky130_fd_sc_hd__clkbuf_2)
                  0.13    0.19    2.34 ^ fanout62/X (sky130_fd_sc_hd__clkbuf_2)
     5    0.02                           net62 (net)
                  0.13    0.00    2.34 ^ fanout54/A (sky130_fd_sc_hd__clkbuf_4)
                  0.13    0.22    2.56 ^ fanout54/X (sky130_fd_sc_hd__clkbuf_4)
     8    0.04                           net54 (net)
                  0.13    0.00    2.56 ^ _1146_/SET_B (sky130_fd_sc_hd__dfstp_1)
                                  2.56   data arrival time

                          0.00    0.00   clock clk (rise edge)
                          0.00    0.00   clock source latency
                  0.15    0.11    0.11 ^ clk (in)
     1    0.03                           clk (net)
                  0.15    0.00    0.11 ^ clkbuf_0_clk/A (sky130_fd_sc_hd__clkbuf_16)
                  0.09    0.21    0.32 ^ clkbuf_0_clk/X (sky130_fd_sc_hd__clkbuf_16)
    16    0.07                           clknet_0_clk (net)
                  0.09    0.00    0.32 ^ clkbuf_4_0_0_clk/A (sky130_fd_sc_hd__clkbuf_8)
                  0.05    0.15    0.47 ^ clkbuf_4_0_0_clk/X (sky130_fd_sc_hd__clkbuf_8)
     9    0.02                           clknet_4_0_0_clk (net)
                  0.05    0.00    0.47 ^ _1146_/CLK (sky130_fd_sc_hd__dfstp_1)
                          0.25    0.72   clock uncertainty
                          0.00    0.72   clock reconvergence pessimism
                          0.15    0.87   library removal time
                                  0.87   data required time
-----------------------------------------------------------------------------
                                  0.87   data required time
                                 -2.56   data arrival time
-----------------------------------------------------------------------------
                                  1.69   slack (MET)


Startpoint: rst_n (input port clocked by clk)
Endpoint: _1145_ (removal check against rising-edge clock clk)
Path Group: asynchronous
Path Type: min

Fanout     Cap    Slew   Delay    Time   Description
-----------------------------------------------------------------------------
                          0.00    0.00   clock clk (rise edge)
                          0.00    0.00   clock network delay (propagated)
                          2.00    2.00 ^ input external delay
                  0.02    0.01    2.01 ^ rst_n (in)
     1    0.00                           rst_n (net)
                  0.02    0.00    2.01 ^ input13/A (sky130_fd_sc_hd__buf_1)
                  0.15    0.14    2.15 ^ input13/X (sky130_fd_sc_hd__buf_1)
     2    0.01                           net13 (net)
                  0.15    0.00    2.15 ^ fanout62/A (sky130_fd_sc_hd__clkbuf_2)
                  0.13    0.19    2.34 ^ fanout62/X (sky130_fd_sc_hd__clkbuf_2)
     5    0.02                           net62 (net)
                  0.13    0.00    2.34 ^ fanout54/A (sky130_fd_sc_hd__clkbuf_4)
                  0.13    0.22    2.56 ^ fanout54/X (sky130_fd_sc_hd__clkbuf_4)
     8    0.04                           net54 (net)
                  0.13    0.00    2.56 ^ _1145_/SET_B (sky130_fd_sc_hd__dfstp_1)
                                  2.56   data arrival time

                          0.00    0.00   clock clk (rise edge)
                          0.00    0.00   clock source latency
                  0.15    0.11    0.11 ^ clk (in)
     1    0.03                           clk (net)
                  0.15    0.00    0.11 ^ clkbuf_0_clk/A (sky130_fd_sc_hd__clkbuf_16)
                  0.09    0.21    0.32 ^ clkbuf_0_clk/X (sky130_fd_sc_hd__clkbuf_16)
    16    0.07                           clknet_0_clk (net)
                  0.09    0.00    0.32 ^ clkbuf_4_0_0_clk/A (sky130_fd_sc_hd__clkbuf_8)
                  0.05    0.15    0.47 ^ clkbuf_4_0_0_clk/X (sky130_fd_sc_hd__clkbuf_8)
     9    0.02                           clknet_4_0_0_clk (net)
                  0.05    0.00    0.47 ^ _1145_/CLK (sky130_fd_sc_hd__dfstp_1)
                          0.25    0.72   clock uncertainty
                          0.00    0.72   clock reconvergence pessimism
                          0.15    0.87   library removal time
                                  0.87   data required time
-----------------------------------------------------------------------------
                                  0.87   data required time
                                 -2.56   data arrival time
-----------------------------------------------------------------------------
                                  1.69   slack (MET)


Startpoint: rst_n (input port clocked by clk)
Endpoint: _1096_ (removal check against rising-edge clock clk)
Path Group: asynchronous
Path Type: min

Fanout     Cap    Slew   Delay    Time   Description
-----------------------------------------------------------------------------
                          0.00    0.00   clock clk (rise edge)
                          0.00    0.00   clock network delay (propagated)
                          2.00    2.00 ^ input external delay
                  0.02    0.01    2.01 ^ rst_n (in)
     1    0.00                           rst_n (net)
                  0.02    0.00    2.01 ^ input13/A (sky130_fd_sc_hd__buf_1)
                  0.15    0.14    2.15 ^ input13/X (sky130_fd_sc_hd__buf_1)
     2    0.01                           net13 (net)
                  0.15    0.00    2.15 ^ fanout71/A (sky130_fd_sc_hd__buf_2)
                  0.14    0.20    2.35 ^ fanout71/X (sky130_fd_sc_hd__buf_2)
     5    0.03                           net71 (net)
                  0.14    0.00    2.35 ^ fanout68/A (sky130_fd_sc_hd__clkbuf_4)
                  0.14    0.23    2.58 ^ fanout68/X (sky130_fd_sc_hd__clkbuf_4)
    10    0.05                           net68 (net)
                  0.14    0.00    2.59 ^ _1096_/SET_B (sky130_fd_sc_hd__dfstp_1)
                                  2.59   data arrival time

                          0.00    0.00   clock clk (rise edge)
                          0.00    0.00   clock source latency
                  0.15    0.11    0.11 ^ clk (in)
     1    0.03                           clk (net)
                  0.15    0.00    0.11 ^ clkbuf_0_clk/A (sky130_fd_sc_hd__clkbuf_16)
                  0.09    0.21    0.32 ^ clkbuf_0_clk/X (sky130_fd_sc_hd__clkbuf_16)
    16    0.07                           clknet_0_clk (net)
                  0.09    0.00    0.32 ^ clkbuf_4_14_0_clk/A (sky130_fd_sc_hd__clkbuf_8)
                  0.06    0.16    0.48 ^ clkbuf_4_14_0_clk/X (sky130_fd_sc_hd__clkbuf_8)
     9    0.02                           clknet_4_14_0_clk (net)
                  0.06    0.00    0.48 ^ _1096_/CLK (sky130_fd_sc_hd__dfstp_1)
                          0.25    0.73   clock uncertainty
                          0.00    0.73   clock reconvergence pessimism
                          0.15    0.88   library removal time
                                  0.88   data required time
-----------------------------------------------------------------------------
                                  0.88   data required time
                                 -2.59   data arrival time
-----------------------------------------------------------------------------
                                  1.70   slack (MET)


Startpoint: rst_n (input port clocked by clk)
Endpoint: _1135_ (removal check against rising-edge clock clk)
Path Group: asynchronous
Path Type: min

Fanout     Cap    Slew   Delay    Time   Description
-----------------------------------------------------------------------------
                          0.00    0.00   clock clk (rise edge)
                          0.00    0.00   clock network delay (propagated)
                          2.00    2.00 ^ input external delay
                  0.02    0.01    2.01 ^ rst_n (in)
     1    0.00                           rst_n (net)
                  0.02    0.00    2.01 ^ input13/A (sky130_fd_sc_hd__buf_1)
                  0.15    0.14    2.15 ^ input13/X (sky130_fd_sc_hd__buf_1)
     2    0.01                           net13 (net)
                  0.15    0.00    2.15 ^ fanout62/A (sky130_fd_sc_hd__clkbuf_2)
                  0.13    0.19    2.34 ^ fanout62/X (sky130_fd_sc_hd__clkbuf_2)
     5    0.02                           net62 (net)
                  0.13    0.00    2.34 ^ fanout54/A (sky130_fd_sc_hd__clkbuf_4)
                  0.13    0.22    2.56 ^ fanout54/X (sky130_fd_sc_hd__clkbuf_4)
     8    0.04                           net54 (net)
                  0.13    0.00    2.56 ^ fanout53/A (sky130_fd_sc_hd__clkbuf_4)
                  0.15    0.23    2.79 ^ fanout53/X (sky130_fd_sc_hd__clkbuf_4)
    10    0.05                           net53 (net)
                  0.15    0.00    2.79 ^ _1135_/RESET_B (sky130_fd_sc_hd__dfrtp_1)
                                  2.79   data arrival time

                          0.00    0.00   clock clk (rise edge)
                          0.00    0.00   clock source latency
                  0.15    0.11    0.11 ^ clk (in)
     1    0.03                           clk (net)
                  0.15    0.00    0.11 ^ clkbuf_0_clk/A (sky130_fd_sc_hd__clkbuf_16)
                  0.09    0.21    0.32 ^ clkbuf_0_clk/X (sky130_fd_sc_hd__clkbuf_16)
    16    0.07                           clknet_0_clk (net)
                  0.09    0.00    0.32 ^ clkbuf_4_1_0_clk/A (sky130_fd_sc_hd__clkbuf_8)
                  0.06    0.16    0.48 ^ clkbuf_4_1_0_clk/X (sky130_fd_sc_hd__clkbuf_8)
     8    0.03                           clknet_4_1_0_clk (net)
                  0.06    0.00    0.49 ^ _1135_/CLK (sky130_fd_sc_hd__dfrtp_1)
                          0.25    0.74   clock uncertainty
                          0.00    0.74   clock reconvergence pessimism
                          0.35    1.09   library removal time
                                  1.09   data required time
-----------------------------------------------------------------------------
                                  1.09   data required time
                                 -2.79   data arrival time
-----------------------------------------------------------------------------
                                  1.70   slack (MET)


Startpoint: rst_n (input port clocked by clk)
Endpoint: _1179_ (removal check against rising-edge clock clk)
Path Group: asynchronous
Path Type: min

Fanout     Cap    Slew   Delay    Time   Description
-----------------------------------------------------------------------------
                          0.00    0.00   clock clk (rise edge)
                          0.00    0.00   clock network delay (propagated)
                          2.00    2.00 ^ input external delay
                  0.02    0.01    2.01 ^ rst_n (in)
     1    0.00                           rst_n (net)
                  0.02    0.00    2.01 ^ input13/A (sky130_fd_sc_hd__buf_1)
                  0.15    0.14    2.15 ^ input13/X (sky130_fd_sc_hd__buf_1)
     2    0.01                           net13 (net)
                  0.15    0.00    2.15 ^ fanout62/A (sky130_fd_sc_hd__clkbuf_2)
                  0.13    0.19    2.34 ^ fanout62/X (sky130_fd_sc_hd__clkbuf_2)
     5    0.02                           net62 (net)
                  0.13    0.00    2.34 ^ fanout54/A (sky130_fd_sc_hd__clkbuf_4)
                  0.13    0.22    2.56 ^ fanout54/X (sky130_fd_sc_hd__clkbuf_4)
     8    0.04                           net54 (net)
                  0.13    0.00    2.56 ^ fanout53/A (sky130_fd_sc_hd__clkbuf_4)
                  0.15    0.23    2.79 ^ fanout53/X (sky130_fd_sc_hd__clkbuf_4)
    10    0.05                           net53 (net)
                  0.15    0.00    2.79 ^ _1179_/RESET_B (sky130_fd_sc_hd__dfrtp_1)
                                  2.79   data arrival time

                          0.00    0.00   clock clk (rise edge)
                          0.00    0.00   clock source latency
                  0.15    0.11    0.11 ^ clk (in)
     1    0.03                           clk (net)
                  0.15    0.00    0.11 ^ clkbuf_0_clk/A (sky130_fd_sc_hd__clkbuf_16)
                  0.09    0.21    0.32 ^ clkbuf_0_clk/X (sky130_fd_sc_hd__clkbuf_16)
    16    0.07                           clknet_0_clk (net)
                  0.09    0.00    0.32 ^ clkbuf_4_1_0_clk/A (sky130_fd_sc_hd__clkbuf_8)
                  0.06    0.16    0.48 ^ clkbuf_4_1_0_clk/X (sky130_fd_sc_hd__clkbuf_8)
     8    0.03                           clknet_4_1_0_clk (net)
                  0.06    0.00    0.49 ^ _1179_/CLK (sky130_fd_sc_hd__dfrtp_1)
                          0.25    0.74   clock uncertainty
                          0.00    0.74   clock reconvergence pessimism
                          0.35    1.09   library removal time
                                  1.09   data required time
-----------------------------------------------------------------------------
                                  1.09   data required time
                                 -2.79   data arrival time
-----------------------------------------------------------------------------
                                  1.70   slack (MET)


Startpoint: rst_n (input port clocked by clk)
Endpoint: _1134_ (removal check against rising-edge clock clk)
Path Group: asynchronous
Path Type: min

Fanout     Cap    Slew   Delay    Time   Description
-----------------------------------------------------------------------------
                          0.00    0.00   clock clk (rise edge)
                          0.00    0.00   clock network delay (propagated)
                          2.00    2.00 ^ input external delay
                  0.02    0.01    2.01 ^ rst_n (in)
     1    0.00                           rst_n (net)
                  0.02    0.00    2.01 ^ input13/A (sky130_fd_sc_hd__buf_1)
                  0.15    0.14    2.15 ^ input13/X (sky130_fd_sc_hd__buf_1)
     2    0.01                           net13 (net)
                  0.15    0.00    2.15 ^ fanout62/A (sky130_fd_sc_hd__clkbuf_2)
                  0.13    0.19    2.34 ^ fanout62/X (sky130_fd_sc_hd__clkbuf_2)
     5    0.02                           net62 (net)
                  0.13    0.00    2.34 ^ fanout54/A (sky130_fd_sc_hd__clkbuf_4)
                  0.13    0.22    2.56 ^ fanout54/X (sky130_fd_sc_hd__clkbuf_4)
     8    0.04                           net54 (net)
                  0.13    0.00    2.56 ^ fanout53/A (sky130_fd_sc_hd__clkbuf_4)
                  0.15    0.23    2.79 ^ fanout53/X (sky130_fd_sc_hd__clkbuf_4)
    10    0.05                           net53 (net)
                  0.15    0.00    2.79 ^ _1134_/RESET_B (sky130_fd_sc_hd__dfrtp_1)
                                  2.79   data arrival time

                          0.00    0.00   clock clk (rise edge)
                          0.00    0.00   clock source latency
                  0.15    0.11    0.11 ^ clk (in)
     1    0.03                           clk (net)
                  0.15    0.00    0.11 ^ clkbuf_0_clk/A (sky130_fd_sc_hd__clkbuf_16)
                  0.09    0.21    0.32 ^ clkbuf_0_clk/X (sky130_fd_sc_hd__clkbuf_16)
    16    0.07                           clknet_0_clk (net)
                  0.09    0.00    0.32 ^ clkbuf_4_1_0_clk/A (sky130_fd_sc_hd__clkbuf_8)
                  0.06    0.16    0.48 ^ clkbuf_4_1_0_clk/X (sky130_fd_sc_hd__clkbuf_8)
     8    0.03                           clknet_4_1_0_clk (net)
                  0.06    0.00    0.49 ^ _1134_/CLK (sky130_fd_sc_hd__dfrtp_1)
                          0.25    0.74   clock uncertainty
                          0.00    0.74   clock reconvergence pessimism
                          0.35    1.09   library removal time
                                  1.09   data required time
-----------------------------------------------------------------------------
                                  1.09   data required time
                                 -2.79   data arrival time
-----------------------------------------------------------------------------
                                  1.70   slack (MET)


Startpoint: rst_n (input port clocked by clk)
Endpoint: _1137_ (removal check against rising-edge clock clk)
Path Group: asynchronous
Path Type: min

Fanout     Cap    Slew   Delay    Time   Description
-----------------------------------------------------------------------------
                          0.00    0.00   clock clk (rise edge)
                          0.00    0.00   clock network delay (propagated)
                          2.00    2.00 ^ input external delay
                  0.02    0.01    2.01 ^ rst_n (in)
     1    0.00                           rst_n (net)
                  0.02    0.00    2.01 ^ input13/A (sky130_fd_sc_hd__buf_1)
                  0.15    0.14    2.15 ^ input13/X (sky130_fd_sc_hd__buf_1)
     2    0.01                           net13 (net)
                  0.15    0.00    2.15 ^ fanout62/A (sky130_fd_sc_hd__clkbuf_2)
                  0.13    0.19    2.34 ^ fanout62/X (sky130_fd_sc_hd__clkbuf_2)
     5    0.02                           net62 (net)
                  0.13    0.00    2.34 ^ fanout54/A (sky130_fd_sc_hd__clkbuf_4)
                  0.13    0.22    2.56 ^ fanout54/X (sky130_fd_sc_hd__clkbuf_4)
     8    0.04                           net54 (net)
                  0.13    0.00    2.56 ^ fanout53/A (sky130_fd_sc_hd__clkbuf_4)
                  0.15    0.23    2.79 ^ fanout53/X (sky130_fd_sc_hd__clkbuf_4)
    10    0.05                           net53 (net)
                  0.15    0.00    2.79 ^ _1137_/RESET_B (sky130_fd_sc_hd__dfrtp_2)
                                  2.79   data arrival time

                          0.00    0.00   clock clk (rise edge)
                          0.00    0.00   clock source latency
                  0.15    0.11    0.11 ^ clk (in)
     1    0.03                           clk (net)
                  0.15    0.00    0.11 ^ clkbuf_0_clk/A (sky130_fd_sc_hd__clkbuf_16)
                  0.09    0.21    0.32 ^ clkbuf_0_clk/X (sky130_fd_sc_hd__clkbuf_16)
    16    0.07                           clknet_0_clk (net)
                  0.09    0.00    0.32 ^ clkbuf_4_1_0_clk/A (sky130_fd_sc_hd__clkbuf_8)
                  0.06    0.16    0.48 ^ clkbuf_4_1_0_clk/X (sky130_fd_sc_hd__clkbuf_8)
     8    0.03                           clknet_4_1_0_clk (net)
                  0.06    0.00    0.49 ^ _1137_/CLK (sky130_fd_sc_hd__dfrtp_2)
                          0.25    0.74   clock uncertainty
                          0.00    0.74   clock reconvergence pessimism
                          0.35    1.09   library removal time
                                  1.09   data required time
-----------------------------------------------------------------------------
                                  1.09   data required time
                                 -2.79   data arrival time
-----------------------------------------------------------------------------
                                  1.70   slack (MET)


Startpoint: rst_n (input port clocked by clk)
Endpoint: _1136_ (removal check against rising-edge clock clk)
Path Group: asynchronous
Path Type: min

Fanout     Cap    Slew   Delay    Time   Description
-----------------------------------------------------------------------------
                          0.00    0.00   clock clk (rise edge)
                          0.00    0.00   clock network delay (propagated)
                          2.00    2.00 ^ input external delay
                  0.02    0.01    2.01 ^ rst_n (in)
     1    0.00                           rst_n (net)
                  0.02    0.00    2.01 ^ input13/A (sky130_fd_sc_hd__buf_1)
                  0.15    0.14    2.15 ^ input13/X (sky130_fd_sc_hd__buf_1)
     2    0.01                           net13 (net)
                  0.15    0.00    2.15 ^ fanout62/A (sky130_fd_sc_hd__clkbuf_2)
                  0.13    0.19    2.34 ^ fanout62/X (sky130_fd_sc_hd__clkbuf_2)
     5    0.02                           net62 (net)
                  0.13    0.00    2.34 ^ fanout54/A (sky130_fd_sc_hd__clkbuf_4)
                  0.13    0.22    2.56 ^ fanout54/X (sky130_fd_sc_hd__clkbuf_4)
     8    0.04                           net54 (net)
                  0.13    0.00    2.56 ^ fanout53/A (sky130_fd_sc_hd__clkbuf_4)
                  0.15    0.23    2.79 ^ fanout53/X (sky130_fd_sc_hd__clkbuf_4)
    10    0.05                           net53 (net)
                  0.15    0.00    2.79 ^ _1136_/RESET_B (sky130_fd_sc_hd__dfrtp_2)
                                  2.79   data arrival time

                          0.00    0.00   clock clk (rise edge)
                          0.00    0.00   clock source latency
                  0.15    0.11    0.11 ^ clk (in)
     1    0.03                           clk (net)
                  0.15    0.00    0.11 ^ clkbuf_0_clk/A (sky130_fd_sc_hd__clkbuf_16)
                  0.09    0.21    0.32 ^ clkbuf_0_clk/X (sky130_fd_sc_hd__clkbuf_16)
    16    0.07                           clknet_0_clk (net)
                  0.09    0.00    0.32 ^ clkbuf_4_1_0_clk/A (sky130_fd_sc_hd__clkbuf_8)
                  0.06    0.16    0.48 ^ clkbuf_4_1_0_clk/X (sky130_fd_sc_hd__clkbuf_8)
     8    0.03                           clknet_4_1_0_clk (net)
                  0.06    0.00    0.49 ^ _1136_/CLK (sky130_fd_sc_hd__dfrtp_2)
                          0.25    0.74   clock uncertainty
                          0.00    0.74   clock reconvergence pessimism
                          0.35    1.09   library removal time
                                  1.09   data required time
-----------------------------------------------------------------------------
                                  1.09   data required time
                                 -2.79   data arrival time
-----------------------------------------------------------------------------
                                  1.70   slack (MET)


Startpoint: rst_n (input port clocked by clk)
Endpoint: _1168_ (removal check against rising-edge clock clk)
Path Group: asynchronous
Path Type: min

Fanout     Cap    Slew   Delay    Time   Description
-----------------------------------------------------------------------------
                          0.00    0.00   clock clk (rise edge)
                          0.00    0.00   clock network delay (propagated)
                          2.00    2.00 ^ input external delay
                  0.02    0.01    2.01 ^ rst_n (in)
     1    0.00                           rst_n (net)
                  0.02    0.00    2.01 ^ input13/A (sky130_fd_sc_hd__buf_1)
                  0.15    0.14    2.15 ^ input13/X (sky130_fd_sc_hd__buf_1)
     2    0.01                           net13 (net)
                  0.15    0.00    2.15 ^ fanout62/A (sky130_fd_sc_hd__clkbuf_2)
                  0.13    0.19    2.34 ^ fanout62/X (sky130_fd_sc_hd__clkbuf_2)
     5    0.02                           net62 (net)
                  0.13    0.00    2.34 ^ fanout54/A (sky130_fd_sc_hd__clkbuf_4)
                  0.13    0.22    2.56 ^ fanout54/X (sky130_fd_sc_hd__clkbuf_4)
     8    0.04                           net54 (net)
                  0.13    0.00    2.56 ^ fanout53/A (sky130_fd_sc_hd__clkbuf_4)
                  0.15    0.23    2.79 ^ fanout53/X (sky130_fd_sc_hd__clkbuf_4)
    10    0.05                           net53 (net)
                  0.15    0.00    2.79 ^ _1168_/RESET_B (sky130_fd_sc_hd__dfrtp_1)
                                  2.79   data arrival time

                          0.00    0.00   clock clk (rise edge)
                          0.00    0.00   clock source latency
                  0.15    0.11    0.11 ^ clk (in)
     1    0.03                           clk (net)
                  0.15    0.00    0.11 ^ clkbuf_0_clk/A (sky130_fd_sc_hd__clkbuf_16)
                  0.09    0.21    0.32 ^ clkbuf_0_clk/X (sky130_fd_sc_hd__clkbuf_16)
    16    0.07                           clknet_0_clk (net)
                  0.09    0.00    0.32 ^ clkbuf_4_4_0_clk/A (sky130_fd_sc_hd__clkbuf_8)
                  0.05    0.16    0.48 ^ clkbuf_4_4_0_clk/X (sky130_fd_sc_hd__clkbuf_8)
     7    0.02                           clknet_4_4_0_clk (net)
                  0.05    0.00    0.48 ^ _1168_/CLK (sky130_fd_sc_hd__dfrtp_1)
                          0.25    0.73   clock uncertainty
                          0.00    0.73   clock reconvergence pessimism
                          0.35    1.08   library removal time
                                  1.08   data required time
-----------------------------------------------------------------------------
                                  1.08   data required time
                                 -2.79   data arrival time
-----------------------------------------------------------------------------
                                  1.71   slack (MET)


Startpoint: rst_n (input port clocked by clk)
Endpoint: _1151_ (removal check against rising-edge clock clk)
Path Group: asynchronous
Path Type: min

Fanout     Cap    Slew   Delay    Time   Description
-----------------------------------------------------------------------------
                          0.00    0.00   clock clk (rise edge)
                          0.00    0.00   clock network delay (propagated)
                          2.00    2.00 ^ input external delay
                  0.02    0.01    2.01 ^ rst_n (in)
     1    0.00                           rst_n (net)
                  0.02    0.00    2.01 ^ input13/A (sky130_fd_sc_hd__buf_1)
                  0.15    0.14    2.15 ^ input13/X (sky130_fd_sc_hd__buf_1)
     2    0.01                           net13 (net)
                  0.15    0.00    2.15 ^ fanout62/A (sky130_fd_sc_hd__clkbuf_2)
                  0.13    0.19    2.34 ^ fanout62/X (sky130_fd_sc_hd__clkbuf_2)
     5    0.02                           net62 (net)
                  0.13    0.00    2.34 ^ fanout54/A (sky130_fd_sc_hd__clkbuf_4)
                  0.13    0.22    2.56 ^ fanout54/X (sky130_fd_sc_hd__clkbuf_4)
     8    0.04                           net54 (net)
                  0.13    0.00    2.56 ^ fanout53/A (sky130_fd_sc_hd__clkbuf_4)
                  0.15    0.23    2.79 ^ fanout53/X (sky130_fd_sc_hd__clkbuf_4)
    10    0.05                           net53 (net)
                  0.15    0.00    2.79 ^ _1151_/RESET_B (sky130_fd_sc_hd__dfrtp_1)
                                  2.79   data arrival time

                          0.00    0.00   clock clk (rise edge)
                          0.00    0.00   clock source latency
                  0.15    0.11    0.11 ^ clk (in)
     1    0.03                           clk (net)
                  0.15    0.00    0.11 ^ clkbuf_0_clk/A (sky130_fd_sc_hd__clkbuf_16)
                  0.09    0.21    0.32 ^ clkbuf_0_clk/X (sky130_fd_sc_hd__clkbuf_16)
    16    0.07                           clknet_0_clk (net)
                  0.09    0.00    0.32 ^ clkbuf_4_0_0_clk/A (sky130_fd_sc_hd__clkbuf_8)
                  0.05    0.15    0.47 ^ clkbuf_4_0_0_clk/X (sky130_fd_sc_hd__clkbuf_8)
     9    0.02                           clknet_4_0_0_clk (net)
                  0.05    0.00    0.47 ^ _1151_/CLK (sky130_fd_sc_hd__dfrtp_1)
                          0.25    0.72   clock uncertainty
                          0.00    0.72   clock reconvergence pessimism
                          0.35    1.07   library removal time
                                  1.07   data required time
-----------------------------------------------------------------------------
                                  1.07   data required time
                                 -2.79   data arrival time
-----------------------------------------------------------------------------
                                  1.72   slack (MET)


Startpoint: rst_n (input port clocked by clk)
Endpoint: _1187_ (removal check against rising-edge clock clk)
Path Group: asynchronous
Path Type: min

Fanout     Cap    Slew   Delay    Time   Description
-----------------------------------------------------------------------------
                          0.00    0.00   clock clk (rise edge)
                          0.00    0.00   clock network delay (propagated)
                          2.00    2.00 ^ input external delay
                  0.02    0.01    2.01 ^ rst_n (in)
     1    0.00                           rst_n (net)
                  0.02    0.00    2.01 ^ input13/A (sky130_fd_sc_hd__buf_1)
                  0.15    0.14    2.15 ^ input13/X (sky130_fd_sc_hd__buf_1)
     2    0.01                           net13 (net)
                  0.15    0.00    2.15 ^ fanout62/A (sky130_fd_sc_hd__clkbuf_2)
                  0.13    0.19    2.34 ^ fanout62/X (sky130_fd_sc_hd__clkbuf_2)
     5    0.02                           net62 (net)
                  0.13    0.00    2.34 ^ fanout54/A (sky130_fd_sc_hd__clkbuf_4)
                  0.13    0.22    2.56 ^ fanout54/X (sky130_fd_sc_hd__clkbuf_4)
     8    0.04                           net54 (net)
                  0.13    0.00    2.56 ^ fanout53/A (sky130_fd_sc_hd__clkbuf_4)
                  0.15    0.23    2.79 ^ fanout53/X (sky130_fd_sc_hd__clkbuf_4)
    10    0.05                           net53 (net)
                  0.15    0.00    2.79 ^ _1187_/SET_B (sky130_fd_sc_hd__dfstp_2)
                                  2.79   data arrival time

                          0.00    0.00   clock clk (rise edge)
                          0.00    0.00   clock source latency
                  0.15    0.11    0.11 ^ clk (in)
     1    0.03                           clk (net)
                  0.15    0.00    0.11 ^ clkbuf_0_clk/A (sky130_fd_sc_hd__clkbuf_16)
                  0.09    0.21    0.32 ^ clkbuf_0_clk/X (sky130_fd_sc_hd__clkbuf_16)
    16    0.07                           clknet_0_clk (net)
                  0.09    0.00    0.32 ^ clkbuf_4_1_0_clk/A (sky130_fd_sc_hd__clkbuf_8)
                  0.06    0.16    0.48 ^ clkbuf_4_1_0_clk/X (sky130_fd_sc_hd__clkbuf_8)
     8    0.03                           clknet_4_1_0_clk (net)
                  0.06    0.00    0.49 ^ _1187_/CLK (sky130_fd_sc_hd__dfstp_2)
                          0.25    0.74   clock uncertainty
                          0.00    0.74   clock reconvergence pessimism
                          0.15    0.89   library removal time
                                  0.89   data required time
-----------------------------------------------------------------------------
                                  0.89   data required time
                                 -2.79   data arrival time
-----------------------------------------------------------------------------
                                  1.91   slack (MET)


Startpoint: rst_n (input port clocked by clk)
Endpoint: _1186_ (removal check against rising-edge clock clk)
Path Group: asynchronous
Path Type: min

Fanout     Cap    Slew   Delay    Time   Description
-----------------------------------------------------------------------------
                          0.00    0.00   clock clk (rise edge)
                          0.00    0.00   clock network delay (propagated)
                          2.00    2.00 ^ input external delay
                  0.02    0.01    2.01 ^ rst_n (in)
     1    0.00                           rst_n (net)
                  0.02    0.00    2.01 ^ input13/A (sky130_fd_sc_hd__buf_1)
                  0.15    0.14    2.15 ^ input13/X (sky130_fd_sc_hd__buf_1)
     2    0.01                           net13 (net)
                  0.15    0.00    2.15 ^ fanout62/A (sky130_fd_sc_hd__clkbuf_2)
                  0.13    0.19    2.34 ^ fanout62/X (sky130_fd_sc_hd__clkbuf_2)
     5    0.02                           net62 (net)
                  0.13    0.00    2.34 ^ fanout54/A (sky130_fd_sc_hd__clkbuf_4)
                  0.13    0.22    2.56 ^ fanout54/X (sky130_fd_sc_hd__clkbuf_4)
     8    0.04                           net54 (net)
                  0.13    0.00    2.56 ^ fanout53/A (sky130_fd_sc_hd__clkbuf_4)
                  0.15    0.23    2.79 ^ fanout53/X (sky130_fd_sc_hd__clkbuf_4)
    10    0.05                           net53 (net)
                  0.15    0.00    2.79 ^ _1186_/SET_B (sky130_fd_sc_hd__dfstp_1)
                                  2.79   data arrival time

                          0.00    0.00   clock clk (rise edge)
                          0.00    0.00   clock source latency
                  0.15    0.11    0.11 ^ clk (in)
     1    0.03                           clk (net)
                  0.15    0.00    0.11 ^ clkbuf_0_clk/A (sky130_fd_sc_hd__clkbuf_16)
                  0.09    0.21    0.32 ^ clkbuf_0_clk/X (sky130_fd_sc_hd__clkbuf_16)
    16    0.07                           clknet_0_clk (net)
                  0.09    0.00    0.32 ^ clkbuf_4_1_0_clk/A (sky130_fd_sc_hd__clkbuf_8)
                  0.06    0.16    0.48 ^ clkbuf_4_1_0_clk/X (sky130_fd_sc_hd__clkbuf_8)
     8    0.03                           clknet_4_1_0_clk (net)
                  0.06    0.00    0.49 ^ _1186_/CLK (sky130_fd_sc_hd__dfstp_1)
                          0.25    0.74   clock uncertainty
                          0.00    0.74   clock reconvergence pessimism
                          0.15    0.89   library removal time
                                  0.89   data required time
-----------------------------------------------------------------------------
                                  0.89   data required time
                                 -2.79   data arrival time
-----------------------------------------------------------------------------
                                  1.91   slack (MET)


Startpoint: rst_n (input port clocked by clk)
Endpoint: _1152_ (removal check against rising-edge clock clk)
Path Group: asynchronous
Path Type: min

Fanout     Cap    Slew   Delay    Time   Description
-----------------------------------------------------------------------------
                          0.00    0.00   clock clk (rise edge)
                          0.00    0.00   clock network delay (propagated)
                          2.00    2.00 ^ input external delay
                  0.02    0.01    2.01 ^ rst_n (in)
     1    0.00                           rst_n (net)
                  0.02    0.00    2.01 ^ input13/A (sky130_fd_sc_hd__buf_1)
                  0.15    0.14    2.15 ^ input13/X (sky130_fd_sc_hd__buf_1)
     2    0.01                           net13 (net)
                  0.15    0.00    2.15 ^ fanout62/A (sky130_fd_sc_hd__clkbuf_2)
                  0.13    0.19    2.34 ^ fanout62/X (sky130_fd_sc_hd__clkbuf_2)
     5    0.02                           net62 (net)
                  0.13    0.00    2.34 ^ fanout54/A (sky130_fd_sc_hd__clkbuf_4)
                  0.13    0.22    2.56 ^ fanout54/X (sky130_fd_sc_hd__clkbuf_4)
     8    0.04                           net54 (net)
                  0.13    0.00    2.56 ^ fanout53/A (sky130_fd_sc_hd__clkbuf_4)
                  0.15    0.23    2.79 ^ fanout53/X (sky130_fd_sc_hd__clkbuf_4)
    10    0.05                           net53 (net)
                  0.15    0.00    2.79 ^ _1152_/SET_B (sky130_fd_sc_hd__dfstp_2)
                                  2.79   data arrival time

                          0.00    0.00   clock clk (rise edge)
                          0.00    0.00   clock source latency
                  0.15    0.11    0.11 ^ clk (in)
     1    0.03                           clk (net)
                  0.15    0.00    0.11 ^ clkbuf_0_clk/A (sky130_fd_sc_hd__clkbuf_16)
                  0.09    0.21    0.32 ^ clkbuf_0_clk/X (sky130_fd_sc_hd__clkbuf_16)
    16    0.07                           clknet_0_clk (net)
                  0.09    0.00    0.32 ^ clkbuf_4_0_0_clk/A (sky130_fd_sc_hd__clkbuf_8)
                  0.05    0.15    0.47 ^ clkbuf_4_0_0_clk/X (sky130_fd_sc_hd__clkbuf_8)
     9    0.02                           clknet_4_0_0_clk (net)
                  0.05    0.00    0.47 ^ _1152_/CLK (sky130_fd_sc_hd__dfstp_2)
                          0.25    0.72   clock uncertainty
                          0.00    0.72   clock reconvergence pessimism
                          0.15    0.87   library removal time
                                  0.87   data required time
-----------------------------------------------------------------------------
                                  0.87   data required time
                                 -2.79   data arrival time
-----------------------------------------------------------------------------
                                  1.92   slack (MET)


Startpoint: _1055_ (rising edge-triggered flip-flop clocked by clk)
Endpoint: uo_out[3] (output port clocked by clk)
Path Group: clk
Path Type: min

Fanout     Cap    Slew   Delay    Time   Description
-----------------------------------------------------------------------------
                          0.00    0.00   clock clk (rise edge)
                          0.00    0.00   clock source latency
                  0.15    0.10    0.10 ^ clk (in)
     1    0.03                           clk (net)
                  0.15    0.00    0.10 ^ clkbuf_0_clk/A (sky130_fd_sc_hd__clkbuf_16)
                  0.09    0.19    0.29 ^ clkbuf_0_clk/X (sky130_fd_sc_hd__clkbuf_16)
    16    0.07                           clknet_0_clk (net)
                  0.09    0.00    0.29 ^ clkbuf_4_11_0_clk/A (sky130_fd_sc_hd__clkbuf_8)
                  0.07    0.15    0.44 ^ clkbuf_4_11_0_clk/X (sky130_fd_sc_hd__clkbuf_8)
    10    0.03                           clknet_4_11_0_clk (net)
                  0.07    0.00    0.44 ^ _1055_/CLK (sky130_fd_sc_hd__dfrtp_4)
                  0.07    0.39    0.84 ^ _1055_/Q (sky130_fd_sc_hd__dfrtp_4)
     4    0.01                           net46 (net)
                  0.07    0.00    0.84 ^ output46/A (sky130_fd_sc_hd__clkbuf_4)
                  0.11    0.18    1.02 ^ output46/X (sky130_fd_sc_hd__clkbuf_4)
     1    0.03                           uo_out[3] (net)
                  0.11    0.00    1.02 ^ uo_out[3] (out)
                                  1.02   data arrival time

                          0.00    0.00   clock clk (rise edge)
                          0.00    0.00   clock network delay (propagated)
                          0.25    0.25   clock uncertainty
                          0.00    0.25   clock reconvergence pessimism
                         -2.00   -1.75   output external delay
                                 -1.75   data required time
-----------------------------------------------------------------------------
                                 -1.75   data required time
                                 -1.02   data arrival time
-----------------------------------------------------------------------------
                                  2.77   slack (MET)


Startpoint: _1057_ (rising edge-triggered flip-flop clocked by clk)
Endpoint: uo_out[1] (output port clocked by clk)
Path Group: clk
Path Type: min

Fanout     Cap    Slew   Delay    Time   Description
-----------------------------------------------------------------------------
                          0.00    0.00   clock clk (rise edge)
                          0.00    0.00   clock source latency
                  0.15    0.10    0.10 ^ clk (in)
     1    0.03                           clk (net)
                  0.15    0.00    0.10 ^ clkbuf_0_clk/A (sky130_fd_sc_hd__clkbuf_16)
                  0.09    0.19    0.29 ^ clkbuf_0_clk/X (sky130_fd_sc_hd__clkbuf_16)
    16    0.07                           clknet_0_clk (net)
                  0.09    0.00    0.29 ^ clkbuf_4_12_0_clk/A (sky130_fd_sc_hd__clkbuf_8)
                  0.05    0.14    0.43 ^ clkbuf_4_12_0_clk/X (sky130_fd_sc_hd__clkbuf_8)
     7    0.02                           clknet_4_12_0_clk (net)
                  0.05    0.00    0.43 ^ _1057_/CLK (sky130_fd_sc_hd__dfrtp_4)
                  0.10    0.43    0.86 ^ _1057_/Q (sky130_fd_sc_hd__dfrtp_4)
     2    0.03                           net44 (net)
                  0.10    0.00    0.86 ^ output44/A (sky130_fd_sc_hd__clkbuf_4)
                  0.11    0.20    1.06 ^ output44/X (sky130_fd_sc_hd__clkbuf_4)
     1    0.03                           uo_out[1] (net)
                  0.11    0.00    1.06 ^ uo_out[1] (out)
                                  1.06   data arrival time

                          0.00    0.00   clock clk (rise edge)
                          0.00    0.00   clock network delay (propagated)
                          0.25    0.25   clock uncertainty
                          0.00    0.25   clock reconvergence pessimism
                         -2.00   -1.75   output external delay
                                 -1.75   data required time
-----------------------------------------------------------------------------
                                 -1.75   data required time
                                 -1.06   data arrival time
-----------------------------------------------------------------------------
                                  2.81   slack (MET)


Startpoint: _1058_ (rising edge-triggered flip-flop clocked by clk)
Endpoint: uo_out[2] (output port clocked by clk)
Path Group: clk
Path Type: min

Fanout     Cap    Slew   Delay    Time   Description
-----------------------------------------------------------------------------
                          0.00    0.00   clock clk (rise edge)
                          0.00    0.00   clock source latency
                  0.15    0.10    0.10 ^ clk (in)
     1    0.03                           clk (net)
                  0.15    0.00    0.10 ^ clkbuf_0_clk/A (sky130_fd_sc_hd__clkbuf_16)
                  0.09    0.19    0.29 ^ clkbuf_0_clk/X (sky130_fd_sc_hd__clkbuf_16)
    16    0.07                           clknet_0_clk (net)
                  0.09    0.00    0.29 ^ clkbuf_4_15_0_clk/A (sky130_fd_sc_hd__clkbuf_8)
                  0.05    0.14    0.43 ^ clkbuf_4_15_0_clk/X (sky130_fd_sc_hd__clkbuf_8)
     6    0.02                           clknet_4_15_0_clk (net)
                  0.05    0.00    0.43 ^ _1058_/CLK (sky130_fd_sc_hd__dfrtp_4)
                  0.11    0.43    0.86 ^ _1058_/Q (sky130_fd_sc_hd__dfrtp_4)
     3    0.03                           net45 (net)
                  0.11    0.00    0.87 ^ output45/A (sky130_fd_sc_hd__clkbuf_4)
                  0.11    0.20    1.06 ^ output45/X (sky130_fd_sc_hd__clkbuf_4)
     1    0.03                           uo_out[2] (net)
                  0.11    0.00    1.06 ^ uo_out[2] (out)
                                  1.06   data arrival time

                          0.00    0.00   clock clk (rise edge)
                          0.00    0.00   clock network delay (propagated)
                          0.25    0.25   clock uncertainty
                          0.00    0.25   clock reconvergence pessimism
                         -2.00   -1.75   output external delay
                                 -1.75   data required time
-----------------------------------------------------------------------------
                                 -1.75   data required time
                                 -1.06   data arrival time
-----------------------------------------------------------------------------
                                  2.81   slack (MET)


Startpoint: _1055_ (rising edge-triggered flip-flop clocked by clk)
Endpoint: user_interrupt (output port clocked by clk)
Path Group: clk
Path Type: min

Fanout     Cap    Slew   Delay    Time   Description
-----------------------------------------------------------------------------
                          0.00    0.00   clock clk (rise edge)
                          0.00    0.00   clock source latency
                  0.15    0.10    0.10 ^ clk (in)
     1    0.03                           clk (net)
                  0.15    0.00    0.10 ^ clkbuf_0_clk/A (sky130_fd_sc_hd__clkbuf_16)
                  0.09    0.19    0.29 ^ clkbuf_0_clk/X (sky130_fd_sc_hd__clkbuf_16)
    16    0.07                           clknet_0_clk (net)
                  0.09    0.00    0.29 ^ clkbuf_4_11_0_clk/A (sky130_fd_sc_hd__clkbuf_8)
                  0.07    0.15    0.44 ^ clkbuf_4_11_0_clk/X (sky130_fd_sc_hd__clkbuf_8)
    10    0.03                           clknet_4_11_0_clk (net)
                  0.07    0.00    0.44 ^ _1055_/CLK (sky130_fd_sc_hd__dfrtp_4)
                  0.07    0.39    0.84 ^ _1055_/Q (sky130_fd_sc_hd__dfrtp_4)
     4    0.01                           net46 (net)
                  0.07    0.00    0.84 ^ _1206_/A (sky130_fd_sc_hd__clkbuf_1)
                  0.06    0.09    0.93 ^ _1206_/X (sky130_fd_sc_hd__clkbuf_1)
     1    0.00                           net47 (net)
                  0.06    0.00    0.93 ^ output47/A (sky130_fd_sc_hd__clkbuf_4)
                  0.12    0.19    1.11 ^ output47/X (sky130_fd_sc_hd__clkbuf_4)
     1    0.04                           user_interrupt (net)
                  0.12    0.00    1.12 ^ user_interrupt (out)
                                  1.12   data arrival time

                          0.00    0.00   clock clk (rise edge)
                          0.00    0.00   clock network delay (propagated)
                          0.25    0.25   clock uncertainty
                          0.00    0.25   clock reconvergence pessimism
                         -2.00   -1.75   output external delay
                                 -1.75   data required time
-----------------------------------------------------------------------------
                                 -1.75   data required time
                                 -1.12   data arrival time
-----------------------------------------------------------------------------
                                  2.87   slack (MET)


Startpoint: _1066_ (rising edge-triggered flip-flop clocked by clk)
Endpoint: data_out[2] (output port clocked by clk)
Path Group: clk
Path Type: min

Fanout     Cap    Slew   Delay    Time   Description
-----------------------------------------------------------------------------
                          0.00    0.00   clock clk (rise edge)
                          0.00    0.00   clock source latency
                  0.15    0.10    0.10 ^ clk (in)
     1    0.03                           clk (net)
                  0.15    0.00    0.10 ^ clkbuf_0_clk/A (sky130_fd_sc_hd__clkbuf_16)
                  0.09    0.19    0.29 ^ clkbuf_0_clk/X (sky130_fd_sc_hd__clkbuf_16)
    16    0.07                           clknet_0_clk (net)
                  0.09    0.00    0.29 ^ clkbuf_4_12_0_clk/A (sky130_fd_sc_hd__clkbuf_8)
                  0.05    0.14    0.43 ^ clkbuf_4_12_0_clk/X (sky130_fd_sc_hd__clkbuf_8)
     7    0.02                           clknet_4_12_0_clk (net)
                  0.05    0.00    0.43 ^ _1066_/CLK (sky130_fd_sc_hd__dfrtp_1)
                  0.10    0.34    0.78 ^ _1066_/Q (sky130_fd_sc_hd__dfrtp_1)
     4    0.01                           wifi_count_reg[2] (net)
                  0.10    0.00    0.78 ^ _0575_/B2 (sky130_fd_sc_hd__a221o_1)
                  0.05    0.14    0.92 ^ _0575_/X (sky130_fd_sc_hd__a221o_1)
     1    0.00                           _0188_ (net)
                  0.05    0.00    0.92 ^ _0576_/A2 (sky130_fd_sc_hd__o21a_1)
                  0.04    0.09    1.01 ^ _0576_/X (sky130_fd_sc_hd__o21a_1)
     1    0.00                           net35 (net)
                  0.04    0.00    1.01 ^ output35/A (sky130_fd_sc_hd__clkbuf_4)
                  0.11    0.17    1.18 ^ output35/X (sky130_fd_sc_hd__clkbuf_4)
     1    0.03                           data_out[2] (net)
                  0.11    0.00    1.18 ^ data_out[2] (out)
                                  1.18   data arrival time

                          0.00    0.00   clock clk (rise edge)
                          0.00    0.00   clock network delay (propagated)
                          0.25    0.25   clock uncertainty
                          0.00    0.25   clock reconvergence pessimism
                         -2.00   -1.75   output external delay
                                 -1.75   data required time
-----------------------------------------------------------------------------
                                 -1.75   data required time
                                 -1.18   data arrival time
-----------------------------------------------------------------------------
                                  2.93   slack (MET)


Startpoint: _1098_ (rising edge-triggered flip-flop clocked by clk)
Endpoint: uo_out[0] (output port clocked by clk)
Path Group: clk
Path Type: min

Fanout     Cap    Slew   Delay    Time   Description
-----------------------------------------------------------------------------
                          0.00    0.00   clock clk (rise edge)
                          0.00    0.00   clock source latency
                  0.15    0.10    0.10 ^ clk (in)
     1    0.03                           clk (net)
                  0.15    0.00    0.10 ^ clkbuf_0_clk/A (sky130_fd_sc_hd__clkbuf_16)
                  0.09    0.19    0.29 ^ clkbuf_0_clk/X (sky130_fd_sc_hd__clkbuf_16)
    16    0.07                           clknet_0_clk (net)
                  0.09    0.00    0.29 ^ clkbuf_4_11_0_clk/A (sky130_fd_sc_hd__clkbuf_8)
                  0.07    0.15    0.44 ^ clkbuf_4_11_0_clk/X (sky130_fd_sc_hd__clkbuf_8)
    10    0.03                           clknet_4_11_0_clk (net)
                  0.07    0.00    0.44 ^ _1098_/CLK (sky130_fd_sc_hd__dfrtp_1)
                  0.10    0.35    0.80 ^ _1098_/Q (sky130_fd_sc_hd__dfrtp_1)
     3    0.01                           ctrl_pulse_mode (net)
                  0.10    0.00    0.80 ^ _0583_/S (sky130_fd_sc_hd__mux2_1)
                  0.04    0.14    0.93 ^ _0583_/X (sky130_fd_sc_hd__mux2_1)
     1    0.00                           _0194_ (net)
                  0.04    0.00    0.93 ^ _0584_/A (sky130_fd_sc_hd__buf_1)
                  0.07    0.09    1.03 ^ _0584_/X (sky130_fd_sc_hd__buf_1)
     2    0.00                           net43 (net)
                  0.07    0.00    1.03 ^ output43/A (sky130_fd_sc_hd__clkbuf_4)
                  0.11    0.18    1.21 ^ output43/X (sky130_fd_sc_hd__clkbuf_4)
     1    0.03                           uo_out[0] (net)
                  0.11    0.00    1.21 ^ uo_out[0] (out)
                                  1.21   data arrival time

                          0.00    0.00   clock clk (rise edge)
                          0.00    0.00   clock network delay (propagated)
                          0.25    0.25   clock uncertainty
                          0.00    0.25   clock reconvergence pessimism
                         -2.00   -1.75   output external delay
                                 -1.75   data required time
-----------------------------------------------------------------------------
                                 -1.75   data required time
                                 -1.21   data arrival time
-----------------------------------------------------------------------------
                                  2.96   slack (MET)


Startpoint: _1067_ (rising edge-triggered flip-flop clocked by clk)
Endpoint: data_out[3] (output port clocked by clk)
Path Group: clk
Path Type: min

Fanout     Cap    Slew   Delay    Time   Description
-----------------------------------------------------------------------------
                          0.00    0.00   clock clk (rise edge)
                          0.00    0.00   clock source latency
                  0.15    0.10    0.10 ^ clk (in)
     1    0.03                           clk (net)
                  0.15    0.00    0.10 ^ clkbuf_0_clk/A (sky130_fd_sc_hd__clkbuf_16)
                  0.09    0.19    0.29 ^ clkbuf_0_clk/X (sky130_fd_sc_hd__clkbuf_16)
    16    0.07                           clknet_0_clk (net)
                  0.09    0.00    0.29 ^ clkbuf_4_12_0_clk/A (sky130_fd_sc_hd__clkbuf_8)
                  0.05    0.14    0.43 ^ clkbuf_4_12_0_clk/X (sky130_fd_sc_hd__clkbuf_8)
     7    0.02                           clknet_4_12_0_clk (net)
                  0.05    0.00    0.43 ^ _1067_/CLK (sky130_fd_sc_hd__dfrtp_1)
                  0.14    0.38    0.81 ^ _1067_/Q (sky130_fd_sc_hd__dfrtp_1)
     4    0.01                           wifi_count_reg[3] (net)
                  0.14    0.00    0.81 ^ _0579_/B2 (sky130_fd_sc_hd__a221o_1)
                  0.05    0.15    0.96 ^ _0579_/X (sky130_fd_sc_hd__a221o_1)
     1    0.00                           _0191_ (net)
                  0.05    0.00    0.96 ^ _0580_/A2 (sky130_fd_sc_hd__o21a_2)
                  0.03    0.10    1.06 ^ _0580_/X (sky130_fd_sc_hd__o21a_2)
     1    0.00                           net36 (net)
                  0.03    0.00    1.06 ^ output36/A (sky130_fd_sc_hd__clkbuf_4)
                  0.11    0.17    1.23 ^ output36/X (sky130_fd_sc_hd__clkbuf_4)
     1    0.03                           data_out[3] (net)
                  0.11    0.00    1.23 ^ data_out[3] (out)
                                  1.23   data arrival time

                          0.00    0.00   clock clk (rise edge)
                          0.00    0.00   clock network delay (propagated)
                          0.25    0.25   clock uncertainty
                          0.00    0.25   clock reconvergence pessimism
                         -2.00   -1.75   output external delay
                                 -1.75   data required time
-----------------------------------------------------------------------------
                                 -1.75   data required time
                                 -1.23   data arrival time
-----------------------------------------------------------------------------
                                  2.98   slack (MET)


Startpoint: _1129_ (rising edge-triggered flip-flop clocked by clk)
Endpoint: data_out[21] (output port clocked by clk)
Path Group: clk
Path Type: min

Fanout     Cap    Slew   Delay    Time   Description
-----------------------------------------------------------------------------
                          0.00    0.00   clock clk (rise edge)
                          0.00    0.00   clock source latency
                  0.15    0.10    0.10 ^ clk (in)
     1    0.03                           clk (net)
                  0.15    0.00    0.10 ^ clkbuf_0_clk/A (sky130_fd_sc_hd__clkbuf_16)
                  0.09    0.19    0.29 ^ clkbuf_0_clk/X (sky130_fd_sc_hd__clkbuf_16)
    16    0.07                           clknet_0_clk (net)
                  0.09    0.00    0.29 ^ clkbuf_4_9_0_clk/A (sky130_fd_sc_hd__clkbuf_8)
                  0.05    0.14    0.43 ^ clkbuf_4_9_0_clk/X (sky130_fd_sc_hd__clkbuf_8)
     7    0.02                           clknet_4_9_0_clk (net)
                  0.05    0.00    0.44 ^ _1129_/CLK (sky130_fd_sc_hd__dfrtp_2)
                  0.10    0.37    0.81 ^ _1129_/Q (sky130_fd_sc_hd__dfrtp_2)
     5    0.02                           spi_fail_count[0] (net)
                  0.10    0.00    0.81 ^ _0638_/A (sky130_fd_sc_hd__and3_1)
                  0.09    0.18    0.99 ^ _0638_/X (sky130_fd_sc_hd__and3_1)
     1    0.01                           _0231_ (net)
                  0.09    0.00    0.99 ^ _0639_/A (sky130_fd_sc_hd__clkbuf_1)
                  0.04    0.09    1.08 ^ _0639_/X (sky130_fd_sc_hd__clkbuf_1)
     1    0.00                           net31 (net)
                  0.04    0.00    1.08 ^ output31/A (sky130_fd_sc_hd__clkbuf_4)
                  0.11    0.17    1.25 ^ output31/X (sky130_fd_sc_hd__clkbuf_4)
     1    0.03                           data_out[21] (net)
                  0.11    0.00    1.25 ^ data_out[21] (out)
                                  1.25   data arrival time

                          0.00    0.00   clock clk (rise edge)
                          0.00    0.00   clock network delay (propagated)
                          0.25    0.25   clock uncertainty
                          0.00    0.25   clock reconvergence pessimism
                         -2.00   -1.75   output external delay
                                 -1.75   data required time
-----------------------------------------------------------------------------
                                 -1.75   data required time
                                 -1.25   data arrival time
-----------------------------------------------------------------------------
                                  3.00   slack (MET)


Startpoint: _1107_ (rising edge-triggered flip-flop clocked by clk)
Endpoint: data_out[20] (output port clocked by clk)
Path Group: clk
Path Type: min

Fanout     Cap    Slew   Delay    Time   Description
-----------------------------------------------------------------------------
                          0.00    0.00   clock clk (rise edge)
                          0.00    0.00   clock source latency
                  0.15    0.10    0.10 ^ clk (in)
     1    0.03                           clk (net)
                  0.15    0.00    0.10 ^ clkbuf_0_clk/A (sky130_fd_sc_hd__clkbuf_16)
                  0.09    0.19    0.29 ^ clkbuf_0_clk/X (sky130_fd_sc_hd__clkbuf_16)
    16    0.07                           clknet_0_clk (net)
                  0.09    0.00    0.29 ^ clkbuf_4_4_0_clk/A (sky130_fd_sc_hd__clkbuf_8)
                  0.05    0.14    0.43 ^ clkbuf_4_4_0_clk/X (sky130_fd_sc_hd__clkbuf_8)
     7    0.02                           clknet_4_4_0_clk (net)
                  0.05    0.00    0.44 ^ _1107_/CLK (sky130_fd_sc_hd__dfrtp_1)
                  0.07    0.37    0.81 v _1107_/Q (sky130_fd_sc_hd__dfrtp_1)
     3    0.01                           last_spi_seq_valid (net)
                  0.07    0.00    0.81 v _0636_/A (sky130_fd_sc_hd__and3_1)
                  0.04    0.15    0.96 v _0636_/X (sky130_fd_sc_hd__and3_1)
     1    0.00                           _0230_ (net)
                  0.04    0.00    0.96 v _0637_/A (sky130_fd_sc_hd__buf_1)
                  0.06    0.11    1.07 v _0637_/X (sky130_fd_sc_hd__buf_1)
     1    0.01                           net30 (net)
                  0.06    0.00    1.07 v output30/A (sky130_fd_sc_hd__clkbuf_4)
                  0.08    0.18    1.25 v output30/X (sky130_fd_sc_hd__clkbuf_4)
     1    0.03                           data_out[20] (net)
                  0.08    0.00    1.25 v data_out[20] (out)
                                  1.25   data arrival time

                          0.00    0.00   clock clk (rise edge)
                          0.00    0.00   clock network delay (propagated)
                          0.25    0.25   clock uncertainty
                          0.00    0.25   clock reconvergence pessimism
                         -2.00   -1.75   output external delay
                                 -1.75   data required time
-----------------------------------------------------------------------------
                                 -1.75   data required time
                                 -1.25   data arrival time
-----------------------------------------------------------------------------
                                  3.00   slack (MET)


Startpoint: _1191_ (rising edge-triggered flip-flop clocked by clk)
Endpoint: data_out[6] (output port clocked by clk)
Path Group: clk
Path Type: min

Fanout     Cap    Slew   Delay    Time   Description
-----------------------------------------------------------------------------
                          0.00    0.00   clock clk (rise edge)
                          0.00    0.00   clock source latency
                  0.15    0.10    0.10 ^ clk (in)
     1    0.03                           clk (net)
                  0.15    0.00    0.10 ^ clkbuf_0_clk/A (sky130_fd_sc_hd__clkbuf_16)
                  0.09    0.19    0.29 ^ clkbuf_0_clk/X (sky130_fd_sc_hd__clkbuf_16)
    16    0.07                           clknet_0_clk (net)
                  0.09    0.00    0.29 ^ clkbuf_4_11_0_clk/A (sky130_fd_sc_hd__clkbuf_8)
                  0.07    0.15    0.44 ^ clkbuf_4_11_0_clk/X (sky130_fd_sc_hd__clkbuf_8)
    10    0.03                           clknet_4_11_0_clk (net)
                  0.07    0.00    0.44 ^ _1191_/CLK (sky130_fd_sc_hd__dfrtp_1)
                  0.07    0.32    0.77 ^ _1191_/Q (sky130_fd_sc_hd__dfrtp_1)
     3    0.01                           loop_inactive_stable (net)
                  0.07    0.00    0.77 ^ _0594_/A1 (sky130_fd_sc_hd__a21o_1)
                  0.03    0.10    0.87 ^ _0594_/X (sky130_fd_sc_hd__a21o_1)
     1    0.00                           _0202_ (net)
                  0.03    0.00    0.87 ^ _0595_/B (sky130_fd_sc_hd__and2_1)
                  0.08    0.13    0.99 ^ _0595_/X (sky130_fd_sc_hd__and2_1)
     1    0.01                           _0203_ (net)
                  0.08    0.00    0.99 ^ _0596_/A (sky130_fd_sc_hd__clkbuf_1)
                  0.05    0.09    1.08 ^ _0596_/X (sky130_fd_sc_hd__clkbuf_1)
     1    0.00                           net39 (net)
                  0.05    0.00    1.08 ^ output39/A (sky130_fd_sc_hd__clkbuf_4)
                  0.11    0.18    1.26 ^ output39/X (sky130_fd_sc_hd__clkbuf_4)
     1    0.03                           data_out[6] (net)
                  0.11    0.00    1.26 ^ data_out[6] (out)
                                  1.26   data arrival time

                          0.00    0.00   clock clk (rise edge)
                          0.00    0.00   clock network delay (propagated)
                          0.25    0.25   clock uncertainty
                          0.00    0.25   clock reconvergence pessimism
                         -2.00   -1.75   output external delay
                                 -1.75   data required time
-----------------------------------------------------------------------------
                                 -1.75   data required time
                                 -1.26   data arrival time
-----------------------------------------------------------------------------
                                  3.01   slack (MET)


Startpoint: _1110_ (rising edge-triggered flip-flop clocked by clk)
Endpoint: data_out[19] (output port clocked by clk)
Path Group: clk
Path Type: min

Fanout     Cap    Slew   Delay    Time   Description
-----------------------------------------------------------------------------
                          0.00    0.00   clock clk (rise edge)
                          0.00    0.00   clock source latency
                  0.15    0.10    0.10 ^ clk (in)
     1    0.03                           clk (net)
                  0.15    0.00    0.10 ^ clkbuf_0_clk/A (sky130_fd_sc_hd__clkbuf_16)
                  0.09    0.19    0.29 ^ clkbuf_0_clk/X (sky130_fd_sc_hd__clkbuf_16)
    16    0.07                           clknet_0_clk (net)
                  0.09    0.00    0.29 ^ clkbuf_4_5_0_clk/A (sky130_fd_sc_hd__clkbuf_8)
                  0.06    0.15    0.44 ^ clkbuf_4_5_0_clk/X (sky130_fd_sc_hd__clkbuf_8)
     9    0.03                           clknet_4_5_0_clk (net)
                  0.06    0.00    0.44 ^ _1110_/CLK (sky130_fd_sc_hd__dfrtp_1)
                  0.04    0.34    0.78 v _1110_/Q (sky130_fd_sc_hd__dfrtp_1)
     1    0.00                           spi_last_pkt_accepted (net)
                  0.04    0.00    0.78 v _0634_/A (sky130_fd_sc_hd__and3_1)
                  0.09    0.18    0.96 v _0634_/X (sky130_fd_sc_hd__and3_1)
     1    0.02                           _0229_ (net)
                  0.09    0.00    0.96 v _0635_/A (sky130_fd_sc_hd__buf_1)
                  0.05    0.12    1.08 v _0635_/X (sky130_fd_sc_hd__buf_1)
     1    0.01                           net28 (net)
                  0.05    0.00    1.08 v output28/A (sky130_fd_sc_hd__clkbuf_4)
                  0.08    0.18    1.26 v output28/X (sky130_fd_sc_hd__clkbuf_4)
     1    0.03                           data_out[19] (net)
                  0.08    0.00    1.26 v data_out[19] (out)
                                  1.26   data arrival time

                          0.00    0.00   clock clk (rise edge)
                          0.00    0.00   clock network delay (propagated)
                          0.25    0.25   clock uncertainty
                          0.00    0.25   clock reconvergence pessimism
                         -2.00   -1.75   output external delay
                                 -1.75   data required time
-----------------------------------------------------------------------------
                                 -1.75   data required time
                                 -1.26   data arrival time
-----------------------------------------------------------------------------
                                  3.01   slack (MET)


Startpoint: _1109_ (rising edge-triggered flip-flop clocked by clk)
Endpoint: data_out[17] (output port clocked by clk)
Path Group: clk
Path Type: min

Fanout     Cap    Slew   Delay    Time   Description
-----------------------------------------------------------------------------
                          0.00    0.00   clock clk (rise edge)
                          0.00    0.00   clock source latency
                  0.15    0.10    0.10 ^ clk (in)
     1    0.03                           clk (net)
                  0.15    0.00    0.10 ^ clkbuf_0_clk/A (sky130_fd_sc_hd__clkbuf_16)
                  0.09    0.19    0.29 ^ clkbuf_0_clk/X (sky130_fd_sc_hd__clkbuf_16)
    16    0.07                           clknet_0_clk (net)
                  0.09    0.00    0.29 ^ clkbuf_4_3_0_clk/A (sky130_fd_sc_hd__clkbuf_8)
                  0.06    0.15    0.44 ^ clkbuf_4_3_0_clk/X (sky130_fd_sc_hd__clkbuf_8)
    10    0.03                           clknet_4_3_0_clk (net)
                  0.06    0.00    0.44 ^ _1109_/CLK (sky130_fd_sc_hd__dfrtp_1)
                  0.07    0.33    0.77 ^ _1109_/Q (sky130_fd_sc_hd__dfrtp_1)
     2    0.01                           spi_last_seq_ok (net)
                  0.07    0.00    0.77 ^ _0629_/A1 (sky130_fd_sc_hd__a22o_1)
                  0.05    0.13    0.90 ^ _0629_/X (sky130_fd_sc_hd__a22o_1)
     1    0.00                           _0226_ (net)
                  0.05    0.00    0.90 ^ _0630_/B (sky130_fd_sc_hd__and2_1)
                  0.04    0.10    1.00 ^ _0630_/X (sky130_fd_sc_hd__and2_1)
     1    0.00                           _0227_ (net)
                  0.04    0.00    1.00 ^ _0631_/A (sky130_fd_sc_hd__clkbuf_1)
                  0.05    0.08    1.08 ^ _0631_/X (sky130_fd_sc_hd__clkbuf_1)
     1    0.00                           net26 (net)
                  0.05    0.00    1.08 ^ output26/A (sky130_fd_sc_hd__clkbuf_4)
                  0.11    0.18    1.26 ^ output26/X (sky130_fd_sc_hd__clkbuf_4)
     1    0.03                           data_out[17] (net)
                  0.11    0.00    1.26 ^ data_out[17] (out)
                                  1.26   data arrival time

                          0.00    0.00   clock clk (rise edge)
                          0.00    0.00   clock network delay (propagated)
                          0.25    0.25   clock uncertainty
                          0.00    0.25   clock reconvergence pessimism
                         -2.00   -1.75   output external delay
                                 -1.75   data required time
-----------------------------------------------------------------------------
                                 -1.75   data required time
                                 -1.26   data arrival time
-----------------------------------------------------------------------------
                                  3.01   slack (MET)


Startpoint: _1112_ (rising edge-triggered flip-flop clocked by clk)
Endpoint: data_out[23] (output port clocked by clk)
Path Group: clk
Path Type: min

Fanout     Cap    Slew   Delay    Time   Description
-----------------------------------------------------------------------------
                          0.00    0.00   clock clk (rise edge)
                          0.00    0.00   clock source latency
                  0.15    0.10    0.10 ^ clk (in)
     1    0.03                           clk (net)
                  0.15    0.00    0.10 ^ clkbuf_0_clk/A (sky130_fd_sc_hd__clkbuf_16)
                  0.09    0.19    0.29 ^ clkbuf_0_clk/X (sky130_fd_sc_hd__clkbuf_16)
    16    0.07                           clknet_0_clk (net)
                  0.09    0.00    0.29 ^ clkbuf_4_8_0_clk/A (sky130_fd_sc_hd__clkbuf_8)
                  0.05    0.14    0.43 ^ clkbuf_4_8_0_clk/X (sky130_fd_sc_hd__clkbuf_8)
     9    0.02                           clknet_4_8_0_clk (net)
                  0.05    0.00    0.43 ^ _1112_/CLK (sky130_fd_sc_hd__dfrtp_2)
                  0.07    0.41    0.83 v _1112_/Q (sky130_fd_sc_hd__dfrtp_2)
     5    0.02                           spi_lockout_active (net)
                  0.07    0.00    0.84 v _0642_/A (sky130_fd_sc_hd__and3_1)
                  0.06    0.17    1.01 v _0642_/X (sky130_fd_sc_hd__and3_1)
     1    0.01                           _0233_ (net)
                  0.06    0.00    1.01 v _0643_/A (sky130_fd_sc_hd__clkbuf_1)
                  0.03    0.09    1.10 v _0643_/X (sky130_fd_sc_hd__clkbuf_1)
     1    0.00                           net33 (net)
                  0.03    0.00    1.10 v output33/A (sky130_fd_sc_hd__buf_2)
                  0.09    0.16    1.27 v output33/X (sky130_fd_sc_hd__buf_2)
     1    0.03                           data_out[23] (net)
                  0.09    0.00    1.27 v data_out[23] (out)
                                  1.27   data arrival time

                          0.00    0.00   clock clk (rise edge)
                          0.00    0.00   clock network delay (propagated)
                          0.25    0.25   clock uncertainty
                          0.00    0.25   clock reconvergence pessimism
                         -2.00   -1.75   output external delay
                                 -1.75   data required time
-----------------------------------------------------------------------------
                                 -1.75   data required time
                                 -1.27   data arrival time
-----------------------------------------------------------------------------
                                  3.02   slack (MET)


Startpoint: _1179_ (rising edge-triggered flip-flop clocked by clk)
Endpoint: data_out[7] (output port clocked by clk)
Path Group: clk
Path Type: min

Fanout     Cap    Slew   Delay    Time   Description
-----------------------------------------------------------------------------
                          0.00    0.00   clock clk (rise edge)
                          0.00    0.00   clock source latency
                  0.15    0.10    0.10 ^ clk (in)
     1    0.03                           clk (net)
                  0.15    0.00    0.10 ^ clkbuf_0_clk/A (sky130_fd_sc_hd__clkbuf_16)
                  0.09    0.19    0.29 ^ clkbuf_0_clk/X (sky130_fd_sc_hd__clkbuf_16)
    16    0.07                           clknet_0_clk (net)
                  0.09    0.00    0.29 ^ clkbuf_4_1_0_clk/A (sky130_fd_sc_hd__clkbuf_8)
                  0.06    0.15    0.44 ^ clkbuf_4_1_0_clk/X (sky130_fd_sc_hd__clkbuf_8)
     8    0.03                           clknet_4_1_0_clk (net)
                  0.06    0.00    0.44 ^ _1179_/CLK (sky130_fd_sc_hd__dfrtp_1)
                  0.07    0.33    0.77 ^ _1179_/Q (sky130_fd_sc_hd__dfrtp_1)
     2    0.01                           spi_tag_r[7] (net)
                  0.07    0.00    0.77 ^ _0598_/A1 (sky130_fd_sc_hd__a22o_1)
                  0.04    0.13    0.89 ^ _0598_/X (sky130_fd_sc_hd__a22o_1)
     1    0.00                           _0205_ (net)
                  0.04    0.00    0.89 ^ _0599_/B (sky130_fd_sc_hd__and2_1)
                  0.04    0.10    1.00 ^ _0599_/X (sky130_fd_sc_hd__and2_1)
     1    0.00                           _0206_ (net)
                  0.04    0.00    1.00 ^ _0600_/A (sky130_fd_sc_hd__clkbuf_1)
                  0.07    0.09    1.09 ^ _0600_/X (sky130_fd_sc_hd__clkbuf_1)
     1    0.01                           net40 (net)
                  0.07    0.00    1.09 ^ output40/A (sky130_fd_sc_hd__clkbuf_4)
                  0.11    0.18    1.28 ^ output40/X (sky130_fd_sc_hd__clkbuf_4)
     1    0.03                           data_out[7] (net)
                  0.11    0.00    1.28 ^ data_out[7] (out)
                                  1.28   data arrival time

                          0.00    0.00   clock clk (rise edge)
                          0.00    0.00   clock network delay (propagated)
                          0.25    0.25   clock uncertainty
                          0.00    0.25   clock reconvergence pessimism
                         -2.00   -1.75   output external delay
                                 -1.75   data required time
-----------------------------------------------------------------------------
                                 -1.75   data required time
                                 -1.28   data arrival time
-----------------------------------------------------------------------------
                                  3.03   slack (MET)


Startpoint: _1130_ (rising edge-triggered flip-flop clocked by clk)
Endpoint: data_out[22] (output port clocked by clk)
Path Group: clk
Path Type: min

Fanout     Cap    Slew   Delay    Time   Description
-----------------------------------------------------------------------------
                          0.00    0.00   clock clk (rise edge)
                          0.00    0.00   clock source latency
                  0.15    0.10    0.10 ^ clk (in)
     1    0.03                           clk (net)
                  0.15    0.00    0.10 ^ clkbuf_0_clk/A (sky130_fd_sc_hd__clkbuf_16)
                  0.09    0.19    0.29 ^ clkbuf_0_clk/X (sky130_fd_sc_hd__clkbuf_16)
    16    0.07                           clknet_0_clk (net)
                  0.09    0.00    0.29 ^ clkbuf_4_9_0_clk/A (sky130_fd_sc_hd__clkbuf_8)
                  0.05    0.14    0.43 ^ clkbuf_4_9_0_clk/X (sky130_fd_sc_hd__clkbuf_8)
     7    0.02                           clknet_4_9_0_clk (net)
                  0.05    0.00    0.44 ^ _1130_/CLK (sky130_fd_sc_hd__dfrtp_1)
                  0.07    0.38    0.81 v _1130_/Q (sky130_fd_sc_hd__dfrtp_1)
     5    0.01                           spi_fail_count[1] (net)
                  0.07    0.00    0.81 v _0640_/A (sky130_fd_sc_hd__and3_1)
                  0.08    0.19    1.00 v _0640_/X (sky130_fd_sc_hd__and3_1)
     1    0.01                           _0232_ (net)
                  0.08    0.00    1.00 v _0641_/A (sky130_fd_sc_hd__clkbuf_1)
                  0.04    0.10    1.11 v _0641_/X (sky130_fd_sc_hd__clkbuf_1)
     1    0.00                           net32 (net)
                  0.04    0.00    1.11 v output32/A (sky130_fd_sc_hd__clkbuf_4)
                  0.09    0.17    1.28 v output32/X (sky130_fd_sc_hd__clkbuf_4)
     1    0.04                           data_out[22] (net)
                  0.09    0.00    1.28 v data_out[22] (out)
                                  1.28   data arrival time

                          0.00    0.00   clock clk (rise edge)
                          0.00    0.00   clock network delay (propagated)
                          0.25    0.25   clock uncertainty
                          0.00    0.25   clock reconvergence pessimism
                         -2.00   -1.75   output external delay
                                 -1.75   data required time
-----------------------------------------------------------------------------
                                 -1.75   data required time
                                 -1.28   data arrival time
-----------------------------------------------------------------------------
                                  3.03   slack (MET)


Startpoint: _1111_ (rising edge-triggered flip-flop clocked by clk)
Endpoint: data_out[18] (output port clocked by clk)
Path Group: clk
Path Type: min

Fanout     Cap    Slew   Delay    Time   Description
-----------------------------------------------------------------------------
                          0.00    0.00   clock clk (rise edge)
                          0.00    0.00   clock source latency
                  0.15    0.10    0.10 ^ clk (in)
     1    0.03                           clk (net)
                  0.15    0.00    0.10 ^ clkbuf_0_clk/A (sky130_fd_sc_hd__clkbuf_16)
                  0.09    0.19    0.29 ^ clkbuf_0_clk/X (sky130_fd_sc_hd__clkbuf_16)
    16    0.07                           clknet_0_clk (net)
                  0.09    0.00    0.29 ^ clkbuf_4_6_0_clk/A (sky130_fd_sc_hd__clkbuf_8)
                  0.06    0.14    0.44 ^ clkbuf_4_6_0_clk/X (sky130_fd_sc_hd__clkbuf_8)
     8    0.02                           clknet_4_6_0_clk (net)
                  0.06    0.00    0.44 ^ _1111_/CLK (sky130_fd_sc_hd__dfrtp_1)
                  0.05    0.35    0.79 v _1111_/Q (sky130_fd_sc_hd__dfrtp_1)
     2    0.01                           spi_last_cmd_ok (net)
                  0.05    0.00    0.79 v _0632_/A (sky130_fd_sc_hd__and3_2)
                  0.08    0.22    1.01 v _0632_/X (sky130_fd_sc_hd__and3_2)
     1    0.02                           _0228_ (net)
                  0.08    0.00    1.01 v _0633_/A (sky130_fd_sc_hd__clkbuf_1)
                  0.03    0.10    1.11 v _0633_/X (sky130_fd_sc_hd__clkbuf_1)
     1    0.00                           net27 (net)
                  0.03    0.00    1.11 v output27/A (sky130_fd_sc_hd__clkbuf_4)
                  0.08    0.17    1.28 v output27/X (sky130_fd_sc_hd__clkbuf_4)
     1    0.03                           data_out[18] (net)
                  0.08    0.00    1.28 v data_out[18] (out)
                                  1.28   data arrival time

                          0.00    0.00   clock clk (rise edge)
                          0.00    0.00   clock network delay (propagated)
                          0.25    0.25   clock uncertainty
                          0.00    0.25   clock reconvergence pessimism
                         -2.00   -1.75   output external delay
                                 -1.75   data required time
-----------------------------------------------------------------------------
                                 -1.75   data required time
                                 -1.28   data arrival time
-----------------------------------------------------------------------------
                                  3.03   slack (MET)


Startpoint: _1104_ (rising edge-triggered flip-flop clocked by clk)
Endpoint: data_out[13] (output port clocked by clk)
Path Group: clk
Path Type: min

Fanout     Cap    Slew   Delay    Time   Description
-----------------------------------------------------------------------------
                          0.00    0.00   clock clk (rise edge)
                          0.00    0.00   clock source latency
                  0.15    0.10    0.10 ^ clk (in)
     1    0.03                           clk (net)
                  0.15    0.00    0.10 ^ clkbuf_0_clk/A (sky130_fd_sc_hd__clkbuf_16)
                  0.09    0.19    0.29 ^ clkbuf_0_clk/X (sky130_fd_sc_hd__clkbuf_16)
    16    0.07                           clknet_0_clk (net)
                  0.09    0.00    0.29 ^ clkbuf_4_6_0_clk/A (sky130_fd_sc_hd__clkbuf_8)
                  0.06    0.14    0.44 ^ clkbuf_4_6_0_clk/X (sky130_fd_sc_hd__clkbuf_8)
     8    0.02                           clknet_4_6_0_clk (net)
                  0.06    0.00    0.44 ^ _1104_/CLK (sky130_fd_sc_hd__dfrtp_1)
                  0.07    0.37    0.81 v _1104_/Q (sky130_fd_sc_hd__dfrtp_1)
     3    0.01                           last_spi_seq[5] (net)
                  0.07    0.00    0.81 v _0617_/A (sky130_fd_sc_hd__and3_1)
                  0.09    0.19    1.00 v _0617_/X (sky130_fd_sc_hd__and3_1)
     1    0.02                           _0218_ (net)
                  0.09    0.00    1.00 v _0618_/A (sky130_fd_sc_hd__clkbuf_1)
                  0.04    0.11    1.11 v _0618_/X (sky130_fd_sc_hd__clkbuf_1)
     1    0.00                           net22 (net)
                  0.04    0.00    1.11 v output22/A (sky130_fd_sc_hd__clkbuf_4)
                  0.09    0.17    1.29 v output22/X (sky130_fd_sc_hd__clkbuf_4)
     1    0.04                           data_out[13] (net)
                  0.09    0.00    1.29 v data_out[13] (out)
                                  1.29   data arrival time

                          0.00    0.00   clock clk (rise edge)
                          0.00    0.00   clock network delay (propagated)
                          0.25    0.25   clock uncertainty
                          0.00    0.25   clock reconvergence pessimism
                         -2.00   -1.75   output external delay
                                 -1.75   data required time
-----------------------------------------------------------------------------
                                 -1.75   data required time
                                 -1.29   data arrival time
-----------------------------------------------------------------------------
                                  3.04   slack (MET)


Startpoint: _1176_ (rising edge-triggered flip-flop clocked by clk)
Endpoint: data_out[4] (output port clocked by clk)
Path Group: clk
Path Type: min

Fanout     Cap    Slew   Delay    Time   Description
-----------------------------------------------------------------------------
                          0.00    0.00   clock clk (rise edge)
                          0.00    0.00   clock source latency
                  0.15    0.10    0.10 ^ clk (in)
     1    0.03                           clk (net)
                  0.15    0.00    0.10 ^ clkbuf_0_clk/A (sky130_fd_sc_hd__clkbuf_16)
                  0.09    0.19    0.29 ^ clkbuf_0_clk/X (sky130_fd_sc_hd__clkbuf_16)
    16    0.07                           clknet_0_clk (net)
                  0.09    0.00    0.29 ^ clkbuf_4_2_0_clk/A (sky130_fd_sc_hd__clkbuf_8)
                  0.06    0.14    0.44 ^ clkbuf_4_2_0_clk/X (sky130_fd_sc_hd__clkbuf_8)
    12    0.02                           clknet_4_2_0_clk (net)
                  0.06    0.00    0.44 ^ _1176_/CLK (sky130_fd_sc_hd__dfrtp_1)
                  0.07    0.32    0.76 ^ _1176_/Q (sky130_fd_sc_hd__dfrtp_1)
     2    0.01                           spi_tag_r[4] (net)
                  0.07    0.00    0.76 ^ _0586_/A1 (sky130_fd_sc_hd__a221o_1)
                  0.03    0.12    0.88 ^ _0586_/X (sky130_fd_sc_hd__a221o_1)
     1    0.00                           _0196_ (net)
                  0.03    0.00    0.88 ^ _0587_/B (sky130_fd_sc_hd__and2_1)
                  0.06    0.12    1.00 ^ _0587_/X (sky130_fd_sc_hd__and2_1)
     1    0.00                           _0197_ (net)
                  0.06    0.00    1.00 ^ _0588_/A (sky130_fd_sc_hd__clkbuf_1)
                  0.08    0.11    1.10 ^ _0588_/X (sky130_fd_sc_hd__clkbuf_1)
     1    0.01                           net37 (net)
                  0.08    0.00    1.10 ^ output37/A (sky130_fd_sc_hd__clkbuf_4)
                  0.11    0.19    1.29 ^ output37/X (sky130_fd_sc_hd__clkbuf_4)
     1    0.03                           data_out[4] (net)
                  0.11    0.00    1.29 ^ data_out[4] (out)
                                  1.29   data arrival time

                          0.00    0.00   clock clk (rise edge)
                          0.00    0.00   clock network delay (propagated)
                          0.25    0.25   clock uncertainty
                          0.00    0.25   clock reconvergence pessimism
                         -2.00   -1.75   output external delay
                                 -1.75   data required time
-----------------------------------------------------------------------------
                                 -1.75   data required time
                                 -1.29   data arrival time
-----------------------------------------------------------------------------
                                  3.04   slack (MET)


Startpoint: _1132_ (rising edge-triggered flip-flop clocked by clk)
Endpoint: data_out[24] (output port clocked by clk)
Path Group: clk
Path Type: min

Fanout     Cap    Slew   Delay    Time   Description
-----------------------------------------------------------------------------
                          0.00    0.00   clock clk (rise edge)
                          0.00    0.00   clock source latency
                  0.15    0.10    0.10 ^ clk (in)
     1    0.03                           clk (net)
                  0.15    0.00    0.10 ^ clkbuf_0_clk/A (sky130_fd_sc_hd__clkbuf_16)
                  0.09    0.19    0.29 ^ clkbuf_0_clk/X (sky130_fd_sc_hd__clkbuf_16)
    16    0.07                           clknet_0_clk (net)
                  0.09    0.00    0.29 ^ clkbuf_4_11_0_clk/A (sky130_fd_sc_hd__clkbuf_8)
                  0.07    0.15    0.44 ^ clkbuf_4_11_0_clk/X (sky130_fd_sc_hd__clkbuf_8)
    10    0.03                           clknet_4_11_0_clk (net)
                  0.07    0.00    0.44 ^ _1132_/CLK (sky130_fd_sc_hd__dfrtp_1)
                  0.07    0.38    0.82 v _1132_/Q (sky130_fd_sc_hd__dfrtp_1)
     3    0.01                           sec_alert (net)
                  0.07    0.00    0.82 v _0644_/A (sky130_fd_sc_hd__and3_2)
                  0.07    0.21    1.03 v _0644_/X (sky130_fd_sc_hd__and3_2)
     1    0.02                           _0234_ (net)
                  0.07    0.00    1.03 v _0645_/A (sky130_fd_sc_hd__clkbuf_1)
                  0.03    0.09    1.13 v _0645_/X (sky130_fd_sc_hd__clkbuf_1)
     1    0.00                           net34 (net)
                  0.03    0.00    1.13 v output34/A (sky130_fd_sc_hd__clkbuf_4)
                  0.08    0.17    1.29 v output34/X (sky130_fd_sc_hd__clkbuf_4)
     1    0.03                           data_out[24] (net)
                  0.08    0.00    1.29 v data_out[24] (out)
                                  1.29   data arrival time

                          0.00    0.00   clock clk (rise edge)
                          0.00    0.00   clock network delay (propagated)
                          0.25    0.25   clock uncertainty
                          0.00    0.25   clock reconvergence pessimism
                         -2.00   -1.75   output external delay
                                 -1.75   data required time
-----------------------------------------------------------------------------
                                 -1.75   data required time
                                 -1.29   data arrival time
-----------------------------------------------------------------------------
                                  3.04   slack (MET)


Startpoint: _1094_ (rising edge-triggered flip-flop clocked by clk)
Endpoint: data_out[1] (output port clocked by clk)
Path Group: clk
Path Type: min

Fanout     Cap    Slew   Delay    Time   Description
-----------------------------------------------------------------------------
                          0.00    0.00   clock clk (rise edge)
                          0.00    0.00   clock source latency
                  0.15    0.10    0.10 ^ clk (in)
     1    0.03                           clk (net)
                  0.15    0.00    0.10 ^ clkbuf_0_clk/A (sky130_fd_sc_hd__clkbuf_16)
                  0.09    0.19    0.29 ^ clkbuf_0_clk/X (sky130_fd_sc_hd__clkbuf_16)
    16    0.07                           clknet_0_clk (net)
                  0.09    0.00    0.29 ^ clkbuf_4_14_0_clk/A (sky130_fd_sc_hd__clkbuf_8)
                  0.06    0.14    0.44 ^ clkbuf_4_14_0_clk/X (sky130_fd_sc_hd__clkbuf_8)
     9    0.02                           clknet_4_14_0_clk (net)
                  0.06    0.00    0.44 ^ _1094_/CLK (sky130_fd_sc_hd__dfrtp_1)
                  0.10    0.34    0.78 ^ _1094_/Q (sky130_fd_sc_hd__dfrtp_1)
     3    0.01                           threshold_reg[1] (net)
                  0.10    0.00    0.78 ^ _0571_/B2 (sky130_fd_sc_hd__a221o_1)
                  0.04    0.13    0.91 ^ _0571_/X (sky130_fd_sc_hd__a221o_1)
     1    0.00                           _0185_ (net)
                  0.04    0.00    0.91 ^ _0572_/A3 (sky130_fd_sc_hd__o31a_2)
                  0.13    0.17    1.09 ^ _0572_/X (sky130_fd_sc_hd__o31a_2)
     1    0.02                           net29 (net)
                  0.13    0.00    1.09 ^ output29/A (sky130_fd_sc_hd__clkbuf_4)
                  0.11    0.20    1.30 ^ output29/X (sky130_fd_sc_hd__clkbuf_4)
     1    0.03                           data_out[1] (net)
                  0.11    0.00    1.30 ^ data_out[1] (out)
                                  1.30   data arrival time

                          0.00    0.00   clock clk (rise edge)
                          0.00    0.00   clock network delay (propagated)
                          0.25    0.25   clock uncertainty
                          0.00    0.25   clock reconvergence pessimism
                         -2.00   -1.75   output external delay
                                 -1.75   data required time
-----------------------------------------------------------------------------
                                 -1.75   data required time
                                 -1.30   data arrival time
-----------------------------------------------------------------------------
                                  3.05   slack (MET)


Startpoint: _1101_ (rising edge-triggered flip-flop clocked by clk)
Endpoint: data_out[10] (output port clocked by clk)
Path Group: clk
Path Type: min

Fanout     Cap    Slew   Delay    Time   Description
-----------------------------------------------------------------------------
                          0.00    0.00   clock clk (rise edge)
                          0.00    0.00   clock source latency
                  0.15    0.10    0.10 ^ clk (in)
     1    0.03                           clk (net)
                  0.15    0.00    0.10 ^ clkbuf_0_clk/A (sky130_fd_sc_hd__clkbuf_16)
                  0.09    0.19    0.29 ^ clkbuf_0_clk/X (sky130_fd_sc_hd__clkbuf_16)
    16    0.07                           clknet_0_clk (net)
                  0.09    0.00    0.29 ^ clkbuf_4_4_0_clk/A (sky130_fd_sc_hd__clkbuf_8)
                  0.05    0.14    0.43 ^ clkbuf_4_4_0_clk/X (sky130_fd_sc_hd__clkbuf_8)
     7    0.02                           clknet_4_4_0_clk (net)
                  0.05    0.00    0.44 ^ _1101_/CLK (sky130_fd_sc_hd__dfrtp_1)
                  0.08    0.33    0.77 ^ _1101_/Q (sky130_fd_sc_hd__dfrtp_1)
     4    0.01                           last_spi_seq[2] (net)
                  0.08    0.00    0.77 ^ _0608_/A1 (sky130_fd_sc_hd__a22o_1)
                  0.08    0.16    0.92 ^ _0608_/X (sky130_fd_sc_hd__a22o_1)
     1    0.01                           _0212_ (net)
                  0.08    0.00    0.92 ^ _0609_/B (sky130_fd_sc_hd__and2_1)
                  0.04    0.11    1.03 ^ _0609_/X (sky130_fd_sc_hd__and2_1)
     1    0.00                           _0213_ (net)
                  0.04    0.00    1.03 ^ _0610_/A (sky130_fd_sc_hd__clkbuf_1)
                  0.05    0.08    1.12 ^ _0610_/X (sky130_fd_sc_hd__clkbuf_1)
     1    0.00                           net19 (net)
                  0.05    0.00    1.12 ^ output19/A (sky130_fd_sc_hd__clkbuf_4)
                  0.11    0.18    1.30 ^ output19/X (sky130_fd_sc_hd__clkbuf_4)
     1    0.03                           data_out[10] (net)
                  0.11    0.00    1.30 ^ data_out[10] (out)
                                  1.30   data arrival time

                          0.00    0.00   clock clk (rise edge)
                          0.00    0.00   clock network delay (propagated)
                          0.25    0.25   clock uncertainty
                          0.00    0.25   clock reconvergence pessimism
                         -2.00   -1.75   output external delay
                                 -1.75   data required time
-----------------------------------------------------------------------------
                                 -1.75   data required time
                                 -1.30   data arrival time
-----------------------------------------------------------------------------
                                  3.05   slack (MET)


Startpoint: _1103_ (rising edge-triggered flip-flop clocked by clk)
Endpoint: data_out[12] (output port clocked by clk)
Path Group: clk
Path Type: min

Fanout     Cap    Slew   Delay    Time   Description
-----------------------------------------------------------------------------
                          0.00    0.00   clock clk (rise edge)
                          0.00    0.00   clock source latency
                  0.15    0.10    0.10 ^ clk (in)
     1    0.03                           clk (net)
                  0.15    0.00    0.10 ^ clkbuf_0_clk/A (sky130_fd_sc_hd__clkbuf_16)
                  0.09    0.19    0.29 ^ clkbuf_0_clk/X (sky130_fd_sc_hd__clkbuf_16)
    16    0.07                           clknet_0_clk (net)
                  0.09    0.00    0.29 ^ clkbuf_4_4_0_clk/A (sky130_fd_sc_hd__clkbuf_8)
                  0.05    0.14    0.43 ^ clkbuf_4_4_0_clk/X (sky130_fd_sc_hd__clkbuf_8)
     7    0.02                           clknet_4_4_0_clk (net)
                  0.05    0.00    0.44 ^ _1103_/CLK (sky130_fd_sc_hd__dfrtp_1)
                  0.11    0.36    0.79 ^ _1103_/Q (sky130_fd_sc_hd__dfrtp_1)
     3    0.01                           last_spi_seq[4] (net)
                  0.11    0.00    0.79 ^ _0614_/A1 (sky130_fd_sc_hd__a22o_1)
                  0.04    0.13    0.93 ^ _0614_/X (sky130_fd_sc_hd__a22o_1)
     1    0.00                           _0216_ (net)
                  0.04    0.00    0.93 ^ _0615_/B (sky130_fd_sc_hd__and2_2)
                  0.03    0.12    1.04 ^ _0615_/X (sky130_fd_sc_hd__and2_2)
     1    0.00                           _0217_ (net)
                  0.03    0.00    1.04 ^ _0616_/A (sky130_fd_sc_hd__clkbuf_1)
                  0.05    0.08    1.12 ^ _0616_/X (sky130_fd_sc_hd__clkbuf_1)
     1    0.00                           net21 (net)
                  0.05    0.00    1.12 ^ output21/A (sky130_fd_sc_hd__clkbuf_4)
                  0.11    0.18    1.30 ^ output21/X (sky130_fd_sc_hd__clkbuf_4)
     1    0.03                           data_out[12] (net)
                  0.11    0.00    1.30 ^ data_out[12] (out)
                                  1.30   data arrival time

                          0.00    0.00   clock clk (rise edge)
                          0.00    0.00   clock network delay (propagated)
                          0.25    0.25   clock uncertainty
                          0.00    0.25   clock reconvergence pessimism
                         -2.00   -1.75   output external delay
                                 -1.75   data required time
-----------------------------------------------------------------------------
                                 -1.75   data required time
                                 -1.30   data arrival time
-----------------------------------------------------------------------------
                                  3.05   slack (MET)


Startpoint: _1182_ (rising edge-triggered flip-flop clocked by clk)
Endpoint: data_out[16] (output port clocked by clk)
Path Group: clk
Path Type: min

Fanout     Cap    Slew   Delay    Time   Description
-----------------------------------------------------------------------------
                          0.00    0.00   clock clk (rise edge)
                          0.00    0.00   clock source latency
                  0.15    0.10    0.10 ^ clk (in)
     1    0.03                           clk (net)
                  0.15    0.00    0.10 ^ clkbuf_0_clk/A (sky130_fd_sc_hd__clkbuf_16)
                  0.09    0.19    0.29 ^ clkbuf_0_clk/X (sky130_fd_sc_hd__clkbuf_16)
    16    0.07                           clknet_0_clk (net)
                  0.09    0.00    0.29 ^ clkbuf_4_0_0_clk/A (sky130_fd_sc_hd__clkbuf_8)
                  0.05    0.14    0.43 ^ clkbuf_4_0_0_clk/X (sky130_fd_sc_hd__clkbuf_8)
     9    0.02                           clknet_4_0_0_clk (net)
                  0.05    0.00    0.43 ^ _1182_/CLK (sky130_fd_sc_hd__dfrtp_1)
                  0.09    0.34    0.76 ^ _1182_/Q (sky130_fd_sc_hd__dfrtp_1)
     3    0.01                           spi_frame_done (net)
                  0.09    0.00    0.76 ^ _0625_/B2 (sky130_fd_sc_hd__a22o_1)
                  0.05    0.12    0.89 ^ _0625_/X (sky130_fd_sc_hd__a22o_1)
     1    0.00                           _0223_ (net)
                  0.05    0.00    0.89 ^ _0626_/B (sky130_fd_sc_hd__and2_1)
                  0.05    0.11    1.00 ^ _0626_/X (sky130_fd_sc_hd__and2_1)
     1    0.00                           _0224_ (net)
                  0.05    0.00    1.00 ^ _0627_/A (sky130_fd_sc_hd__buf_1)
                  0.10    0.11    1.11 ^ _0627_/X (sky130_fd_sc_hd__buf_1)
     1    0.01                           net25 (net)
                  0.10    0.00    1.11 ^ output25/A (sky130_fd_sc_hd__clkbuf_4)
                  0.11    0.19    1.31 ^ output25/X (sky130_fd_sc_hd__clkbuf_4)
     1    0.03                           data_out[16] (net)
                  0.11    0.00    1.31 ^ data_out[16] (out)
                                  1.31   data arrival time

                          0.00    0.00   clock clk (rise edge)
                          0.00    0.00   clock network delay (propagated)
                          0.25    0.25   clock uncertainty
                          0.00    0.25   clock reconvergence pessimism
                         -2.00   -1.75   output external delay
                                 -1.75   data required time
-----------------------------------------------------------------------------
                                 -1.75   data required time
                                 -1.31   data arrival time
-----------------------------------------------------------------------------
                                  3.06   slack (MET)


Startpoint: _1106_ (rising edge-triggered flip-flop clocked by clk)
Endpoint: data_out[15] (output port clocked by clk)
Path Group: clk
Path Type: min

Fanout     Cap    Slew   Delay    Time   Description
-----------------------------------------------------------------------------
                          0.00    0.00   clock clk (rise edge)
                          0.00    0.00   clock source latency
                  0.15    0.10    0.10 ^ clk (in)
     1    0.03                           clk (net)
                  0.15    0.00    0.10 ^ clkbuf_0_clk/A (sky130_fd_sc_hd__clkbuf_16)
                  0.09    0.19    0.29 ^ clkbuf_0_clk/X (sky130_fd_sc_hd__clkbuf_16)
    16    0.07                           clknet_0_clk (net)
                  0.09    0.00    0.29 ^ clkbuf_4_6_0_clk/A (sky130_fd_sc_hd__clkbuf_8)
                  0.06    0.14    0.44 ^ clkbuf_4_6_0_clk/X (sky130_fd_sc_hd__clkbuf_8)
     8    0.02                           clknet_4_6_0_clk (net)
                  0.06    0.00    0.44 ^ _1106_/CLK (sky130_fd_sc_hd__dfrtp_1)
                  0.09    0.34    0.78 ^ _1106_/Q (sky130_fd_sc_hd__dfrtp_1)
     3    0.01                           last_spi_seq[7] (net)
                  0.09    0.00    0.78 ^ _0622_/A1 (sky130_fd_sc_hd__a22o_1)
                  0.04    0.12    0.90 ^ _0622_/X (sky130_fd_sc_hd__a22o_1)
     1    0.00                           _0221_ (net)
                  0.04    0.00    0.90 ^ _0623_/B (sky130_fd_sc_hd__and2_1)
                  0.04    0.10    1.00 ^ _0623_/X (sky130_fd_sc_hd__and2_1)
     1    0.00                           _0222_ (net)
                  0.04    0.00    1.00 ^ _0624_/A (sky130_fd_sc_hd__buf_1)
                  0.11    0.12    1.12 ^ _0624_/X (sky130_fd_sc_hd__buf_1)
     1    0.01                           net24 (net)
                  0.11    0.00    1.12 ^ output24/A (sky130_fd_sc_hd__clkbuf_4)
                  0.11    0.20    1.32 ^ output24/X (sky130_fd_sc_hd__clkbuf_4)
     1    0.03                           data_out[15] (net)
                  0.11    0.00    1.32 ^ data_out[15] (out)
                                  1.32   data arrival time

                          0.00    0.00   clock clk (rise edge)
                          0.00    0.00   clock network delay (propagated)
                          0.25    0.25   clock uncertainty
                          0.00    0.25   clock reconvergence pessimism
                         -2.00   -1.75   output external delay
                                 -1.75   data required time
-----------------------------------------------------------------------------
                                 -1.75   data required time
                                 -1.32   data arrival time
-----------------------------------------------------------------------------
                                  3.07   slack (MET)


Startpoint: _1064_ (rising edge-triggered flip-flop clocked by clk)
Endpoint: data_out[0] (output port clocked by clk)
Path Group: clk
Path Type: min

Fanout     Cap    Slew   Delay    Time   Description
-----------------------------------------------------------------------------
                          0.00    0.00   clock clk (rise edge)
                          0.00    0.00   clock source latency
                  0.15    0.10    0.10 ^ clk (in)
     1    0.03                           clk (net)
                  0.15    0.00    0.10 ^ clkbuf_0_clk/A (sky130_fd_sc_hd__clkbuf_16)
                  0.09    0.19    0.29 ^ clkbuf_0_clk/X (sky130_fd_sc_hd__clkbuf_16)
    16    0.07                           clknet_0_clk (net)
                  0.09    0.00    0.29 ^ clkbuf_4_12_0_clk/A (sky130_fd_sc_hd__clkbuf_8)
                  0.05    0.14    0.43 ^ clkbuf_4_12_0_clk/X (sky130_fd_sc_hd__clkbuf_8)
     7    0.02                           clknet_4_12_0_clk (net)
                  0.05    0.00    0.43 ^ _1064_/CLK (sky130_fd_sc_hd__dfrtp_1)
                  0.10    0.35    0.78 ^ _1064_/Q (sky130_fd_sc_hd__dfrtp_1)
     3    0.01                           wifi_count_reg[0] (net)
                  0.10    0.00    0.78 ^ _0563_/A1 (sky130_fd_sc_hd__a221o_1)
                  0.05    0.15    0.93 ^ _0563_/X (sky130_fd_sc_hd__a221o_1)
     1    0.00                           _0178_ (net)
                  0.05    0.00    0.93 ^ _0566_/A2 (sky130_fd_sc_hd__o21a_2)
                  0.14    0.18    1.11 ^ _0566_/X (sky130_fd_sc_hd__o21a_2)
     1    0.03                           net18 (net)
                  0.14    0.00    1.11 ^ output18/A (sky130_fd_sc_hd__clkbuf_4)
                  0.11    0.21    1.32 ^ output18/X (sky130_fd_sc_hd__clkbuf_4)
     1    0.03                           data_out[0] (net)
                  0.11    0.00    1.32 ^ data_out[0] (out)
                                  1.32   data arrival time

                          0.00    0.00   clock clk (rise edge)
                          0.00    0.00   clock network delay (propagated)
                          0.25    0.25   clock uncertainty
                          0.00    0.25   clock reconvergence pessimism
                         -2.00   -1.75   output external delay
                                 -1.75   data required time
-----------------------------------------------------------------------------
                                 -1.75   data required time
                                 -1.32   data arrival time
-----------------------------------------------------------------------------
                                  3.07   slack (MET)


Startpoint: _1102_ (rising edge-triggered flip-flop clocked by clk)
Endpoint: data_out[11] (output port clocked by clk)
Path Group: clk
Path Type: min

Fanout     Cap    Slew   Delay    Time   Description
-----------------------------------------------------------------------------
                          0.00    0.00   clock clk (rise edge)
                          0.00    0.00   clock source latency
                  0.15    0.10    0.10 ^ clk (in)
     1    0.03                           clk (net)
                  0.15    0.00    0.10 ^ clkbuf_0_clk/A (sky130_fd_sc_hd__clkbuf_16)
                  0.09    0.19    0.29 ^ clkbuf_0_clk/X (sky130_fd_sc_hd__clkbuf_16)
    16    0.07                           clknet_0_clk (net)
                  0.09    0.00    0.29 ^ clkbuf_4_4_0_clk/A (sky130_fd_sc_hd__clkbuf_8)
                  0.05    0.14    0.43 ^ clkbuf_4_4_0_clk/X (sky130_fd_sc_hd__clkbuf_8)
     7    0.02                           clknet_4_4_0_clk (net)
                  0.05    0.00    0.43 ^ _1102_/CLK (sky130_fd_sc_hd__dfrtp_1)
                  0.12    0.36    0.79 ^ _1102_/Q (sky130_fd_sc_hd__dfrtp_1)
     4    0.01                           last_spi_seq[3] (net)
                  0.12    0.00    0.79 ^ _0611_/A1 (sky130_fd_sc_hd__a22o_1)
                  0.04    0.14    0.94 ^ _0611_/X (sky130_fd_sc_hd__a22o_1)
     1    0.00                           _0214_ (net)
                  0.04    0.00    0.94 ^ _0612_/B (sky130_fd_sc_hd__and2_1)
                  0.04    0.10    1.04 ^ _0612_/X (sky130_fd_sc_hd__and2_1)
     1    0.00                           _0215_ (net)
                  0.04    0.00    1.04 ^ _0613_/A (sky130_fd_sc_hd__clkbuf_1)
                  0.08    0.10    1.14 ^ _0613_/X (sky130_fd_sc_hd__clkbuf_1)
     1    0.01                           net20 (net)
                  0.08    0.00    1.14 ^ output20/A (sky130_fd_sc_hd__clkbuf_4)
                  0.11    0.19    1.33 ^ output20/X (sky130_fd_sc_hd__clkbuf_4)
     1    0.03                           data_out[11] (net)
                  0.11    0.00    1.33 ^ data_out[11] (out)
                                  1.33   data arrival time

                          0.00    0.00   clock clk (rise edge)
                          0.00    0.00   clock network delay (propagated)
                          0.25    0.25   clock uncertainty
                          0.00    0.25   clock reconvergence pessimism
                         -2.00   -1.75   output external delay
                                 -1.75   data required time
-----------------------------------------------------------------------------
                                 -1.75   data required time
                                 -1.33   data arrival time
-----------------------------------------------------------------------------
                                  3.08   slack (MET)


Startpoint: _1134_ (rising edge-triggered flip-flop clocked by clk)
Endpoint: data_out[9] (output port clocked by clk)
Path Group: clk
Path Type: min

Fanout     Cap    Slew   Delay    Time   Description
-----------------------------------------------------------------------------
                          0.00    0.00   clock clk (rise edge)
                          0.00    0.00   clock source latency
                  0.15    0.10    0.10 ^ clk (in)
     1    0.03                           clk (net)
                  0.15    0.00    0.10 ^ clkbuf_0_clk/A (sky130_fd_sc_hd__clkbuf_16)
                  0.09    0.19    0.29 ^ clkbuf_0_clk/X (sky130_fd_sc_hd__clkbuf_16)
    16    0.07                           clknet_0_clk (net)
                  0.09    0.00    0.29 ^ clkbuf_4_1_0_clk/A (sky130_fd_sc_hd__clkbuf_8)
                  0.06    0.15    0.44 ^ clkbuf_4_1_0_clk/X (sky130_fd_sc_hd__clkbuf_8)
     8    0.03                           clknet_4_1_0_clk (net)
                  0.06    0.00    0.44 ^ _1134_/CLK (sky130_fd_sc_hd__dfrtp_1)
                  0.07    0.32    0.76 ^ _1134_/Q (sky130_fd_sc_hd__dfrtp_1)
     3    0.01                           spi_bit_cnt[1] (net)
                  0.07    0.00    0.76 ^ _0604_/B2 (sky130_fd_sc_hd__a22o_1)
                  0.04    0.11    0.88 ^ _0604_/X (sky130_fd_sc_hd__a22o_1)
     1    0.00                           _0209_ (net)
                  0.04    0.00    0.88 ^ _0605_/B (sky130_fd_sc_hd__and2_1)
                  0.14    0.18    1.05 ^ _0605_/X (sky130_fd_sc_hd__and2_1)
     1    0.01                           _0210_ (net)
                  0.14    0.00    1.05 ^ _0606_/A (sky130_fd_sc_hd__clkbuf_1)
                  0.05    0.10    1.16 ^ _0606_/X (sky130_fd_sc_hd__clkbuf_1)
     1    0.00                           net42 (net)
                  0.05    0.00    1.16 ^ output42/A (sky130_fd_sc_hd__clkbuf_4)
                  0.11    0.18    1.33 ^ output42/X (sky130_fd_sc_hd__clkbuf_4)
     1    0.03                           data_out[9] (net)
                  0.11    0.00    1.33 ^ data_out[9] (out)
                                  1.33   data arrival time

                          0.00    0.00   clock clk (rise edge)
                          0.00    0.00   clock network delay (propagated)
                          0.25    0.25   clock uncertainty
                          0.00    0.25   clock reconvergence pessimism
                         -2.00   -1.75   output external delay
                                 -1.75   data required time
-----------------------------------------------------------------------------
                                 -1.75   data required time
                                 -1.33   data arrival time
-----------------------------------------------------------------------------
                                  3.08   slack (MET)


Startpoint: _1076_ (rising edge-triggered flip-flop clocked by clk)
Endpoint: data_out[5] (output port clocked by clk)
Path Group: clk
Path Type: min

Fanout     Cap    Slew   Delay    Time   Description
-----------------------------------------------------------------------------
                          0.00    0.00   clock clk (rise edge)
                          0.00    0.00   clock source latency
                  0.15    0.10    0.10 ^ clk (in)
     1    0.03                           clk (net)
                  0.15    0.00    0.10 ^ clkbuf_0_clk/A (sky130_fd_sc_hd__clkbuf_16)
                  0.09    0.19    0.29 ^ clkbuf_0_clk/X (sky130_fd_sc_hd__clkbuf_16)
    16    0.07                           clknet_0_clk (net)
                  0.09    0.00    0.29 ^ clkbuf_4_6_0_clk/A (sky130_fd_sc_hd__clkbuf_8)
                  0.06    0.14    0.44 ^ clkbuf_4_6_0_clk/X (sky130_fd_sc_hd__clkbuf_8)
     8    0.02                           clknet_4_6_0_clk (net)
                  0.06    0.00    0.44 ^ _1076_/CLK (sky130_fd_sc_hd__dfrtp_1)
                  0.08    0.33    0.77 ^ _1076_/Q (sky130_fd_sc_hd__dfrtp_1)
     3    0.01                           wifi_valid (net)
                  0.08    0.00    0.77 ^ _0590_/A1 (sky130_fd_sc_hd__a21o_1)
                  0.04    0.11    0.88 ^ _0590_/X (sky130_fd_sc_hd__a21o_1)
     1    0.00                           _0199_ (net)
                  0.04    0.00    0.88 ^ _0591_/B (sky130_fd_sc_hd__and2_1)
                  0.18    0.20    1.08 ^ _0591_/X (sky130_fd_sc_hd__and2_1)
     1    0.02                           _0200_ (net)
                  0.18    0.00    1.08 ^ _0592_/A (sky130_fd_sc_hd__clkbuf_1)
                  0.05    0.11    1.19 ^ _0592_/X (sky130_fd_sc_hd__clkbuf_1)
     1    0.00                           net38 (net)
                  0.05    0.00    1.19 ^ output38/A (sky130_fd_sc_hd__clkbuf_4)
                  0.12    0.18    1.37 ^ output38/X (sky130_fd_sc_hd__clkbuf_4)
     1    0.04                           data_out[5] (net)
                  0.12    0.00    1.37 ^ data_out[5] (out)
                                  1.37   data arrival time

                          0.00    0.00   clock clk (rise edge)
                          0.00    0.00   clock network delay (propagated)
                          0.25    0.25   clock uncertainty
                          0.00    0.25   clock reconvergence pessimism
                         -2.00   -1.75   output external delay
                                 -1.75   data required time
-----------------------------------------------------------------------------
                                 -1.75   data required time
                                 -1.37   data arrival time
-----------------------------------------------------------------------------
                                  3.12   slack (MET)


Startpoint: _1105_ (rising edge-triggered flip-flop clocked by clk)
Endpoint: data_out[14] (output port clocked by clk)
Path Group: clk
Path Type: min

Fanout     Cap    Slew   Delay    Time   Description
-----------------------------------------------------------------------------
                          0.00    0.00   clock clk (rise edge)
                          0.00    0.00   clock source latency
                  0.15    0.10    0.10 ^ clk (in)
     1    0.03                           clk (net)
                  0.15    0.00    0.10 ^ clkbuf_0_clk/A (sky130_fd_sc_hd__clkbuf_16)
                  0.09    0.19    0.29 ^ clkbuf_0_clk/X (sky130_fd_sc_hd__clkbuf_16)
    16    0.07                           clknet_0_clk (net)
                  0.09    0.00    0.29 ^ clkbuf_4_4_0_clk/A (sky130_fd_sc_hd__clkbuf_8)
                  0.05    0.14    0.43 ^ clkbuf_4_4_0_clk/X (sky130_fd_sc_hd__clkbuf_8)
     7    0.02                           clknet_4_4_0_clk (net)
                  0.05    0.00    0.44 ^ _1105_/CLK (sky130_fd_sc_hd__dfrtp_1)
                  0.13    0.37    0.80 ^ _1105_/Q (sky130_fd_sc_hd__dfrtp_1)
     4    0.01                           last_spi_seq[6] (net)
                  0.13    0.00    0.80 ^ _0619_/A1 (sky130_fd_sc_hd__a22o_1)
                  0.04    0.14    0.95 ^ _0619_/X (sky130_fd_sc_hd__a22o_1)
     1    0.00                           _0219_ (net)
                  0.04    0.00    0.95 ^ _0620_/B (sky130_fd_sc_hd__and2_1)
                  0.11    0.16    1.10 ^ _0620_/X (sky130_fd_sc_hd__and2_1)
     1    0.01                           _0220_ (net)
                  0.11    0.00    1.10 ^ _0621_/A (sky130_fd_sc_hd__dlymetal6s2s_1)
                  0.05    0.11    1.21 ^ _0621_/X (sky130_fd_sc_hd__dlymetal6s2s_1)
     1    0.00                           net23 (net)
                  0.05    0.00    1.21 ^ output23/A (sky130_fd_sc_hd__clkbuf_4)
                  0.11    0.18    1.39 ^ output23/X (sky130_fd_sc_hd__clkbuf_4)
     1    0.03                           data_out[14] (net)
                  0.11    0.00    1.39 ^ data_out[14] (out)
                                  1.39   data arrival time

                          0.00    0.00   clock clk (rise edge)
                          0.00    0.00   clock network delay (propagated)
                          0.25    0.25   clock uncertainty
                          0.00    0.25   clock reconvergence pessimism
                         -2.00   -1.75   output external delay
                                 -1.75   data required time
-----------------------------------------------------------------------------
                                 -1.75   data required time
                                 -1.39   data arrival time
-----------------------------------------------------------------------------
                                  3.14   slack (MET)


Startpoint: _1099_ (rising edge-triggered flip-flop clocked by clk)
Endpoint: data_out[8] (output port clocked by clk)
Path Group: clk
Path Type: min

Fanout     Cap    Slew   Delay    Time   Description
-----------------------------------------------------------------------------
                          0.00    0.00   clock clk (rise edge)
                          0.00    0.00   clock source latency
                  0.15    0.10    0.10 ^ clk (in)
     1    0.03                           clk (net)
                  0.15    0.00    0.10 ^ clkbuf_0_clk/A (sky130_fd_sc_hd__clkbuf_16)
                  0.09    0.19    0.29 ^ clkbuf_0_clk/X (sky130_fd_sc_hd__clkbuf_16)
    16    0.07                           clknet_0_clk (net)
                  0.09    0.00    0.29 ^ clkbuf_4_6_0_clk/A (sky130_fd_sc_hd__clkbuf_8)
                  0.06    0.14    0.44 ^ clkbuf_4_6_0_clk/X (sky130_fd_sc_hd__clkbuf_8)
     8    0.02                           clknet_4_6_0_clk (net)
                  0.06    0.00    0.44 ^ _1099_/CLK (sky130_fd_sc_hd__dfrtp_1)
                  0.09    0.34    0.78 ^ _1099_/Q (sky130_fd_sc_hd__dfrtp_1)
     4    0.01                           last_spi_seq[0] (net)
                  0.09    0.00    0.78 ^ _0601_/A1 (sky130_fd_sc_hd__a22o_1)
                  0.04    0.13    0.91 ^ _0601_/X (sky130_fd_sc_hd__a22o_1)
     1    0.00                           _0207_ (net)
                  0.04    0.00    0.91 ^ _0602_/B (sky130_fd_sc_hd__and2_1)
                  0.17    0.20    1.11 ^ _0602_/X (sky130_fd_sc_hd__and2_1)
     1    0.02                           _0208_ (net)
                  0.17    0.00    1.11 ^ _0603_/A (sky130_fd_sc_hd__clkbuf_1)
                  0.05    0.11    1.22 ^ _0603_/X (sky130_fd_sc_hd__clkbuf_1)
     1    0.00                           net41 (net)
                  0.05    0.00    1.22 ^ output41/A (sky130_fd_sc_hd__clkbuf_4)
                  0.12    0.18    1.40 ^ output41/X (sky130_fd_sc_hd__clkbuf_4)
     1    0.04                           data_out[8] (net)
                  0.12    0.00    1.41 ^ data_out[8] (out)
                                  1.41   data arrival time

                          0.00    0.00   clock clk (rise edge)
                          0.00    0.00   clock network delay (propagated)
                          0.25    0.25   clock uncertainty
                          0.00    0.25   clock reconvergence pessimism
                         -2.00   -1.75   output external delay
                                 -1.75   data required time
-----------------------------------------------------------------------------
                                 -1.75   data required time
                                 -1.41   data arrival time
-----------------------------------------------------------------------------
                                  3.16   slack (MET)



